{
  "final_pnl": -3.317539537947596,
  "final_inventory": -0.022628066023062034,
  "fill_count": 5113,
  "max_drawdown": 5.099581539860083,
  "pnl_attribution": {
    "inventory_moves": -1.4702207590447987,
    "fees": -3.515342306745701,
    "spread_capture": 2.056621902411628,
    "adverse_selection": -0.26934708570695726,
    "funding_rates": 0.0
  },
  "additional_metrics": {
    "orders_placed": 2943,
    "orders_placed_buy": 1524,
    "orders_placed_sell": 1419,
    "maker_qty_placed": 64.42623331031209,
    "maker_qty_filled": 1.754209118075792,
    "maker_fill_qty_rate": 0.027228180632981575,
    "avg_fill_latency_sec": 0.004388656616210938,
    "std_fill_latency_sec": 0.03287190185126063,
    "avg_queue_position": 0.016987300408764526,
    "std_queue_position": 0.22505396156893362,
    "avg_order_lifetime_sec": 0.004388656616210938,
    "std_order_lifetime_sec": 0.03287190185126063,
    "avg_competition_size": 0.3548478518613817,
    "std_competition_size": 0.06755701412236884,
    "forced_liquidations": 0,
    "avg_forced_liq_cost": 0.0,
    "std_forced_liq_cost": 0.0,
    "taker_qty_hedge": 0.8513790074203667,
    "taker_qty_cross": 0.0,
    "taker_trades_hedge": 4937,
    "taker_trades_cross": 0,
    "taker_qty_total": 0.8513790074203667,
    "notional_traded_btc": 2.6055881254961624,
    "notional_traded_usdt": 44820.52367799729
  },
  "strategy": "skew_mid_spread",
  "strategy_kwargs": {
    "extra_spread_ticks": 10.0,
    "gamma": 0.08,
    "gamma_cap_factor": 5.0,
    "gamma_imb": 0.5,
    "gamma_inv_scale": 1.0,
    "gamma_vol_scale": 2.0,
    "gradient_penalty_ticks": 1.0,
    "gradient_threshold": 1.5,
    "k_vol": 4.0,
    "size_base": 0.04,
    "size_exp": 2.0,
    "size_min_factor": 0.3
  },
  "snapshots_processed": 10000,
  "sharpe_ratio": -0.2694675143820695,
  "capital_base": 10000.0,
  "sharpe_horizon_seconds": 60.0
}