{
  "final_pnl": -1.9687749628610618,
  "final_inventory": 0.03697035388816228,
  "fill_count": 1888,
  "max_drawdown": 3.7367260916380474,
  "pnl_attribution": {
    "inventory_moves": -0.7293929400173549,
    "fees": -1.830122735918868,
    "spread_capture": 0.708391691154666,
    "adverse_selection": -0.1059732859162429,
    "funding_rates": 0.0
  },
  "additional_metrics": {
    "orders_placed": 2064,
    "orders_placed_buy": 1071,
    "orders_placed_sell": 993,
    "maker_qty_placed": 45.10964461165062,
    "maker_qty_filled": 0.6998883611127952,
    "maker_fill_qty_rate": 0.015515271005527555,
    "avg_fill_latency_sec": 0.005565241471328281,
    "std_fill_latency_sec": 0.03693631666106282,
    "avg_queue_position": 0.020812513516187518,
    "std_queue_position": 0.21604110451099273,
    "avg_order_lifetime_sec": 0.005565241471328281,
    "std_order_lifetime_sec": 0.03693631666106282,
    "avg_competition_size": 0.3528617929128507,
    "std_competition_size": 0.06979578817434182,
    "forced_liquidations": 0,
    "avg_forced_liq_cost": 0.0,
    "std_forced_liq_cost": 0.0,
    "taker_qty_hedge": 0.12135944116679442,
    "taker_qty_cross": 0.0,
    "taker_trades_hedge": 1806,
    "taker_trades_cross": 0,
    "taker_qty_total": 0.12135944116679442,
    "notional_traded_btc": 0.8212478022795887,
    "notional_traded_usdt": 14125.628139869259
  },
  "strategy": "skew_mid_spread",
  "strategy_kwargs": {
    "extra_spread_ticks": 26.0,
    "gamma": 0.12,
    "gamma_cap_factor": 5.0,
    "gamma_imb": 0.5,
    "gamma_inv_scale": 1.0,
    "gamma_vol_scale": 2.0,
    "gradient_penalty_ticks": 1.0,
    "gradient_threshold": 1.5,
    "k_vol": 4.0,
    "size_base": 0.04,
    "size_exp": 2.0,
    "size_min_factor": 0.3
  },
  "snapshots_processed": 10000,
  "sharpe_ratio": -0.19466000907334585,
  "capital_base": 10000.0,
  "sharpe_horizon_seconds": 60.0
}