{
  "final_pnl": -2.7233560166532698,
  "final_inventory": 0.025910334986978208,
  "fill_count": 2615,
  "max_drawdown": 3.696000307712893,
  "pnl_attribution": {
    "inventory_moves": -2.236772924684525,
    "fees": -1.1812266564748095,
    "spread_capture": 0.8469259141773049,
    "adverse_selection": -0.1201471640400285,
    "funding_rates": 0.0
  },
  "additional_metrics": {
    "orders_placed": 2063,
    "orders_placed_buy": 1070,
    "orders_placed_sell": 993,
    "maker_qty_placed": 45.092730141037265,
    "maker_qty_filled": 0.8003644310928865,
    "maker_fill_qty_rate": 0.017749300798367576,
    "avg_fill_latency_sec": 0.004286270204660541,
    "std_fill_latency_sec": 0.032483102445688854,
    "avg_queue_position": 0.01471356343000558,
    "std_queue_position": 0.18155446160936906,
    "avg_order_lifetime_sec": 0.004286270204660541,
    "std_order_lifetime_sec": 0.032483102445688854,
    "avg_competition_size": 0.35567703580175697,
    "std_competition_size": 0.06901640599797385,
    "forced_liquidations": 0,
    "avg_forced_liq_cost": 0.0,
    "std_forced_liq_cost": 0.0,
    "taker_qty_hedge": 0.2860562875294387,
    "taker_qty_cross": 0.0,
    "taker_trades_hedge": 2527,
    "taker_trades_cross": 0,
    "taker_qty_total": 0.2860562875294387,
    "notional_traded_btc": 1.0864207186223256,
    "notional_traded_usdt": 18688.419317029115
  },
  "strategy": "skew_mid_spread",
  "strategy_kwargs": {
    "extra_spread_ticks": 20.0,
    "gamma": 0.08,
    "gamma_cap_factor": 5.0,
    "gamma_imb": 0.5,
    "gamma_inv_scale": 1.0,
    "gamma_vol_scale": 2.0,
    "gradient_penalty_ticks": 1.0,
    "gradient_threshold": 1.5,
    "k_vol": 4.0,
    "size_base": 0.04,
    "size_exp": 2.0,
    "size_min_factor": 0.3
  },
  "snapshots_processed": 10000,
  "sharpe_ratio": -0.26899235788311315,
  "capital_base": 10000.0,
  "sharpe_horizon_seconds": 60.0
}