{
  "final_pnl": -3.7439448474578967,
  "final_inventory": 0.0007568600855563795,
  "fill_count": 2185,
  "max_drawdown": 4.376585656711541,
  "pnl_attribution": {
    "inventory_moves": -1.0802760820035906,
    "fees": -3.697413331590987,
    "spread_capture": 1.249429287318915,
    "adverse_selection": -0.17530868174387496,
    "funding_rates": 0.0
  },
  "additional_metrics": {
    "orders_placed": 2062,
    "orders_placed_buy": 1070,
    "orders_placed_sell": 992,
    "maker_qty_placed": 45.08931883336418,
    "maker_qty_filled": 1.1568396030159627,
    "maker_fill_qty_rate": 0.02565662185519535,
    "avg_fill_latency_sec": 0.007324541283282703,
    "std_fill_latency_sec": 0.04223123407182123,
    "avg_queue_position": 0.0197845770055179,
    "std_queue_position": 0.17420335321104044,
    "avg_order_lifetime_sec": 0.007324541283282703,
    "std_order_lifetime_sec": 0.04223123407182123,
    "avg_competition_size": 0.3518759830906975,
    "std_competition_size": 0.07056368653428081,
    "forced_liquidations": 0,
    "avg_forced_liq_cost": 0.0,
    "std_forced_liq_cost": 0.0,
    "taker_qty_hedge": 0.33072584705166513,
    "taker_qty_cross": 0.0,
    "taker_trades_hedge": 2061,
    "taker_trades_cross": 0,
    "taker_qty_total": 0.33072584705166513,
    "notional_traded_btc": 1.4875654500676303,
    "notional_traded_usdt": 25590.87642820533
  },
  "strategy": "skew_mid_spread",
  "strategy_kwargs": {
    "extra_spread_ticks": 26.0,
    "gamma": 0.2,
    "gamma_cap_factor": 5.0,
    "gamma_imb": 0.5,
    "gamma_inv_scale": 1.0,
    "gamma_vol_scale": 2.0,
    "gradient_penalty_ticks": 1.0,
    "gradient_threshold": 1.5,
    "k_vol": 6.0,
    "size_base": 0.04,
    "size_exp": 2.0,
    "size_min_factor": 0.3
  },
  "snapshots_processed": 10000,
  "sharpe_ratio": -0.4160157802887979,
  "capital_base": 10000.0,
  "sharpe_horizon_seconds": 60.0
}