{
  "final_pnl": -1.674819853697045,
  "final_inventory": 0.004095857528400963,
  "fill_count": 262,
  "max_drawdown": 1.674819853697045,
  "pnl_attribution": {
    "inventory_moves": -0.10385778410858548,
    "fees": -1.7615918616951072,
    "spread_capture": 0.23259668576724726,
    "adverse_selection": -0.047037792006180745,
    "funding_rates": 0.0
  },
  "additional_metrics": {
    "orders_placed": 527,
    "orders_placed_buy": 256,
    "orders_placed_sell": 271,
    "maker_qty_placed": 1.5143385263383085,
    "maker_qty_filled": 0.3117409636219662,
    "maker_fill_qty_rate": 0.20585949455816868,
    "avg_fill_latency_sec": 0.1857946976920627,
    "std_fill_latency_sec": 0.11337982226576858,
    "avg_queue_position": 1.0473556946576819,
    "std_queue_position": 1.3402829699854206,
    "avg_order_lifetime_sec": 0.20572184884785027,
    "std_order_lifetime_sec": 0.11561984456272151,
    "avg_competition_size": 0.6302524045871124,
    "std_competition_size": 0.12180543261371485,
    "forced_liquidations": 0,
    "avg_forced_liq_cost": 0.0,
    "std_forced_liq_cost": 0.0
  },
  "strategy": "skew_mid_spread",
  "strategy_kwargs": {
    "gamma": 0.1,
    "gamma_cap_factor": 5.0,
    "gamma_imb": 0.5,
    "gamma_inv_scale": 4.0,
    "gamma_vol_scale": 2.0,
    "gradient_penalty_ticks": 1.0,
    "gradient_threshold": 1.5,
    "k_vol": 1.3,
    "size_base": 0.005,
    "size_exp": 3.0,
    "size_min_factor": 0.1
  },
  "snapshots_processed": 1000,
  "sharpe_ratio": -1.1073822328834861,
  "capital_base": 10000.0,
  "sharpe_horizon_seconds": 60.0
}