{
  "final_pnl": -1.579318076994241,
  "final_inventory": 0.0017301799462710204,
  "fill_count": 266,
  "max_drawdown": 1.579318076994241,
  "pnl_attribution": {
    "inventory_moves": -0.08921860717939115,
    "fees": -1.6851868166338273,
    "spread_capture": 0.2437582242757362,
    "adverse_selection": -0.050770513842271624,
    "funding_rates": 0.0
  },
  "additional_metrics": {
    "orders_placed": 537,
    "orders_placed_buy": 264,
    "orders_placed_sell": 273,
    "maker_qty_placed": 1.5452945651942247,
    "maker_qty_filled": 0.3259148639605684,
    "maker_fill_qty_rate": 0.21090792092419278,
    "avg_fill_latency_sec": 0.19534665902455647,
    "std_fill_latency_sec": 0.10771932333077107,
    "avg_queue_position": 1.2041717765026045,
    "std_queue_position": 1.4513237225244997,
    "avg_order_lifetime_sec": 0.2103999900817871,
    "std_order_lifetime_sec": 0.10056082247477345,
    "avg_competition_size": 0.6385467252903875,
    "std_competition_size": 0.12416115267924308,
    "forced_liquidations": 0,
    "avg_forced_liq_cost": 0.0,
    "std_forced_liq_cost": 0.0
  },
  "strategy": "skew_mid_spread",
  "strategy_kwargs": {
    "gamma": 0.1,
    "gamma_cap_factor": 5.0,
    "gamma_imb": 0.5,
    "gamma_inv_scale": 4.0,
    "gamma_vol_scale": 2.0,
    "gradient_penalty_ticks": 1.0,
    "gradient_threshold": 1.5,
    "k_vol": 1.3,
    "size_base": 0.005,
    "size_exp": 2.0,
    "size_min_factor": 0.1
  },
  "snapshots_processed": 1000,
  "sharpe_ratio": -1.1809379279719923,
  "capital_base": 10000.0,
  "sharpe_horizon_seconds": 60.0
}