{
  "final_pnl": -3.4289235311716766,
  "final_inventory": 0.007021276904107995,
  "fill_count": 275,
  "max_drawdown": 3.4289235311716766,
  "pnl_attribution": {
    "inventory_moves": -0.26227143335958836,
    "fees": -3.598451234124405,
    "spread_capture": 0.5186927435625989,
    "adverse_selection": -0.09699822224933306,
    "funding_rates": 0.0
  },
  "additional_metrics": {
    "orders_placed": 533,
    "orders_placed_buy": 260,
    "orders_placed_sell": 273,
    "maker_qty_placed": 3.0603676364527157,
    "maker_qty_filled": 0.6333245316635057,
    "maker_fill_qty_rate": 0.20694393840786876,
    "avg_fill_latency_sec": 0.1886645525316649,
    "std_fill_latency_sec": 0.11514100177158028,
    "avg_queue_position": 1.1201594884518429,
    "std_queue_position": 1.385575448907675,
    "avg_order_lifetime_sec": 0.20770885521852517,
    "std_order_lifetime_sec": 0.11685543566542747,
    "avg_competition_size": 0.6600526170386816,
    "std_competition_size": 0.1257226957743806,
    "forced_liquidations": 0,
    "avg_forced_liq_cost": 0.0,
    "std_forced_liq_cost": 0.0
  },
  "strategy": "skew_mid_spread",
  "strategy_kwargs": {
    "gamma": 0.1,
    "gamma_cap_factor": 5.0,
    "gamma_imb": 0.5,
    "gamma_inv_scale": 4.0,
    "gamma_vol_scale": 2.0,
    "gradient_penalty_ticks": 1.0,
    "gradient_threshold": 1.5,
    "k_vol": 1.3,
    "size_base": 0.01,
    "size_exp": 1.0,
    "size_min_factor": 0.1
  },
  "snapshots_processed": 1000,
  "sharpe_ratio": -1.15821596083075,
  "capital_base": 10000.0,
  "sharpe_horizon_seconds": 60.0
}