{
  "final_pnl": -4.798410067680379,
  "final_inventory": -0.010274544342969868,
  "fill_count": 136,
  "max_drawdown": 5.145123614127442,
  "pnl_attribution": {
    "inventory_moves": -2.591586720975725,
    "fees": -3.3544590655339914,
    "spread_capture": 1.352662220568503,
    "adverse_selection": -0.15634047604238954,
    "funding_rates": 0.0
  },
  "additional_metrics": {
    "orders_placed": 2965,
    "orders_placed_buy": 1542,
    "orders_placed_sell": 1423,
    "maker_qty_placed": 64.95019590186193,
    "maker_qty_filled": 1.1606374619978281,
    "maker_fill_qty_rate": 0.017869652983826582,
    "avg_fill_latency_sec": 0.19785526237989726,
    "std_fill_latency_sec": 0.10217421922050228,
    "avg_queue_position": 0.7029683115676432,
    "std_queue_position": 1.1934320006330923,
    "avg_order_lifetime_sec": 0.19785526237989726,
    "std_order_lifetime_sec": 0.10217421922050228,
    "avg_competition_size": 0.35390111922519585,
    "std_competition_size": 0.06839974873463851,
    "forced_liquidations": 0,
    "avg_forced_liq_cost": 0.0,
    "std_forced_liq_cost": 0.0,
    "taker_qty_hedge": 0.2630266638946512,
    "taker_qty_cross": 0.0,
    "taker_trades_hedge": 16,
    "taker_trades_cross": 0,
    "taker_qty_total": 0.2630266638946512,
    "notional_traded_btc": 1.4236641258924783,
    "notional_traded_usdt": 24491.719454692964
  },
  "strategy": "skew_mid_spread",
  "strategy_kwargs": {
    "extra_spread_ticks": 34.0,
    "gamma": 0.12,
    "gamma_cap_factor": 5.0,
    "gamma_imb": 0.5,
    "gamma_inv_scale": 1.0,
    "gamma_vol_scale": 2.0,
    "gradient_penalty_ticks": 1.0,
    "gradient_threshold": 1.5,
    "k_vol": 8.0,
    "size_base": 0.04,
    "size_exp": 2.0,
    "size_min_factor": 0.3
  },
  "snapshots_processed": 10000,
  "sharpe_ratio": -0.5753543684861545,
  "capital_base": 10000.0,
  "sharpe_horizon_seconds": 60.0
}