{
  "final_pnl": -2.0513463417519233,
  "final_inventory": -0.04345839371242423,
  "fill_count": 1885,
  "max_drawdown": 4.547906028539728,
  "pnl_attribution": {
    "inventory_moves": -0.6146071323528006,
    "fees": -2.586838911657878,
    "spread_capture": 1.5100856484503535,
    "adverse_selection": -0.23138462160550294,
    "funding_rates": 0.0
  },
  "additional_metrics": {
    "orders_placed": 2942,
    "orders_placed_buy": 1518,
    "orders_placed_sell": 1424,
    "maker_qty_placed": 64.38498711688787,
    "maker_qty_filled": 1.4980817271345246,
    "maker_fill_qty_rate": 0.023267562738108944,
    "avg_fill_latency_sec": 0.010815716343949892,
    "std_fill_latency_sec": 0.05092224918868409,
    "avg_queue_position": 0.039416653608836866,
    "std_queue_position": 0.28775707947236123,
    "avg_order_lifetime_sec": 0.010815716343949892,
    "std_order_lifetime_sec": 0.05092224918868409,
    "avg_competition_size": 0.35669022067020284,
    "std_competition_size": 0.06676215481255984,
    "forced_liquidations": 0,
    "avg_forced_liq_cost": 0.0,
    "std_forced_liq_cost": 0.0,
    "taker_qty_hedge": 0.6263765185758832,
    "taker_qty_cross": 0.0,
    "taker_trades_hedge": 1729,
    "taker_trades_cross": 0,
    "taker_qty_total": 0.6263765185758832,
    "notional_traded_btc": 2.1244582457104135,
    "notional_traded_usdt": 36546.504578447115
  },
  "strategy": "skew_mid_spread",
  "strategy_kwargs": {
    "extra_spread_ticks": 10.0,
    "gamma": 0.12,
    "gamma_cap_factor": 5.0,
    "gamma_imb": 0.5,
    "gamma_inv_scale": 1.0,
    "gamma_vol_scale": 2.0,
    "gradient_penalty_ticks": 1.0,
    "gradient_threshold": 1.5,
    "k_vol": 2.0,
    "size_base": 0.04,
    "size_exp": 2.0,
    "size_min_factor": 0.3
  },
  "snapshots_processed": 10000,
  "sharpe_ratio": -0.15851916960730056,
  "capital_base": 10000.0,
  "sharpe_horizon_seconds": 60.0
}