{
  "final_pnl": -1.6211573050368315,
  "final_inventory": 0.004087117429726414,
  "fill_count": 267,
  "max_drawdown": 1.6211573050368315,
  "pnl_attribution": {
    "inventory_moves": -0.10170050816299075,
    "fees": -1.7180240228389239,
    "spread_capture": 0.24108896649391848,
    "adverse_selection": -0.045320427972679767,
    "funding_rates": 0.0
  },
  "additional_metrics": {
    "orders_placed": 528,
    "orders_placed_buy": 258,
    "orders_placed_sell": 270,
    "maker_qty_placed": 1.5148047010447843,
    "maker_qty_filled": 0.3221172623215278,
    "maker_fill_qty_rate": 0.2126460672450769,
    "avg_fill_latency_sec": 0.1911315729743556,
    "std_fill_latency_sec": 0.11030195716870336,
    "avg_queue_position": 1.1229540425293638,
    "std_queue_position": 1.3946358849632745,
    "avg_order_lifetime_sec": 0.2109276244514867,
    "std_order_lifetime_sec": 0.11165755007956031,
    "avg_competition_size": 0.6294245430802679,
    "std_competition_size": 0.12026906578089876,
    "forced_liquidations": 0,
    "avg_forced_liq_cost": 0.0,
    "std_forced_liq_cost": 0.0
  },
  "strategy": "skew_mid_spread",
  "strategy_kwargs": {
    "gamma": 0.1,
    "gamma_cap_factor": 5.0,
    "gamma_imb": 0.5,
    "gamma_inv_scale": 4.0,
    "gamma_vol_scale": 2.0,
    "gradient_penalty_ticks": 1.0,
    "gradient_threshold": 1.5,
    "k_vol": 1.3,
    "size_base": 0.005,
    "size_exp": 2.0,
    "size_min_factor": 0.2
  },
  "snapshots_processed": 1000,
  "sharpe_ratio": -1.1633238713694363,
  "capital_base": 10000.0,
  "sharpe_horizon_seconds": 60.0
}