{
  "final_pnl": -17.824644733836976,
  "final_inventory": 0.05449017254101452,
  "fill_count": 304,
  "max_drawdown": 17.824644733836976,
  "pnl_attribution": {
    "inventory_moves": -0.4918681348873577,
    "fees": -16.412352393314496,
    "spread_capture": 1.9157379913152928,
    "adverse_selection": -2.6905714765350544,
    "funding_rates": 0.0
  },
  "additional_metrics": {
    "orders_placed": 535,
    "orders_placed_buy": 264,
    "orders_placed_sell": 271,
    "maker_qty_placed": 12.258604686927791,
    "maker_qty_filled": 2.761713244557927,
    "maker_fill_qty_rate": 0.22528773176795033,
    "avg_fill_latency_sec": 0.18434269240732942,
    "std_fill_latency_sec": 0.1334878693724194,
    "avg_queue_position": 1.1851813308514283,
    "std_queue_position": 1.3824791553559583,
    "avg_order_lifetime_sec": 0.1998426914215088,
    "std_order_lifetime_sec": 0.1362591598316402,
    "avg_competition_size": 0.8769593333512754,
    "std_competition_size": 0.17381108462238531,
    "forced_liquidations": 15,
    "avg_forced_liq_cost": 0.15407958692751877,
    "std_forced_liq_cost": 0.070662059021298
  },
  "strategy": "skew_mid_spread",
  "strategy_kwargs": {
    "gamma": 0.1,
    "gamma_cap_factor": 5.0,
    "gamma_imb": 0.5,
    "gamma_inv_scale": 4.0,
    "gamma_vol_scale": 2.0,
    "gradient_penalty_ticks": 1.0,
    "gradient_threshold": 1.5,
    "k_vol": 1.3,
    "size_base": 0.04,
    "size_exp": 3.0,
    "size_min_factor": 0.1
  },
  "snapshots_processed": 1000,
  "sharpe_ratio": -1.128968336505255,
  "capital_base": 10000.0,
  "sharpe_horizon_seconds": 60.0
}