{
  "final_pnl": -3.3023322361623286,
  "final_inventory": 0.001654339988251416,
  "fill_count": 267,
  "max_drawdown": 3.3023322361623286,
  "pnl_attribution": {
    "inventory_moves": -0.23451440441657098,
    "fees": -3.364321642106736,
    "spread_capture": 0.3929757050752955,
    "adverse_selection": -0.10037705662764483,
    "funding_rates": 0.0
  },
  "additional_metrics": {
    "orders_placed": 536,
    "orders_placed_buy": 264,
    "orders_placed_sell": 272,
    "maker_qty_placed": 3.0827891475988234,
    "maker_qty_filled": 0.6322750455694955,
    "maker_fill_qty_rate": 0.20509837530146133,
    "avg_fill_latency_sec": 0.19406621819300368,
    "std_fill_latency_sec": 0.10851652243892053,
    "avg_queue_position": 1.1905754360248877,
    "std_queue_position": 1.4263647227321279,
    "avg_order_lifetime_sec": 0.20736422917700761,
    "std_order_lifetime_sec": 0.10300481360711866,
    "avg_competition_size": 0.6677875058293167,
    "std_competition_size": 0.13365728916078515,
    "forced_liquidations": 0,
    "avg_forced_liq_cost": 0.0,
    "std_forced_liq_cost": 0.0
  },
  "strategy": "skew_mid_spread",
  "strategy_kwargs": {
    "gamma": 0.1,
    "gamma_cap_factor": 5.0,
    "gamma_imb": 0.5,
    "gamma_inv_scale": 4.0,
    "gamma_vol_scale": 2.0,
    "gradient_penalty_ticks": 1.0,
    "gradient_threshold": 1.5,
    "k_vol": 1.3,
    "size_base": 0.01,
    "size_exp": 3.0,
    "size_min_factor": 0.2
  },
  "snapshots_processed": 1000,
  "sharpe_ratio": -1.1776385627233963,
  "capital_base": 10000.0,
  "sharpe_horizon_seconds": 60.0
}