{
  "final_pnl": -8.044726725507644,
  "final_inventory": 0.018691524753629427,
  "fill_count": 281,
  "max_drawdown": 8.044726725507644,
  "pnl_attribution": {
    "inventory_moves": -0.6365060903481163,
    "fees": -7.735206535046265,
    "spread_capture": 0.8991449548187611,
    "adverse_selection": -0.5645332692661784,
    "funding_rates": 0.0
  },
  "additional_metrics": {
    "orders_placed": 609,
    "orders_placed_buy": 303,
    "orders_placed_sell": 306,
    "maker_qty_placed": 6.9166827617498905,
    "maker_qty_filled": 1.2810586417469576,
    "maker_fill_qty_rate": 0.1852128666116321,
    "avg_fill_latency_sec": 0.17873779884198818,
    "std_fill_latency_sec": 0.11328750342259637,
    "avg_queue_position": 1.1034362683381145,
    "std_queue_position": 1.3756574626019202,
    "avg_order_lifetime_sec": 0.1894573104090807,
    "std_order_lifetime_sec": 0.10760776124556232,
    "avg_competition_size": 0.7392054020654766,
    "std_competition_size": 0.14534774672355574,
    "forced_liquidations": 3,
    "avg_forced_liq_cost": 0.12320533504848397,
    "std_forced_liq_cost": 0.04682574467088454
  },
  "strategy": "skew_mid_spread",
  "strategy_kwargs": {
    "gamma": 0.1,
    "gamma_cap_factor": 5.0,
    "gamma_imb": 0.5,
    "gamma_inv_scale": 4.0,
    "gamma_vol_scale": 2.0,
    "gradient_penalty_ticks": 1.0,
    "gradient_threshold": 1.5,
    "k_vol": 1.3,
    "size_base": 0.02,
    "size_exp": 2.0,
    "size_min_factor": 0.1
  },
  "snapshots_processed": 1000,
  "sharpe_ratio": -1.196353319602824,
  "capital_base": 10000.0,
  "sharpe_horizon_seconds": 60.0
}