{
  "final_pnl": -3.2903656009511906,
  "final_inventory": 0.0024597287482082553,
  "fill_count": 271,
  "max_drawdown": 3.2903656009511906,
  "pnl_attribution": {
    "inventory_moves": -0.21219540341686882,
    "fees": -3.473349961254907,
    "spread_capture": 0.4949014134054031,
    "adverse_selection": -0.09678017120814594,
    "funding_rates": 0.0
  },
  "additional_metrics": {
    "orders_placed": 537,
    "orders_placed_buy": 263,
    "orders_placed_sell": 274,
    "maker_qty_placed": 3.0901364405075284,
    "maker_qty_filled": 0.6473676031020735,
    "maker_fill_qty_rate": 0.20949482832406874,
    "avg_fill_latency_sec": 0.19354544831560805,
    "std_fill_latency_sec": 0.11247672436297441,
    "avg_queue_position": 1.1286204360281247,
    "std_queue_position": 1.3867188272838695,
    "avg_order_lifetime_sec": 0.2065844071375859,
    "std_order_lifetime_sec": 0.10735380346749503,
    "avg_competition_size": 0.6700055415778176,
    "std_competition_size": 0.13366555074330413,
    "forced_liquidations": 0,
    "avg_forced_liq_cost": 0.0,
    "std_forced_liq_cost": 0.0
  },
  "strategy": "skew_mid_spread",
  "strategy_kwargs": {
    "gamma": 0.1,
    "gamma_cap_factor": 5.0,
    "gamma_imb": 0.5,
    "gamma_inv_scale": 4.0,
    "gamma_vol_scale": 2.0,
    "gradient_penalty_ticks": 1.0,
    "gradient_threshold": 1.5,
    "k_vol": 1.3,
    "size_base": 0.01,
    "size_exp": 2.0,
    "size_min_factor": 0.1
  },
  "snapshots_processed": 1000,
  "sharpe_ratio": -1.186695061180978,
  "capital_base": 10000.0,
  "sharpe_horizon_seconds": 60.0
}