{
  "final_pnl": -3.822209868034406,
  "final_inventory": -0.05071992837870393,
  "fill_count": 2298,
  "max_drawdown": 4.037029424967841,
  "pnl_attribution": {
    "inventory_moves": -1.7911908073204668,
    "fees": -2.863944086611795,
    "spread_capture": 1.0214844538697738,
    "adverse_selection": -0.1548453925829672,
    "funding_rates": 0.0
  },
  "additional_metrics": {
    "orders_placed": 2062,
    "orders_placed_buy": 1070,
    "orders_placed_sell": 992,
    "maker_qty_placed": 45.075841010642584,
    "maker_qty_filled": 0.9386420736377351,
    "maker_fill_qty_rate": 0.020823617543067427,
    "avg_fill_latency_sec": 0.005456647643941198,
    "std_fill_latency_sec": 0.03656290251018624,
    "avg_queue_position": 0.01608561443088959,
    "std_queue_position": 0.18043039985168494,
    "avg_order_lifetime_sec": 0.005456647643941198,
    "std_order_lifetime_sec": 0.03656290251018624,
    "avg_competition_size": 0.3543488752340024,
    "std_competition_size": 0.06886638971859554,
    "forced_liquidations": 0,
    "avg_forced_liq_cost": 0.0,
    "std_forced_liq_cost": 0.0,
    "taker_qty_hedge": 0.24206573885512384,
    "taker_qty_cross": 0.0,
    "taker_trades_hedge": 2200,
    "taker_trades_cross": 0,
    "taker_qty_total": 0.24206573885512384,
    "notional_traded_btc": 1.18070781249286,
    "notional_traded_usdt": 20309.4638900164
  },
  "strategy": "skew_mid_spread",
  "strategy_kwargs": {
    "extra_spread_ticks": 38.0,
    "gamma": 0.16,
    "gamma_cap_factor": 5.0,
    "gamma_imb": 0.5,
    "gamma_inv_scale": 1.0,
    "gamma_vol_scale": 2.0,
    "gradient_penalty_ticks": 1.0,
    "gradient_threshold": 1.5,
    "k_vol": 6.0,
    "size_base": 0.04,
    "size_exp": 2.0,
    "size_min_factor": 0.3
  },
  "snapshots_processed": 10000,
  "sharpe_ratio": -0.3826532771168484,
  "capital_base": 10000.0,
  "sharpe_horizon_seconds": 60.0
}