{
  "final_pnl": -8.423171212263696,
  "final_inventory": 0.01491398814683282,
  "fill_count": 285,
  "max_drawdown": 8.423171212263696,
  "pnl_attribution": {
    "inventory_moves": -0.24908148266178626,
    "fees": -7.792516010812075,
    "spread_capture": 0.9374999029764313,
    "adverse_selection": -1.2553575214277195,
    "funding_rates": 0.0
  },
  "additional_metrics": {
    "orders_placed": 610,
    "orders_placed_buy": 304,
    "orders_placed_sell": 306,
    "maker_qty_placed": 6.937853760768905,
    "maker_qty_filled": 1.3128901726457898,
    "maker_fill_qty_rate": 0.1892357806775514,
    "avg_fill_latency_sec": 0.17699400536314455,
    "std_fill_latency_sec": 0.11405752384059763,
    "avg_queue_position": 1.102617442423113,
    "std_queue_position": 1.3999037674965764,
    "avg_order_lifetime_sec": 0.18601795727621295,
    "std_order_lifetime_sec": 0.10954425998090034,
    "avg_competition_size": 0.738186150240741,
    "std_competition_size": 0.13849271454394174,
    "forced_liquidations": 12,
    "avg_forced_liq_cost": 0.0880110181678105,
    "std_forced_liq_cost": 0.05696384659782427
  },
  "strategy": "skew_mid_spread",
  "strategy_kwargs": {
    "gamma": 0.1,
    "gamma_cap_factor": 5.0,
    "gamma_imb": 0.5,
    "gamma_inv_scale": 4.0,
    "gamma_vol_scale": 2.0,
    "gradient_penalty_ticks": 1.0,
    "gradient_threshold": 1.5,
    "k_vol": 1.3,
    "size_base": 0.02,
    "size_exp": 1.0,
    "size_min_factor": 0.1
  },
  "snapshots_processed": 1000,
  "sharpe_ratio": -1.2252955123159257,
  "capital_base": 10000.0,
  "sharpe_horizon_seconds": 60.0
}