{
  "final_pnl": -3.4070216614454694,
  "final_inventory": 0.0017101884217097102,
  "fill_count": 271,
  "max_drawdown": 3.4070216614454694,
  "pnl_attribution": {
    "inventory_moves": -0.23797542225699256,
    "fees": -3.5789380482291797,
    "spread_capture": 0.5109363185853203,
    "adverse_selection": -0.09687384724598286,
    "funding_rates": 0.0
  },
  "additional_metrics": {
    "orders_placed": 538,
    "orders_placed_buy": 264,
    "orders_placed_sell": 274,
    "maker_qty_placed": 3.095006214290557,
    "maker_qty_filled": 0.6560301518794425,
    "maker_fill_qty_rate": 0.21196408228531421,
    "avg_fill_latency_sec": 0.18906451040698635,
    "std_fill_latency_sec": 0.11145765266271014,
    "avg_queue_position": 1.1540024172236163,
    "std_queue_position": 1.4449692543790356,
    "avg_order_lifetime_sec": 0.20201934691398374,
    "std_order_lifetime_sec": 0.10686949518342076,
    "avg_competition_size": 0.6668727279430042,
    "std_competition_size": 0.12868822179225595,
    "forced_liquidations": 0,
    "avg_forced_liq_cost": 0.0,
    "std_forced_liq_cost": 0.0
  },
  "strategy": "skew_mid_spread",
  "strategy_kwargs": {
    "gamma": 0.1,
    "gamma_cap_factor": 5.0,
    "gamma_imb": 0.5,
    "gamma_inv_scale": 4.0,
    "gamma_vol_scale": 2.0,
    "gradient_penalty_ticks": 1.0,
    "gradient_threshold": 1.5,
    "k_vol": 1.3,
    "size_base": 0.01,
    "size_exp": 2.0,
    "size_min_factor": 0.2
  },
  "snapshots_processed": 1000,
  "sharpe_ratio": -1.1978583234856235,
  "capital_base": 10000.0,
  "sharpe_horizon_seconds": 60.0
}