{
  "final_pnl": -0.712925378986256,
  "final_inventory": 0.0422091272647305,
  "fill_count": 96,
  "max_drawdown": 1.675754860347297,
  "pnl_attribution": {
    "inventory_moves": -0.3366379270769554,
    "fees": -0.2821002407295955,
    "spread_capture": 0.1045895262520689,
    "adverse_selection": -0.18577897721287365,
    "funding_rates": 0.0
  },
  "additional_metrics": {
    "orders_placed": 2962,
    "orders_placed_buy": 1540,
    "orders_placed_sell": 1422,
    "maker_qty_placed": 8.115629865685591,
    "maker_qty_filled": 0.10293247929950734,
    "maker_fill_qty_rate": 0.012683239748861048,
    "avg_fill_latency_sec": 0.20339623037374244,
    "std_fill_latency_sec": 0.09809493861329556,
    "avg_queue_position": 0.7329101900705909,
    "std_queue_position": 1.0550956343424742,
    "avg_order_lifetime_sec": 0.20339623037374244,
    "std_order_lifetime_sec": 0.09809493861329556,
    "avg_competition_size": 0.2598792475652111,
    "std_competition_size": 0.04761715191970829,
    "forced_liquidations": 10,
    "avg_forced_liq_cost": 0.017044929113801763,
    "std_forced_liq_cost": 0.009027283869561175,
    "taker_qty_hedge": 0.0,
    "taker_qty_cross": 0.020350637871032806,
    "taker_trades_hedge": 0,
    "taker_trades_cross": 10,
    "taker_qty_total": 0.020350637871032806,
    "notional_traded_btc": 0.12328311717054015,
    "notional_traded_usdt": 2120.675820275815
  },
  "strategy": "skew_mid_spread",
  "strategy_kwargs": {
    "extra_spread_ticks": 28.0,
    "gamma": 0.12,
    "gamma_cap_factor": 5.0,
    "gamma_imb": 0.5,
    "gamma_inv_scale": 2.0,
    "gamma_vol_scale": 0.0,
    "gradient_penalty_ticks": 1.0,
    "gradient_threshold": 1.5,
    "k_vol": 4.0,
    "size_base": 0.005,
    "size_exp": 2.0,
    "size_min_factor": 0.3
  },
  "snapshots_processed": 10000,
  "sharpe_ratio": -0.14255144811712409,
  "capital_base": 10000.0,
  "sharpe_horizon_seconds": 60.0
}