{
  "final_pnl": -1.5075240217556711,
  "final_inventory": 0.001056120883811454,
  "fill_count": 262,
  "max_drawdown": 1.5075240217556711,
  "pnl_attribution": {
    "inventory_moves": -0.08090576272991296,
    "fees": -1.635974288218661,
    "spread_capture": 0.25638608146450775,
    "adverse_selection": -0.04613722419381902,
    "funding_rates": 0.0
  },
  "additional_metrics": {
    "orders_placed": 531,
    "orders_placed_buy": 258,
    "orders_placed_sell": 273,
    "maker_qty_placed": 1.523309449163213,
    "maker_qty_filled": 0.315883738120034,
    "maker_fill_qty_rate": 0.20736675551612693,
    "avg_fill_latency_sec": 0.1946148582406946,
    "std_fill_latency_sec": 0.10825941641290047,
    "avg_queue_position": 1.1718520638127068,
    "std_queue_position": 1.4236227262289958,
    "avg_order_lifetime_sec": 0.20818242350140134,
    "std_order_lifetime_sec": 0.10252843819263599,
    "avg_competition_size": 0.6437049685003531,
    "std_competition_size": 0.12146053319018077,
    "forced_liquidations": 0,
    "avg_forced_liq_cost": 0.0,
    "std_forced_liq_cost": 0.0
  },
  "strategy": "skew_mid_spread",
  "strategy_kwargs": {
    "gamma": 0.1,
    "gamma_cap_factor": 5.0,
    "gamma_imb": 0.5,
    "gamma_inv_scale": 4.0,
    "gamma_vol_scale": 2.0,
    "gradient_penalty_ticks": 1.0,
    "gradient_threshold": 1.5,
    "k_vol": 1.3,
    "size_base": 0.005,
    "size_exp": 1.0,
    "size_min_factor": 0.2
  },
  "snapshots_processed": 1000,
  "sharpe_ratio": -1.1782160200071197,
  "capital_base": 10000.0,
  "sharpe_horizon_seconds": 60.0
}