{
  "final_pnl": -0.7796293206920382,
  "final_inventory": 0.01628688532044148,
  "fill_count": 90,
  "max_drawdown": 1.0267436270660255,
  "pnl_attribution": {
    "inventory_moves": -0.6931488559093253,
    "fees": -0.19381811349261852,
    "spread_capture": 0.12950390441309717,
    "adverse_selection": -0.016272356417155617,
    "funding_rates": 0.0
  },
  "additional_metrics": {
    "orders_placed": 2962,
    "orders_placed_buy": 1538,
    "orders_placed_sell": 1424,
    "maker_qty_placed": 8.116925354243266,
    "maker_qty_filled": 0.11267929620262666,
    "maker_fill_qty_rate": 0.013882017055105918,
    "avg_fill_latency_sec": 0.25057776769002277,
    "std_fill_latency_sec": 0.0007450242259502686,
    "avg_queue_position": 1.3132201281644078,
    "std_queue_position": 1.3876271780356697,
    "avg_order_lifetime_sec": 0.25057776769002277,
    "std_order_lifetime_sec": 0.0007450242259502686,
    "avg_competition_size": 0.2605712985970154,
    "std_competition_size": 0.047181197874539255,
    "forced_liquidations": 0,
    "avg_forced_liq_cost": 0.0,
    "std_forced_liq_cost": 0.0,
    "taker_qty_hedge": 0.0,
    "taker_qty_cross": 0.0,
    "taker_trades_hedge": 0,
    "taker_trades_cross": 0,
    "taker_qty_total": 0.0,
    "notional_traded_btc": 0.11267929620262666,
    "notional_traded_usdt": 1938.1811349261848
  },
  "strategy": "skew_mid_spread",
  "strategy_kwargs": {
    "extra_spread_ticks": 24.0,
    "gamma": 0.16,
    "gamma_cap_factor": 5.0,
    "gamma_imb": 0.5,
    "gamma_inv_scale": 4.0,
    "gamma_vol_scale": 0.0,
    "gradient_penalty_ticks": 1.0,
    "gradient_threshold": 1.5,
    "k_vol": 8.0,
    "size_base": 0.005,
    "size_exp": 2.0,
    "size_min_factor": 0.3
  },
  "snapshots_processed": 10000,
  "sharpe_ratio": -0.3266163631092907,
  "capital_base": 10000.0,
  "sharpe_horizon_seconds": 60.0
}