{
  "final_pnl": -1.6187199597334256,
  "final_inventory": 0.0032584311315571653,
  "fill_count": 264,
  "max_drawdown": 1.6187199597334256,
  "pnl_attribution": {
    "inventory_moves": -0.0893461893806295,
    "fees": -1.7432992631512136,
    "spread_capture": 0.26260291955052917,
    "adverse_selection": -0.04708394744357137,
    "funding_rates": 0.0
  },
  "additional_metrics": {
    "orders_placed": 532,
    "orders_placed_buy": 260,
    "orders_placed_sell": 272,
    "maker_qty_placed": 1.526611460561057,
    "maker_qty_filled": 0.31994252553970765,
    "maker_fill_qty_rate": 0.2095769184269867,
    "avg_fill_latency_sec": 0.18908608670266258,
    "std_fill_latency_sec": 0.11152999226760237,
    "avg_queue_position": 1.127395087792121,
    "std_queue_position": 1.4416308412294925,
    "avg_order_lifetime_sec": 0.20238409768666651,
    "std_order_lifetime_sec": 0.1067967548464495,
    "avg_competition_size": 0.6446320020544254,
    "std_competition_size": 0.1202569373735427,
    "forced_liquidations": 0,
    "avg_forced_liq_cost": 0.0,
    "std_forced_liq_cost": 0.0
  },
  "strategy": "skew_mid_spread",
  "strategy_kwargs": {
    "gamma": 0.1,
    "gamma_cap_factor": 5.0,
    "gamma_imb": 0.5,
    "gamma_inv_scale": 4.0,
    "gamma_vol_scale": 2.0,
    "gradient_penalty_ticks": 1.0,
    "gradient_threshold": 1.5,
    "k_vol": 1.3,
    "size_base": 0.005,
    "size_exp": 3.0,
    "size_min_factor": 0.1
  },
  "snapshots_processed": 1000,
  "sharpe_ratio": -1.0977938221556869,
  "capital_base": 10000.0,
  "sharpe_horizon_seconds": 60.0
}