{
  "final_pnl": -6.144724901227164,
  "final_inventory": -0.06791672349569822,
  "fill_count": 2785,
  "max_drawdown": 6.268099702194377,
  "pnl_attribution": {
    "inventory_moves": -2.5954788512555194,
    "fees": -4.873172882941992,
    "spread_capture": 1.6330267186609602,
    "adverse_selection": -0.23128698344155801,
    "funding_rates": 0.0
  },
  "additional_metrics": {
    "orders_placed": 2962,
    "orders_placed_buy": 1539,
    "orders_placed_sell": 1423,
    "maker_qty_placed": 64.9017003446387,
    "maker_qty_filled": 1.507866419764123,
    "maker_fill_qty_rate": 0.023233080362411222,
    "avg_fill_latency_sec": 0.007698001462737337,
    "std_fill_latency_sec": 0.04324255324976101,
    "avg_queue_position": 0.026674629079093317,
    "std_queue_position": 0.28562338680682947,
    "avg_order_lifetime_sec": 0.007698001462737337,
    "std_order_lifetime_sec": 0.04324255324976101,
    "avg_competition_size": 0.35548833623132886,
    "std_competition_size": 0.06760540651214435,
    "forced_liquidations": 0,
    "avg_forced_liq_cost": 0.0,
    "std_forced_liq_cost": 0.0,
    "taker_qty_hedge": 0.44166519185023,
    "taker_qty_cross": 0.0,
    "taker_trades_hedge": 2619,
    "taker_trades_cross": 0,
    "taker_qty_total": 0.44166519185023,
    "notional_traded_btc": 1.9495316116143537,
    "notional_traded_usdt": 33534.648064834546
  },
  "strategy": "skew_mid_spread",
  "strategy_kwargs": {
    "extra_spread_ticks": 34.0,
    "gamma": 0.2,
    "gamma_cap_factor": 5.0,
    "gamma_imb": 0.5,
    "gamma_inv_scale": 1.0,
    "gamma_vol_scale": 2.0,
    "gradient_penalty_ticks": 1.0,
    "gradient_threshold": 1.5,
    "k_vol": 4.0,
    "size_base": 0.04,
    "size_exp": 2.0,
    "size_min_factor": 0.3
  },
  "snapshots_processed": 10000,
  "sharpe_ratio": -0.5253699905235847,
  "capital_base": 10000.0,
  "sharpe_horizon_seconds": 60.0
}