{
  "final_pnl": -16.706272585764964,
  "final_inventory": 0.00719803599839202,
  "fill_count": 294,
  "max_drawdown": 16.706272585764964,
  "pnl_attribution": {
    "inventory_moves": -0.5259883880664983,
    "fees": -15.46184857372786,
    "spread_capture": 2.0539419044905527,
    "adverse_selection": -2.682905971402727,
    "funding_rates": 0.0
  },
  "additional_metrics": {
    "orders_placed": 535,
    "orders_placed_buy": 262,
    "orders_placed_sell": 273,
    "maker_qty_placed": 12.285966585907369,
    "maker_qty_filled": 2.680856023851744,
    "maker_fill_qty_rate": 0.2182047301778293,
    "avg_fill_latency_sec": 0.18314034896984435,
    "std_fill_latency_sec": 0.11753368556219566,
    "avg_queue_position": 1.1462143522706447,
    "std_queue_position": 1.2864279100701477,
    "avg_order_lifetime_sec": 0.19488303703174256,
    "std_order_lifetime_sec": 0.11427834909199475,
    "avg_competition_size": 0.861913155761757,
    "std_competition_size": 0.1750789213109633,
    "forced_liquidations": 14,
    "avg_forced_liq_cost": 0.1629714749656496,
    "std_forced_liq_cost": 0.08523243001552851
  },
  "strategy": "skew_mid_spread",
  "strategy_kwargs": {
    "gamma": 0.1,
    "gamma_cap_factor": 5.0,
    "gamma_imb": 0.5,
    "gamma_inv_scale": 4.0,
    "gamma_vol_scale": 2.0,
    "gradient_penalty_ticks": 1.0,
    "gradient_threshold": 1.5,
    "k_vol": 1.3,
    "size_base": 0.04,
    "size_exp": 1.0,
    "size_min_factor": 0.1
  },
  "snapshots_processed": 1000,
  "sharpe_ratio": -1.1310408977028024,
  "capital_base": 10000.0,
  "sharpe_horizon_seconds": 60.0
}