{
  "final_pnl": -1.6660498045857821,
  "final_inventory": 0.0014184529879066017,
  "fill_count": 263,
  "max_drawdown": 1.6660498045857821,
  "pnl_attribution": {
    "inventory_moves": -0.13183545357904633,
    "fees": -1.740173169638312,
    "spread_capture": 0.24518560784013624,
    "adverse_selection": -0.04372612642987188,
    "funding_rates": 0.0
  },
  "additional_metrics": {
    "orders_placed": 606,
    "orders_placed_buy": 301,
    "orders_placed_sell": 305,
    "maker_qty_placed": 1.723658758792874,
    "maker_qty_filled": 0.3100661072933362,
    "maker_fill_qty_rate": 0.17988833677872765,
    "avg_fill_latency_sec": 0.18576820480902465,
    "std_fill_latency_sec": 0.10962243291379445,
    "avg_queue_position": 1.129025365903472,
    "std_queue_position": 1.4347591876275725,
    "avg_order_lifetime_sec": 0.19740396619632544,
    "std_order_lifetime_sec": 0.10236838548651037,
    "avg_competition_size": 0.6324710165946453,
    "std_competition_size": 0.12281776840258071,
    "forced_liquidations": 0,
    "avg_forced_liq_cost": 0.0,
    "std_forced_liq_cost": 0.0
  },
  "strategy": "skew_mid_spread",
  "strategy_kwargs": {
    "gamma": 0.1,
    "gamma_cap_factor": 5.0,
    "gamma_imb": 0.5,
    "gamma_inv_scale": 4.0,
    "gamma_vol_scale": 2.0,
    "gradient_penalty_ticks": 1.0,
    "gradient_threshold": 1.5,
    "k_vol": 1.3,
    "size_base": 0.005,
    "size_exp": 3.0,
    "size_min_factor": 0.3
  },
  "snapshots_processed": 1000,
  "sharpe_ratio": -1.234579080939015,
  "capital_base": 10000.0,
  "sharpe_horizon_seconds": 60.0
}