{
  "final_pnl": -1.5687338754960365,
  "final_inventory": 0.0020781139808649565,
  "fill_count": 264,
  "max_drawdown": 1.5687338754960365,
  "pnl_attribution": {
    "inventory_moves": -0.10135240178507801,
    "fees": -1.708437483563957,
    "spread_capture": 0.28814258329977277,
    "adverse_selection": -0.048643271509855174,
    "funding_rates": 0.0
  },
  "additional_metrics": {
    "orders_placed": 533,
    "orders_placed_buy": 261,
    "orders_placed_sell": 272,
    "maker_qty_placed": 1.531361600018509,
    "maker_qty_filled": 0.3247427803431358,
    "maker_fill_qty_rate": 0.21206146238694423,
    "avg_fill_latency_sec": 0.19203999519348144,
    "std_fill_latency_sec": 0.1098383576728823,
    "avg_queue_position": 1.1372933304493582,
    "std_queue_position": 1.4115376322516855,
    "avg_order_lifetime_sec": 0.2054266595840454,
    "std_order_lifetime_sec": 0.10461314672633616,
    "avg_competition_size": 0.6399704177474341,
    "std_competition_size": 0.122640844785812,
    "forced_liquidations": 0,
    "avg_forced_liq_cost": 0.0,
    "std_forced_liq_cost": 0.0
  },
  "strategy": "skew_mid_spread",
  "strategy_kwargs": {
    "gamma": 0.1,
    "gamma_cap_factor": 5.0,
    "gamma_imb": 0.5,
    "gamma_inv_scale": 4.0,
    "gamma_vol_scale": 2.0,
    "gradient_penalty_ticks": 1.0,
    "gradient_threshold": 1.5,
    "k_vol": 1.3,
    "size_base": 0.005,
    "size_exp": 1.0,
    "size_min_factor": 0.2
  },
  "snapshots_processed": 1000,
  "sharpe_ratio": -1.1550709400954522,
  "capital_base": 10000.0,
  "sharpe_horizon_seconds": 60.0
}