{
  "final_pnl": -2.0987430816167034,
  "final_inventory": 0.04146778362030322,
  "fill_count": 2220,
  "max_drawdown": 3.1781424506498297,
  "pnl_attribution": {
    "inventory_moves": -2.1393543983831154,
    "fees": -0.7858975928202736,
    "spread_capture": 1.000928861520333,
    "adverse_selection": -0.13304373318945623,
    "funding_rates": 0.0
  },
  "additional_metrics": {
    "orders_placed": 2064,
    "orders_placed_buy": 1071,
    "orders_placed_sell": 993,
    "maker_qty_placed": 45.1120089402697,
    "maker_qty_filled": 0.9322658445040102,
    "maker_fill_qty_rate": 0.02066558032780964,
    "avg_fill_latency_sec": 0.006011070580500078,
    "std_fill_latency_sec": 0.038345139698388264,
    "avg_queue_position": 0.02027341029017187,
    "std_queue_position": 0.21925305598148043,
    "avg_order_lifetime_sec": 0.006011070580500078,
    "std_order_lifetime_sec": 0.038345139698388264,
    "avg_competition_size": 0.35136136293220593,
    "std_competition_size": 0.06833735349950218,
    "forced_liquidations": 0,
    "avg_forced_liq_cost": 0.0,
    "std_forced_liq_cost": 0.0,
    "taker_qty_hedge": 0.19028182034431965,
    "taker_qty_cross": 0.0,
    "taker_trades_hedge": 2116,
    "taker_trades_cross": 0,
    "taker_qty_total": 0.19028182034431965,
    "notional_traded_btc": 1.122547664848328,
    "notional_traded_usdt": 19311.058306249917
  },
  "strategy": "skew_mid_spread",
  "strategy_kwargs": {
    "extra_spread_ticks": 15.0,
    "gamma": 0.16,
    "gamma_cap_factor": 5.0,
    "gamma_imb": 0.5,
    "gamma_inv_scale": 1.0,
    "gamma_vol_scale": 2.0,
    "gradient_penalty_ticks": 1.0,
    "gradient_threshold": 1.5,
    "k_vol": 2.0,
    "size_base": 0.04,
    "size_exp": 2.0,
    "size_min_factor": 0.3
  },
  "snapshots_processed": 10000,
  "sharpe_ratio": -0.24365189980554028,
  "capital_base": 10000.0,
  "sharpe_horizon_seconds": 60.0
}