{
  "final_pnl": -3.4288079742837,
  "final_inventory": 0.00820548555235579,
  "fill_count": 279,
  "max_drawdown": 3.4288079742837,
  "pnl_attribution": {
    "inventory_moves": -0.2757632468435856,
    "fees": -3.64751778561648,
    "spread_capture": 0.5807680271746778,
    "adverse_selection": -0.10034839586770102,
    "funding_rates": 0.0
  },
  "additional_metrics": {
    "orders_placed": 535,
    "orders_placed_buy": 262,
    "orders_placed_sell": 273,
    "maker_qty_placed": 3.0760099328614223,
    "maker_qty_filled": 0.6564863414217876,
    "maker_fill_qty_rate": 0.21342139841892477,
    "avg_fill_latency_sec": 0.18785624653100969,
    "std_fill_latency_sec": 0.11203173855340666,
    "avg_queue_position": 1.1387844000321603,
    "std_queue_position": 1.398549698713912,
    "avg_order_lifetime_sec": 0.2097874954342842,
    "std_order_lifetime_sec": 0.12169061319176362,
    "avg_competition_size": 0.6669237393875465,
    "std_competition_size": 0.12814406381793755,
    "forced_liquidations": 0,
    "avg_forced_liq_cost": 0.0,
    "std_forced_liq_cost": 0.0
  },
  "strategy": "skew_mid_spread",
  "strategy_kwargs": {
    "gamma": 0.1,
    "gamma_cap_factor": 5.0,
    "gamma_imb": 0.5,
    "gamma_inv_scale": 4.0,
    "gamma_vol_scale": 2.0,
    "gradient_penalty_ticks": 1.0,
    "gradient_threshold": 1.5,
    "k_vol": 1.3,
    "size_base": 0.01,
    "size_exp": 2.0,
    "size_min_factor": 0.1
  },
  "snapshots_processed": 1000,
  "sharpe_ratio": -1.2039618957216656,
  "capital_base": 10000.0,
  "sharpe_horizon_seconds": 60.0
}