{
  "final_pnl": -0.29121405566547764,
  "final_inventory": 0.016247219890786688,
  "fill_count": 34,
  "max_drawdown": 0.5642869446619443,
  "pnl_attribution": {
    "inventory_moves": -0.2637029174527667,
    "fees": -0.07369292259012158,
    "spread_capture": 0.056765069729714984,
    "adverse_selection": -0.006454074578820632,
    "funding_rates": 0.0
  },
  "additional_metrics": {
    "orders_placed": 1585,
    "orders_placed_buy": 820,
    "orders_placed_sell": 765,
    "maker_qty_placed": 4.350949196572899,
    "maker_qty_filled": 0.04284224269907957,
    "maker_fill_qty_rate": 0.0098466428274605,
    "avg_fill_latency_sec": 0.2508235117968391,
    "std_fill_latency_sec": 0.0007058814500782002,
    "avg_queue_position": 1.3320809484757523,
    "std_queue_position": 2.076486906668569,
    "avg_order_lifetime_sec": 0.2508235117968391,
    "std_order_lifetime_sec": 0.0007058814500782002,
    "avg_competition_size": 0.2582548677346164,
    "std_competition_size": 0.0497336708506151,
    "forced_liquidations": 0,
    "avg_forced_liq_cost": 0.0,
    "std_forced_liq_cost": 0.0,
    "taker_qty_hedge": 0.0,
    "taker_qty_cross": 0.0,
    "taker_trades_hedge": 0,
    "taker_trades_cross": 0,
    "taker_qty_total": 0.0,
    "notional_traded_btc": 0.04284224269907957,
    "notional_traded_usdt": 736.9292259012158
  },
  "strategy": "skew_mid_spread",
  "strategy_kwargs": {
    "extra_spread_ticks": 36.0,
    "gamma": 0.08,
    "gamma_cap_factor": 5.0,
    "gamma_imb": 0.5,
    "gamma_inv_scale": 1.0,
    "gamma_vol_scale": 1.0,
    "gradient_penalty_ticks": 1.0,
    "gradient_threshold": 1.5,
    "k_vol": 8.0,
    "size_base": 0.005,
    "size_exp": 2.0,
    "size_min_factor": 0.3
  },
  "snapshots_processed": 10000,
  "sharpe_ratio": -0.16424453103090922,
  "capital_base": 10000.0,
  "sharpe_horizon_seconds": 60.0
}