{
  "final_pnl": -7.254899629237116,
  "final_inventory": 0.01004198097589963,
  "fill_count": 280,
  "max_drawdown": 7.254899629237116,
  "pnl_attribution": {
    "inventory_moves": -0.612511336815868,
    "fees": -7.376174282892836,
    "spread_capture": 0.968057709024453,
    "adverse_selection": -0.23892146944840992,
    "funding_rates": 0.0
  },
  "additional_metrics": {
    "orders_placed": 610,
    "orders_placed_buy": 306,
    "orders_placed_sell": 304,
    "maker_qty_placed": 6.938117260106438,
    "maker_qty_filled": 1.2856143142223744,
    "maker_fill_qty_rate": 0.18529728830248277,
    "avg_fill_latency_sec": 0.18511800588287922,
    "std_fill_latency_sec": 0.10997771143230416,
    "avg_queue_position": 1.254206581351712,
    "std_queue_position": 1.5193140667898237,
    "avg_order_lifetime_sec": 0.19447204192973072,
    "std_order_lifetime_sec": 0.10436658938830161,
    "avg_competition_size": 0.7315522156442761,
    "std_competition_size": 0.14702347913290492,
    "forced_liquidations": 1,
    "avg_forced_liq_cost": 0.047884459637790054,
    "std_forced_liq_cost": 0.0
  },
  "strategy": "skew_mid_spread",
  "strategy_kwargs": {
    "gamma": 0.1,
    "gamma_cap_factor": 5.0,
    "gamma_imb": 0.5,
    "gamma_inv_scale": 4.0,
    "gamma_vol_scale": 2.0,
    "gradient_penalty_ticks": 1.0,
    "gradient_threshold": 1.5,
    "k_vol": 1.3,
    "size_base": 0.02,
    "size_exp": 3.0,
    "size_min_factor": 0.1
  },
  "snapshots_processed": 1000,
  "sharpe_ratio": -1.1884496208719095,
  "capital_base": 10000.0,
  "sharpe_horizon_seconds": 60.0
}