{
  "final_pnl": -0.05237633938304498,
  "final_inventory": 0.0017244545186103633,
  "fill_count": 4152,
  "max_drawdown": 3.098019824245057,
  "pnl_attribution": {
    "inventory_moves": 0.5211635450593483,
    "fees": -1.4198492006314196,
    "spread_capture": 1.0865048112402051,
    "adverse_selection": -0.17063724912159353,
    "funding_rates": 0.0
  },
  "additional_metrics": {
    "orders_placed": 2963,
    "orders_placed_buy": 1537,
    "orders_placed_sell": 1426,
    "maker_qty_placed": 64.86872750418267,
    "maker_qty_filled": 1.1184200221343337,
    "maker_fill_qty_rate": 0.017241281973077383,
    "avg_fill_latency_sec": 0.0036098214952630576,
    "std_fill_latency_sec": 0.029849060709431174,
    "avg_queue_position": 0.014359209435621401,
    "std_queue_position": 0.19877524408357633,
    "avg_order_lifetime_sec": 0.0036098214952630576,
    "std_order_lifetime_sec": 0.029849060709431174,
    "avg_competition_size": 0.3541166095568855,
    "std_competition_size": 0.06558111390669866,
    "forced_liquidations": 0,
    "avg_forced_liq_cost": 0.0,
    "std_forced_liq_cost": 0.0,
    "taker_qty_hedge": 0.34383473877621235,
    "taker_qty_cross": 0.0,
    "taker_trades_hedge": 4034,
    "taker_trades_cross": 0,
    "taker_qty_total": 0.34383473877621235,
    "notional_traded_btc": 1.4622547609105412,
    "notional_traded_usdt": 25153.08779771199
  },
  "strategy": "skew_mid_spread",
  "strategy_kwargs": {
    "extra_spread_ticks": 30.0,
    "gamma": 0.12,
    "gamma_cap_factor": 5.0,
    "gamma_imb": 0.5,
    "gamma_inv_scale": 1.0,
    "gamma_vol_scale": 2.0,
    "gradient_penalty_ticks": 1.0,
    "gradient_threshold": 1.5,
    "k_vol": 2.0,
    "size_base": 0.04,
    "size_exp": 2.0,
    "size_min_factor": 0.3
  },
  "snapshots_processed": 10000,
  "sharpe_ratio": -0.004220282250324272,
  "capital_base": 10000.0,
  "sharpe_horizon_seconds": 60.0
}