{
  "final_pnl": -3.0429111747689603,
  "final_inventory": 0.007659275760434273,
  "fill_count": 260,
  "max_drawdown": 3.0429111747689603,
  "pnl_attribution": {
    "inventory_moves": -0.14353785583361037,
    "fees": -3.298851435427361,
    "spread_capture": 0.4875327548890043,
    "adverse_selection": -0.09110455285338531,
    "funding_rates": 0.0
  },
  "additional_metrics": {
    "orders_placed": 531,
    "orders_placed_buy": 258,
    "orders_placed_sell": 273,
    "maker_qty_placed": 3.054365020023679,
    "maker_qty_filled": 0.6014251765215902,
    "maker_fill_qty_rate": 0.19690677852149044,
    "avg_fill_latency_sec": 0.19129053644231847,
    "std_fill_latency_sec": 0.11038919115154494,
    "avg_queue_position": 1.1063502592372163,
    "std_queue_position": 1.35295480886101,
    "avg_order_lifetime_sec": 0.2048581017030252,
    "std_order_lifetime_sec": 0.10520436694902849,
    "avg_competition_size": 0.6661707332957751,
    "std_competition_size": 0.13165885586486653,
    "forced_liquidations": 0,
    "avg_forced_liq_cost": 0.0,
    "std_forced_liq_cost": 0.0
  },
  "strategy": "skew_mid_spread",
  "strategy_kwargs": {
    "gamma": 0.1,
    "gamma_cap_factor": 5.0,
    "gamma_imb": 0.5,
    "gamma_inv_scale": 4.0,
    "gamma_vol_scale": 2.0,
    "gradient_penalty_ticks": 1.0,
    "gradient_threshold": 1.5,
    "k_vol": 1.3,
    "size_base": 0.01,
    "size_exp": 2.0,
    "size_min_factor": 0.3
  },
  "snapshots_processed": 1000,
  "sharpe_ratio": -1.0865813925745629,
  "capital_base": 10000.0,
  "sharpe_horizon_seconds": 60.0
}