{
  "final_pnl": -1.6270869307263638,
  "final_inventory": 0.004255724275564391,
  "fill_count": 269,
  "max_drawdown": 1.6270869307263638,
  "pnl_attribution": {
    "inventory_moves": -0.1066648958526198,
    "fees": -1.7524372338585241,
    "spread_capture": 0.27605489554773976,
    "adverse_selection": -0.04724452211429692,
    "funding_rates": 0.0
  },
  "additional_metrics": {
    "orders_placed": 533,
    "orders_placed_buy": 261,
    "orders_placed_sell": 272,
    "maker_qty_placed": 1.5303008599937729,
    "maker_qty_filled": 0.3197471452467449,
    "maker_fill_qty_rate": 0.20894397540105025,
    "avg_fill_latency_sec": 0.18865583778975845,
    "std_fill_latency_sec": 0.11170312825044165,
    "avg_queue_position": 1.1532736835446846,
    "std_queue_position": 1.4330030335176571,
    "avg_order_lifetime_sec": 0.21144154938784512,
    "std_order_lifetime_sec": 0.12152007382034667,
    "avg_competition_size": 0.6340157218003886,
    "std_competition_size": 0.12424166074564873,
    "forced_liquidations": 0,
    "avg_forced_liq_cost": 0.0,
    "std_forced_liq_cost": 0.0
  },
  "strategy": "skew_mid_spread",
  "strategy_kwargs": {
    "gamma": 0.1,
    "gamma_cap_factor": 5.0,
    "gamma_imb": 0.5,
    "gamma_inv_scale": 4.0,
    "gamma_vol_scale": 2.0,
    "gradient_penalty_ticks": 1.0,
    "gradient_threshold": 1.5,
    "k_vol": 1.3,
    "size_base": 0.005,
    "size_exp": 1.0,
    "size_min_factor": 0.1
  },
  "snapshots_processed": 1000,
  "sharpe_ratio": -1.1245168480563827,
  "capital_base": 10000.0,
  "sharpe_horizon_seconds": 60.0
}