{
  "final_pnl": -3.184581941950455,
  "final_inventory": 0.004839907866030647,
  "fill_count": 276,
  "max_drawdown": 3.184581941950455,
  "pnl_attribution": {
    "inventory_moves": -0.250194534502936,
    "fees": -3.365115890169465,
    "spread_capture": 0.5237230514026776,
    "adverse_selection": -0.09460573889156836,
    "funding_rates": 0.0
  },
  "additional_metrics": {
    "orders_placed": 535,
    "orders_placed_buy": 261,
    "orders_placed_sell": 274,
    "maker_qty_placed": 3.0744563508232936,
    "maker_qty_filled": 0.6499282723484787,
    "maker_fill_qty_rate": 0.2113961618529525,
    "avg_fill_latency_sec": 0.19874838090712024,
    "std_fill_latency_sec": 0.1090850244850265,
    "avg_queue_position": 1.224886891844048,
    "std_queue_position": 1.444874195841504,
    "avg_order_lifetime_sec": 0.21170321741411763,
    "std_order_lifetime_sec": 0.10318390045161283,
    "avg_competition_size": 0.6691211571396194,
    "std_competition_size": 0.12985878229662465,
    "forced_liquidations": 0,
    "avg_forced_liq_cost": 0.0,
    "std_forced_liq_cost": 0.0
  },
  "strategy": "skew_mid_spread",
  "strategy_kwargs": {
    "gamma": 0.1,
    "gamma_cap_factor": 5.0,
    "gamma_imb": 0.5,
    "gamma_inv_scale": 4.0,
    "gamma_vol_scale": 2.0,
    "gradient_penalty_ticks": 1.0,
    "gradient_threshold": 1.5,
    "k_vol": 1.3,
    "size_base": 0.01,
    "size_exp": 1.0,
    "size_min_factor": 0.1
  },
  "snapshots_processed": 1000,
  "sharpe_ratio": -1.2278740249416447,
  "capital_base": 10000.0,
  "sharpe_horizon_seconds": 60.0
}