{
  "final_pnl": -1.6688427310746192,
  "final_inventory": 0.042294553928688895,
  "fill_count": 114,
  "max_drawdown": 4.1288803191037005,
  "pnl_attribution": {
    "inventory_moves": 0.5663460444864499,
    "fees": -3.0687085446389406,
    "spread_capture": 0.9770017010454034,
    "adverse_selection": -0.12019916752582203,
    "funding_rates": 0.0
  },
  "additional_metrics": {
    "orders_placed": 2068,
    "orders_placed_buy": 1072,
    "orders_placed_sell": 996,
    "maker_qty_placed": 45.17426155012561,
    "maker_qty_filled": 0.8562851222684702,
    "maker_fill_qty_rate": 0.018955154835643116,
    "avg_fill_latency_sec": 0.17574628431405595,
    "std_fill_latency_sec": 0.11464564776280335,
    "avg_queue_position": 0.5686389818565919,
    "std_queue_position": 0.9214805012853977,
    "avg_order_lifetime_sec": 0.17574628431405595,
    "std_order_lifetime_sec": 0.11464564776280335,
    "avg_competition_size": 0.35242488074602735,
    "std_competition_size": 0.06915575352539177,
    "forced_liquidations": 0,
    "avg_forced_liq_cost": 0.0,
    "std_forced_liq_cost": 0.0,
    "taker_qty_hedge": 0.3091099773826583,
    "taker_qty_cross": 0.0,
    "taker_trades_hedge": 20,
    "taker_trades_cross": 0,
    "taker_qty_total": 0.3091099773826583,
    "notional_traded_btc": 1.165395099651128,
    "notional_traded_usdt": 20048.927698809504
  },
  "strategy": "skew_mid_spread",
  "strategy_kwargs": {
    "extra_spread_ticks": 30.0,
    "gamma": 0.2,
    "gamma_cap_factor": 5.0,
    "gamma_imb": 0.5,
    "gamma_inv_scale": 1.0,
    "gamma_vol_scale": 2.0,
    "gradient_penalty_ticks": 1.0,
    "gradient_threshold": 1.5,
    "k_vol": 4.0,
    "size_base": 0.04,
    "size_exp": 2.0,
    "size_min_factor": 0.3
  },
  "snapshots_processed": 10000,
  "sharpe_ratio": -0.13884259951023806,
  "capital_base": 10000.0,
  "sharpe_horizon_seconds": 60.0
}