{
  "final_pnl": -3.5412637042754795,
  "final_inventory": 0.008975494154357735,
  "fill_count": 274,
  "max_drawdown": 3.5412637042754795,
  "pnl_attribution": {
    "inventory_moves": -0.25512744969666984,
    "fees": -3.692498380398339,
    "spread_capture": 0.5153773785236858,
    "adverse_selection": -0.09785399499200821,
    "funding_rates": 0.0
  },
  "additional_metrics": {
    "orders_placed": 539,
    "orders_placed_buy": 264,
    "orders_placed_sell": 275,
    "maker_qty_placed": 3.0998058844520373,
    "maker_qty_filled": 0.6500945258702121,
    "maker_fill_qty_rate": 0.20972104386631016,
    "avg_fill_latency_sec": 0.18706328506711162,
    "std_fill_latency_sec": 0.11599130411098195,
    "avg_queue_position": 1.1418894585845147,
    "std_queue_position": 1.428845238832753,
    "avg_order_lifetime_sec": 0.20293670062777364,
    "std_order_lifetime_sec": 0.1200643071182375,
    "avg_competition_size": 0.6811642416729381,
    "std_competition_size": 0.12748687293510078,
    "forced_liquidations": 0,
    "avg_forced_liq_cost": 0.0,
    "std_forced_liq_cost": 0.0
  },
  "strategy": "skew_mid_spread",
  "strategy_kwargs": {
    "gamma": 0.1,
    "gamma_cap_factor": 5.0,
    "gamma_imb": 0.5,
    "gamma_inv_scale": 4.0,
    "gamma_vol_scale": 2.0,
    "gradient_penalty_ticks": 1.0,
    "gradient_threshold": 1.5,
    "k_vol": 1.3,
    "size_base": 0.01,
    "size_exp": 2.0,
    "size_min_factor": 0.1
  },
  "snapshots_processed": 1000,
  "sharpe_ratio": -1.1786480233859562,
  "capital_base": 10000.0,
  "sharpe_horizon_seconds": 60.0
}