{
  "final_pnl": 8.087396488018058,
  "final_inventory": -0.001,
  "fill_count": 2403,
  "max_drawdown": 0.005199999999998539,
  "pnl_attribution": {
    "spread_capture": 0.0,
    "inventory_moves": 0.0,
    "fees": 0.0,
    "rebates": 8.265848088019972,
    "adverse_selection": -0.27330150000168496
  },
  "strategy": "skew_mid_spread",
  "strategy_kwargs": {
    "gamma": 0.1,
    "size": 0.001
  },
  "snapshots_processed": 5000,
  "sharpe_ratio": 3979.858189960957,
  "sharpe_horizon_seconds": 60.0
}