{
  "final_pnl": -7.980677442943488,
  "final_inventory": 0.011130485360212274,
  "fill_count": 286,
  "max_drawdown": 7.980677442943488,
  "pnl_attribution": {
    "inventory_moves": -0.2425394481292025,
    "fees": -7.33192831560682,
    "spread_capture": 0.8547728242107919,
    "adverse_selection": -1.2265741503886545,
    "funding_rates": 0.0
  },
  "additional_metrics": {
    "orders_placed": 532,
    "orders_placed_buy": 261,
    "orders_placed_sell": 271,
    "maker_qty_placed": 6.108405266983826,
    "maker_qty_filled": 1.3132535657522375,
    "maker_fill_qty_rate": 0.21499123066546116,
    "avg_fill_latency_sec": 0.1867272680455988,
    "std_fill_latency_sec": 0.11589045607301444,
    "avg_queue_position": 1.155153954807136,
    "std_queue_position": 1.4098122719434074,
    "avg_order_lifetime_sec": 0.1988969629461115,
    "std_order_lifetime_sec": 0.11205369570877369,
    "avg_competition_size": 0.7377748847049399,
    "std_competition_size": 0.1431948381214051,
    "forced_liquidations": 12,
    "avg_forced_liq_cost": 0.08626006842930571,
    "std_forced_liq_cost": 0.062325342660984114
  },
  "strategy": "skew_mid_spread",
  "strategy_kwargs": {
    "gamma": 0.1,
    "gamma_cap_factor": 5.0,
    "gamma_imb": 0.5,
    "gamma_inv_scale": 4.0,
    "gamma_vol_scale": 2.0,
    "gradient_penalty_ticks": 1.0,
    "gradient_threshold": 1.5,
    "k_vol": 1.3,
    "size_base": 0.02,
    "size_exp": 3.0,
    "size_min_factor": 0.3
  },
  "snapshots_processed": 1000,
  "sharpe_ratio": -1.2321117220829199,
  "capital_base": 10000.0,
  "sharpe_horizon_seconds": 60.0
}