{
  "final_pnl": -3.41147433214428,
  "final_inventory": 0.010473216083613169,
  "fill_count": 270,
  "max_drawdown": 3.41147433214428,
  "pnl_attribution": {
    "inventory_moves": -0.252258312341911,
    "fees": -3.5642293759035764,
    "spread_capture": 0.5017783539936204,
    "adverse_selection": -0.09240174729109772,
    "funding_rates": 0.0
  },
  "additional_metrics": {
    "orders_placed": 610,
    "orders_placed_buy": 304,
    "orders_placed_sell": 306,
    "maker_qty_placed": 3.471241817621684,
    "maker_qty_filled": 0.6226201760772168,
    "maker_fill_qty_rate": 0.1793652556605244,
    "avg_fill_latency_sec": 0.1858709627582181,
    "std_fill_latency_sec": 0.10962320565265916,
    "avg_queue_position": 1.1528806723605507,
    "std_queue_position": 1.451833853050652,
    "avg_order_lifetime_sec": 0.19720644643229823,
    "std_order_lifetime_sec": 0.1025680987364592,
    "avg_competition_size": 0.6675329624841064,
    "std_competition_size": 0.12973202120385277,
    "forced_liquidations": 0,
    "avg_forced_liq_cost": 0.0,
    "std_forced_liq_cost": 0.0
  },
  "strategy": "skew_mid_spread",
  "strategy_kwargs": {
    "gamma": 0.2,
    "gamma_cap_factor": 5.0,
    "gamma_imb": 0.5,
    "gamma_inv_scale": 4.0,
    "gamma_vol_scale": 2.0,
    "gradient_penalty_ticks": 1.0,
    "gradient_threshold": 1.5,
    "k_vol": 1.3,
    "size_base": 0.01,
    "size_exp": 1.0,
    "size_min_factor": 0.2
  },
  "snapshots_processed": 1000,
  "sharpe_ratio": -1.1627427863733193,
  "capital_base": 10000.0,
  "sharpe_horizon_seconds": 60.0
}