{
  "final_pnl": -7.758563189681809,
  "final_inventory": 0.0237656387457982,
  "fill_count": 288,
  "max_drawdown": 7.758563189681809,
  "pnl_attribution": {
    "inventory_moves": -0.2797030181879068,
    "fees": -7.361727815761063,
    "spread_capture": 1.006149421190775,
    "adverse_selection": -1.1088002429001322,
    "funding_rates": 0.0
  },
  "additional_metrics": {
    "orders_placed": 534,
    "orders_placed_buy": 262,
    "orders_placed_sell": 272,
    "maker_qty_placed": 6.13733642763218,
    "maker_qty_filled": 1.3335573823688973,
    "maker_fill_qty_rate": 0.21728601618852292,
    "avg_fill_latency_sec": 0.18713855025279952,
    "std_fill_latency_sec": 0.11566121436122097,
    "avg_queue_position": 1.1474843402396637,
    "std_queue_position": 1.4053990942999892,
    "avg_order_lifetime_sec": 0.19923493373824888,
    "std_order_lifetime_sec": 0.11179961827087985,
    "avg_competition_size": 0.7356576818651772,
    "std_competition_size": 0.14745093450914415,
    "forced_liquidations": 11,
    "avg_forced_liq_cost": 0.08277462927851215,
    "std_forced_liq_cost": 0.062057941758644326
  },
  "strategy": "skew_mid_spread",
  "strategy_kwargs": {
    "gamma": 0.1,
    "gamma_cap_factor": 5.0,
    "gamma_imb": 0.5,
    "gamma_inv_scale": 4.0,
    "gamma_vol_scale": 2.0,
    "gradient_penalty_ticks": 1.0,
    "gradient_threshold": 1.5,
    "k_vol": 1.3,
    "size_base": 0.02,
    "size_exp": 2.0,
    "size_min_factor": 0.2
  },
  "snapshots_processed": 1000,
  "sharpe_ratio": -1.1333784348370652,
  "capital_base": 10000.0,
  "sharpe_horizon_seconds": 60.0
}