{
  "final_pnl": -8.689645504546206,
  "final_inventory": 0.002504699149451506,
  "fill_count": 1474,
  "max_drawdown": 8.689645504546206,
  "pnl_attribution": {
    "inventory_moves": 0.059189777940564105,
    "fees": -8.992433922996199,
    "spread_capture": 1.1975831525564578,
    "adverse_selection": -0.9550125284403437,
    "funding_rates": 0.0
  },
  "additional_metrics": {
    "orders_placed": 2841,
    "orders_placed_buy": 1413,
    "orders_placed_sell": 1428,
    "maker_qty_placed": 8.078476769064428,
    "maker_qty_filled": 1.7086170109262304,
    "maker_fill_qty_rate": 0.2115023735005561,
    "avg_fill_latency_sec": 0.19579664628471485,
    "std_fill_latency_sec": 0.11403459307800265,
    "avg_queue_position": 1.169063673974941,
    "std_queue_position": 1.873010636886989,
    "avg_order_lifetime_sec": 0.20359210021187815,
    "std_order_lifetime_sec": 0.11289193895486438,
    "avg_competition_size": 0.635440504243202,
    "std_competition_size": 0.12229809993435527,
    "forced_liquidations": 33,
    "avg_forced_liq_cost": 0.021177045225602882,
    "std_forced_liq_cost": 0.01030525902677673
  },
  "strategy": "skew_mid_spread",
  "strategy_kwargs": {
    "gamma": 0.05,
    "gamma_cap_factor": 5.0,
    "gamma_imb": 0.5,
    "gamma_inv_scale": 1.0,
    "gamma_vol_scale": 0.0,
    "gradient_penalty_ticks": 1.0,
    "gradient_threshold": 1.5,
    "k_vol": 1.3,
    "size_base": 0.005,
    "size_exp": 2.0,
    "size_min_factor": 0.3
  },
  "snapshots_processed": 5000,
  "sharpe_ratio": -1.526822340684737,
  "capital_base": 10000.0,
  "sharpe_horizon_seconds": 60.0
}