{
  "final_pnl": -3.3748477620065387,
  "final_inventory": 0.005232104830636774,
  "fill_count": 269,
  "max_drawdown": 3.3748477620065387,
  "pnl_attribution": {
    "inventory_moves": -0.2602633913163856,
    "fees": -3.6200615206213507,
    "spread_capture": 0.598149588605901,
    "adverse_selection": -0.09686788336954413,
    "funding_rates": 0.0
  },
  "additional_metrics": {
    "orders_placed": 534,
    "orders_placed_buy": 261,
    "orders_placed_sell": 273,
    "maker_qty_placed": 3.06665557918648,
    "maker_qty_filled": 0.641271779261607,
    "maker_fill_qty_rate": 0.2091111188403241,
    "avg_fill_latency_sec": 0.18583870395537347,
    "std_fill_latency_sec": 0.1132507038909632,
    "avg_queue_position": 1.131347577160623,
    "std_queue_position": 1.3947617212678274,
    "avg_order_lifetime_sec": 0.2052516060490762,
    "std_order_lifetime_sec": 0.11547174108713111,
    "avg_competition_size": 0.669443890952099,
    "std_competition_size": 0.12730493127667705,
    "forced_liquidations": 0,
    "avg_forced_liq_cost": 0.0,
    "std_forced_liq_cost": 0.0
  },
  "strategy": "skew_mid_spread",
  "strategy_kwargs": {
    "gamma": 0.1,
    "gamma_cap_factor": 5.0,
    "gamma_imb": 0.5,
    "gamma_inv_scale": 4.0,
    "gamma_vol_scale": 2.0,
    "gradient_penalty_ticks": 1.0,
    "gradient_threshold": 1.5,
    "k_vol": 1.3,
    "size_base": 0.01,
    "size_exp": 3.0,
    "size_min_factor": 0.3
  },
  "snapshots_processed": 1000,
  "sharpe_ratio": -1.1784991675092982,
  "capital_base": 10000.0,
  "sharpe_horizon_seconds": 60.0
}