{
  "final_pnl": -7.532472676306497,
  "final_inventory": 0.01889531764473562,
  "fill_count": 280,
  "max_drawdown": 7.532472676306497,
  "pnl_attribution": {
    "inventory_moves": -0.6298205098922649,
    "fees": -7.592192207890304,
    "spread_capture": 0.8931340906677335,
    "adverse_selection": -0.19489881876767043,
    "funding_rates": 0.0
  },
  "additional_metrics": {
    "orders_placed": 613,
    "orders_placed_buy": 306,
    "orders_placed_sell": 307,
    "maker_qty_placed": 6.966301729205039,
    "maker_qty_filled": 1.3056811451031833,
    "maker_fill_qty_rate": 0.18742816430550754,
    "avg_fill_latency_sec": 0.1824567833064515,
    "std_fill_latency_sec": 0.11141774483372285,
    "avg_queue_position": 1.1285085686716336,
    "std_queue_position": 1.4084914702832925,
    "avg_order_lifetime_sec": 0.19330863452252048,
    "std_order_lifetime_sec": 0.10517435340236247,
    "avg_competition_size": 0.7285651767522157,
    "std_competition_size": 0.14144334223232047,
    "forced_liquidations": 0,
    "avg_forced_liq_cost": 0.0,
    "std_forced_liq_cost": 0.0
  },
  "strategy": "skew_mid_spread",
  "strategy_kwargs": {
    "gamma": 0.1,
    "gamma_cap_factor": 5.0,
    "gamma_imb": 0.5,
    "gamma_inv_scale": 4.0,
    "gamma_vol_scale": 2.0,
    "gradient_penalty_ticks": 1.0,
    "gradient_threshold": 1.5,
    "k_vol": 1.3,
    "size_base": 0.02,
    "size_exp": 1.0,
    "size_min_factor": 0.1
  },
  "snapshots_processed": 1000,
  "sharpe_ratio": -1.1814145476166278,
  "capital_base": 10000.0,
  "sharpe_horizon_seconds": 60.0
}