{
  "final_pnl": -0.4990192412278702,
  "final_inventory": 0.005120423548692889,
  "fill_count": 86,
  "max_drawdown": 3.0338803404792998,
  "pnl_attribution": {
    "inventory_moves": 0.07139314533187988,
    "fees": -1.1403416524603354,
    "spread_capture": 0.7101961891017062,
    "adverse_selection": -0.08908483281812084,
    "funding_rates": 0.0
  },
  "additional_metrics": {
    "orders_placed": 1587,
    "orders_placed_buy": 822,
    "orders_placed_sell": 765,
    "maker_qty_placed": 34.80695116472987,
    "maker_qty_filled": 0.6200333350459386,
    "maker_fill_qty_rate": 0.017813491681920788,
    "avg_fill_latency_sec": 0.1719803903617111,
    "std_fill_latency_sec": 0.11628134965814091,
    "avg_queue_position": 0.6239221766180835,
    "std_queue_position": 1.3429251870384866,
    "avg_order_lifetime_sec": 0.1719803903617111,
    "std_order_lifetime_sec": 0.11628134965814091,
    "avg_competition_size": 0.35432915694423833,
    "std_competition_size": 0.07183713733137945,
    "forced_liquidations": 0,
    "avg_forced_liq_cost": 0.0,
    "std_forced_liq_cost": 0.0,
    "taker_qty_hedge": 0.2761619903053878,
    "taker_qty_cross": 0.0,
    "taker_trades_hedge": 16,
    "taker_trades_cross": 0,
    "taker_qty_total": 0.2761619903053878,
    "notional_traded_btc": 0.8961953253513264,
    "notional_traded_usdt": 15416.602334177993
  },
  "strategy": "skew_mid_spread",
  "strategy_kwargs": {
    "extra_spread_ticks": 10.0,
    "gamma": 0.08,
    "gamma_cap_factor": 5.0,
    "gamma_imb": 0.5,
    "gamma_inv_scale": 1.0,
    "gamma_vol_scale": 2.0,
    "gradient_penalty_ticks": 1.0,
    "gradient_threshold": 1.5,
    "k_vol": 6.0,
    "size_base": 0.04,
    "size_exp": 2.0,
    "size_min_factor": 0.3
  },
  "snapshots_processed": 10000,
  "sharpe_ratio": -0.04009210555185867,
  "capital_base": 10000.0,
  "sharpe_horizon_seconds": 60.0
}