{
  "final_pnl": -3.7476302279883384,
  "final_inventory": 0.0008470339803981347,
  "fill_count": 2415,
  "max_drawdown": 4.282276732912578,
  "pnl_attribution": {
    "inventory_moves": -3.8595332858032187,
    "fees": -0.961742342898307,
    "spread_capture": 1.2533891026901935,
    "adverse_selection": -0.16592293600260835,
    "funding_rates": 0.0
  },
  "additional_metrics": {
    "orders_placed": 2056,
    "orders_placed_buy": 1064,
    "orders_placed_sell": 992,
    "maker_qty_placed": 44.890749195323565,
    "maker_qty_filled": 1.0910597774493114,
    "maker_fill_qty_rate": 0.024304779871282947,
    "avg_fill_latency_sec": 0.0056308211157828645,
    "std_fill_latency_sec": 0.03716711590859919,
    "avg_queue_position": 0.017678744319485885,
    "std_queue_position": 0.17847539379666452,
    "avg_order_lifetime_sec": 0.0056308211157828645,
    "std_order_lifetime_sec": 0.03716711590859919,
    "avg_competition_size": 0.355681127451769,
    "std_competition_size": 0.06772029275884066,
    "forced_liquidations": 0,
    "avg_forced_liq_cost": 0.0,
    "std_forced_liq_cost": 0.0,
    "taker_qty_hedge": 0.23290626052282043,
    "taker_qty_cross": 0.0,
    "taker_trades_hedge": 2309,
    "taker_trades_cross": 0,
    "taker_qty_total": 0.23290626052282043,
    "notional_traded_btc": 1.3239660379721307,
    "notional_traded_usdt": 22773.846564642634
  },
  "strategy": "skew_mid_spread",
  "strategy_kwargs": {
    "extra_spread_ticks": 10.0,
    "gamma": 0.16,
    "gamma_cap_factor": 5.0,
    "gamma_imb": 0.5,
    "gamma_inv_scale": 1.0,
    "gamma_vol_scale": 2.0,
    "gradient_penalty_ticks": 1.0,
    "gradient_threshold": 1.5,
    "k_vol": 4.0,
    "size_base": 0.04,
    "size_exp": 2.0,
    "size_min_factor": 0.3
  },
  "snapshots_processed": 10000,
  "sharpe_ratio": -0.39078160278388097,
  "capital_base": 10000.0,
  "sharpe_horizon_seconds": 60.0
}