{
  "final_pnl": -2.219747885235847,
  "final_inventory": 0.061870699876611784,
  "fill_count": 96,
  "max_drawdown": 4.476881913768011,
  "pnl_attribution": {
    "inventory_moves": -0.21713069328612977,
    "fees": -2.4827129310921614,
    "spread_capture": 0.6068996070878341,
    "adverse_selection": -0.11015083068054243,
    "funding_rates": 0.0
  },
  "additional_metrics": {
    "orders_placed": 2065,
    "orders_placed_buy": 1071,
    "orders_placed_sell": 994,
    "maker_qty_placed": 45.12207336776245,
    "maker_qty_filled": 0.7175425365423077,
    "maker_fill_qty_rate": 0.01590225100460382,
    "avg_fill_latency_sec": 0.1871454585682262,
    "std_fill_latency_sec": 0.10937316156534743,
    "avg_queue_position": 0.6978650937792441,
    "std_queue_position": 1.1163376786196824,
    "avg_order_lifetime_sec": 0.1871454585682262,
    "std_order_lifetime_sec": 0.10937316156534743,
    "avg_competition_size": 0.3534295909251804,
    "std_competition_size": 0.06755359922798398,
    "forced_liquidations": 0,
    "avg_forced_liq_cost": 0.0,
    "std_forced_liq_cost": 0.0,
    "taker_qty_hedge": 0.24189578486611366,
    "taker_qty_cross": 0.0,
    "taker_trades_hedge": 14,
    "taker_trades_cross": 0,
    "taker_qty_total": 0.24189578486611366,
    "notional_traded_btc": 0.9594383214084214,
    "notional_traded_usdt": 16503.879731674537
  },
  "strategy": "skew_mid_spread",
  "strategy_kwargs": {
    "extra_spread_ticks": 34.0,
    "gamma": 0.16,
    "gamma_cap_factor": 5.0,
    "gamma_imb": 0.5,
    "gamma_inv_scale": 1.0,
    "gamma_vol_scale": 2.0,
    "gradient_penalty_ticks": 1.0,
    "gradient_threshold": 1.5,
    "k_vol": 6.0,
    "size_base": 0.04,
    "size_exp": 2.0,
    "size_min_factor": 0.3
  },
  "snapshots_processed": 10000,
  "sharpe_ratio": -0.17728231717900916,
  "capital_base": 10000.0,
  "sharpe_horizon_seconds": 60.0
}