{
  "final_pnl": -3.5181175302041083,
  "final_inventory": 0.04329572927978412,
  "fill_count": 160,
  "max_drawdown": 5.3597950290750305,
  "pnl_attribution": {
    "inventory_moves": 0.10645294495273602,
    "fees": -4.863674128417281,
    "spread_capture": 1.517008263132771,
    "adverse_selection": -0.19186139528491686,
    "funding_rates": 0.0
  },
  "additional_metrics": {
    "orders_placed": 2962,
    "orders_placed_buy": 1537,
    "orders_placed_sell": 1425,
    "maker_qty_placed": 64.84572485761228,
    "maker_qty_filled": 1.252461238096706,
    "maker_fill_qty_rate": 0.019314476642012256,
    "avg_fill_latency_sec": 0.17134736211676346,
    "std_fill_latency_sec": 0.11641004845260022,
    "avg_queue_position": 0.7705544979832689,
    "std_queue_position": 1.2384877398802678,
    "avg_order_lifetime_sec": 0.17134736211676346,
    "std_order_lifetime_sec": 0.11641004845260022,
    "avg_competition_size": 0.3528772089459623,
    "std_competition_size": 0.06654688456428,
    "forced_liquidations": 0,
    "avg_forced_liq_cost": 0.0,
    "std_forced_liq_cost": 0.0,
    "taker_qty_hedge": 0.5248922049285182,
    "taker_qty_cross": 0.0,
    "taker_trades_hedge": 30,
    "taker_trades_cross": 0,
    "taker_qty_total": 0.5248922049285182,
    "notional_traded_btc": 1.777353443025223,
    "notional_traded_usdt": 30574.851467189816
  },
  "strategy": "skew_mid_spread",
  "strategy_kwargs": {
    "extra_spread_ticks": 34.0,
    "gamma": 0.12,
    "gamma_cap_factor": 5.0,
    "gamma_imb": 0.5,
    "gamma_inv_scale": 1.0,
    "gamma_vol_scale": 2.0,
    "gradient_penalty_ticks": 1.0,
    "gradient_threshold": 1.5,
    "k_vol": 8.0,
    "size_base": 0.04,
    "size_exp": 2.0,
    "size_min_factor": 0.3
  },
  "snapshots_processed": 10000,
  "sharpe_ratio": -0.2817089464775895,
  "capital_base": 10000.0,
  "sharpe_horizon_seconds": 60.0
}