{
  "final_pnl": -1.631037138733518,
  "final_inventory": 0.07944606109968708,
  "fill_count": 64,
  "max_drawdown": 2.877372728624323,
  "pnl_attribution": {
    "inventory_moves": -1.980832645666372,
    "fees": -0.0948551123366321,
    "spread_capture": 0.5310326523796058,
    "adverse_selection": -0.0952498273618945,
    "funding_rates": 0.0
  },
  "additional_metrics": {
    "orders_placed": 1586,
    "orders_placed_buy": 821,
    "orders_placed_sell": 765,
    "maker_qty_placed": 34.79720025875597,
    "maker_qty_filled": 0.6020238947700596,
    "maker_fill_qty_rate": 0.01730092910617351,
    "avg_fill_latency_sec": 0.23560604904637192,
    "std_fill_latency_sec": 0.05984876581552298,
    "avg_queue_position": 1.1354244372819065,
    "std_queue_position": 1.4875419161100942,
    "avg_order_lifetime_sec": 0.23560604904637192,
    "std_order_lifetime_sec": 0.05984876581552298,
    "avg_competition_size": 0.3542982889766149,
    "std_competition_size": 0.07094533566236515,
    "forced_liquidations": 0,
    "avg_forced_liq_cost": 0.0,
    "std_forced_liq_cost": 0.0,
    "taker_qty_hedge": 0.02298860455883389,
    "taker_qty_cross": 0.0,
    "taker_trades_hedge": 2,
    "taker_trades_cross": 0,
    "taker_qty_total": 0.02298860455883389,
    "notional_traded_btc": 0.6250124993288935,
    "notional_traded_usdt": 10750.225712601068
  },
  "strategy": "skew_mid_spread",
  "strategy_kwargs": {
    "extra_spread_ticks": 25.0,
    "gamma": 0.08,
    "gamma_cap_factor": 5.0,
    "gamma_imb": 0.5,
    "gamma_inv_scale": 1.0,
    "gamma_vol_scale": 2.0,
    "gradient_penalty_ticks": 1.0,
    "gradient_threshold": 1.5,
    "k_vol": 2.0,
    "size_base": 0.04,
    "size_exp": 2.0,
    "size_min_factor": 0.3
  },
  "snapshots_processed": 10000,
  "sharpe_ratio": -0.17199000522398084,
  "capital_base": 10000.0,
  "sharpe_horizon_seconds": 60.0
}