{
  "final_pnl": -2.7162694583730627,
  "final_inventory": 0.04430340152269724,
  "fill_count": 144,
  "max_drawdown": 4.822078126444467,
  "pnl_attribution": {
    "inventory_moves": -0.3188669557409714,
    "fees": -3.654552351567108,
    "spread_capture": 1.5032199718628545,
    "adverse_selection": -0.16985912316996662,
    "funding_rates": 0.0
  },
  "additional_metrics": {
    "orders_placed": 2962,
    "orders_placed_buy": 1538,
    "orders_placed_sell": 1424,
    "maker_qty_placed": 64.87954212524781,
    "maker_qty_filled": 1.1437616228373368,
    "maker_fill_qty_rate": 0.017629002692857217,
    "avg_fill_latency_sec": 0.1893414607862147,
    "std_fill_latency_sec": 0.10753991956081344,
    "avg_queue_position": 0.8515567679473031,
    "std_queue_position": 1.454060131237939,
    "avg_order_lifetime_sec": 0.1893414607862147,
    "std_order_lifetime_sec": 0.10753991956081344,
    "avg_competition_size": 0.353943381598469,
    "std_competition_size": 0.06704829018999217,
    "forced_liquidations": 0,
    "avg_forced_liq_cost": 0.0,
    "std_forced_liq_cost": 0.0,
    "taker_qty_hedge": 0.3269395221353778,
    "taker_qty_cross": 0.0,
    "taker_trades_hedge": 20,
    "taker_trades_cross": 0,
    "taker_qty_total": 0.3269395221353778,
    "notional_traded_btc": 1.4707011449727139,
    "notional_traded_usdt": 25295.83336183023
  },
  "strategy": "skew_mid_spread",
  "strategy_kwargs": {
    "extra_spread_ticks": 34.0,
    "gamma": 0.08,
    "gamma_cap_factor": 5.0,
    "gamma_imb": 0.5,
    "gamma_inv_scale": 1.0,
    "gamma_vol_scale": 2.0,
    "gradient_penalty_ticks": 1.0,
    "gradient_threshold": 1.5,
    "k_vol": 6.0,
    "size_base": 0.04,
    "size_exp": 2.0,
    "size_min_factor": 0.3
  },
  "snapshots_processed": 10000,
  "sharpe_ratio": -0.2121839065198606,
  "capital_base": 10000.0,
  "sharpe_horizon_seconds": 60.0
}