{
  "final_pnl": -3.827265493133382,
  "final_inventory": 0.025293980885492548,
  "fill_count": 1736,
  "max_drawdown": 4.692724803489909,
  "pnl_attribution": {
    "inventory_moves": -2.162655827550133,
    "fees": -2.660282889111101,
    "spread_capture": 1.1673937007207713,
    "adverse_selection": -0.13335339337378221,
    "funding_rates": 0.0
  },
  "additional_metrics": {
    "orders_placed": 2065,
    "orders_placed_buy": 1071,
    "orders_placed_sell": 994,
    "maker_qty_placed": 45.148079141444995,
    "maker_qty_filled": 0.8853164318264237,
    "maker_fill_qty_rate": 0.019609171611771222,
    "avg_fill_latency_sec": 0.006817751664381761,
    "std_fill_latency_sec": 0.040758271540960136,
    "avg_queue_position": 0.02556321489374941,
    "std_queue_position": 0.2406261238647836,
    "avg_order_lifetime_sec": 0.006817751664381761,
    "std_order_lifetime_sec": 0.040758271540960136,
    "avg_competition_size": 0.3537865813315333,
    "std_competition_size": 0.06756826193022886,
    "forced_liquidations": 0,
    "avg_forced_liq_cost": 0.0,
    "std_forced_liq_cost": 0.0,
    "taker_qty_hedge": 0.22036060618044193,
    "taker_qty_cross": 0.0,
    "taker_trades_hedge": 1644,
    "taker_trades_cross": 0,
    "taker_qty_total": 0.22036060618044193,
    "notional_traded_btc": 1.1056770380068655,
    "notional_traded_usdt": 19020.649418690355
  },
  "strategy": "skew_mid_spread",
  "strategy_kwargs": {
    "extra_spread_ticks": 26.0,
    "gamma": 0.08,
    "gamma_cap_factor": 5.0,
    "gamma_imb": 0.5,
    "gamma_inv_scale": 1.0,
    "gamma_vol_scale": 2.0,
    "gradient_penalty_ticks": 1.0,
    "gradient_threshold": 1.5,
    "k_vol": 4.0,
    "size_base": 0.04,
    "size_exp": 2.0,
    "size_min_factor": 0.3
  },
  "snapshots_processed": 10000,
  "sharpe_ratio": -0.4027443547874613,
  "capital_base": 10000.0,
  "sharpe_horizon_seconds": 60.0
}