{
  "final_pnl": -4.2389936853960535,
  "final_inventory": 0.05290873362652227,
  "fill_count": 2881,
  "max_drawdown": 5.263005719272769,
  "pnl_attribution": {
    "inventory_moves": -2.1510271076993694,
    "fees": -2.9255322296880135,
    "spread_capture": 1.025630811877065,
    "adverse_selection": -0.14265180145317652,
    "funding_rates": 0.0
  },
  "additional_metrics": {
    "orders_placed": 2062,
    "orders_placed_buy": 1070,
    "orders_placed_sell": 992,
    "maker_qty_placed": 45.05208161282293,
    "maker_qty_filled": 0.9239288110079238,
    "maker_fill_qty_rate": 0.020508016010184774,
    "avg_fill_latency_sec": 0.004425644664030031,
    "std_fill_latency_sec": 0.0330061281154189,
    "avg_queue_position": 0.012680649962931057,
    "std_queue_position": 0.1549233882223102,
    "avg_order_lifetime_sec": 0.004425644664030031,
    "std_order_lifetime_sec": 0.0330061281154189,
    "avg_competition_size": 0.3542045810901377,
    "std_competition_size": 0.06715620906216627,
    "forced_liquidations": 0,
    "avg_forced_liq_cost": 0.0,
    "std_forced_liq_cost": 0.0,
    "taker_qty_hedge": 0.2588459435759106,
    "taker_qty_cross": 0.0,
    "taker_trades_hedge": 2781,
    "taker_trades_cross": 0,
    "taker_qty_total": 0.2588459435759106,
    "notional_traded_btc": 1.1827747545838363,
    "notional_traded_usdt": 20347.29149133443
  },
  "strategy": "skew_mid_spread",
  "strategy_kwargs": {
    "extra_spread_ticks": 38.0,
    "gamma": 0.2,
    "gamma_cap_factor": 5.0,
    "gamma_imb": 0.5,
    "gamma_inv_scale": 1.0,
    "gamma_vol_scale": 2.0,
    "gradient_penalty_ticks": 1.0,
    "gradient_threshold": 1.5,
    "k_vol": 4.0,
    "size_base": 0.04,
    "size_exp": 2.0,
    "size_min_factor": 0.3
  },
  "snapshots_processed": 10000,
  "sharpe_ratio": -0.40720240489569626,
  "capital_base": 10000.0,
  "sharpe_horizon_seconds": 60.0
}