{
  "final_pnl": -1.4327266441450774,
  "final_inventory": 0.017939004503268616,
  "fill_count": 3051,
  "max_drawdown": 4.169731807744029,
  "pnl_attribution": {
    "inventory_moves": 0.37199000611322847,
    "fees": -2.4717968094685028,
    "spread_capture": 0.831735220850408,
    "adverse_selection": -0.09456001782617884,
    "funding_rates": 0.0
  },
  "additional_metrics": {
    "orders_placed": 1588,
    "orders_placed_buy": 821,
    "orders_placed_sell": 767,
    "maker_qty_placed": 34.81884636138476,
    "maker_qty_filled": 0.7162384067888273,
    "maker_fill_qty_rate": 0.02057042325167784,
    "avg_fill_latency_sec": 0.0029071616082988303,
    "std_fill_latency_sec": 0.026829798754509016,
    "avg_queue_position": 0.010190281252289993,
    "std_queue_position": 0.13446835938470575,
    "avg_order_lifetime_sec": 0.0029071616082988303,
    "std_order_lifetime_sec": 0.026829798754509016,
    "avg_competition_size": 0.3544897727157977,
    "std_competition_size": 0.07019799831424432,
    "forced_liquidations": 0,
    "avg_forced_liq_cost": 0.0,
    "std_forced_liq_cost": 0.0,
    "taker_qty_hedge": 0.24016682068884615,
    "taker_qty_cross": 0.0,
    "taker_trades_hedge": 2981,
    "taker_trades_cross": 0,
    "taker_qty_total": 0.24016682068884615,
    "notional_traded_btc": 0.956405227477673,
    "notional_traded_usdt": 16451.998938664787
  },
  "strategy": "skew_mid_spread",
  "strategy_kwargs": {
    "extra_spread_ticks": 38.0,
    "gamma": 0.08,
    "gamma_cap_factor": 5.0,
    "gamma_imb": 0.5,
    "gamma_inv_scale": 1.0,
    "gamma_vol_scale": 2.0,
    "gradient_penalty_ticks": 1.0,
    "gradient_threshold": 1.5,
    "k_vol": 8.0,
    "size_base": 0.04,
    "size_exp": 2.0,
    "size_min_factor": 0.3
  },
  "snapshots_processed": 10000,
  "sharpe_ratio": -0.10802623049030685,
  "capital_base": 10000.0,
  "sharpe_horizon_seconds": 60.0
}