{
  "final_pnl": -22.493224715024553,
  "final_inventory": 0.005225558171929507,
  "fill_count": 324,
  "max_drawdown": 22.493224715024553,
  "pnl_attribution": {
    "inventory_moves": -0.10172073225466652,
    "fees": -18.10289429902873,
    "spread_capture": 2.1311608841089935,
    "adverse_selection": -6.173835164131503,
    "funding_rates": 0.0
  },
  "additional_metrics": {
    "orders_placed": 536,
    "orders_placed_buy": 264,
    "orders_placed_sell": 272,
    "maker_qty_placed": 12.298654208544523,
    "maker_qty_filled": 2.8737437465172277,
    "maker_fill_qty_rate": 0.2336632689876496,
    "avg_fill_latency_sec": 0.168261535351093,
    "std_fill_latency_sec": 0.12297078186976487,
    "avg_queue_position": 1.1209856454896376,
    "std_queue_position": 1.384673827801165,
    "avg_order_lifetime_sec": 0.17855896949768066,
    "std_order_lifetime_sec": 0.12157867289961166,
    "avg_competition_size": 0.8745210551286594,
    "std_competition_size": 0.17715499682715502,
    "forced_liquidations": 35,
    "avg_forced_liq_cost": 0.16400255201725292,
    "std_forced_liq_cost": 0.10047516547168028
  },
  "strategy": "skew_mid_spread",
  "strategy_kwargs": {
    "gamma": 0.1,
    "gamma_cap_factor": 5.0,
    "gamma_imb": 0.5,
    "gamma_inv_scale": 4.0,
    "gamma_vol_scale": 2.0,
    "gradient_penalty_ticks": 1.0,
    "gradient_threshold": 1.5,
    "k_vol": 1.3,
    "size_base": 0.04,
    "size_exp": 1.0,
    "size_min_factor": 0.2
  },
  "snapshots_processed": 1000,
  "sharpe_ratio": -1.284099075697403,
  "capital_base": 10000.0,
  "sharpe_horizon_seconds": 60.0
}