{
  "final_pnl": -1.5824822620452323,
  "final_inventory": 0.000827679504342788,
  "fill_count": 261,
  "max_drawdown": 1.5824822620452323,
  "pnl_attribution": {
    "inventory_moves": -0.09001245177986163,
    "fees": -1.6723485521355341,
    "spread_capture": 0.22832687439338792,
    "adverse_selection": -0.04561311089221615,
    "funding_rates": 0.0
  },
  "additional_metrics": {
    "orders_placed": 531,
    "orders_placed_buy": 260,
    "orders_placed_sell": 271,
    "maker_qty_placed": 1.526376718909066,
    "maker_qty_filled": 0.3177518179789176,
    "maker_fill_qty_rate": 0.20817391541848307,
    "avg_fill_latency_sec": 0.19291891278447332,
    "std_fill_latency_sec": 0.10932362596243105,
    "avg_queue_position": 1.1058797444273525,
    "std_queue_position": 1.3719017421246276,
    "avg_order_lifetime_sec": 0.20476350590989395,
    "std_order_lifetime_sec": 0.10516115667464022,
    "avg_competition_size": 0.6297513365472279,
    "std_competition_size": 0.12429162692235707,
    "forced_liquidations": 0,
    "avg_forced_liq_cost": 0.0,
    "std_forced_liq_cost": 0.0
  },
  "strategy": "skew_mid_spread",
  "strategy_kwargs": {
    "gamma": 0.1,
    "gamma_cap_factor": 5.0,
    "gamma_imb": 0.5,
    "gamma_inv_scale": 2.0,
    "gamma_vol_scale": 1.0,
    "gradient_penalty_ticks": 1.0,
    "gradient_threshold": 1.5,
    "k_vol": 1.3,
    "size_base": 0.005,
    "size_exp": 2.0,
    "size_min_factor": 0.3
  },
  "snapshots_processed": 1000,
  "sharpe_ratio": -1.1873604623841163,
  "capital_base": 10000.0,
  "sharpe_horizon_seconds": 60.0
}