{
  "final_pnl": -3.446997028595433,
  "final_inventory": 0.006882403145408716,
  "fill_count": 272,
  "max_drawdown": 3.446997028595433,
  "pnl_attribution": {
    "inventory_moves": -0.2902981353330649,
    "fees": -3.64658173652055,
    "spread_capture": 0.5871540597077579,
    "adverse_selection": -0.09362177498106701,
    "funding_rates": 0.0
  },
  "additional_metrics": {
    "orders_placed": 610,
    "orders_placed_buy": 305,
    "orders_placed_sell": 305,
    "maker_qty_placed": 3.4702522071152915,
    "maker_qty_filled": 0.6335023923465366,
    "maker_fill_qty_rate": 0.18255226264178265,
    "avg_fill_latency_sec": 0.1834522219979839,
    "std_fill_latency_sec": 0.1108672453689798,
    "avg_queue_position": 1.1174503030683451,
    "std_queue_position": 1.3938090396116005,
    "avg_order_lifetime_sec": 0.1946496735712525,
    "std_order_lifetime_sec": 0.10425952402270318,
    "avg_competition_size": 0.6683737084051757,
    "std_competition_size": 0.13120846756592403,
    "forced_liquidations": 0,
    "avg_forced_liq_cost": 0.0,
    "std_forced_liq_cost": 0.0
  },
  "strategy": "skew_mid_spread",
  "strategy_kwargs": {
    "gamma": 0.1,
    "gamma_cap_factor": 5.0,
    "gamma_imb": 0.5,
    "gamma_inv_scale": 4.0,
    "gamma_vol_scale": 2.0,
    "gradient_penalty_ticks": 1.0,
    "gradient_threshold": 1.5,
    "k_vol": 1.3,
    "size_base": 0.01,
    "size_exp": 3.0,
    "size_min_factor": 0.1
  },
  "snapshots_processed": 1000,
  "sharpe_ratio": -1.1383483411750905,
  "capital_base": 10000.0,
  "sharpe_horizon_seconds": 60.0
}