{
  "final_pnl": -0.12817765438558126,
  "final_inventory": 0.020846456976874775,
  "fill_count": 44,
  "max_drawdown": 0.5767675030638202,
  "pnl_attribution": {
    "inventory_moves": -0.08903792027301423,
    "fees": -0.09861494962893624,
    "spread_capture": 0.0736080039427364,
    "adverse_selection": -0.008053597295870142,
    "funding_rates": 0.0
  },
  "additional_metrics": {
    "orders_placed": 1588,
    "orders_placed_buy": 821,
    "orders_placed_sell": 767,
    "maker_qty_placed": 4.360250462019416,
    "maker_qty_filled": 0.057338743426848984,
    "maker_fill_qty_rate": 0.013150332515598884,
    "avg_fill_latency_sec": 0.2507272308523005,
    "std_fill_latency_sec": 0.000616535559645223,
    "avg_queue_position": 1.2388187106709436,
    "std_queue_position": 1.8036532705909485,
    "avg_order_lifetime_sec": 0.2507272308523005,
    "std_order_lifetime_sec": 0.000616535559645223,
    "avg_competition_size": 0.259616176340524,
    "std_competition_size": 0.0490740904956727,
    "forced_liquidations": 0,
    "avg_forced_liq_cost": 0.0,
    "std_forced_liq_cost": 0.0,
    "taker_qty_hedge": 0.0,
    "taker_qty_cross": 0.0,
    "taker_trades_hedge": 0,
    "taker_trades_cross": 0,
    "taker_qty_total": 0.0,
    "notional_traded_btc": 0.057338743426848984,
    "notional_traded_usdt": 986.1494962893621
  },
  "strategy": "skew_mid_spread",
  "strategy_kwargs": {
    "extra_spread_ticks": 36.0,
    "gamma": 0.12,
    "gamma_cap_factor": 5.0,
    "gamma_imb": 0.5,
    "gamma_inv_scale": 1.0,
    "gamma_vol_scale": 1.0,
    "gradient_penalty_ticks": 1.0,
    "gradient_threshold": 1.5,
    "k_vol": 6.0,
    "size_base": 0.005,
    "size_exp": 2.0,
    "size_min_factor": 0.3
  },
  "snapshots_processed": 10000,
  "sharpe_ratio": -0.0603905756256747,
  "capital_base": 10000.0,
  "sharpe_horizon_seconds": 60.0
}