{
  "final_pnl": 0.49020579427451594,
  "final_inventory": 0.05325771814798111,
  "fill_count": 82,
  "max_drawdown": 3.0578622143657412,
  "pnl_attribution": {
    "inventory_moves": 0.9076221528998153,
    "fees": -0.8618735796639089,
    "spread_capture": 0.5562091373812413,
    "adverse_selection": -0.08520539844852125,
    "funding_rates": 0.0
  },
  "additional_metrics": {
    "orders_placed": 1588,
    "orders_placed_buy": 821,
    "orders_placed_sell": 767,
    "maker_qty_placed": 34.82140449852586,
    "maker_qty_filled": 0.5381936996717818,
    "maker_fill_qty_rate": 0.01545582975248933,
    "avg_fill_latency_sec": 0.17758331696192423,
    "std_fill_latency_sec": 0.11395481115172848,
    "avg_queue_position": 0.7093179786300716,
    "std_queue_position": 1.3730796991832683,
    "avg_order_lifetime_sec": 0.17758331696192423,
    "std_order_lifetime_sec": 0.11395481115172848,
    "avg_competition_size": 0.35505371356095683,
    "std_competition_size": 0.07123525597489755,
    "forced_liquidations": 0,
    "avg_forced_liq_cost": 0.0,
    "std_forced_liq_cost": 0.0,
    "taker_qty_hedge": 0.20875034187782648,
    "taker_qty_cross": 0.0,
    "taker_trades_hedge": 14,
    "taker_trades_cross": 0,
    "taker_qty_total": 0.20875034187782648,
    "notional_traded_btc": 0.7469440415496083,
    "notional_traded_usdt": 12848.275510417801
  },
  "strategy": "skew_mid_spread",
  "strategy_kwargs": {
    "extra_spread_ticks": 30.0,
    "gamma": 0.08,
    "gamma_cap_factor": 5.0,
    "gamma_imb": 0.5,
    "gamma_inv_scale": 1.0,
    "gamma_vol_scale": 2.0,
    "gradient_penalty_ticks": 1.0,
    "gradient_threshold": 1.5,
    "k_vol": 4.0,
    "size_base": 0.04,
    "size_exp": 2.0,
    "size_min_factor": 0.3
  },
  "snapshots_processed": 10000,
  "sharpe_ratio": 0.03600098679771152,
  "capital_base": 10000.0,
  "sharpe_horizon_seconds": 60.0
}