{
  "final_pnl": -1.7050881762479548,
  "final_inventory": 0.0031505119950475937,
  "fill_count": 271,
  "max_drawdown": 1.7050881762479548,
  "pnl_attribution": {
    "inventory_moves": -0.1440201179194463,
    "fees": -1.7814480176972107,
    "spread_capture": 0.2635909387046058,
    "adverse_selection": -0.04878540486074191,
    "funding_rates": 0.0
  },
  "additional_metrics": {
    "orders_placed": 608,
    "orders_placed_buy": 303,
    "orders_placed_sell": 305,
    "maker_qty_placed": 1.727696339000987,
    "maker_qty_filled": 0.31017075247888837,
    "maker_fill_qty_rate": 0.17952851173964962,
    "avg_fill_latency_sec": 0.18462178798822257,
    "std_fill_latency_sec": 0.11023781238255129,
    "avg_queue_position": 1.1379301160852957,
    "std_queue_position": 1.4499448081937285,
    "avg_order_lifetime_sec": 0.19749358219978136,
    "std_order_lifetime_sec": 0.10229766981172986,
    "avg_competition_size": 0.6272013181800291,
    "std_competition_size": 0.12054706073036059,
    "forced_liquidations": 0,
    "avg_forced_liq_cost": 0.0,
    "std_forced_liq_cost": 0.0
  },
  "strategy": "skew_mid_spread",
  "strategy_kwargs": {
    "gamma": 0.1,
    "gamma_cap_factor": 5.0,
    "gamma_imb": 0.5,
    "gamma_inv_scale": 4.0,
    "gamma_vol_scale": 2.0,
    "gradient_penalty_ticks": 1.0,
    "gradient_threshold": 1.5,
    "k_vol": 1.3,
    "size_base": 0.005,
    "size_exp": 1.0,
    "size_min_factor": 0.2
  },
  "snapshots_processed": 1000,
  "sharpe_ratio": -1.1533228429875748,
  "capital_base": 10000.0,
  "sharpe_horizon_seconds": 60.0
}