{
  "final_pnl": -0.8852907959044387,
  "final_inventory": 0.057484212743091845,
  "fill_count": 816,
  "max_drawdown": 2.779258024196679,
  "pnl_attribution": {
    "inventory_moves": -1.1302555527798757,
    "fees": -0.6640529475173291,
    "spread_capture": 1.0687670763190737,
    "adverse_selection": -0.14042010578583794,
    "funding_rates": 0.0
  },
  "additional_metrics": {
    "orders_placed": 2066,
    "orders_placed_buy": 1072,
    "orders_placed_sell": 994,
    "maker_qty_placed": 45.153829078890915,
    "maker_qty_filled": 0.906620867525292,
    "maker_fill_qty_rate": 0.020078493585588972,
    "avg_fill_latency_sec": 0.016014341891511324,
    "std_fill_latency_sec": 0.06130215579273282,
    "avg_queue_position": 0.05394909439639215,
    "std_queue_position": 0.3461254167488478,
    "avg_order_lifetime_sec": 0.016014341891511324,
    "std_order_lifetime_sec": 0.06130215579273282,
    "avg_competition_size": 0.35657825722576086,
    "std_competition_size": 0.06844149466063468,
    "forced_liquidations": 0,
    "avg_forced_liq_cost": 0.0,
    "std_forced_liq_cost": 0.0,
    "taker_qty_hedge": 0.16082223981203078,
    "taker_qty_cross": 0.0,
    "taker_trades_hedge": 718,
    "taker_trades_cross": 0,
    "taker_qty_total": 0.16082223981203078,
    "notional_traded_btc": 1.067443107337322,
    "notional_traded_usdt": 18362.338241174253
  },
  "strategy": "skew_mid_spread",
  "strategy_kwargs": {
    "extra_spread_ticks": 20.0,
    "gamma": 0.12,
    "gamma_cap_factor": 5.0,
    "gamma_imb": 0.5,
    "gamma_inv_scale": 1.0,
    "gamma_vol_scale": 2.0,
    "gradient_penalty_ticks": 1.0,
    "gradient_threshold": 1.5,
    "k_vol": 4.0,
    "size_base": 0.04,
    "size_exp": 2.0,
    "size_min_factor": 0.3
  },
  "snapshots_processed": 10000,
  "sharpe_ratio": -0.10315736988913556,
  "capital_base": 10000.0,
  "sharpe_horizon_seconds": 60.0
}