{
  "final_pnl": -7.673299116211638,
  "final_inventory": -0.00457222480355466,
  "fill_count": 278,
  "max_drawdown": 7.673299116211638,
  "pnl_attribution": {
    "inventory_moves": -0.22633045989504574,
    "fees": -7.237692247820092,
    "spread_capture": 1.0746744582603587,
    "adverse_selection": -1.2505621978860884,
    "funding_rates": 0.0
  },
  "additional_metrics": {
    "orders_placed": 532,
    "orders_placed_buy": 261,
    "orders_placed_sell": 271,
    "maker_qty_placed": 6.11075113377168,
    "maker_qty_filled": 1.3026988572101046,
    "maker_fill_qty_rate": 0.21318146144270356,
    "avg_fill_latency_sec": 0.18944999426603318,
    "std_fill_latency_sec": 0.11799129993695864,
    "avg_queue_position": 1.1386453898615045,
    "std_queue_position": 1.363173681741898,
    "avg_order_lifetime_sec": 0.2019999921321869,
    "std_order_lifetime_sec": 0.1137846049982731,
    "avg_competition_size": 0.7428892535301101,
    "std_competition_size": 0.14032789999002068,
    "forced_liquidations": 9,
    "avg_forced_liq_cost": 0.11839654404281617,
    "std_forced_liq_cost": 0.05435518991200773
  },
  "strategy": "skew_mid_spread",
  "strategy_kwargs": {
    "gamma": 0.1,
    "gamma_cap_factor": 5.0,
    "gamma_imb": 0.5,
    "gamma_inv_scale": 4.0,
    "gamma_vol_scale": 2.0,
    "gradient_penalty_ticks": 1.0,
    "gradient_threshold": 1.5,
    "k_vol": 1.3,
    "size_base": 0.02,
    "size_exp": 1.0,
    "size_min_factor": 0.1
  },
  "snapshots_processed": 1000,
  "sharpe_ratio": -1.0816736846834394,
  "capital_base": 10000.0,
  "sharpe_horizon_seconds": 60.0
}