{
  "final_pnl": -3.539731171731546,
  "final_inventory": 0.0218334733366271,
  "fill_count": 159,
  "max_drawdown": 4.987669672156699,
  "pnl_attribution": {
    "inventory_moves": -0.6152425828597724,
    "fees": -4.01105301683527,
    "spread_capture": 1.3610770313576723,
    "adverse_selection": -0.1932338332287809,
    "funding_rates": 0.0
  },
  "additional_metrics": {
    "orders_placed": 2968,
    "orders_placed_buy": 1542,
    "orders_placed_sell": 1426,
    "maker_qty_placed": 65.03626177962313,
    "maker_qty_filled": 1.1991897826592488,
    "maker_fill_qty_rate": 0.01843878706809335,
    "avg_fill_latency_sec": 0.1921222315894233,
    "std_fill_latency_sec": 0.10599233494282305,
    "avg_queue_position": 0.8514380560393408,
    "std_queue_position": 1.5722539641346431,
    "avg_order_lifetime_sec": 0.1921222315894233,
    "std_order_lifetime_sec": 0.10599233494282305,
    "avg_competition_size": 0.35488314064432364,
    "std_competition_size": 0.0670355908037876,
    "forced_liquidations": 0,
    "avg_forced_liq_cost": 0.0,
    "std_forced_liq_cost": 0.0,
    "taker_qty_hedge": 0.3773258845640207,
    "taker_qty_cross": 0.0,
    "taker_trades_hedge": 21,
    "taker_trades_cross": 0,
    "taker_qty_total": 0.3773258845640207,
    "notional_traded_btc": 1.5765156672232694,
    "notional_traded_usdt": 27123.668448190492
  },
  "strategy": "skew_mid_spread",
  "strategy_kwargs": {
    "extra_spread_ticks": 30.0,
    "gamma": 0.2,
    "gamma_cap_factor": 5.0,
    "gamma_imb": 0.5,
    "gamma_inv_scale": 1.0,
    "gamma_vol_scale": 2.0,
    "gradient_penalty_ticks": 1.0,
    "gradient_threshold": 1.5,
    "k_vol": 4.0,
    "size_base": 0.04,
    "size_exp": 2.0,
    "size_min_factor": 0.3
  },
  "snapshots_processed": 10000,
  "sharpe_ratio": -0.35263649919805035,
  "capital_base": 10000.0,
  "sharpe_horizon_seconds": 60.0
}