{
  "final_pnl": -15.99719659693801,
  "final_inventory": -0.0020841737448793925,
  "fill_count": 293,
  "max_drawdown": 15.99719659693801,
  "pnl_attribution": {
    "inventory_moves": -0.3750565174342048,
    "fees": -14.789451007042295,
    "spread_capture": 1.9265525779531416,
    "adverse_selection": -2.626357631699655,
    "funding_rates": 0.0
  },
  "additional_metrics": {
    "orders_placed": 534,
    "orders_placed_buy": 262,
    "orders_placed_sell": 272,
    "maker_qty_placed": 12.245359478107616,
    "maker_qty_filled": 2.704904509970833,
    "maker_fill_qty_rate": 0.22089220939627702,
    "avg_fill_latency_sec": 0.18935118544669377,
    "std_fill_latency_sec": 0.11433467441755706,
    "avg_queue_position": 1.1810240562301122,
    "std_queue_position": 1.349934329136654,
    "avg_order_lifetime_sec": 0.19980951717921666,
    "std_order_lifetime_sec": 0.11125474113597503,
    "avg_competition_size": 0.866208538191041,
    "std_competition_size": 0.1739321342861746,
    "forced_liquidations": 13,
    "avg_forced_liq_cost": 0.17092877759634534,
    "std_forced_liq_cost": 0.0871201858213799
  },
  "strategy": "skew_mid_spread",
  "strategy_kwargs": {
    "gamma": 0.1,
    "gamma_cap_factor": 5.0,
    "gamma_imb": 0.5,
    "gamma_inv_scale": 4.0,
    "gamma_vol_scale": 2.0,
    "gradient_penalty_ticks": 1.0,
    "gradient_threshold": 1.5,
    "k_vol": 1.3,
    "size_base": 0.04,
    "size_exp": 2.0,
    "size_min_factor": 0.3
  },
  "snapshots_processed": 1000,
  "sharpe_ratio": -1.173914366729875,
  "capital_base": 10000.0,
  "sharpe_horizon_seconds": 60.0
}