{
  "final_pnl": -3.4312861046892067,
  "final_inventory": 0.005943293785255588,
  "fill_count": 270,
  "max_drawdown": 3.4312861046892067,
  "pnl_attribution": {
    "inventory_moves": -0.23522222808485535,
    "fees": -3.5166783094189173,
    "spread_capture": 0.40734364457350686,
    "adverse_selection": -0.0968660728737078,
    "funding_rates": 0.0
  },
  "additional_metrics": {
    "orders_placed": 533,
    "orders_placed_buy": 260,
    "orders_placed_sell": 273,
    "maker_qty_placed": 3.063831231799879,
    "maker_qty_filled": 0.6212147491796658,
    "maker_fill_qty_rate": 0.20275749614796076,
    "avg_fill_latency_sec": 0.18745805986465947,
    "std_fill_latency_sec": 0.11237300884895148,
    "avg_queue_position": 1.1529559312933217,
    "std_queue_position": 1.4051787054584903,
    "avg_order_lifetime_sec": 0.21009676840997513,
    "std_order_lifetime_sec": 0.1223111741443666,
    "avg_competition_size": 0.6685070827308025,
    "std_competition_size": 0.13264002620932552,
    "forced_liquidations": 0,
    "avg_forced_liq_cost": 0.0,
    "std_forced_liq_cost": 0.0
  },
  "strategy": "skew_mid_spread",
  "strategy_kwargs": {
    "gamma": 0.1,
    "gamma_cap_factor": 5.0,
    "gamma_imb": 0.5,
    "gamma_inv_scale": 4.0,
    "gamma_vol_scale": 2.0,
    "gradient_penalty_ticks": 1.0,
    "gradient_threshold": 1.5,
    "k_vol": 1.3,
    "size_base": 0.01,
    "size_exp": 3.0,
    "size_min_factor": 0.2
  },
  "snapshots_processed": 1000,
  "sharpe_ratio": -1.2384198840176914,
  "capital_base": 10000.0,
  "sharpe_horizon_seconds": 60.0
}