{
  "final_pnl": -3.379981427862731,
  "final_inventory": 0.004832037746401613,
  "fill_count": 271,
  "max_drawdown": 3.379981427862731,
  "pnl_attribution": {
    "inventory_moves": -0.2508194409965048,
    "fees": -3.554946288831472,
    "spread_capture": 0.523981711611712,
    "adverse_selection": -0.09466133095578294,
    "funding_rates": 0.0
  },
  "additional_metrics": {
    "orders_placed": 534,
    "orders_placed_buy": 261,
    "orders_placed_sell": 273,
    "maker_qty_placed": 3.0707945971709125,
    "maker_qty_filled": 0.6473536274432307,
    "maker_fill_qty_rate": 0.21080981060720572,
    "avg_fill_latency_sec": 0.1922838641751197,
    "std_fill_latency_sec": 0.11668096555064399,
    "avg_queue_position": 1.1640132136189998,
    "std_queue_position": 1.4326052705891674,
    "avg_order_lifetime_sec": 0.20523870068211708,
    "std_order_lifetime_sec": 0.11193442715295289,
    "avg_competition_size": 0.6708479649848639,
    "std_competition_size": 0.12934689275088365,
    "forced_liquidations": 0,
    "avg_forced_liq_cost": 0.0,
    "std_forced_liq_cost": 0.0
  },
  "strategy": "skew_mid_spread",
  "strategy_kwargs": {
    "gamma": 0.1,
    "gamma_cap_factor": 5.0,
    "gamma_imb": 0.5,
    "gamma_inv_scale": 4.0,
    "gamma_vol_scale": 2.0,
    "gradient_penalty_ticks": 1.0,
    "gradient_threshold": 1.5,
    "k_vol": 1.3,
    "size_base": 0.01,
    "size_exp": 3.0,
    "size_min_factor": 0.1
  },
  "snapshots_processed": 1000,
  "sharpe_ratio": -1.170681674713264,
  "capital_base": 10000.0,
  "sharpe_horizon_seconds": 60.0
}