{
  "final_pnl": -0.20353898358371225,
  "final_inventory": 0.013182671373527091,
  "fill_count": 4221,
  "max_drawdown": 3.487927512591341,
  "pnl_attribution": {
    "inventory_moves": 0.34834031877796845,
    "fees": -1.3522337556101485,
    "spread_capture": 0.9717389259750397,
    "adverse_selection": -0.14121308146393796,
    "funding_rates": 0.0
  },
  "additional_metrics": {
    "orders_placed": 2066,
    "orders_placed_buy": 1072,
    "orders_placed_sell": 994,
    "maker_qty_placed": 45.13212427209008,
    "maker_qty_filled": 0.8909669513677746,
    "maker_fill_qty_rate": 0.019741303245474594,
    "avg_fill_latency_sec": 0.0028852148076598375,
    "std_fill_latency_sec": 0.026747457487077977,
    "avg_queue_position": 0.0073454882357098395,
    "std_queue_position": 0.09874748950795761,
    "avg_order_lifetime_sec": 0.0028852148076598375,
    "std_order_lifetime_sec": 0.026747457487077977,
    "avg_competition_size": 0.35356982714019974,
    "std_competition_size": 0.0684229426346266,
    "forced_liquidations": 0,
    "avg_forced_liq_cost": 0.0,
    "std_forced_liq_cost": 0.0,
    "taker_qty_hedge": 0.32742622384322034,
    "taker_qty_cross": 0.0,
    "taker_trades_hedge": 4125,
    "taker_trades_cross": 0,
    "taker_qty_total": 0.32742622384322034,
    "notional_traded_btc": 1.2183931752109927,
    "notional_traded_usdt": 20960.13928435121
  },
  "strategy": "skew_mid_spread",
  "strategy_kwargs": {
    "extra_spread_ticks": 25.0,
    "gamma": 0.12,
    "gamma_cap_factor": 5.0,
    "gamma_imb": 0.5,
    "gamma_inv_scale": 1.0,
    "gamma_vol_scale": 2.0,
    "gradient_penalty_ticks": 1.0,
    "gradient_threshold": 1.5,
    "k_vol": 6.0,
    "size_base": 0.04,
    "size_exp": 2.0,
    "size_min_factor": 0.3
  },
  "snapshots_processed": 10000,
  "sharpe_ratio": -0.016920150119585635,
  "capital_base": 10000.0,
  "sharpe_horizon_seconds": 60.0
}