{
  "final_pnl": -1.576390621434257,
  "final_inventory": 0.0014923033517994357,
  "fill_count": 268,
  "max_drawdown": 1.5764050905709155,
  "pnl_attribution": {
    "inventory_moves": -0.09099877091190263,
    "fees": -1.7042318715217226,
    "spread_capture": 0.2678625806417857,
    "adverse_selection": -0.04973893893533572,
    "funding_rates": 0.0
  },
  "additional_metrics": {
    "orders_placed": 537,
    "orders_placed_buy": 265,
    "orders_placed_sell": 272,
    "maker_qty_placed": 1.5431106328702726,
    "maker_qty_filled": 0.32323792396557893,
    "maker_fill_qty_rate": 0.2094716458303046,
    "avg_fill_latency_sec": 0.19277630824791758,
    "std_fill_latency_sec": 0.10929903176295386,
    "avg_queue_position": 1.158935351611937,
    "std_queue_position": 1.4118452342701597,
    "avg_order_lifetime_sec": 0.20598683231755308,
    "std_order_lifetime_sec": 0.10403528668429403,
    "avg_competition_size": 0.6341544844151886,
    "std_competition_size": 0.12074334524561801,
    "forced_liquidations": 0,
    "avg_forced_liq_cost": 0.0,
    "std_forced_liq_cost": 0.0
  },
  "strategy": "skew_mid_spread",
  "strategy_kwargs": {
    "gamma": 0.1,
    "gamma_cap_factor": 5.0,
    "gamma_imb": 0.5,
    "gamma_inv_scale": 4.0,
    "gamma_vol_scale": 2.0,
    "gradient_penalty_ticks": 1.0,
    "gradient_threshold": 1.5,
    "k_vol": 1.3,
    "size_base": 0.005,
    "size_exp": 3.0,
    "size_min_factor": 0.3
  },
  "snapshots_processed": 1000,
  "sharpe_ratio": -1.1457046471128447,
  "capital_base": 10000.0,
  "sharpe_horizon_seconds": 60.0
}