{
  "final_pnl": -1.7440991323637718,
  "final_inventory": 0.009059782428302007,
  "fill_count": 270,
  "max_drawdown": 1.7440991323637718,
  "pnl_attribution": {
    "inventory_moves": -0.12297256491706499,
    "fees": -1.7907226088906694,
    "spread_capture": 0.21021925120433166,
    "adverse_selection": -0.046229482260896224,
    "funding_rates": 0.0
  },
  "additional_metrics": {
    "orders_placed": 609,
    "orders_placed_buy": 304,
    "orders_placed_sell": 305,
    "maker_qty_placed": 1.7321070078864034,
    "maker_qty_filled": 0.3196841708556303,
    "maker_fill_qty_rate": 0.1845637535095038,
    "avg_fill_latency_sec": 0.185812896297824,
    "std_fill_latency_sec": 0.10958765630869778,
    "avg_queue_position": 1.1230980892099083,
    "std_queue_position": 1.4252042594022691,
    "avg_order_lifetime_sec": 0.19714837997190415,
    "std_order_lifetime_sec": 0.10253652275607811,
    "avg_competition_size": 0.637482902193532,
    "std_competition_size": 0.12483390810818104,
    "forced_liquidations": 0,
    "avg_forced_liq_cost": 0.0,
    "std_forced_liq_cost": 0.0
  },
  "strategy": "skew_mid_spread",
  "strategy_kwargs": {
    "gamma": 0.1,
    "gamma_cap_factor": 5.0,
    "gamma_imb": 0.5,
    "gamma_inv_scale": 4.0,
    "gamma_vol_scale": 2.0,
    "gradient_penalty_ticks": 1.0,
    "gradient_threshold": 1.5,
    "k_vol": 1.3,
    "size_base": 0.005,
    "size_exp": 2.0,
    "size_min_factor": 0.2
  },
  "snapshots_processed": 1000,
  "sharpe_ratio": -1.2052945072059082,
  "capital_base": 10000.0,
  "sharpe_horizon_seconds": 60.0
}