{
  "final_pnl": -0.42073686940238986,
  "final_inventory": 0.003896993712579352,
  "fill_count": 80,
  "max_drawdown": 0.49083126262667065,
  "pnl_attribution": {
    "inventory_moves": -0.35117997481724567,
    "fees": -0.15243213823576002,
    "spread_capture": 0.1000083936056346,
    "adverse_selection": -0.014539040873573786,
    "funding_rates": 0.0
  },
  "additional_metrics": {
    "orders_placed": 2965,
    "orders_placed_buy": 1538,
    "orders_placed_sell": 1427,
    "maker_qty_placed": 8.129758601885186,
    "maker_qty_filled": 0.08862698410891083,
    "maker_fill_qty_rate": 0.010901551749440552,
    "avg_fill_latency_sec": 0.25054999589920046,
    "std_fill_latency_sec": 0.0014482838679436669,
    "avg_queue_position": 1.2939314065553045,
    "std_queue_position": 1.9504484779987037,
    "avg_order_lifetime_sec": 0.25054999589920046,
    "std_order_lifetime_sec": 0.0014482838679436669,
    "avg_competition_size": 0.2611693372727356,
    "std_competition_size": 0.04634781762814573,
    "forced_liquidations": 0,
    "avg_forced_liq_cost": 0.0,
    "std_forced_liq_cost": 0.0,
    "taker_qty_hedge": 0.0,
    "taker_qty_cross": 0.0,
    "taker_trades_hedge": 0,
    "taker_trades_cross": 0,
    "taker_qty_total": 0.0,
    "notional_traded_btc": 0.08862698410891083,
    "notional_traded_usdt": 1524.3213823576
  },
  "strategy": "skew_mid_spread",
  "strategy_kwargs": {
    "extra_spread_ticks": 36.0,
    "gamma": 0.12,
    "gamma_cap_factor": 5.0,
    "gamma_imb": 0.5,
    "gamma_inv_scale": 2.0,
    "gamma_vol_scale": 0.0,
    "gradient_penalty_ticks": 1.0,
    "gradient_threshold": 1.5,
    "k_vol": 8.0,
    "size_base": 0.005,
    "size_exp": 2.0,
    "size_min_factor": 0.3
  },
  "snapshots_processed": 10000,
  "sharpe_ratio": -0.4264352550226954,
  "capital_base": 10000.0,
  "sharpe_horizon_seconds": 60.0
}