{
  "final_pnl": -0.31815527875914995,
  "final_inventory": 0.02644136911467283,
  "fill_count": 38,
  "max_drawdown": 0.7678683565100073,
  "pnl_attribution": {
    "inventory_moves": -0.3007919525626599,
    "fees": -0.08349592927218966,
    "spread_capture": 0.0828907957480728,
    "adverse_selection": -0.007248813852156136,
    "funding_rates": 0.0
  },
  "additional_metrics": {
    "orders_placed": 1587,
    "orders_placed_buy": 821,
    "orders_placed_sell": 766,
    "maker_qty_placed": 4.357711312652294,
    "maker_qty_filled": 0.04854083379967255,
    "maker_fill_qty_rate": 0.011139065972254244,
    "avg_fill_latency_sec": 0.25057893050344365,
    "std_fill_latency_sec": 0.0008153495596474662,
    "avg_queue_position": 1.2075418534393987,
    "std_queue_position": 1.2441953333733289,
    "avg_order_lifetime_sec": 0.25057893050344365,
    "std_order_lifetime_sec": 0.0008153495596474662,
    "avg_competition_size": 0.2613741362217409,
    "std_competition_size": 0.04846757046451269,
    "forced_liquidations": 0,
    "avg_forced_liq_cost": 0.0,
    "std_forced_liq_cost": 0.0,
    "taker_qty_hedge": 0.0,
    "taker_qty_cross": 0.0,
    "taker_trades_hedge": 0,
    "taker_trades_cross": 0,
    "taker_qty_total": 0.0,
    "notional_traded_btc": 0.04854083379967255,
    "notional_traded_usdt": 834.9592927218966
  },
  "strategy": "skew_mid_spread",
  "strategy_kwargs": {
    "extra_spread_ticks": 36.0,
    "gamma": 0.08,
    "gamma_cap_factor": 5.0,
    "gamma_imb": 0.5,
    "gamma_inv_scale": 4.0,
    "gamma_vol_scale": 1.0,
    "gradient_penalty_ticks": 1.0,
    "gradient_threshold": 1.5,
    "k_vol": 6.0,
    "size_base": 0.005,
    "size_exp": 2.0,
    "size_min_factor": 0.3
  },
  "snapshots_processed": 10000,
  "sharpe_ratio": -0.12422273474934976,
  "capital_base": 10000.0,
  "sharpe_horizon_seconds": 60.0
}