{
  "final_pnl": -17.02570013332661,
  "final_inventory": 0.046741536505986975,
  "fill_count": 292,
  "max_drawdown": 17.02570013332661,
  "pnl_attribution": {
    "inventory_moves": -0.5459179658348084,
    "fees": -15.334541994835739,
    "spread_capture": 2.043277572622026,
    "adverse_selection": -3.0444306933327905,
    "funding_rates": 0.0
  },
  "additional_metrics": {
    "orders_placed": 536,
    "orders_placed_buy": 263,
    "orders_placed_sell": 273,
    "maker_qty_placed": 12.308559137305128,
    "maker_qty_filled": 2.671965433716264,
    "maker_fill_qty_rate": 0.21708190243145487,
    "avg_fill_latency_sec": 0.18274117497836842,
    "std_fill_latency_sec": 0.11775079928790892,
    "avg_queue_position": 1.165256939139652,
    "std_queue_position": 1.3796662491263656,
    "avg_order_lifetime_sec": 0.19308234944063074,
    "std_order_lifetime_sec": 0.11540019247185251,
    "avg_competition_size": 0.8660019849750101,
    "std_competition_size": 0.17790423910248862,
    "forced_liquidations": 14,
    "avg_forced_liq_cost": 0.1887791213376302,
    "std_forced_liq_cost": 0.12045599858125565
  },
  "strategy": "skew_mid_spread",
  "strategy_kwargs": {
    "gamma": 0.1,
    "gamma_cap_factor": 5.0,
    "gamma_imb": 0.5,
    "gamma_inv_scale": 4.0,
    "gamma_vol_scale": 2.0,
    "gradient_penalty_ticks": 1.0,
    "gradient_threshold": 1.5,
    "k_vol": 1.3,
    "size_base": 0.04,
    "size_exp": 2.0,
    "size_min_factor": 0.2
  },
  "snapshots_processed": 1000,
  "sharpe_ratio": -1.039927386913327,
  "capital_base": 10000.0,
  "sharpe_horizon_seconds": 60.0
}