{
  "final_pnl": -2.473075354590037,
  "final_inventory": -0.03606359712483141,
  "fill_count": 172,
  "max_drawdown": 3.539088083001843,
  "pnl_attribution": {
    "inventory_moves": -1.9655344396887482,
    "fees": -1.9382876784879122,
    "spread_capture": 1.7191670993366566,
    "adverse_selection": -0.22507809507241802,
    "funding_rates": 0.0
  },
  "additional_metrics": {
    "orders_placed": 2959,
    "orders_placed_buy": 1535,
    "orders_placed_sell": 1424,
    "maker_qty_placed": 64.82512283640071,
    "maker_qty_filled": 1.413949999487469,
    "maker_fill_qty_rate": 0.021811759663855283,
    "avg_fill_latency_sec": 0.1848181811246005,
    "std_fill_latency_sec": 0.11030466163619967,
    "avg_queue_position": 0.7268683225051406,
    "std_queue_position": 1.137281052613629,
    "avg_order_lifetime_sec": 0.1848181811246005,
    "std_order_lifetime_sec": 0.11030466163619967,
    "avg_competition_size": 0.3573876894348399,
    "std_competition_size": 0.06710279394245106,
    "forced_liquidations": 0,
    "avg_forced_liq_cost": 0.0,
    "std_forced_liq_cost": 0.0,
    "taker_qty_hedge": 0.46928075964977645,
    "taker_qty_cross": 0.0,
    "taker_trades_hedge": 26,
    "taker_trades_cross": 0,
    "taker_qty_total": 0.46928075964977645,
    "notional_traded_btc": 1.8832307591372452,
    "notional_traded_usdt": 32396.951300069624
  },
  "strategy": "skew_mid_spread",
  "strategy_kwargs": {
    "extra_spread_ticks": 25.0,
    "gamma": 0.12,
    "gamma_cap_factor": 5.0,
    "gamma_imb": 0.5,
    "gamma_inv_scale": 1.0,
    "gamma_vol_scale": 2.0,
    "gradient_penalty_ticks": 1.0,
    "gradient_threshold": 1.5,
    "k_vol": 2.0,
    "size_base": 0.04,
    "size_exp": 2.0,
    "size_min_factor": 0.3
  },
  "snapshots_processed": 10000,
  "sharpe_ratio": -0.28352483776384046,
  "capital_base": 10000.0,
  "sharpe_horizon_seconds": 60.0
}