{
  "final_pnl": -0.28042733545953524,
  "final_inventory": 0.003298849096645422,
  "fill_count": 30,
  "max_drawdown": 0.33230296580222785,
  "pnl_attribution": {
    "inventory_moves": -0.2506544269188661,
    "fees": -0.06001859825974658,
    "spread_capture": 0.040644831395511054,
    "adverse_selection": -0.0061993621727289795,
    "funding_rates": 0.0
  },
  "additional_metrics": {
    "orders_placed": 1587,
    "orders_placed_buy": 820,
    "orders_placed_sell": 767,
    "maker_qty_placed": 4.356216092386069,
    "maker_qty_filled": 0.03489622286520986,
    "maker_fill_qty_rate": 0.008010673053203804,
    "avg_fill_latency_sec": 0.25079998970031736,
    "std_fill_latency_sec": 0.000653188860888171,
    "avg_queue_position": 1.3482790523943864,
    "std_queue_position": 1.4773770019808468,
    "avg_order_lifetime_sec": 0.25079998970031736,
    "std_order_lifetime_sec": 0.000653188860888171,
    "avg_competition_size": 0.25999925992302947,
    "std_competition_size": 0.04905124911987492,
    "forced_liquidations": 0,
    "avg_forced_liq_cost": 0.0,
    "std_forced_liq_cost": 0.0,
    "taker_qty_hedge": 0.0,
    "taker_qty_cross": 0.0,
    "taker_trades_hedge": 0,
    "taker_trades_cross": 0,
    "taker_qty_total": 0.0,
    "notional_traded_btc": 0.03489622286520986,
    "notional_traded_usdt": 600.1859825974657
  },
  "strategy": "skew_mid_spread",
  "strategy_kwargs": {
    "extra_spread_ticks": 28.0,
    "gamma": 0.08,
    "gamma_cap_factor": 5.0,
    "gamma_imb": 0.5,
    "gamma_inv_scale": 2.0,
    "gamma_vol_scale": 0.0,
    "gradient_penalty_ticks": 1.0,
    "gradient_threshold": 1.5,
    "k_vol": 6.0,
    "size_base": 0.005,
    "size_exp": 2.0,
    "size_min_factor": 0.3
  },
  "snapshots_processed": 10000,
  "sharpe_ratio": -0.3629307214013056,
  "capital_base": 10000.0,
  "sharpe_horizon_seconds": 60.0
}