{
  "final_pnl": -0.2115687057357718,
  "final_inventory": -0.003000215942666465,
  "fill_count": 30,
  "max_drawdown": 0.2230033564974292,
  "pnl_attribution": {
    "inventory_moves": -0.18840120311137304,
    "fees": -0.0677482865034328,
    "spread_capture": 0.05507468800891719,
    "adverse_selection": -0.0056194784638533895,
    "funding_rates": 0.0
  },
  "additional_metrics": {
    "orders_placed": 1590,
    "orders_placed_buy": 822,
    "orders_placed_sell": 768,
    "maker_qty_placed": 4.366806659316323,
    "maker_qty_filled": 0.039396119808049926,
    "maker_fill_qty_rate": 0.009021722938889599,
    "avg_fill_latency_sec": 0.25073331197102866,
    "std_fill_latency_sec": 0.0009285524004515559,
    "avg_queue_position": 1.558755631190299,
    "std_queue_position": 1.223935469167061,
    "avg_order_lifetime_sec": 0.25073331197102866,
    "std_order_lifetime_sec": 0.0009285524004515559,
    "avg_competition_size": 0.2593779931058663,
    "std_competition_size": 0.04924185677212488,
    "forced_liquidations": 0,
    "avg_forced_liq_cost": 0.0,
    "std_forced_liq_cost": 0.0,
    "taker_qty_hedge": 0.0,
    "taker_qty_cross": 0.0,
    "taker_trades_hedge": 0,
    "taker_trades_cross": 0,
    "taker_qty_total": 0.0,
    "notional_traded_btc": 0.039396119808049926,
    "notional_traded_usdt": 677.482865034328
  },
  "strategy": "skew_mid_spread",
  "strategy_kwargs": {
    "extra_spread_ticks": 32.0,
    "gamma": 0.16,
    "gamma_cap_factor": 5.0,
    "gamma_imb": 0.5,
    "gamma_inv_scale": 2.0,
    "gamma_vol_scale": 0.0,
    "gradient_penalty_ticks": 1.0,
    "gradient_threshold": 1.5,
    "k_vol": 4.0,
    "size_base": 0.005,
    "size_exp": 2.0,
    "size_min_factor": 0.3
  },
  "snapshots_processed": 10000,
  "sharpe_ratio": -0.38183739246846354,
  "capital_base": 10000.0,
  "sharpe_horizon_seconds": 60.0
}