{
  "final_pnl": -1.6549086078539403,
  "final_inventory": 0.0023142027145669044,
  "fill_count": 265,
  "max_drawdown": 1.6549086078539403,
  "pnl_attribution": {
    "inventory_moves": -0.09181284972192817,
    "fees": -1.7407693777564592,
    "spread_capture": 0.22059916621728862,
    "adverse_selection": -0.047245761057772374,
    "funding_rates": 0.0
  },
  "additional_metrics": {
    "orders_placed": 533,
    "orders_placed_buy": 260,
    "orders_placed_sell": 273,
    "maker_qty_placed": 1.5291480209655475,
    "maker_qty_filled": 0.3155205017882453,
    "maker_fill_qty_rate": 0.20633744899922554,
    "avg_fill_latency_sec": 0.1878420977216018,
    "std_fill_latency_sec": 0.11220863183367218,
    "avg_queue_position": 1.1082585306954733,
    "std_queue_position": 1.3789252939494636,
    "avg_order_lifetime_sec": 0.21586841187979044,
    "std_order_lifetime_sec": 0.12861927029945824,
    "avg_competition_size": 0.6358570015778577,
    "std_competition_size": 0.12514286201669286,
    "forced_liquidations": 0,
    "avg_forced_liq_cost": 0.0,
    "std_forced_liq_cost": 0.0
  },
  "strategy": "skew_mid_spread",
  "strategy_kwargs": {
    "gamma": 0.1,
    "gamma_cap_factor": 5.0,
    "gamma_imb": 0.5,
    "gamma_inv_scale": 4.0,
    "gamma_vol_scale": 2.0,
    "gradient_penalty_ticks": 1.0,
    "gradient_threshold": 1.5,
    "k_vol": 1.3,
    "size_base": 0.005,
    "size_exp": 2.0,
    "size_min_factor": 0.2
  },
  "snapshots_processed": 1000,
  "sharpe_ratio": -1.0676220431907018,
  "capital_base": 10000.0,
  "sharpe_horizon_seconds": 60.0
}