{
  "final_pnl": -3.3843931822193554,
  "final_inventory": 0.04369387480008838,
  "fill_count": 141,
  "max_drawdown": 5.062037223782681,
  "pnl_attribution": {
    "inventory_moves": -0.6089742837959257,
    "fees": -3.891895155807525,
    "spread_capture": 1.3468324901668762,
    "adverse_selection": -0.16524699903402332,
    "funding_rates": 0.0
  },
  "additional_metrics": {
    "orders_placed": 2963,
    "orders_placed_buy": 1539,
    "orders_placed_sell": 1424,
    "maker_qty_placed": 64.88880855795344,
    "maker_qty_filled": 1.2094269089023564,
    "maker_fill_qty_rate": 0.01863845146458798,
    "avg_fill_latency_sec": 0.1856172908971339,
    "std_fill_latency_sec": 0.10981551366491803,
    "avg_queue_position": 0.7436084162372582,
    "std_queue_position": 1.0478426233724412,
    "avg_order_lifetime_sec": 0.1856172908971339,
    "std_order_lifetime_sec": 0.10981551366491803,
    "avg_competition_size": 0.3552697249425043,
    "std_competition_size": 0.06621704344532821,
    "forced_liquidations": 0,
    "avg_forced_liq_cost": 0.0,
    "std_forced_liq_cost": 0.0,
    "taker_qty_hedge": 0.35086376617901044,
    "taker_qty_cross": 0.0,
    "taker_trades_hedge": 21,
    "taker_trades_cross": 0,
    "taker_qty_total": 0.35086376617901044,
    "notional_traded_btc": 1.5602906750813663,
    "notional_traded_usdt": 26842.803752936143
  },
  "strategy": "skew_mid_spread",
  "strategy_kwargs": {
    "extra_spread_ticks": 38.0,
    "gamma": 0.08,
    "gamma_cap_factor": 5.0,
    "gamma_imb": 0.5,
    "gamma_inv_scale": 1.0,
    "gamma_vol_scale": 2.0,
    "gradient_penalty_ticks": 1.0,
    "gradient_threshold": 1.5,
    "k_vol": 6.0,
    "size_base": 0.04,
    "size_exp": 2.0,
    "size_min_factor": 0.3
  },
  "snapshots_processed": 10000,
  "sharpe_ratio": -0.3140892867702781,
  "capital_base": 10000.0,
  "sharpe_horizon_seconds": 60.0
}