{
  "final_pnl": -7.497192963990528,
  "final_inventory": 0.022260248325649247,
  "fill_count": 281,
  "max_drawdown": 7.497192963990528,
  "pnl_attribution": {
    "inventory_moves": -0.5834324030918863,
    "fees": -7.575377950487164,
    "spread_capture": 0.973214991518409,
    "adverse_selection": -0.2910048724706998,
    "funding_rates": 0.0
  },
  "additional_metrics": {
    "orders_placed": 541,
    "orders_placed_buy": 267,
    "orders_placed_sell": 274,
    "maker_qty_placed": 6.206569360230486,
    "maker_qty_filled": 1.3003377083752907,
    "maker_fill_qty_rate": 0.20950989715951576,
    "avg_fill_latency_sec": 0.18442330916235053,
    "std_fill_latency_sec": 0.11716669886286318,
    "avg_queue_position": 1.1510487121857735,
    "std_queue_position": 1.4034852315519277,
    "avg_order_lifetime_sec": 0.20441717311648502,
    "std_order_lifetime_sec": 0.12785319654128782,
    "avg_competition_size": 0.7325509161147182,
    "std_competition_size": 0.14874314845684858,
    "forced_liquidations": 2,
    "avg_forced_liq_cost": 0.046771097947957745,
    "std_forced_liq_cost": 0.03160821052764364
  },
  "strategy": "skew_mid_spread",
  "strategy_kwargs": {
    "gamma": 0.1,
    "gamma_cap_factor": 5.0,
    "gamma_imb": 0.5,
    "gamma_inv_scale": 4.0,
    "gamma_vol_scale": 2.0,
    "gradient_penalty_ticks": 1.0,
    "gradient_threshold": 1.5,
    "k_vol": 1.3,
    "size_base": 0.02,
    "size_exp": 3.0,
    "size_min_factor": 0.2
  },
  "snapshots_processed": 1000,
  "sharpe_ratio": -1.2004123011723868,
  "capital_base": 10000.0,
  "sharpe_horizon_seconds": 60.0
}