{
  "final_pnl": -7.6808816200791625,
  "final_inventory": 0.02515415003456216,
  "fill_count": 287,
  "max_drawdown": 7.6808816200791625,
  "pnl_attribution": {
    "inventory_moves": -0.6612558264765129,
    "fees": -7.733117454882713,
    "spread_capture": 0.9375055294308298,
    "adverse_selection": -0.20510973577010427,
    "funding_rates": 0.0
  },
  "additional_metrics": {
    "orders_placed": 536,
    "orders_placed_buy": 262,
    "orders_placed_sell": 274,
    "maker_qty_placed": 6.165483365183514,
    "maker_qty_filled": 1.3219783681789528,
    "maker_fill_qty_rate": 0.21441601410266792,
    "avg_fill_latency_sec": 0.18562047740063034,
    "std_fill_latency_sec": 0.11645095670645846,
    "avg_queue_position": 1.1156467089652191,
    "std_queue_position": 1.3831393713367761,
    "avg_order_lifetime_sec": 0.1992168627589582,
    "std_order_lifetime_sec": 0.11831004095976282,
    "avg_competition_size": 0.7375676765052214,
    "std_competition_size": 0.14400802287420558,
    "forced_liquidations": 0,
    "avg_forced_liq_cost": 0.0,
    "std_forced_liq_cost": 0.0
  },
  "strategy": "skew_mid_spread",
  "strategy_kwargs": {
    "gamma": 0.1,
    "gamma_cap_factor": 5.0,
    "gamma_imb": 0.5,
    "gamma_inv_scale": 4.0,
    "gamma_vol_scale": 2.0,
    "gradient_penalty_ticks": 1.0,
    "gradient_threshold": 1.5,
    "k_vol": 1.3,
    "size_base": 0.02,
    "size_exp": 1.0,
    "size_min_factor": 0.1
  },
  "snapshots_processed": 1000,
  "sharpe_ratio": -1.2049783656079087,
  "capital_base": 10000.0,
  "sharpe_horizon_seconds": 60.0
}