{
  "final_pnl": -7.043231332767391,
  "final_inventory": 0.005973270466297536,
  "fill_count": 276,
  "max_drawdown": 7.043231332767391,
  "pnl_attribution": {
    "inventory_moves": -0.5620744358142027,
    "fees": -7.3025294567129215,
    "spread_capture": 1.0275128858366034,
    "adverse_selection": -0.1981568073960824,
    "funding_rates": 0.0
  },
  "additional_metrics": {
    "orders_placed": 539,
    "orders_placed_buy": 264,
    "orders_placed_sell": 275,
    "maker_qty_placed": 6.187832308856625,
    "maker_qty_filled": 1.3197126397171823,
    "maker_fill_qty_rate": 0.2132754369940313,
    "avg_fill_latency_sec": 0.19021518320976932,
    "std_fill_latency_sec": 0.11423495015948641,
    "avg_queue_position": 1.1755912281352705,
    "std_queue_position": 1.360010353920908,
    "avg_order_lifetime_sec": 0.202924041808406,
    "std_order_lifetime_sec": 0.10973059332558416,
    "avg_competition_size": 0.7341473159685564,
    "std_competition_size": 0.14179299880992702,
    "forced_liquidations": 0,
    "avg_forced_liq_cost": 0.0,
    "std_forced_liq_cost": 0.0
  },
  "strategy": "skew_mid_spread",
  "strategy_kwargs": {
    "gamma": 0.1,
    "gamma_cap_factor": 5.0,
    "gamma_imb": 0.5,
    "gamma_inv_scale": 4.0,
    "gamma_vol_scale": 2.0,
    "gradient_penalty_ticks": 1.0,
    "gradient_threshold": 1.5,
    "k_vol": 1.3,
    "size_base": 0.02,
    "size_exp": 3.0,
    "size_min_factor": 0.2
  },
  "snapshots_processed": 1000,
  "sharpe_ratio": -1.2373895559584498,
  "capital_base": 10000.0,
  "sharpe_horizon_seconds": 60.0
}