{
  "final_pnl": -23.170904065016657,
  "final_inventory": 0.03786175848027919,
  "fill_count": 308,
  "max_drawdown": 23.170904065016657,
  "pnl_attribution": {
    "inventory_moves": -0.13888163187911123,
    "fees": -17.659666863466622,
    "spread_capture": 1.7139466222323727,
    "adverse_selection": -6.802256669001901,
    "funding_rates": 0.0
  },
  "additional_metrics": {
    "orders_placed": 606,
    "orders_placed_buy": 303,
    "orders_placed_sell": 303,
    "maker_qty_placed": 13.774899073618815,
    "maker_qty_filled": 2.672573105524208,
    "maker_fill_qty_rate": 0.19401761793250613,
    "avg_fill_latency_sec": 0.16205882006150515,
    "std_fill_latency_sec": 0.11968944302540427,
    "avg_queue_position": 1.0963559447634383,
    "std_queue_position": 1.3559751302070395,
    "avg_order_lifetime_sec": 0.17011764342772132,
    "std_order_lifetime_sec": 0.11693083338016284,
    "avg_competition_size": 0.867285546685391,
    "std_competition_size": 0.1699821054992582,
    "forced_liquidations": 35,
    "avg_forced_liq_cost": 0.1828747625211603,
    "std_forced_liq_cost": 0.11098548881456244
  },
  "strategy": "skew_mid_spread",
  "strategy_kwargs": {
    "gamma": 0.1,
    "gamma_cap_factor": 5.0,
    "gamma_imb": 0.5,
    "gamma_inv_scale": 4.0,
    "gamma_vol_scale": 2.0,
    "gradient_penalty_ticks": 1.0,
    "gradient_threshold": 1.5,
    "k_vol": 1.3,
    "size_base": 0.04,
    "size_exp": 2.0,
    "size_min_factor": 0.3
  },
  "snapshots_processed": 1000,
  "sharpe_ratio": -1.3743785272612752,
  "capital_base": 10000.0,
  "sharpe_horizon_seconds": 60.0
}