{
  "final_pnl": -3.4541065572520893,
  "final_inventory": 0.006995661106470489,
  "fill_count": 272,
  "max_drawdown": 3.4541065572520893,
  "pnl_attribution": {
    "inventory_moves": -0.2793544575224974,
    "fees": -3.64275645716045,
    "spread_capture": 0.5498575407079922,
    "adverse_selection": -0.0913989490296407,
    "funding_rates": 0.0
  },
  "additional_metrics": {
    "orders_placed": 534,
    "orders_placed_buy": 263,
    "orders_placed_sell": 271,
    "maker_qty_placed": 3.066967419103631,
    "maker_qty_filled": 0.637278269776893,
    "maker_fill_qty_rate": 0.2077877534033757,
    "avg_fill_latency_sec": 0.18507006062064202,
    "std_fill_latency_sec": 0.1136168052163445,
    "avg_queue_position": 1.0899419016529002,
    "std_queue_position": 1.3422927475531872,
    "avg_order_lifetime_sec": 0.2042356645985014,
    "std_order_lifetime_sec": 0.11595046692302576,
    "avg_competition_size": 0.661830484169064,
    "std_competition_size": 0.13130041315994964,
    "forced_liquidations": 0,
    "avg_forced_liq_cost": 0.0,
    "std_forced_liq_cost": 0.0
  },
  "strategy": "skew_mid_spread",
  "strategy_kwargs": {
    "gamma": 0.1,
    "gamma_cap_factor": 5.0,
    "gamma_imb": 0.5,
    "gamma_inv_scale": 4.0,
    "gamma_vol_scale": 2.0,
    "gradient_penalty_ticks": 1.0,
    "gradient_threshold": 1.5,
    "k_vol": 1.3,
    "size_base": 0.01,
    "size_exp": 2.0,
    "size_min_factor": 0.3
  },
  "snapshots_processed": 1000,
  "sharpe_ratio": -1.1326089484305981,
  "capital_base": 10000.0,
  "sharpe_horizon_seconds": 60.0
}