{
  "final_pnl": -7.698845129873007,
  "final_inventory": 0.01118934546987422,
  "fill_count": 281,
  "max_drawdown": 7.698845129873007,
  "pnl_attribution": {
    "inventory_moves": -0.663171709682702,
    "fees": -7.506969375423681,
    "spread_capture": 0.8732754845568295,
    "adverse_selection": -0.3830672546284926,
    "funding_rates": 0.0
  },
  "additional_metrics": {
    "orders_placed": 611,
    "orders_placed_buy": 306,
    "orders_placed_sell": 305,
    "maker_qty_placed": 6.945040120758259,
    "maker_qty_filled": 1.28578111424999,
    "maker_fill_qty_rate": 0.18513659991781423,
    "avg_fill_latency_sec": 0.18132514748836587,
    "std_fill_latency_sec": 0.11197692666422429,
    "avg_queue_position": 1.0956504179816233,
    "std_queue_position": 1.3246693424598461,
    "avg_order_lifetime_sec": 0.1890306677555014,
    "std_order_lifetime_sec": 0.10779976616355229,
    "avg_competition_size": 0.7381530546454896,
    "std_competition_size": 0.14769269696834317,
    "forced_liquidations": 3,
    "avg_forced_liq_cost": 0.060901295784908195,
    "std_forced_liq_cost": 0.03736957117784625
  },
  "strategy": "skew_mid_spread",
  "strategy_kwargs": {
    "gamma": 0.1,
    "gamma_cap_factor": 5.0,
    "gamma_imb": 0.5,
    "gamma_inv_scale": 4.0,
    "gamma_vol_scale": 2.0,
    "gradient_penalty_ticks": 1.0,
    "gradient_threshold": 1.5,
    "k_vol": 1.3,
    "size_base": 0.02,
    "size_exp": 2.0,
    "size_min_factor": 0.1
  },
  "snapshots_processed": 1000,
  "sharpe_ratio": -1.1970226608122905,
  "capital_base": 10000.0,
  "sharpe_horizon_seconds": 60.0
}