{
  "final_pnl": -1.705623237457985,
  "final_inventory": 0.004365254277103154,
  "fill_count": 269,
  "max_drawdown": 1.705623237457985,
  "pnl_attribution": {
    "inventory_moves": -0.10536607611112495,
    "fees": -1.775135346470259,
    "spread_capture": 0.22011259735894537,
    "adverse_selection": -0.04918678660864333,
    "funding_rates": 0.0
  },
  "additional_metrics": {
    "orders_placed": 530,
    "orders_placed_buy": 260,
    "orders_placed_sell": 270,
    "maker_qty_placed": 1.522858645055871,
    "maker_qty_filled": 0.32538933247474316,
    "maker_fill_qty_rate": 0.2136700825983788,
    "avg_fill_latency_sec": 0.18866233237378008,
    "std_fill_latency_sec": 0.1117067237190678,
    "avg_queue_position": 1.129047187390143,
    "std_queue_position": 1.3857541229699488,
    "avg_order_lifetime_sec": 0.2082012922732861,
    "std_order_lifetime_sec": 0.1134763734299867,
    "avg_competition_size": 0.6270582882984538,
    "std_competition_size": 0.1263058798831635,
    "forced_liquidations": 0,
    "avg_forced_liq_cost": 0.0,
    "std_forced_liq_cost": 0.0
  },
  "strategy": "skew_mid_spread",
  "strategy_kwargs": {
    "gamma": 0.1,
    "gamma_cap_factor": 5.0,
    "gamma_imb": 0.5,
    "gamma_inv_scale": 4.0,
    "gamma_vol_scale": 2.0,
    "gradient_penalty_ticks": 1.0,
    "gradient_threshold": 1.5,
    "k_vol": 1.3,
    "size_base": 0.005,
    "size_exp": 2.0,
    "size_min_factor": 0.1
  },
  "snapshots_processed": 1000,
  "sharpe_ratio": -1.118350491280369,
  "capital_base": 10000.0,
  "sharpe_horizon_seconds": 60.0
}