{
  "final_pnl": -0.7334948003626778,
  "final_inventory": 0.004125266035632583,
  "fill_count": 2173,
  "max_drawdown": 2.958034335708362,
  "pnl_attribution": {
    "inventory_moves": -0.7186898401438098,
    "fees": -0.7646824813814499,
    "spread_capture": 0.9400822400146881,
    "adverse_selection": -0.13527182951925276,
    "funding_rates": 0.0
  },
  "additional_metrics": {
    "orders_placed": 2058,
    "orders_placed_buy": 1067,
    "orders_placed_sell": 991,
    "maker_qty_placed": 44.97601526254088,
    "maker_qty_filled": 0.9380388923288758,
    "maker_fill_qty_rate": 0.020856425071301043,
    "avg_fill_latency_sec": 0.005780132140143443,
    "std_fill_latency_sec": 0.037614136712141075,
    "avg_queue_position": 0.023703951562944393,
    "std_queue_position": 0.2394867486718154,
    "avg_order_lifetime_sec": 0.005780132140143443,
    "std_order_lifetime_sec": 0.037614136712141075,
    "avg_competition_size": 0.35505503047198883,
    "std_competition_size": 0.06874534634303249,
    "forced_liquidations": 0,
    "avg_forced_liq_cost": 0.0,
    "std_forced_liq_cost": 0.0,
    "taker_qty_hedge": 0.185206643065569,
    "taker_qty_cross": 0.0,
    "taker_trades_hedge": 2075,
    "taker_trades_cross": 0,
    "taker_qty_total": 0.185206643065569,
    "notional_traded_btc": 1.1232455353944446,
    "notional_traded_usdt": 19319.44684951193
  },
  "strategy": "skew_mid_spread",
  "strategy_kwargs": {
    "extra_spread_ticks": 15.0,
    "gamma": 0.08,
    "gamma_cap_factor": 5.0,
    "gamma_imb": 0.5,
    "gamma_inv_scale": 1.0,
    "gamma_vol_scale": 2.0,
    "gradient_penalty_ticks": 1.0,
    "gradient_threshold": 1.5,
    "k_vol": 6.0,
    "size_base": 0.04,
    "size_exp": 2.0,
    "size_min_factor": 0.3
  },
  "snapshots_processed": 10000,
  "sharpe_ratio": -0.07783972922234597,
  "capital_base": 10000.0,
  "sharpe_horizon_seconds": 60.0
}