{
  "final_pnl": -17.89383518687464,
  "final_inventory": 0.025390354355200054,
  "fill_count": 294,
  "max_drawdown": 17.89383518687464,
  "pnl_attribution": {
    "inventory_moves": -0.4672184266137332,
    "fees": -16.00173126206175,
    "spread_capture": 2.0342965773232806,
    "adverse_selection": -3.3166441006775806,
    "funding_rates": 0.0
  },
  "additional_metrics": {
    "orders_placed": 607,
    "orders_placed_buy": 303,
    "orders_placed_sell": 304,
    "maker_qty_placed": 13.774812352233328,
    "maker_qty_filled": 2.670658973274928,
    "maker_fill_qty_rate": 0.19387988053731497,
    "avg_fill_latency_sec": 0.17522542876315256,
    "std_fill_latency_sec": 0.11487218539999615,
    "avg_queue_position": 1.1560074141122902,
    "std_queue_position": 1.346094975528175,
    "avg_order_lifetime_sec": 0.18683236458398014,
    "std_order_lifetime_sec": 0.10911779758846465,
    "avg_competition_size": 0.8699814219652489,
    "std_competition_size": 0.1719589139741039,
    "forced_liquidations": 16,
    "avg_forced_liq_cost": 0.18141742624203294,
    "std_forced_liq_cost": 0.12009829313076767
  },
  "strategy": "skew_mid_spread",
  "strategy_kwargs": {
    "gamma": 0.1,
    "gamma_cap_factor": 5.0,
    "gamma_imb": 0.5,
    "gamma_inv_scale": 4.0,
    "gamma_vol_scale": 2.0,
    "gradient_penalty_ticks": 1.0,
    "gradient_threshold": 1.5,
    "k_vol": 1.3,
    "size_base": 0.04,
    "size_exp": 2.0,
    "size_min_factor": 0.3
  },
  "snapshots_processed": 1000,
  "sharpe_ratio": -1.0820415238842362,
  "capital_base": 10000.0,
  "sharpe_horizon_seconds": 60.0
}