{
  "final_pnl": -1.4767303001954133,
  "final_inventory": 0.0005247409892926184,
  "fill_count": 258,
  "max_drawdown": 1.4767303001954133,
  "pnl_attribution": {
    "inventory_moves": -0.06987942068923308,
    "fees": -1.6394087026206545,
    "spread_capture": 0.27989834484067927,
    "adverse_selection": -0.04794952786806334,
    "funding_rates": 0.0
  },
  "additional_metrics": {
    "orders_placed": 533,
    "orders_placed_buy": 260,
    "orders_placed_sell": 273,
    "maker_qty_placed": 1.535400946386587,
    "maker_qty_filled": 0.3092884407252341,
    "maker_fill_qty_rate": 0.20143822462342073,
    "avg_fill_latency_sec": 0.1938356095797395,
    "std_fill_latency_sec": 0.10879212260575877,
    "avg_queue_position": 1.069695159457478,
    "std_queue_position": 1.2968406234002883,
    "avg_order_lifetime_sec": 0.20758903189881206,
    "std_order_lifetime_sec": 0.10310206404826558,
    "avg_competition_size": 0.6323163030830622,
    "std_competition_size": 0.1205558208565233,
    "forced_liquidations": 0,
    "avg_forced_liq_cost": 0.0,
    "std_forced_liq_cost": 0.0
  },
  "strategy": "skew_mid_spread",
  "strategy_kwargs": {
    "gamma": 0.1,
    "gamma_cap_factor": 5.0,
    "gamma_imb": 0.5,
    "gamma_inv_scale": 4.0,
    "gamma_vol_scale": 2.0,
    "gradient_penalty_ticks": 1.0,
    "gradient_threshold": 1.5,
    "k_vol": 1.3,
    "size_base": 0.005,
    "size_exp": 3.0,
    "size_min_factor": 0.3
  },
  "snapshots_processed": 1000,
  "sharpe_ratio": -1.0887563115669625,
  "capital_base": 10000.0,
  "sharpe_horizon_seconds": 60.0
}