{
  "final_pnl": -7.067133849104721,
  "final_inventory": 0.016981691263242893,
  "fill_count": 272,
  "max_drawdown": 7.067133849104721,
  "pnl_attribution": {
    "inventory_moves": -0.4812428965479285,
    "fees": -7.213088086934519,
    "spread_capture": 0.8234235013817034,
    "adverse_selection": -0.18529989041096515,
    "funding_rates": 0.0
  },
  "additional_metrics": {
    "orders_placed": 537,
    "orders_placed_buy": 266,
    "orders_placed_sell": 271,
    "maker_qty_placed": 6.180045461006852,
    "maker_qty_filled": 1.2867192488126495,
    "maker_fill_qty_rate": 0.208205466599111,
    "avg_fill_latency_sec": 0.1878974315447685,
    "std_fill_latency_sec": 0.11214603346395695,
    "avg_queue_position": 1.190663908591017,
    "std_queue_position": 1.4194253764346358,
    "avg_order_lifetime_sec": 0.2087884560609475,
    "std_order_lifetime_sec": 0.12308018248947734,
    "avg_competition_size": 0.7385472794726915,
    "std_competition_size": 0.14352834536564027,
    "forced_liquidations": 0,
    "avg_forced_liq_cost": 0.0,
    "std_forced_liq_cost": 0.0
  },
  "strategy": "skew_mid_spread",
  "strategy_kwargs": {
    "gamma": 0.1,
    "gamma_cap_factor": 5.0,
    "gamma_imb": 0.5,
    "gamma_inv_scale": 4.0,
    "gamma_vol_scale": 2.0,
    "gradient_penalty_ticks": 1.0,
    "gradient_threshold": 1.5,
    "k_vol": 1.3,
    "size_base": 0.02,
    "size_exp": 1.0,
    "size_min_factor": 0.1
  },
  "snapshots_processed": 1000,
  "sharpe_ratio": -1.2023246188114338,
  "capital_base": 10000.0,
  "sharpe_horizon_seconds": 60.0
}