{
  "final_pnl": -1.7199782502520975,
  "final_inventory": 0.0031344832709967537,
  "fill_count": 267,
  "max_drawdown": 1.7199782502520975,
  "pnl_attribution": {
    "inventory_moves": -0.13762840997110784,
    "fees": -1.7978002534600341,
    "spread_capture": 0.2565922300295871,
    "adverse_selection": -0.04719223230239021,
    "funding_rates": 0.0
  },
  "additional_metrics": {
    "orders_placed": 608,
    "orders_placed_buy": 303,
    "orders_placed_sell": 305,
    "maker_qty_placed": 1.7274591319461756,
    "maker_qty_filled": 0.3161695333125852,
    "maker_fill_qty_rate": 0.183025767420839,
    "avg_fill_latency_sec": 0.18379220250365022,
    "std_fill_latency_sec": 0.11070949588310178,
    "avg_queue_position": 1.105488867826372,
    "std_queue_position": 1.40273356110746,
    "avg_order_lifetime_sec": 0.1968311628738007,
    "std_order_lifetime_sec": 0.10279381426091154,
    "avg_competition_size": 0.6242959635685416,
    "std_competition_size": 0.12373753390647885,
    "forced_liquidations": 0,
    "avg_forced_liq_cost": 0.0,
    "std_forced_liq_cost": 0.0
  },
  "strategy": "skew_mid_spread",
  "strategy_kwargs": {
    "gamma": 0.1,
    "gamma_cap_factor": 5.0,
    "gamma_imb": 0.5,
    "gamma_inv_scale": 4.0,
    "gamma_vol_scale": 2.0,
    "gradient_penalty_ticks": 1.0,
    "gradient_threshold": 1.5,
    "k_vol": 1.3,
    "size_base": 0.005,
    "size_exp": 3.0,
    "size_min_factor": 0.3
  },
  "snapshots_processed": 1000,
  "sharpe_ratio": -1.1449900738973262,
  "capital_base": 10000.0,
  "sharpe_horizon_seconds": 60.0
}