{
  "final_pnl": -2.159971283243067,
  "final_inventory": 0.027994347445048043,
  "fill_count": 1743,
  "max_drawdown": 2.99356054997952,
  "pnl_attribution": {
    "inventory_moves": -2.1732786105953736,
    "fees": -0.7952537941422537,
    "spread_capture": 0.9700605505619596,
    "adverse_selection": -0.12685423170132132,
    "funding_rates": 0.0
  },
  "additional_metrics": {
    "orders_placed": 2063,
    "orders_placed_buy": 1070,
    "orders_placed_sell": 993,
    "maker_qty_placed": 45.08153680871478,
    "maker_qty_filled": 0.8025325467163305,
    "maker_fill_qty_rate": 0.01780180099275568,
    "avg_fill_latency_sec": 0.006498528902077408,
    "std_fill_latency_sec": 0.03985675530208071,
    "avg_queue_position": 0.01546579076216464,
    "std_queue_position": 0.14087971021486315,
    "avg_order_lifetime_sec": 0.006498528902077408,
    "std_order_lifetime_sec": 0.03985675530208071,
    "avg_competition_size": 0.35598654631975435,
    "std_competition_size": 0.0685924785827375,
    "forced_liquidations": 0,
    "avg_forced_liq_cost": 0.0,
    "std_forced_liq_cost": 0.0,
    "taker_qty_hedge": 0.19254238198755846,
    "taker_qty_cross": 0.0,
    "taker_trades_hedge": 1655,
    "taker_trades_cross": 0,
    "taker_qty_total": 0.19254238198755846,
    "notional_traded_btc": 0.9950749287038887,
    "notional_traded_usdt": 17120.249810068406
  },
  "strategy": "skew_mid_spread",
  "strategy_kwargs": {
    "extra_spread_ticks": 15.0,
    "gamma": 0.16,
    "gamma_cap_factor": 5.0,
    "gamma_imb": 0.5,
    "gamma_inv_scale": 1.0,
    "gamma_vol_scale": 2.0,
    "gradient_penalty_ticks": 1.0,
    "gradient_threshold": 1.5,
    "k_vol": 2.0,
    "size_base": 0.04,
    "size_exp": 2.0,
    "size_min_factor": 0.3
  },
  "snapshots_processed": 10000,
  "sharpe_ratio": -0.2986899718497216,
  "capital_base": 10000.0,
  "sharpe_horizon_seconds": 60.0
}