{
  "final_pnl": -0.9726493425168883,
  "final_inventory": 0.03571707803727338,
  "fill_count": 44,
  "max_drawdown": 2.3283668207004666,
  "pnl_attribution": {
    "inventory_moves": -0.7466243515521676,
    "fees": -0.6826113266605159,
    "spread_capture": 0.5239842284321615,
    "adverse_selection": -0.06987098244151152,
    "funding_rates": 0.0
  },
  "additional_metrics": {
    "orders_placed": 1588,
    "orders_placed_buy": 821,
    "orders_placed_sell": 767,
    "maker_qty_placed": 34.865776049587375,
    "maker_qty_filled": 0.396907536241219,
    "maker_fill_qty_rate": 0.011383872129412024,
    "avg_fill_latency_sec": 0.2507726929404519,
    "std_fill_latency_sec": 0.0007343236569076608,
    "avg_queue_position": 1.1865744723851541,
    "std_queue_position": 1.223839406415881,
    "avg_order_lifetime_sec": 0.2507726929404519,
    "std_order_lifetime_sec": 0.0007343236569076608,
    "avg_competition_size": 0.3532449902036201,
    "std_competition_size": 0.07016439665190499,
    "forced_liquidations": 0,
    "avg_forced_liq_cost": 0.0,
    "std_forced_liq_cost": 0.0,
    "taker_qty_hedge": 0.0,
    "taker_qty_cross": 0.0,
    "taker_trades_hedge": 0,
    "taker_trades_cross": 0,
    "taker_qty_total": 0.0,
    "notional_traded_btc": 0.396907536241219,
    "notional_traded_usdt": 6826.11326660516
  },
  "strategy": "skew_mid_spread",
  "strategy_kwargs": {
    "extra_spread_ticks": 34.0,
    "gamma": 0.12,
    "gamma_cap_factor": 5.0,
    "gamma_imb": 0.5,
    "gamma_inv_scale": 1.0,
    "gamma_vol_scale": 2.0,
    "gradient_penalty_ticks": 1.0,
    "gradient_threshold": 1.5,
    "k_vol": 4.0,
    "size_base": 0.04,
    "size_exp": 2.0,
    "size_min_factor": 0.3
  },
  "snapshots_processed": 10000,
  "sharpe_ratio": -0.11966473576387496,
  "capital_base": 10000.0,
  "sharpe_horizon_seconds": 60.0
}