{
  "final_pnl": -2.4080853036739427,
  "final_inventory": 0.08043921999580902,
  "fill_count": 1219,
  "max_drawdown": 3.476337547412186,
  "pnl_attribution": {
    "inventory_moves": -1.7476048594883888,
    "fees": -1.257303601294558,
    "spread_capture": 0.7287049591646165,
    "adverse_selection": -0.08577596524880894,
    "funding_rates": 0.0
  },
  "additional_metrics": {
    "orders_placed": 1586,
    "orders_placed_buy": 820,
    "orders_placed_sell": 766,
    "maker_qty_placed": 34.80254214343788,
    "maker_qty_filled": 0.5467710276569431,
    "maker_fill_qty_rate": 0.015710663474048498,
    "avg_fill_latency_sec": 0.0056786913199712765,
    "std_fill_latency_sec": 0.037301914920533426,
    "avg_queue_position": 0.026496111752744255,
    "std_queue_position": 0.23853801926000176,
    "avg_order_lifetime_sec": 0.0056786913199712765,
    "std_order_lifetime_sec": 0.037301914920533426,
    "avg_competition_size": 0.35430070264726854,
    "std_competition_size": 0.06817353681523278,
    "forced_liquidations": 0,
    "avg_forced_liq_cost": 0.0,
    "std_forced_liq_cost": 0.0,
    "taker_qty_hedge": 0.06138927128581475,
    "taker_qty_cross": 0.0,
    "taker_trades_hedge": 1165,
    "taker_trades_cross": 0,
    "taker_qty_total": 0.06138927128581475,
    "notional_traded_btc": 0.6081602989427586,
    "notional_traded_usdt": 10460.652715485385
  },
  "strategy": "skew_mid_spread",
  "strategy_kwargs": {
    "extra_spread_ticks": 26.0,
    "gamma": 0.2,
    "gamma_cap_factor": 5.0,
    "gamma_imb": 0.5,
    "gamma_inv_scale": 1.0,
    "gamma_vol_scale": 2.0,
    "gradient_penalty_ticks": 1.0,
    "gradient_threshold": 1.5,
    "k_vol": 8.0,
    "size_base": 0.04,
    "size_exp": 2.0,
    "size_min_factor": 0.3
  },
  "snapshots_processed": 10000,
  "sharpe_ratio": -0.2657125884704173,
  "capital_base": 10000.0,
  "sharpe_horizon_seconds": 60.0
}