{
  "final_pnl": -15.76598804015157,
  "final_inventory": 0.02863148569211782,
  "fill_count": 290,
  "max_drawdown": 15.76598804015157,
  "pnl_attribution": {
    "inventory_moves": -1.2521788512363063,
    "fees": -15.770649471826243,
    "spread_capture": 2.392440308478554,
    "adverse_selection": -1.0663674166043693,
    "funding_rates": 0.0
  },
  "additional_metrics": {
    "orders_placed": 537,
    "orders_placed_buy": 265,
    "orders_placed_sell": 272,
    "maker_qty_placed": 12.331350034089844,
    "maker_qty_filled": 2.7029935630076936,
    "maker_fill_qty_rate": 0.21919688886742375,
    "avg_fill_latency_sec": 0.18491071036883763,
    "std_fill_latency_sec": 0.11674839614485508,
    "avg_queue_position": 1.2253970243282195,
    "std_queue_position": 1.3980808560892766,
    "avg_order_lifetime_sec": 0.20132142447289966,
    "std_order_lifetime_sec": 0.12599737218675255,
    "avg_competition_size": 0.862127554138857,
    "std_competition_size": 0.16816313918823367,
    "forced_liquidations": 3,
    "avg_forced_liq_cost": 0.21924722871678917,
    "std_forced_liq_cost": 0.07132061413392099
  },
  "strategy": "skew_mid_spread",
  "strategy_kwargs": {
    "gamma": 0.1,
    "gamma_cap_factor": 5.0,
    "gamma_imb": 0.5,
    "gamma_inv_scale": 4.0,
    "gamma_vol_scale": 2.0,
    "gradient_penalty_ticks": 1.0,
    "gradient_threshold": 1.5,
    "k_vol": 1.3,
    "size_base": 0.04,
    "size_exp": 2.0,
    "size_min_factor": 0.2
  },
  "snapshots_processed": 1000,
  "sharpe_ratio": -1.1748236885472636,
  "capital_base": 10000.0,
  "sharpe_horizon_seconds": 60.0
}