{
  "final_pnl": -2.2125225409654377,
  "final_inventory": -0.03445201629301781,
  "fill_count": 111,
  "max_drawdown": 3.8492263490315963,
  "pnl_attribution": {
    "inventory_moves": -0.34721002694844944,
    "fees": -2.6403914686031276,
    "spread_capture": 0.9143557590364038,
    "adverse_selection": -0.1309996593797642,
    "funding_rates": 0.0
  },
  "additional_metrics": {
    "orders_placed": 2063,
    "orders_placed_buy": 1070,
    "orders_placed_sell": 993,
    "maker_qty_placed": 45.07596428061766,
    "maker_qty_filled": 0.8856542926780432,
    "maker_fill_qty_rate": 0.019648038745537565,
    "avg_fill_latency_sec": 0.1980000119055471,
    "std_fill_latency_sec": 0.10198735517957241,
    "avg_queue_position": 0.5088034918852495,
    "std_queue_position": 0.7252223855694566,
    "avg_order_lifetime_sec": 0.1980000119055471,
    "std_order_lifetime_sec": 0.10198735517957241,
    "avg_competition_size": 0.3562696392355885,
    "std_competition_size": 0.06806738345644878,
    "forced_liquidations": 0,
    "avg_forced_liq_cost": 0.0,
    "std_forced_liq_cost": 0.0,
    "taker_qty_hedge": 0.2163577209775872,
    "taker_qty_cross": 0.0,
    "taker_trades_hedge": 13,
    "taker_trades_cross": 0,
    "taker_qty_total": 0.2163577209775872,
    "notional_traded_btc": 1.1020120136556302,
    "notional_traded_usdt": 18957.121064497802
  },
  "strategy": "skew_mid_spread",
  "strategy_kwargs": {
    "extra_spread_ticks": 38.0,
    "gamma": 0.16,
    "gamma_cap_factor": 5.0,
    "gamma_imb": 0.5,
    "gamma_inv_scale": 1.0,
    "gamma_vol_scale": 2.0,
    "gradient_penalty_ticks": 1.0,
    "gradient_threshold": 1.5,
    "k_vol": 8.0,
    "size_base": 0.04,
    "size_exp": 2.0,
    "size_min_factor": 0.3
  },
  "snapshots_processed": 10000,
  "sharpe_ratio": -0.21237620756897313,
  "capital_base": 10000.0,
  "sharpe_horizon_seconds": 60.0
}