{
  "final_pnl": -16.64629324083944,
  "final_inventory": 0.0796427465638458,
  "fill_count": 286,
  "max_drawdown": 16.64629324083944,
  "pnl_attribution": {
    "inventory_moves": -0.5257957424777008,
    "fees": -15.657686445751713,
    "spread_capture": 1.9980823424469778,
    "adverse_selection": -2.3335161839187215,
    "funding_rates": 0.0
  },
  "additional_metrics": {
    "orders_placed": 610,
    "orders_placed_buy": 304,
    "orders_placed_sell": 306,
    "maker_qty_placed": 13.863784882250139,
    "maker_qty_filled": 2.5727256377604086,
    "maker_fill_qty_rate": 0.1855716645642908,
    "avg_fill_latency_sec": 0.17599404425848097,
    "std_fill_latency_sec": 0.11456545514560974,
    "avg_queue_position": 1.150386978136984,
    "std_queue_position": 1.3552726811785913,
    "avg_order_lifetime_sec": 0.18347023498444331,
    "std_order_lifetime_sec": 0.11097725475877034,
    "avg_competition_size": 0.8679697243777872,
    "std_competition_size": 0.1763869249115644,
    "forced_liquidations": 13,
    "avg_forced_liq_cost": 0.15085570469787585,
    "std_forced_liq_cost": 0.059106609256413485
  },
  "strategy": "skew_mid_spread",
  "strategy_kwargs": {
    "gamma": 0.1,
    "gamma_cap_factor": 5.0,
    "gamma_imb": 0.5,
    "gamma_inv_scale": 4.0,
    "gamma_vol_scale": 2.0,
    "gradient_penalty_ticks": 1.0,
    "gradient_threshold": 1.5,
    "k_vol": 1.3,
    "size_base": 0.04,
    "size_exp": 1.0,
    "size_min_factor": 0.3
  },
  "snapshots_processed": 1000,
  "sharpe_ratio": -1.0755202223137048,
  "capital_base": 10000.0,
  "sharpe_horizon_seconds": 60.0
}