{
  "final_pnl": -1.5836913375187578,
  "final_inventory": 0.001361786083716057,
  "fill_count": 260,
  "max_drawdown": 1.5836913375187578,
  "pnl_attribution": {
    "inventory_moves": -0.08920460184368743,
    "fees": -1.681578261325385,
    "spread_capture": 0.23618002954957149,
    "adverse_selection": -0.05113290738465423,
    "funding_rates": 0.0
  },
  "additional_metrics": {
    "orders_placed": 532,
    "orders_placed_buy": 259,
    "orders_placed_sell": 273,
    "maker_qty_placed": 1.5288174815572886,
    "maker_qty_filled": 0.31235548377784145,
    "maker_fill_qty_rate": 0.20431182109434606,
    "avg_fill_latency_sec": 0.19123647986231623,
    "std_fill_latency_sec": 0.11035877158333528,
    "avg_queue_position": 1.131852345995357,
    "std_queue_position": 1.4066776894611284,
    "avg_order_lifetime_sec": 0.20480404512302294,
    "std_order_lifetime_sec": 0.105179420989993,
    "avg_competition_size": 0.6357742744599896,
    "std_competition_size": 0.12314731033826753,
    "forced_liquidations": 0,
    "avg_forced_liq_cost": 0.0,
    "std_forced_liq_cost": 0.0
  },
  "strategy": "skew_mid_spread",
  "strategy_kwargs": {
    "gamma": 0.1,
    "gamma_cap_factor": 5.0,
    "gamma_imb": 0.5,
    "gamma_inv_scale": 4.0,
    "gamma_vol_scale": 2.0,
    "gradient_penalty_ticks": 1.0,
    "gradient_threshold": 1.5,
    "k_vol": 1.3,
    "size_base": 0.005,
    "size_exp": 2.0,
    "size_min_factor": 0.3
  },
  "snapshots_processed": 1000,
  "sharpe_ratio": -1.1607519291684403,
  "capital_base": 10000.0,
  "sharpe_horizon_seconds": 60.0
}