{
  "final_pnl": -7.311801717174603,
  "final_inventory": 0.022902780699711328,
  "fill_count": 274,
  "max_drawdown": 7.311801717174603,
  "pnl_attribution": {
    "inventory_moves": -0.6286576378694508,
    "fees": -7.388702082993567,
    "spread_capture": 0.9043291007014655,
    "adverse_selection": -0.19963486030541017,
    "funding_rates": 0.0
  },
  "additional_metrics": {
    "orders_placed": 608,
    "orders_placed_buy": 304,
    "orders_placed_sell": 304,
    "maker_qty_placed": 6.909513887427774,
    "maker_qty_filled": 1.2917669993386824,
    "maker_fill_qty_rate": 0.18695483074274166,
    "avg_fill_latency_sec": 0.18386708181115646,
    "std_fill_latency_sec": 0.11063796773309816,
    "avg_queue_position": 1.2065690973145948,
    "std_queue_position": 1.441663558784474,
    "avg_order_lifetime_sec": 0.19656961326357686,
    "std_order_lifetime_sec": 0.10293265013039297,
    "avg_competition_size": 0.7375010495183504,
    "std_competition_size": 0.1427750254452869,
    "forced_liquidations": 0,
    "avg_forced_liq_cost": 0.0,
    "std_forced_liq_cost": 0.0
  },
  "strategy": "skew_mid_spread",
  "strategy_kwargs": {
    "gamma": 0.1,
    "gamma_cap_factor": 5.0,
    "gamma_imb": 0.5,
    "gamma_inv_scale": 4.0,
    "gamma_vol_scale": 2.0,
    "gradient_penalty_ticks": 1.0,
    "gradient_threshold": 1.5,
    "k_vol": 1.3,
    "size_base": 0.02,
    "size_exp": 3.0,
    "size_min_factor": 0.1
  },
  "snapshots_processed": 1000,
  "sharpe_ratio": -1.233807783490169,
  "capital_base": 10000.0,
  "sharpe_horizon_seconds": 60.0
}