{
  "final_pnl": -17.74149324022983,
  "final_inventory": 0.059482993098268516,
  "fill_count": 307,
  "max_drawdown": 17.74149324022983,
  "pnl_attribution": {
    "inventory_moves": -0.4851309607768448,
    "fees": -15.786630874266303,
    "spread_capture": 1.8577514824921602,
    "adverse_selection": -3.1813523395744463,
    "funding_rates": 0.0
  },
  "additional_metrics": {
    "orders_placed": 534,
    "orders_placed_buy": 262,
    "orders_placed_sell": 272,
    "maker_qty_placed": 12.257392964420143,
    "maker_qty_filled": 2.773797922634615,
    "maker_fill_qty_rate": 0.22629591224546616,
    "avg_fill_latency_sec": 0.1857471867893519,
    "std_fill_latency_sec": 0.1189079886040565,
    "avg_queue_position": 1.2093002784915794,
    "std_queue_position": 1.383293831565463,
    "avg_order_lifetime_sec": 0.20124718580353126,
    "std_order_lifetime_sec": 0.12183233478525007,
    "avg_competition_size": 0.8742602392414913,
    "std_competition_size": 0.1739977288724034,
    "forced_liquidations": 16,
    "avg_forced_liq_cost": 0.17330797453360194,
    "std_forced_liq_cost": 0.1130954412582081
  },
  "strategy": "skew_mid_spread",
  "strategy_kwargs": {
    "gamma": 0.1,
    "gamma_cap_factor": 5.0,
    "gamma_imb": 0.5,
    "gamma_inv_scale": 4.0,
    "gamma_vol_scale": 2.0,
    "gradient_penalty_ticks": 1.0,
    "gradient_threshold": 1.5,
    "k_vol": 1.3,
    "size_base": 0.04,
    "size_exp": 1.0,
    "size_min_factor": 0.1
  },
  "snapshots_processed": 1000,
  "sharpe_ratio": -1.1158589711427247,
  "capital_base": 10000.0,
  "sharpe_horizon_seconds": 60.0
}