{
  "final_pnl": -1.4898076314711943,
  "final_inventory": 0.023730812048634593,
  "fill_count": 2171,
  "max_drawdown": 3.4110749986684823,
  "pnl_attribution": {
    "inventory_moves": -1.124100494546326,
    "fees": -1.4267822904191403,
    "spread_capture": 1.2420347438236883,
    "adverse_selection": -0.14695880252921478,
    "funding_rates": 0.0
  },
  "additional_metrics": {
    "orders_placed": 2062,
    "orders_placed_buy": 1068,
    "orders_placed_sell": 994,
    "maker_qty_placed": 45.071355630946,
    "maker_qty_filled": 1.0027043850418873,
    "maker_fill_qty_rate": 0.02224704296121571,
    "avg_fill_latency_sec": 0.0061519583647630304,
    "std_fill_latency_sec": 0.038787711084752236,
    "avg_queue_position": 0.02324644093645844,
    "std_queue_position": 0.22731456709994433,
    "avg_order_lifetime_sec": 0.0061519583647630304,
    "std_order_lifetime_sec": 0.038787711084752236,
    "avg_competition_size": 0.35228243472029497,
    "std_competition_size": 0.06829901507100805,
    "forced_liquidations": 0,
    "avg_forced_liq_cost": 0.0,
    "std_forced_liq_cost": 0.0,
    "taker_qty_hedge": 0.34544413760989245,
    "taker_qty_cross": 0.0,
    "taker_trades_hedge": 2067,
    "taker_trades_cross": 0,
    "taker_qty_total": 0.34544413760989245,
    "notional_traded_btc": 1.3481485226517784,
    "notional_traded_usdt": 23191.596232245807
  },
  "strategy": "skew_mid_spread",
  "strategy_kwargs": {
    "extra_spread_ticks": 15.0,
    "gamma": 0.12,
    "gamma_cap_factor": 5.0,
    "gamma_imb": 0.5,
    "gamma_inv_scale": 1.0,
    "gamma_vol_scale": 2.0,
    "gradient_penalty_ticks": 1.0,
    "gradient_threshold": 1.5,
    "k_vol": 4.0,
    "size_base": 0.04,
    "size_exp": 2.0,
    "size_min_factor": 0.3
  },
  "snapshots_processed": 10000,
  "sharpe_ratio": -0.16249331818912635,
  "capital_base": 10000.0,
  "sharpe_horizon_seconds": 60.0
}