{
  "final_pnl": -1.241096833577103,
  "final_inventory": 0.042294553928689006,
  "fill_count": 79,
  "max_drawdown": 3.0670913723515696,
  "pnl_attribution": {
    "inventory_moves": -1.2825531318641965,
    "fees": -0.6113226782609882,
    "spread_capture": 0.7635057802193672,
    "adverse_selection": -0.09464261056806401,
    "funding_rates": 0.0
  },
  "additional_metrics": {
    "orders_placed": 2063,
    "orders_placed_buy": 1072,
    "orders_placed_sell": 991,
    "maker_qty_placed": 45.11345895263666,
    "maker_qty_filled": 0.6386323566336405,
    "maker_fill_qty_rate": 0.01415613813394629,
    "avg_fill_latency_sec": 0.20990699391032375,
    "std_fill_latency_sec": 0.09256320142727371,
    "avg_queue_position": 0.610877391623385,
    "std_queue_position": 0.7317118101332533,
    "avg_order_lifetime_sec": 0.20990699391032375,
    "std_order_lifetime_sec": 0.09256320142727371,
    "avg_competition_size": 0.3565310261122083,
    "std_competition_size": 0.06906723465307825,
    "forced_liquidations": 0,
    "avg_forced_liq_cost": 0.0,
    "std_forced_liq_cost": 0.0,
    "taker_qty_hedge": 0.14801121055493896,
    "taker_qty_cross": 0.0,
    "taker_trades_hedge": 7,
    "taker_trades_cross": 0,
    "taker_qty_total": 0.14801121055493896,
    "notional_traded_btc": 0.7866435671885795,
    "notional_traded_usdt": 13534.228139410916
  },
  "strategy": "skew_mid_spread",
  "strategy_kwargs": {
    "extra_spread_ticks": 25.0,
    "gamma": 0.16,
    "gamma_cap_factor": 5.0,
    "gamma_imb": 0.5,
    "gamma_inv_scale": 1.0,
    "gamma_vol_scale": 2.0,
    "gradient_penalty_ticks": 1.0,
    "gradient_threshold": 1.5,
    "k_vol": 2.0,
    "size_base": 0.04,
    "size_exp": 2.0,
    "size_min_factor": 0.3
  },
  "snapshots_processed": 10000,
  "sharpe_ratio": -0.14067071279106297,
  "capital_base": 10000.0,
  "sharpe_horizon_seconds": 60.0
}