{
  "final_pnl": -3.0071280321808445,
  "final_inventory": -0.026144591168424956,
  "fill_count": 1890,
  "max_drawdown": 3.2413386517036997,
  "pnl_attribution": {
    "inventory_moves": -1.498534537215717,
    "fees": -2.4616490113644782,
    "spread_capture": 1.0920550834036717,
    "adverse_selection": -0.12210778612906607,
    "funding_rates": 0.0
  },
  "additional_metrics": {
    "orders_placed": 2062,
    "orders_placed_buy": 1070,
    "orders_placed_sell": 992,
    "maker_qty_placed": 45.061959379857875,
    "maker_qty_filled": 0.881549010702823,
    "maker_fill_qty_rate": 0.019563042149846336,
    "avg_fill_latency_sec": 0.00652660143103584,
    "std_fill_latency_sec": 0.039900562585528265,
    "avg_queue_position": 0.021596067093316684,
    "std_queue_position": 0.20235975625834893,
    "avg_order_lifetime_sec": 0.00652660143103584,
    "std_order_lifetime_sec": 0.039900562585528265,
    "avg_competition_size": 0.3548159294692314,
    "std_competition_size": 0.0684667941986673,
    "forced_liquidations": 0,
    "avg_forced_liq_cost": 0.0,
    "std_forced_liq_cost": 0.0,
    "taker_qty_hedge": 0.18310856820703053,
    "taker_qty_cross": 0.0,
    "taker_trades_hedge": 1794,
    "taker_trades_cross": 0,
    "taker_qty_total": 0.18310856820703053,
    "notional_traded_btc": 1.0646575789098527,
    "notional_traded_usdt": 18314.104720197134
  },
  "strategy": "skew_mid_spread",
  "strategy_kwargs": {
    "extra_spread_ticks": 34.0,
    "gamma": 0.16,
    "gamma_cap_factor": 5.0,
    "gamma_imb": 0.5,
    "gamma_inv_scale": 1.0,
    "gamma_vol_scale": 2.0,
    "gradient_penalty_ticks": 1.0,
    "gradient_threshold": 1.5,
    "k_vol": 6.0,
    "size_base": 0.04,
    "size_exp": 2.0,
    "size_min_factor": 0.3
  },
  "snapshots_processed": 10000,
  "sharpe_ratio": -0.3892910627486739,
  "capital_base": 10000.0,
  "sharpe_horizon_seconds": 60.0
}