{
  "final_pnl": -1.770647185459893,
  "final_inventory": 0.009309361581054956,
  "fill_count": 266,
  "max_drawdown": 1.770647185459893,
  "pnl_attribution": {
    "inventory_moves": -0.13554739189092524,
    "fees": -1.776522258474532,
    "spread_capture": 0.1865022190411724,
    "adverse_selection": -0.048089161718422396,
    "funding_rates": 0.0
  },
  "additional_metrics": {
    "orders_placed": 606,
    "orders_placed_buy": 301,
    "orders_placed_sell": 305,
    "maker_qty_placed": 1.7227701912322493,
    "maker_qty_filled": 0.314508954394171,
    "maker_fill_qty_rate": 0.18256001641705416,
    "avg_fill_latency_sec": 0.184973849190606,
    "std_fill_latency_sec": 0.11005399013088255,
    "avg_queue_position": 1.1038992472180782,
    "std_queue_position": 1.4218411193140486,
    "avg_order_lifetime_sec": 0.1948169851614759,
    "std_order_lifetime_sec": 0.10413599492768535,
    "avg_competition_size": 0.6318129389197493,
    "std_competition_size": 0.11862757975594293,
    "forced_liquidations": 0,
    "avg_forced_liq_cost": 0.0,
    "std_forced_liq_cost": 0.0
  },
  "strategy": "skew_mid_spread",
  "strategy_kwargs": {
    "gamma": 0.1,
    "gamma_cap_factor": 5.0,
    "gamma_imb": 0.5,
    "gamma_inv_scale": 4.0,
    "gamma_vol_scale": 2.0,
    "gradient_penalty_ticks": 1.0,
    "gradient_threshold": 1.5,
    "k_vol": 1.3,
    "size_base": 0.005,
    "size_exp": 1.0,
    "size_min_factor": 0.3
  },
  "snapshots_processed": 1000,
  "sharpe_ratio": -1.1938142618748884,
  "capital_base": 10000.0,
  "sharpe_horizon_seconds": 60.0
}