{
  "final_pnl": -3.3562110628427035,
  "final_inventory": 0.0073933680317866115,
  "fill_count": 267,
  "max_drawdown": 3.3562110628427035,
  "pnl_attribution": {
    "inventory_moves": -0.21473259300836467,
    "fees": -3.498059630724156,
    "spread_capture": 0.4420063807549033,
    "adverse_selection": -0.09042473957007459,
    "funding_rates": 0.0
  },
  "additional_metrics": {
    "orders_placed": 535,
    "orders_placed_buy": 263,
    "orders_placed_sell": 272,
    "maker_qty_placed": 3.0676813772352984,
    "maker_qty_filled": 0.6371174039282493,
    "maker_fill_qty_rate": 0.20768695492829892,
    "avg_fill_latency_sec": 0.18830718401989904,
    "std_fill_latency_sec": 0.11198740892846455,
    "avg_queue_position": 1.1306337958205948,
    "std_queue_position": 1.3818246805979568,
    "avg_order_lifetime_sec": 0.20797384953966327,
    "std_order_lifetime_sec": 0.11381448558573948,
    "avg_competition_size": 0.6657374234529775,
    "std_competition_size": 0.12796643807335611,
    "forced_liquidations": 0,
    "avg_forced_liq_cost": 0.0,
    "std_forced_liq_cost": 0.0
  },
  "strategy": "skew_mid_spread",
  "strategy_kwargs": {
    "gamma": 0.1,
    "gamma_cap_factor": 5.0,
    "gamma_imb": 0.5,
    "gamma_inv_scale": 4.0,
    "gamma_vol_scale": 2.0,
    "gradient_penalty_ticks": 1.0,
    "gradient_threshold": 1.5,
    "k_vol": 1.3,
    "size_base": 0.01,
    "size_exp": 2.0,
    "size_min_factor": 0.2
  },
  "snapshots_processed": 1000,
  "sharpe_ratio": -1.1372357484704168,
  "capital_base": 10000.0,
  "sharpe_horizon_seconds": 60.0
}