{
  "final_pnl": -17.134257411644285,
  "final_inventory": 0.04300105159586894,
  "fill_count": 287,
  "max_drawdown": 17.134257411644285,
  "pnl_attribution": {
    "inventory_moves": -0.4993979672710337,
    "fees": -15.203691753123339,
    "spread_capture": 1.7943827152069158,
    "adverse_selection": -3.103936292174909,
    "funding_rates": 0.0
  },
  "additional_metrics": {
    "orders_placed": 606,
    "orders_placed_buy": 303,
    "orders_placed_sell": 303,
    "maker_qty_placed": 13.769397305642757,
    "maker_qty_filled": 2.6312124802817323,
    "maker_fill_qty_rate": 0.19109133260345754,
    "avg_fill_latency_sec": 0.1799940077844494,
    "std_fill_latency_sec": 0.1126484355306511,
    "avg_queue_position": 1.189561773109808,
    "std_queue_position": 1.3632045976661593,
    "avg_order_lifetime_sec": 0.1890179596975178,
    "std_order_lifetime_sec": 0.10782556479073022,
    "avg_competition_size": 0.8776772003137067,
    "std_competition_size": 0.18127942563608349,
    "forced_liquidations": 13,
    "avg_forced_liq_cost": 0.2077555820344901,
    "std_forced_liq_cost": 0.09801532600367006
  },
  "strategy": "skew_mid_spread",
  "strategy_kwargs": {
    "gamma": 0.1,
    "gamma_cap_factor": 5.0,
    "gamma_imb": 0.5,
    "gamma_inv_scale": 4.0,
    "gamma_vol_scale": 2.0,
    "gradient_penalty_ticks": 1.0,
    "gradient_threshold": 1.5,
    "k_vol": 1.3,
    "size_base": 0.04,
    "size_exp": 1.0,
    "size_min_factor": 0.3
  },
  "snapshots_processed": 1000,
  "sharpe_ratio": -1.0747496834641401,
  "capital_base": 10000.0,
  "sharpe_horizon_seconds": 60.0
}