{
  "final_pnl": -1.6764429776376346,
  "final_inventory": 0.004511597833223219,
  "fill_count": 266,
  "max_drawdown": 1.6764429776376346,
  "pnl_attribution": {
    "inventory_moves": -0.1261398216015392,
    "fees": -1.7786883251550656,
    "spread_capture": 0.27194236278511735,
    "adverse_selection": -0.044236964748882744,
    "funding_rates": 0.0
  },
  "additional_metrics": {
    "orders_placed": 606,
    "orders_placed_buy": 302,
    "orders_placed_sell": 304,
    "maker_qty_placed": 1.7214914749638064,
    "maker_qty_filled": 0.3153361033737864,
    "maker_fill_qty_rate": 0.18317610511572022,
    "avg_fill_latency_sec": 0.18496731371661418,
    "std_fill_latency_sec": 0.11005009864866482,
    "avg_queue_position": 1.0915347725683753,
    "std_queue_position": 1.3887903878630012,
    "avg_order_lifetime_sec": 0.19645097208958046,
    "std_order_lifetime_sec": 0.10302172316589667,
    "avg_competition_size": 0.6275299174022657,
    "std_competition_size": 0.1209571583968334,
    "forced_liquidations": 0,
    "avg_forced_liq_cost": 0.0,
    "std_forced_liq_cost": 0.0
  },
  "strategy": "skew_mid_spread",
  "strategy_kwargs": {
    "gamma": 0.1,
    "gamma_cap_factor": 5.0,
    "gamma_imb": 0.5,
    "gamma_inv_scale": 4.0,
    "gamma_vol_scale": 2.0,
    "gradient_penalty_ticks": 1.0,
    "gradient_threshold": 1.5,
    "k_vol": 1.3,
    "size_base": 0.005,
    "size_exp": 3.0,
    "size_min_factor": 0.1
  },
  "snapshots_processed": 1000,
  "sharpe_ratio": -1.158444007540204,
  "capital_base": 10000.0,
  "sharpe_horizon_seconds": 60.0
}