{
  "final_pnl": -1.7483098641805555,
  "final_inventory": 0.004660710483149121,
  "fill_count": 263,
  "max_drawdown": 1.7483098641805555,
  "pnl_attribution": {
    "inventory_moves": -0.12754913450261549,
    "fees": -1.8051731090539513,
    "spread_capture": 0.2301607498254225,
    "adverse_selection": -0.04789818735395953,
    "funding_rates": 0.0
  },
  "additional_metrics": {
    "orders_placed": 606,
    "orders_placed_buy": 301,
    "orders_placed_sell": 305,
    "maker_qty_placed": 1.7246434044401122,
    "maker_qty_filled": 0.316217731269668,
    "maker_fill_qty_rate": 0.1833525298363489,
    "avg_fill_latency_sec": 0.18290130872475474,
    "std_fill_latency_sec": 0.11116084167273195,
    "avg_queue_position": 1.0927577897241005,
    "std_queue_position": 1.4136861420315885,
    "avg_order_lifetime_sec": 0.194460519050297,
    "std_order_lifetime_sec": 0.10438496682495424,
    "avg_competition_size": 0.6403395265302163,
    "std_competition_size": 0.12017307391758124,
    "forced_liquidations": 0,
    "avg_forced_liq_cost": 0.0,
    "std_forced_liq_cost": 0.0
  },
  "strategy": "skew_mid_spread",
  "strategy_kwargs": {
    "gamma": 0.1,
    "gamma_cap_factor": 5.0,
    "gamma_imb": 0.5,
    "gamma_inv_scale": 4.0,
    "gamma_vol_scale": 2.0,
    "gradient_penalty_ticks": 1.0,
    "gradient_threshold": 1.5,
    "k_vol": 1.3,
    "size_base": 0.005,
    "size_exp": 3.0,
    "size_min_factor": 0.2
  },
  "snapshots_processed": 1000,
  "sharpe_ratio": -1.1807150945163727,
  "capital_base": 10000.0,
  "sharpe_horizon_seconds": 60.0
}