{
  "final_pnl": -1.5811478751966206,
  "final_inventory": 0.04429582997204347,
  "fill_count": 1493,
  "max_drawdown": 2.7701996886771667,
  "pnl_attribution": {
    "inventory_moves": -2.0062109214602715,
    "fees": -0.21648931307824051,
    "spread_capture": 0.745621555205244,
    "adverse_selection": -0.09060736214759361,
    "funding_rates": 0.0
  },
  "additional_metrics": {
    "orders_placed": 1590,
    "orders_placed_buy": 822,
    "orders_placed_sell": 768,
    "maker_qty_placed": 34.90614532187814,
    "maker_qty_filled": 0.6266599240131216,
    "maker_fill_qty_rate": 0.017952710568140268,
    "avg_fill_latency_sec": 0.005666438030869993,
    "std_fill_latency_sec": 0.037262143577466614,
    "avg_queue_position": 0.027158264990235742,
    "std_queue_position": 0.3134469877425618,
    "avg_order_lifetime_sec": 0.005666438030869993,
    "std_order_lifetime_sec": 0.037262143577466614,
    "avg_competition_size": 0.3539659607474019,
    "std_competition_size": 0.06912297973402351,
    "forced_liquidations": 0,
    "avg_forced_liq_cost": 0.0,
    "std_forced_liq_cost": 0.0,
    "taker_qty_hedge": 0.052437469625415976,
    "taker_qty_cross": 0.0,
    "taker_trades_hedge": 1427,
    "taker_trades_cross": 0,
    "taker_qty_total": 0.052437469625415976,
    "notional_traded_btc": 0.6790973936385372,
    "notional_traded_usdt": 11679.59303016559
  },
  "strategy": "skew_mid_spread",
  "strategy_kwargs": {
    "extra_spread_ticks": 20.0,
    "gamma": 0.12,
    "gamma_cap_factor": 5.0,
    "gamma_imb": 0.5,
    "gamma_inv_scale": 1.0,
    "gamma_vol_scale": 2.0,
    "gradient_penalty_ticks": 1.0,
    "gradient_threshold": 1.5,
    "k_vol": 6.0,
    "size_base": 0.04,
    "size_exp": 2.0,
    "size_min_factor": 0.3
  },
  "snapshots_processed": 10000,
  "sharpe_ratio": -0.18101482648443457,
  "capital_base": 10000.0,
  "sharpe_horizon_seconds": 60.0
}