{
  "final_pnl": -18.58678652002709,
  "final_inventory": 0.04192517253137959,
  "fill_count": 305,
  "max_drawdown": 18.58678652002709,
  "pnl_attribution": {
    "inventory_moves": -0.5137630381072309,
    "fees": -16.538621824653738,
    "spread_capture": 2.1497418991742934,
    "adverse_selection": -3.5353142437136125,
    "funding_rates": 0.0
  },
  "additional_metrics": {
    "orders_placed": 535,
    "orders_placed_buy": 263,
    "orders_placed_sell": 272,
    "maker_qty_placed": 12.271704189541564,
    "maker_qty_filled": 2.7759223736464094,
    "maker_fill_qty_rate": 0.22620512446935945,
    "avg_fill_latency_sec": 0.183324018670194,
    "std_fill_latency_sec": 0.1338273533115047,
    "avg_queue_position": 1.2094160827465716,
    "std_queue_position": 1.4224572437605743,
    "avg_order_lifetime_sec": 0.20153072160049523,
    "std_order_lifetime_sec": 0.14271189482652488,
    "avg_competition_size": 0.8774640569549585,
    "std_competition_size": 0.17545222964848134,
    "forced_liquidations": 16,
    "avg_forced_liq_cost": 0.19523082427522903,
    "std_forced_liq_cost": 0.10031239587969078
  },
  "strategy": "skew_mid_spread",
  "strategy_kwargs": {
    "gamma": 0.1,
    "gamma_cap_factor": 5.0,
    "gamma_imb": 0.5,
    "gamma_inv_scale": 4.0,
    "gamma_vol_scale": 2.0,
    "gradient_penalty_ticks": 1.0,
    "gradient_threshold": 1.5,
    "k_vol": 1.3,
    "size_base": 0.04,
    "size_exp": 2.0,
    "size_min_factor": 0.1
  },
  "snapshots_processed": 1000,
  "sharpe_ratio": -1.007871479810937,
  "capital_base": 10000.0,
  "sharpe_horizon_seconds": 60.0
}