{
  "final_pnl": -15.774382146046264,
  "final_inventory": 0.04438041625238704,
  "fill_count": 277,
  "max_drawdown": 15.774382146046264,
  "pnl_attribution": {
    "inventory_moves": -1.218064813713601,
    "fees": -15.40053212803534,
    "spread_capture": 1.8121392073720324,
    "adverse_selection": -0.9573985988000009,
    "funding_rates": 0.0
  },
  "additional_metrics": {
    "orders_placed": 609,
    "orders_placed_buy": 305,
    "orders_placed_sell": 304,
    "maker_qty_placed": 13.8239165880842,
    "maker_qty_filled": 2.572166423736363,
    "maker_fill_qty_rate": 0.18606640219122075,
    "avg_fill_latency_sec": 0.1778333290123645,
    "std_fill_latency_sec": 0.1136899182679739,
    "avg_queue_position": 1.1586520613465316,
    "std_queue_position": 1.3631273115571108,
    "avg_order_lifetime_sec": 0.18713579795978688,
    "std_order_lifetime_sec": 0.10893516358098754,
    "avg_competition_size": 0.8595652160471224,
    "std_competition_size": 0.1744329211456683,
    "forced_liquidations": 3,
    "avg_forced_liq_cost": 0.1926699646344174,
    "std_forced_liq_cost": 0.11214767866865229
  },
  "strategy": "skew_mid_spread",
  "strategy_kwargs": {
    "gamma": 0.1,
    "gamma_cap_factor": 5.0,
    "gamma_imb": 0.5,
    "gamma_inv_scale": 4.0,
    "gamma_vol_scale": 2.0,
    "gradient_penalty_ticks": 1.0,
    "gradient_threshold": 1.5,
    "k_vol": 1.3,
    "size_base": 0.04,
    "size_exp": 3.0,
    "size_min_factor": 0.1
  },
  "snapshots_processed": 1000,
  "sharpe_ratio": -1.1788522560292243,
  "capital_base": 10000.0,
  "sharpe_horizon_seconds": 60.0
}