{
  "final_pnl": -0.31075062272066134,
  "final_inventory": 0.08143918491683316,
  "fill_count": 653,
  "max_drawdown": 3.346020902212331,
  "pnl_attribution": {
    "inventory_moves": -0.020287803414145204,
    "fees": -0.620499593936159,
    "spread_capture": 0.42083128195894204,
    "adverse_selection": -0.06697393666303716,
    "funding_rates": 0.0
  },
  "additional_metrics": {
    "orders_placed": 1587,
    "orders_placed_buy": 821,
    "orders_placed_sell": 766,
    "maker_qty_placed": 34.807277186241464,
    "maker_qty_filled": 0.4021519133239298,
    "maker_fill_qty_rate": 0.011553673422145512,
    "avg_fill_latency_sec": 0.00996656023013364,
    "std_fill_latency_sec": 0.04894801306557449,
    "avg_queue_position": 0.028666449643966564,
    "std_queue_position": 0.2003147230945529,
    "avg_order_lifetime_sec": 0.00996656023013364,
    "std_order_lifetime_sec": 0.04894801306557449,
    "avg_competition_size": 0.35395747882545225,
    "std_competition_size": 0.07049363287148745,
    "forced_liquidations": 0,
    "avg_forced_liq_cost": 0.0,
    "std_forced_liq_cost": 0.0,
    "taker_qty_hedge": 0.15027058757207776,
    "taker_qty_cross": 0.0,
    "taker_trades_hedge": 603,
    "taker_trades_cross": 0,
    "taker_qty_total": 0.15027058757207776,
    "notional_traded_btc": 0.5524225008960072,
    "notional_traded_usdt": 9502.992046799553
  },
  "strategy": "skew_mid_spread",
  "strategy_kwargs": {
    "extra_spread_ticks": 15.0,
    "gamma": 0.12,
    "gamma_cap_factor": 5.0,
    "gamma_imb": 0.5,
    "gamma_inv_scale": 1.0,
    "gamma_vol_scale": 2.0,
    "gradient_penalty_ticks": 1.0,
    "gradient_threshold": 1.5,
    "k_vol": 6.0,
    "size_base": 0.04,
    "size_exp": 2.0,
    "size_min_factor": 0.3
  },
  "snapshots_processed": 10000,
  "sharpe_ratio": -0.025420683541107963,
  "capital_base": 10000.0,
  "sharpe_horizon_seconds": 60.0
}