{
  "final_pnl": -7.378778685197176,
  "final_inventory": 0.013542374234975958,
  "fill_count": 282,
  "max_drawdown": 7.378778685197176,
  "pnl_attribution": {
    "inventory_moves": -0.612608219201663,
    "fees": -7.487337570891828,
    "spread_capture": 0.9428407554577919,
    "adverse_selection": -0.19855900995973355,
    "funding_rates": 0.0
  },
  "additional_metrics": {
    "orders_placed": 541,
    "orders_placed_buy": 266,
    "orders_placed_sell": 275,
    "maker_qty_placed": 6.209392448071899,
    "maker_qty_filled": 1.317149851154038,
    "maker_fill_qty_rate": 0.21212217816302317,
    "avg_fill_latency_sec": 0.18862345189224056,
    "std_fill_latency_sec": 0.11496929120074223,
    "avg_queue_position": 1.1655913296257665,
    "std_queue_position": 1.3929977429813367,
    "avg_order_lifetime_sec": 0.20410493126621954,
    "std_order_lifetime_sec": 0.1187998900236739,
    "avg_competition_size": 0.7281873917115845,
    "std_competition_size": 0.14613376315998172,
    "forced_liquidations": 0,
    "avg_forced_liq_cost": 0.0,
    "std_forced_liq_cost": 0.0
  },
  "strategy": "skew_mid_spread",
  "strategy_kwargs": {
    "gamma": 0.1,
    "gamma_cap_factor": 5.0,
    "gamma_imb": 0.5,
    "gamma_inv_scale": 4.0,
    "gamma_vol_scale": 2.0,
    "gradient_penalty_ticks": 1.0,
    "gradient_threshold": 1.5,
    "k_vol": 1.3,
    "size_base": 0.02,
    "size_exp": 3.0,
    "size_min_factor": 0.1
  },
  "snapshots_processed": 1000,
  "sharpe_ratio": -1.2526525508177642,
  "capital_base": 10000.0,
  "sharpe_horizon_seconds": 60.0
}