{
  "final_pnl": -2.3374124606434634,
  "final_inventory": 0.002018195253810828,
  "fill_count": 279,
  "max_drawdown": 2.3374124606434634,
  "pnl_attribution": {
    "inventory_moves": -0.2520916420064959,
    "fees": -2.151193061656353,
    "spread_capture": 0.11437305951507969,
    "adverse_selection": -0.048973000357198884,
    "funding_rates": 0.0
  },
  "additional_metrics": {
    "orders_placed": 524,
    "orders_placed_buy": 264,
    "orders_placed_sell": 260,
    "maker_qty_placed": 1.511138969696764,
    "maker_qty_filled": 0.316998011023003,
    "maker_fill_qty_rate": 0.2097742281681837,
    "avg_fill_latency_sec": 0.16945509139649167,
    "std_fill_latency_sec": 0.1203202190314752,
    "avg_queue_position": 1.4961256079674687,
    "std_queue_position": 1.774933731991995,
    "avg_order_lifetime_sec": 0.17694610892655607,
    "std_order_lifetime_sec": 0.11728731777513325,
    "avg_competition_size": 0.6419601831736118,
    "std_competition_size": 0.11975730182074054,
    "forced_liquidations": 0,
    "avg_forced_liq_cost": 0.0,
    "std_forced_liq_cost": 0.0
  },
  "strategy": "skew_mid_spread",
  "strategy_kwargs": {
    "gamma": 0.1,
    "gamma_cap_factor": 5.0,
    "gamma_imb": 0.5,
    "gamma_inv_scale": 1.0,
    "gamma_vol_scale": 1.0,
    "gradient_penalty_ticks": 1.0,
    "gradient_threshold": 1.5,
    "k_vol": 0.8,
    "size_base": 0.005,
    "size_exp": 2.0,
    "size_min_factor": 0.3
  },
  "snapshots_processed": 1000,
  "sharpe_ratio": -1.395521361782426,
  "capital_base": 10000.0,
  "sharpe_horizon_seconds": 60.0
}