{
  "final_pnl": -3.548286683017068,
  "final_inventory": 0.00856632460069907,
  "fill_count": 272,
  "max_drawdown": 3.548286683017068,
  "pnl_attribution": {
    "inventory_moves": -0.2775883431936454,
    "fees": -3.632267254565382,
    "spread_capture": 0.4506008512206344,
    "adverse_selection": -0.09541244777516289,
    "funding_rates": 0.0
  },
  "additional_metrics": {
    "orders_placed": 609,
    "orders_placed_buy": 304,
    "orders_placed_sell": 305,
    "maker_qty_placed": 3.461213831152447,
    "maker_qty_filled": 0.6449194142082857,
    "maker_fill_qty_rate": 0.18632752718243734,
    "avg_fill_latency_sec": 0.18346496144677424,
    "std_fill_latency_sec": 0.11087512099010784,
    "avg_queue_position": 1.1432483257650936,
    "std_queue_position": 1.4338567055135878,
    "avg_order_lifetime_sec": 0.19625476970794095,
    "std_order_lifetime_sec": 0.10318487772550607,
    "avg_competition_size": 0.6713466441198107,
    "std_competition_size": 0.128764167632468,
    "forced_liquidations": 1,
    "avg_forced_liq_cost": 0.0034235016907950256,
    "std_forced_liq_cost": 0.0
  },
  "strategy": "skew_mid_spread",
  "strategy_kwargs": {
    "gamma": 0.1,
    "gamma_cap_factor": 5.0,
    "gamma_imb": 0.5,
    "gamma_inv_scale": 4.0,
    "gamma_vol_scale": 2.0,
    "gradient_penalty_ticks": 1.0,
    "gradient_threshold": 1.5,
    "k_vol": 1.3,
    "size_base": 0.01,
    "size_exp": 3.0,
    "size_min_factor": 0.3
  },
  "snapshots_processed": 1000,
  "sharpe_ratio": -1.148799853304611,
  "capital_base": 10000.0,
  "sharpe_horizon_seconds": 60.0
}