{
  "final_pnl": -6.822210605994769,
  "final_inventory": 0.018037918239595017,
  "fill_count": 273,
  "max_drawdown": 6.822210605994769,
  "pnl_attribution": {
    "inventory_moves": -0.5732776558504924,
    "fees": -7.165825875439646,
    "spread_capture": 1.1072033436278013,
    "adverse_selection": -0.19148098972639732,
    "funding_rates": 0.0
  },
  "additional_metrics": {
    "orders_placed": 607,
    "orders_placed_buy": 303,
    "orders_placed_sell": 304,
    "maker_qty_placed": 6.903634607923696,
    "maker_qty_filled": 1.2940554661641315,
    "maker_fill_qty_rate": 0.18744553262985125,
    "avg_fill_latency_sec": 0.1879038413365682,
    "std_fill_latency_sec": 0.10848896503089986,
    "avg_queue_position": 1.1944636593641884,
    "std_queue_position": 1.4158503814715588,
    "avg_order_lifetime_sec": 0.1975640975511991,
    "std_order_lifetime_sec": 0.10233568050752334,
    "avg_competition_size": 0.7403351977936614,
    "std_competition_size": 0.14453491975832683,
    "forced_liquidations": 0,
    "avg_forced_liq_cost": 0.0,
    "std_forced_liq_cost": 0.0
  },
  "strategy": "skew_mid_spread",
  "strategy_kwargs": {
    "gamma": 0.1,
    "gamma_cap_factor": 5.0,
    "gamma_imb": 0.5,
    "gamma_inv_scale": 4.0,
    "gamma_vol_scale": 2.0,
    "gradient_penalty_ticks": 1.0,
    "gradient_threshold": 1.5,
    "k_vol": 1.3,
    "size_base": 0.02,
    "size_exp": 1.0,
    "size_min_factor": 0.1
  },
  "snapshots_processed": 1000,
  "sharpe_ratio": -1.17835774144295,
  "capital_base": 10000.0,
  "sharpe_horizon_seconds": 60.0
}