{
  "final_pnl": -3.4562431304693746,
  "final_inventory": -0.005029762422182777,
  "fill_count": 1924,
  "max_drawdown": 4.070318206840966,
  "pnl_attribution": {
    "inventory_moves": -1.440682488704396,
    "fees": -3.099348668647371,
    "spread_capture": 1.2643720895850028,
    "adverse_selection": -0.15889196936813457,
    "funding_rates": 0.0
  },
  "additional_metrics": {
    "orders_placed": 2061,
    "orders_placed_buy": 1068,
    "orders_placed_sell": 993,
    "maker_qty_placed": 45.066313987845795,
    "maker_qty_filled": 1.0551723426900743,
    "maker_fill_qty_rate": 0.023413770715187625,
    "avg_fill_latency_sec": 0.007511777464276463,
    "std_fill_latency_sec": 0.04272965967859399,
    "avg_queue_position": 0.02992108053303961,
    "std_queue_position": 0.27210085924630373,
    "avg_order_lifetime_sec": 0.007511777464276463,
    "std_order_lifetime_sec": 0.04272965967859399,
    "avg_competition_size": 0.3535241959791126,
    "std_competition_size": 0.06794247524615807,
    "forced_liquidations": 0,
    "avg_forced_liq_cost": 0.0,
    "std_forced_liq_cost": 0.0,
    "taker_qty_hedge": 0.2487407634110643,
    "taker_qty_cross": 0.0,
    "taker_trades_hedge": 1812,
    "taker_trades_cross": 0,
    "taker_qty_total": 0.2487407634110643,
    "notional_traded_btc": 1.3039131061011395,
    "notional_traded_usdt": 22432.173274646277
  },
  "strategy": "skew_mid_spread",
  "strategy_kwargs": {
    "extra_spread_ticks": 26.0,
    "gamma": 0.08,
    "gamma_cap_factor": 5.0,
    "gamma_imb": 0.5,
    "gamma_inv_scale": 1.0,
    "gamma_vol_scale": 2.0,
    "gradient_penalty_ticks": 1.0,
    "gradient_threshold": 1.5,
    "k_vol": 4.0,
    "size_base": 0.04,
    "size_exp": 2.0,
    "size_min_factor": 0.3
  },
  "snapshots_processed": 10000,
  "sharpe_ratio": -0.3810854198283396,
  "capital_base": 10000.0,
  "sharpe_horizon_seconds": 60.0
}