{
  "final_pnl": -2.254079776832441,
  "final_inventory": 0.0016187737733122376,
  "fill_count": 275,
  "max_drawdown": 2.254079776832441,
  "pnl_attribution": {
    "inventory_moves": -0.24956452886993205,
    "fees": -2.105675422661503,
    "spread_capture": 0.14924491471710585,
    "adverse_selection": -0.04671844094186006,
    "funding_rates": 0.0
  },
  "additional_metrics": {
    "orders_placed": 526,
    "orders_placed_buy": 267,
    "orders_placed_sell": 259,
    "maker_qty_placed": 1.5139584911271289,
    "maker_qty_filled": 0.317942048132737,
    "maker_fill_qty_rate": 0.21000711049616158,
    "avg_fill_latency_sec": 0.17104877931315723,
    "std_fill_latency_sec": 0.11980191033164898,
    "avg_queue_position": 1.4683158092788986,
    "std_queue_position": 1.767389754768689,
    "avg_order_lifetime_sec": 0.18020731501462983,
    "std_order_lifetime_sec": 0.11588011441610016,
    "avg_competition_size": 0.6403725242102856,
    "std_competition_size": 0.12431777241564614,
    "forced_liquidations": 0,
    "avg_forced_liq_cost": 0.0,
    "std_forced_liq_cost": 0.0
  },
  "strategy": "skew_mid_spread",
  "strategy_kwargs": {
    "gamma": 0.05,
    "gamma_cap_factor": 5.0,
    "gamma_imb": 0.5,
    "gamma_inv_scale": 2.0,
    "gamma_vol_scale": 0.0,
    "gradient_penalty_ticks": 1.0,
    "gradient_threshold": 1.5,
    "k_vol": 0.8,
    "size_base": 0.005,
    "size_exp": 2.0,
    "size_min_factor": 0.3
  },
  "snapshots_processed": 1000,
  "sharpe_ratio": -1.4160954887973634,
  "capital_base": 10000.0,
  "sharpe_horizon_seconds": 60.0
}