{
  "final_pnl": -3.5934287402269547,
  "final_inventory": 0.009634584264305798,
  "fill_count": 275,
  "max_drawdown": 3.5934287402269547,
  "pnl_attribution": {
    "inventory_moves": -0.25977514391871004,
    "fees": -3.708895205628907,
    "spread_capture": 0.4771328921505354,
    "adverse_selection": -0.09461000847682531,
    "funding_rates": 0.0
  },
  "additional_metrics": {
    "orders_placed": 539,
    "orders_placed_buy": 264,
    "orders_placed_sell": 275,
    "maker_qty_placed": 3.1002669505121623,
    "maker_qty_filled": 0.6384834345896582,
    "maker_fill_qty_rate": 0.20594466372780612,
    "avg_fill_latency_sec": 0.18430817052253387,
    "std_fill_latency_sec": 0.11396015601687279,
    "avg_queue_position": 1.1312088318571296,
    "std_queue_position": 1.4124126084062434,
    "avg_order_lifetime_sec": 0.20008804363274724,
    "std_order_lifetime_sec": 0.11845442380799684,
    "avg_competition_size": 0.6686492536619637,
    "std_competition_size": 0.1283182311067613,
    "forced_liquidations": 0,
    "avg_forced_liq_cost": 0.0,
    "std_forced_liq_cost": 0.0
  },
  "strategy": "skew_mid_spread",
  "strategy_kwargs": {
    "gamma": 0.1,
    "gamma_cap_factor": 5.0,
    "gamma_imb": 0.5,
    "gamma_inv_scale": 4.0,
    "gamma_vol_scale": 2.0,
    "gradient_penalty_ticks": 1.0,
    "gradient_threshold": 1.5,
    "k_vol": 1.3,
    "size_base": 0.01,
    "size_exp": 1.0,
    "size_min_factor": 0.3
  },
  "snapshots_processed": 1000,
  "sharpe_ratio": -1.2278490460383602,
  "capital_base": 10000.0,
  "sharpe_horizon_seconds": 60.0
}