{
  "final_pnl": -16.633313950600495,
  "final_inventory": 0.027431172893426947,
  "fill_count": 290,
  "max_drawdown": 16.633313950600495,
  "pnl_attribution": {
    "inventory_moves": -0.5199274339442894,
    "fees": -15.564784487538748,
    "spread_capture": 1.9083569340201096,
    "adverse_selection": -2.3366430508600127,
    "funding_rates": 0.0
  },
  "additional_metrics": {
    "orders_placed": 608,
    "orders_placed_buy": 304,
    "orders_placed_sell": 304,
    "maker_qty_placed": 13.811034080195181,
    "maker_qty_filled": 2.6398336888301,
    "maker_fill_qty_rate": 0.19113946671202428,
    "avg_fill_latency_sec": 0.1793609427277153,
    "std_fill_latency_sec": 0.11297035493604217,
    "avg_queue_position": 1.1975585800034743,
    "std_queue_position": 1.4090381231063764,
    "avg_order_lifetime_sec": 0.18827810231045153,
    "std_order_lifetime_sec": 0.10827654269570464,
    "avg_competition_size": 0.8760323054424718,
    "std_competition_size": 0.17960974960225629,
    "forced_liquidations": 12,
    "avg_forced_liq_cost": 0.16175052532864415,
    "std_forced_liq_cost": 0.08599057761919357
  },
  "strategy": "skew_mid_spread",
  "strategy_kwargs": {
    "gamma": 0.1,
    "gamma_cap_factor": 5.0,
    "gamma_imb": 0.5,
    "gamma_inv_scale": 4.0,
    "gamma_vol_scale": 2.0,
    "gradient_penalty_ticks": 1.0,
    "gradient_threshold": 1.5,
    "k_vol": 1.3,
    "size_base": 0.04,
    "size_exp": 2.0,
    "size_min_factor": 0.3
  },
  "snapshots_processed": 1000,
  "sharpe_ratio": -1.1067072704031855,
  "capital_base": 10000.0,
  "sharpe_horizon_seconds": 60.0
}