{
  "final_pnl": -1.3078764113124635,
  "final_inventory": 0.08143921958215021,
  "fill_count": 5942,
  "max_drawdown": 4.155364726258995,
  "pnl_attribution": {
    "inventory_moves": 0.7441080669543881,
    "fees": -2.642986699097172,
    "spread_capture": 0.6846990508140236,
    "adverse_selection": -0.09640434734206003,
    "funding_rates": 0.0
  },
  "additional_metrics": {
    "orders_placed": 1588,
    "orders_placed_buy": 821,
    "orders_placed_sell": 767,
    "maker_qty_placed": 34.825917058952705,
    "maker_qty_filled": 0.5855692811034374,
    "maker_fill_qty_rate": 0.016814181234974974,
    "avg_fill_latency_sec": 0.0013568527605731275,
    "std_fill_latency_sec": 0.018389710143478556,
    "avg_queue_position": 0.004457550739220668,
    "std_queue_position": 0.09045840401171497,
    "avg_order_lifetime_sec": 0.0013568527605731275,
    "std_order_lifetime_sec": 0.018389710143478556,
    "avg_competition_size": 0.3538019081008289,
    "std_competition_size": 0.07156385664669301,
    "forced_liquidations": 0,
    "avg_forced_liq_cost": 0.0,
    "std_forced_liq_cost": 0.0,
    "taker_qty_hedge": 0.31697848730978084,
    "taker_qty_cross": 0.0,
    "taker_trades_hedge": 5878,
    "taker_trades_cross": 0,
    "taker_qty_total": 0.31697848730978084,
    "notional_traded_btc": 0.9025477684132173,
    "notional_traded_usdt": 15523.792815575569
  },
  "strategy": "skew_mid_spread",
  "strategy_kwargs": {
    "extra_spread_ticks": 26.0,
    "gamma": 0.12,
    "gamma_cap_factor": 5.0,
    "gamma_imb": 0.5,
    "gamma_inv_scale": 1.0,
    "gamma_vol_scale": 2.0,
    "gradient_penalty_ticks": 1.0,
    "gradient_threshold": 1.5,
    "k_vol": 6.0,
    "size_base": 0.04,
    "size_exp": 2.0,
    "size_min_factor": 0.3
  },
  "snapshots_processed": 10000,
  "sharpe_ratio": -0.08617930630070404,
  "capital_base": 10000.0,
  "sharpe_horizon_seconds": 60.0
}