{
  "final_pnl": -18.168489364043126,
  "final_inventory": 0.023714408256930067,
  "fill_count": 291,
  "max_drawdown": 18.168489364043126,
  "pnl_attribution": {
    "inventory_moves": -0.5486685484994762,
    "fees": -16.412960516835316,
    "spread_capture": 1.7892969236947989,
    "adverse_selection": -2.857566404214648,
    "funding_rates": 0.0
  },
  "additional_metrics": {
    "orders_placed": 608,
    "orders_placed_buy": 303,
    "orders_placed_sell": 305,
    "maker_qty_placed": 13.825165282141693,
    "maker_qty_filled": 2.649673948299297,
    "maker_fill_qty_rate": 0.1916558604707566,
    "avg_fill_latency_sec": 0.1733313895935236,
    "std_fill_latency_sec": 0.11567787965584393,
    "avg_queue_position": 1.1284402563214428,
    "std_queue_position": 1.3521348786539966,
    "avg_order_lifetime_sec": 0.18355231922726298,
    "std_order_lifetime_sec": 0.11090857277878731,
    "avg_competition_size": 0.8516945303046279,
    "std_competition_size": 0.17440180098584543,
    "forced_liquidations": 15,
    "avg_forced_liq_cost": 0.16587061932565952,
    "std_forced_liq_cost": 0.08644786503200824
  },
  "strategy": "skew_mid_spread",
  "strategy_kwargs": {
    "gamma": 0.1,
    "gamma_cap_factor": 5.0,
    "gamma_imb": 0.5,
    "gamma_inv_scale": 4.0,
    "gamma_vol_scale": 2.0,
    "gradient_penalty_ticks": 1.0,
    "gradient_threshold": 1.5,
    "k_vol": 1.3,
    "size_base": 0.04,
    "size_exp": 1.0,
    "size_min_factor": 0.1
  },
  "snapshots_processed": 1000,
  "sharpe_ratio": -1.1443409576030303,
  "capital_base": 10000.0,
  "sharpe_horizon_seconds": 60.0
}