{
  "final_pnl": -8.01557715805393,
  "final_inventory": 0.021373064208226912,
  "fill_count": 282,
  "max_drawdown": 8.01557715805393,
  "pnl_attribution": {
    "inventory_moves": -0.2566727654318095,
    "fees": -7.529301701126906,
    "spread_capture": 0.9765848042953014,
    "adverse_selection": -1.1719470959359837,
    "funding_rates": 0.0
  },
  "additional_metrics": {
    "orders_placed": 607,
    "orders_placed_buy": 303,
    "orders_placed_sell": 304,
    "maker_qty_placed": 6.904286224406631,
    "maker_qty_filled": 1.299454278041169,
    "maker_fill_qty_rate": 0.1882097925557608,
    "avg_fill_latency_sec": 0.18026219199343427,
    "std_fill_latency_sec": 0.11255165896277611,
    "avg_queue_position": 1.1297493240460956,
    "std_queue_position": 1.416878690410403,
    "avg_order_lifetime_sec": 0.18945121619759536,
    "std_order_lifetime_sec": 0.10760419063752336,
    "avg_competition_size": 0.7446035397456724,
    "std_competition_size": 0.14908394480405143,
    "forced_liquidations": 11,
    "avg_forced_liq_cost": 0.08866535677110174,
    "std_forced_liq_cost": 0.04165269536773251
  },
  "strategy": "skew_mid_spread",
  "strategy_kwargs": {
    "gamma": 0.1,
    "gamma_cap_factor": 5.0,
    "gamma_imb": 0.5,
    "gamma_inv_scale": 4.0,
    "gamma_vol_scale": 2.0,
    "gradient_penalty_ticks": 1.0,
    "gradient_threshold": 1.5,
    "k_vol": 1.3,
    "size_base": 0.02,
    "size_exp": 1.0,
    "size_min_factor": 0.3
  },
  "snapshots_processed": 1000,
  "sharpe_ratio": -1.1792873053489883,
  "capital_base": 10000.0,
  "sharpe_horizon_seconds": 60.0
}