{
  "final_pnl": -3.5411532718298986,
  "final_inventory": -0.0068995590836165716,
  "fill_count": 1115,
  "max_drawdown": 4.080779790401721,
  "pnl_attribution": {
    "inventory_moves": -3.662854496418863,
    "fees": -1.2144183925859124,
    "spread_capture": 1.6286833625423147,
    "adverse_selection": -0.20098887429504683,
    "funding_rates": 0.0
  },
  "additional_metrics": {
    "orders_placed": 2959,
    "orders_placed_buy": 1538,
    "orders_placed_sell": 1421,
    "maker_qty_placed": 64.79858345888086,
    "maker_qty_filled": 1.3565232609446545,
    "maker_fill_qty_rate": 0.020934458572006615,
    "avg_fill_latency_sec": 0.0170344822251477,
    "std_fill_latency_sec": 0.06306060833616023,
    "avg_queue_position": 0.06703046353360684,
    "std_queue_position": 0.456019669757213,
    "avg_order_lifetime_sec": 0.0170344822251477,
    "std_order_lifetime_sec": 0.06306060833616023,
    "avg_competition_size": 0.3540546857134858,
    "std_competition_size": 0.06713049210842989,
    "forced_liquidations": 0,
    "avg_forced_liq_cost": 0.0,
    "std_forced_liq_cost": 0.0,
    "taker_qty_hedge": 0.29409816453912396,
    "taker_qty_cross": 0.0,
    "taker_trades_hedge": 973,
    "taker_trades_cross": 0,
    "taker_qty_total": 0.29409816453912396,
    "notional_traded_btc": 1.6506214254837812,
    "notional_traded_usdt": 28393.070021056577
  },
  "strategy": "skew_mid_spread",
  "strategy_kwargs": {
    "extra_spread_ticks": 15.0,
    "gamma": 0.16,
    "gamma_cap_factor": 5.0,
    "gamma_imb": 0.5,
    "gamma_inv_scale": 1.0,
    "gamma_vol_scale": 2.0,
    "gradient_penalty_ticks": 1.0,
    "gradient_threshold": 1.5,
    "k_vol": 6.0,
    "size_base": 0.04,
    "size_exp": 2.0,
    "size_min_factor": 0.3
  },
  "snapshots_processed": 10000,
  "sharpe_ratio": -0.32369183197960283,
  "capital_base": 10000.0,
  "sharpe_horizon_seconds": 60.0
}