{
  "final_pnl": -7.292912199765851,
  "final_inventory": 0.020078059513289705,
  "fill_count": 269,
  "max_drawdown": 7.292912199765851,
  "pnl_attribution": {
    "inventory_moves": -0.5887026596673026,
    "fees": -7.304395373988338,
    "spread_capture": 1.0178107024267327,
    "adverse_selection": -0.409694539227203,
    "funding_rates": 0.0
  },
  "additional_metrics": {
    "orders_placed": 534,
    "orders_placed_buy": 260,
    "orders_placed_sell": 274,
    "maker_qty_placed": 6.138335741857081,
    "maker_qty_filled": 1.2545362859165998,
    "maker_fill_qty_rate": 0.2043772674997172,
    "avg_fill_latency_sec": 0.18467948222771668,
    "std_fill_latency_sec": 0.11735607340546632,
    "avg_queue_position": 1.1229665975191745,
    "std_queue_position": 1.32027505266289,
    "avg_order_lifetime_sec": 0.1991602503336393,
    "std_order_lifetime_sec": 0.11250181856683857,
    "avg_competition_size": 0.7456401372412752,
    "std_competition_size": 0.14283731128332094,
    "forced_liquidations": 2,
    "avg_forced_liq_cost": 0.11063963758542307,
    "std_forced_liq_cost": 0.01864871362174851
  },
  "strategy": "skew_mid_spread",
  "strategy_kwargs": {
    "gamma": 0.1,
    "gamma_cap_factor": 5.0,
    "gamma_imb": 0.5,
    "gamma_inv_scale": 4.0,
    "gamma_vol_scale": 2.0,
    "gradient_penalty_ticks": 1.0,
    "gradient_threshold": 1.5,
    "k_vol": 1.3,
    "size_base": 0.02,
    "size_exp": 3.0,
    "size_min_factor": 0.2
  },
  "snapshots_processed": 1000,
  "sharpe_ratio": -1.1638331792477579,
  "capital_base": 10000.0,
  "sharpe_horizon_seconds": 60.0
}