{
  "final_pnl": -0.36586139869359613,
  "final_inventory": 0.028605960876420634,
  "fill_count": 58,
  "max_drawdown": 0.7160715526260901,
  "pnl_attribution": {
    "inventory_moves": -0.31418656350710183,
    "fees": -0.12155690465610602,
    "spread_capture": 0.09400756998855624,
    "adverse_selection": -0.01030227437568642,
    "funding_rates": 0.0
  },
  "additional_metrics": {
    "orders_placed": 2964,
    "orders_placed_buy": 1539,
    "orders_placed_sell": 1425,
    "maker_qty_placed": 8.124420332414683,
    "maker_qty_filled": 0.07065171487626262,
    "maker_fill_qty_rate": 0.008696216097335282,
    "avg_fill_latency_sec": 0.25051723677536536,
    "std_fill_latency_sec": 0.0007710546168445953,
    "avg_queue_position": 1.9819863348813074,
    "std_queue_position": 2.4385803682708436,
    "avg_order_lifetime_sec": 0.25051723677536536,
    "std_order_lifetime_sec": 0.0007710546168445953,
    "avg_competition_size": 0.26195444395428763,
    "std_competition_size": 0.04765133309255973,
    "forced_liquidations": 0,
    "avg_forced_liq_cost": 0.0,
    "std_forced_liq_cost": 0.0,
    "taker_qty_hedge": 0.0,
    "taker_qty_cross": 0.0,
    "taker_trades_hedge": 0,
    "taker_trades_cross": 0,
    "taker_qty_total": 0.0,
    "notional_traded_btc": 0.07065171487626262,
    "notional_traded_usdt": 1215.56904656106
  },
  "strategy": "skew_mid_spread",
  "strategy_kwargs": {
    "extra_spread_ticks": 36.0,
    "gamma": 0.08,
    "gamma_cap_factor": 5.0,
    "gamma_imb": 0.5,
    "gamma_inv_scale": 2.0,
    "gamma_vol_scale": 1.0,
    "gradient_penalty_ticks": 1.0,
    "gradient_threshold": 1.5,
    "k_vol": 4.0,
    "size_base": 0.005,
    "size_exp": 2.0,
    "size_min_factor": 0.3
  },
  "snapshots_processed": 10000,
  "sharpe_ratio": -0.15707731982337395,
  "capital_base": 10000.0,
  "sharpe_horizon_seconds": 60.0
}