{
  "final_pnl": -1.1507532694540714,
  "final_inventory": 0.025328496100126607,
  "fill_count": 4135,
  "max_drawdown": 3.5854065911044017,
  "pnl_attribution": {
    "inventory_moves": -0.6677609489215577,
    "fees": -1.0842933452632784,
    "spread_capture": 0.736086272789365,
    "adverse_selection": -0.1216895303739116,
    "funding_rates": 0.0
  },
  "additional_metrics": {
    "orders_placed": 2062,
    "orders_placed_buy": 1069,
    "orders_placed_sell": 993,
    "maker_qty_placed": 45.048640952990645,
    "maker_qty_filled": 0.8034483366709568,
    "maker_fill_qty_rate": 0.017835129310768215,
    "avg_fill_latency_sec": 0.0027564793752283224,
    "std_fill_latency_sec": 0.02613420214567796,
    "avg_queue_position": 0.010820581417977147,
    "std_queue_position": 0.17054486053869747,
    "avg_order_lifetime_sec": 0.0027564793752283224,
    "std_order_lifetime_sec": 0.02613420214567796,
    "avg_competition_size": 0.3563602656368992,
    "std_competition_size": 0.06879983406254853,
    "forced_liquidations": 0,
    "avg_forced_liq_cost": 0.0,
    "std_forced_liq_cost": 0.0,
    "taker_qty_hedge": 0.2625324094241393,
    "taker_qty_cross": 0.0,
    "taker_trades_hedge": 4045,
    "taker_trades_cross": 0,
    "taker_qty_total": 0.2625324094241393,
    "notional_traded_btc": 1.0659807460950963,
    "notional_traded_usdt": 18336.088074996507
  },
  "strategy": "skew_mid_spread",
  "strategy_kwargs": {
    "extra_spread_ticks": 15.0,
    "gamma": 0.12,
    "gamma_cap_factor": 5.0,
    "gamma_imb": 0.5,
    "gamma_inv_scale": 1.0,
    "gamma_vol_scale": 2.0,
    "gradient_penalty_ticks": 1.0,
    "gradient_threshold": 1.5,
    "k_vol": 4.0,
    "size_base": 0.04,
    "size_exp": 2.0,
    "size_min_factor": 0.3
  },
  "snapshots_processed": 10000,
  "sharpe_ratio": -0.10690775793525008,
  "capital_base": 10000.0,
  "sharpe_horizon_seconds": 60.0
}