{
  "final_pnl": -0.6366818987662555,
  "final_inventory": 0.061870699876611784,
  "fill_count": 63,
  "max_drawdown": 3.103416955207649,
  "pnl_attribution": {
    "inventory_moves": 0.5428843202282647,
    "fees": -1.6180158722857714,
    "spread_capture": 0.5336829695668833,
    "adverse_selection": -0.07462292596440069,
    "funding_rates": 0.0
  },
  "additional_metrics": {
    "orders_placed": 1585,
    "orders_placed_buy": 819,
    "orders_placed_sell": 766,
    "maker_qty_placed": 34.77093888424878,
    "maker_qty_filled": 0.5091954767600609,
    "maker_fill_qty_rate": 0.014644283217521236,
    "avg_fill_latency_sec": 0.18797220124138725,
    "std_fill_latency_sec": 0.10852814236949992,
    "avg_queue_position": 0.8563630777111899,
    "std_queue_position": 1.5351349084597443,
    "avg_order_lifetime_sec": 0.18797220124138725,
    "std_order_lifetime_sec": 0.10852814236949992,
    "avg_competition_size": 0.3534088763246164,
    "std_competition_size": 0.0723065642353846,
    "forced_liquidations": 0,
    "avg_forced_liq_cost": 0.0,
    "std_forced_liq_cost": 0.0,
    "taker_qty_hedge": 0.14387166932380369,
    "taker_qty_cross": 0.0,
    "taker_trades_hedge": 9,
    "taker_trades_cross": 0,
    "taker_qty_total": 0.14387166932380369,
    "notional_traded_btc": 0.6530671460838646,
    "notional_traded_usdt": 11231.175778501936
  },
  "strategy": "skew_mid_spread",
  "strategy_kwargs": {
    "extra_spread_ticks": 38.0,
    "gamma": 0.12,
    "gamma_cap_factor": 5.0,
    "gamma_imb": 0.5,
    "gamma_inv_scale": 1.0,
    "gamma_vol_scale": 2.0,
    "gradient_penalty_ticks": 1.0,
    "gradient_threshold": 1.5,
    "k_vol": 8.0,
    "size_base": 0.04,
    "size_exp": 2.0,
    "size_min_factor": 0.3
  },
  "snapshots_processed": 10000,
  "sharpe_ratio": -0.048492537332767656,
  "capital_base": 10000.0,
  "sharpe_horizon_seconds": 60.0
}