{
  "final_pnl": -3.6195086710631585,
  "final_inventory": 0.007517957052650743,
  "fill_count": 271,
  "max_drawdown": 3.6195086710631585,
  "pnl_attribution": {
    "inventory_moves": -0.30667319089054695,
    "fees": -3.6693727844439388,
    "spread_capture": 0.45199454209329737,
    "adverse_selection": -0.11083487036539066,
    "funding_rates": 0.0
  },
  "additional_metrics": {
    "orders_placed": 608,
    "orders_placed_buy": 302,
    "orders_placed_sell": 306,
    "maker_qty_placed": 3.45725986349866,
    "maker_qty_filled": 0.6336494525916161,
    "maker_fill_qty_rate": 0.18328082863588355,
    "avg_fill_latency_sec": 0.18184712889847482,
    "std_fill_latency_sec": 0.11168438885684961,
    "avg_queue_position": 1.1577731833946727,
    "std_queue_position": 1.448616073766598,
    "avg_order_lifetime_sec": 0.19463693715964153,
    "std_order_lifetime_sec": 0.10425263923358216,
    "avg_competition_size": 0.662298263572539,
    "std_competition_size": 0.12830669127456912,
    "forced_liquidations": 1,
    "avg_forced_liq_cost": 0.014740056425202208,
    "std_forced_liq_cost": 0.0
  },
  "strategy": "skew_mid_spread",
  "strategy_kwargs": {
    "gamma": 0.1,
    "gamma_cap_factor": 5.0,
    "gamma_imb": 0.5,
    "gamma_inv_scale": 4.0,
    "gamma_vol_scale": 2.0,
    "gradient_penalty_ticks": 1.0,
    "gradient_threshold": 1.5,
    "k_vol": 1.3,
    "size_base": 0.01,
    "size_exp": 1.0,
    "size_min_factor": 0.1
  },
  "snapshots_processed": 1000,
  "sharpe_ratio": -1.2004623097161575,
  "capital_base": 10000.0,
  "sharpe_horizon_seconds": 60.0
}