{
  "final_pnl": -7.146853762467799,
  "final_inventory": 0.004401806641622788,
  "fill_count": 273,
  "max_drawdown": 7.146853762467799,
  "pnl_attribution": {
    "inventory_moves": -0.5747702798435936,
    "fees": -7.4218320690638935,
    "spread_capture": 1.1011598741485746,
    "adverse_selection": -0.2553903787426458,
    "funding_rates": 0.0
  },
  "additional_metrics": {
    "orders_placed": 609,
    "orders_placed_buy": 303,
    "orders_placed_sell": 306,
    "maker_qty_placed": 6.919224111078626,
    "maker_qty_filled": 1.2535379452887077,
    "maker_fill_qty_rate": 0.18116741489578603,
    "avg_fill_latency_sec": 0.17961634779876134,
    "std_fill_latency_sec": 0.11285186755062715,
    "avg_queue_position": 1.1159004619714004,
    "std_queue_position": 1.3807549980565055,
    "avg_order_lifetime_sec": 0.19066666207223568,
    "std_order_lifetime_sec": 0.10685295969159789,
    "avg_competition_size": 0.7306169477144233,
    "std_competition_size": 0.1397275949000117,
    "forced_liquidations": 2,
    "avg_forced_liq_cost": 0.03438121983728534,
    "std_forced_liq_cost": 0.02153064274874165
  },
  "strategy": "skew_mid_spread",
  "strategy_kwargs": {
    "gamma": 0.1,
    "gamma_cap_factor": 5.0,
    "gamma_imb": 0.5,
    "gamma_inv_scale": 4.0,
    "gamma_vol_scale": 2.0,
    "gradient_penalty_ticks": 1.0,
    "gradient_threshold": 1.5,
    "k_vol": 1.3,
    "size_base": 0.02,
    "size_exp": 3.0,
    "size_min_factor": 0.2
  },
  "snapshots_processed": 1000,
  "sharpe_ratio": -1.2097222093515707,
  "capital_base": 10000.0,
  "sharpe_horizon_seconds": 60.0
}