{
  "final_pnl": -2.1615569449168106,
  "final_inventory": 0.02371188705451488,
  "fill_count": 1570,
  "max_drawdown": 3.013707998632526,
  "pnl_attribution": {
    "inventory_moves": -1.5483177563614778,
    "fees": -1.275352982854355,
    "spread_capture": 0.7758633582047281,
    "adverse_selection": -0.09033545283435016,
    "funding_rates": 0.0
  },
  "additional_metrics": {
    "orders_placed": 1585,
    "orders_placed_buy": 818,
    "orders_placed_sell": 767,
    "maker_qty_placed": 34.79345114314289,
    "maker_qty_filled": 0.5753757504378397,
    "maker_fill_qty_rate": 0.016536897937221014,
    "avg_fill_latency_sec": 0.00538126198440383,
    "std_fill_latency_sec": 0.03632892474539064,
    "avg_queue_position": 0.01802748170545961,
    "std_queue_position": 0.17832617434222553,
    "avg_order_lifetime_sec": 0.00538126198440383,
    "std_order_lifetime_sec": 0.03632892474539064,
    "avg_competition_size": 0.35600862951828394,
    "std_competition_size": 0.0694442401986357,
    "forced_liquidations": 0,
    "avg_forced_liq_cost": 0.0,
    "std_forced_liq_cost": 0.0,
    "taker_qty_hedge": 0.05536529333167196,
    "taker_qty_cross": 0.0,
    "taker_trades_hedge": 1504,
    "taker_trades_cross": 0,
    "taker_qty_total": 0.05536529333167196,
    "notional_traded_btc": 0.6307410437695137,
    "notional_traded_usdt": 10848.532073804721
  },
  "strategy": "skew_mid_spread",
  "strategy_kwargs": {
    "extra_spread_ticks": 34.0,
    "gamma": 0.16,
    "gamma_cap_factor": 5.0,
    "gamma_imb": 0.5,
    "gamma_inv_scale": 1.0,
    "gamma_vol_scale": 2.0,
    "gradient_penalty_ticks": 1.0,
    "gradient_threshold": 1.5,
    "k_vol": 4.0,
    "size_base": 0.04,
    "size_exp": 2.0,
    "size_min_factor": 0.3
  },
  "snapshots_processed": 10000,
  "sharpe_ratio": -0.2596196937395173,
  "capital_base": 10000.0,
  "sharpe_horizon_seconds": 60.0
}