{
  "final_pnl": -8.110644740154385,
  "final_inventory": 0.015678624549373923,
  "fill_count": 287,
  "max_drawdown": 8.110644740154385,
  "pnl_attribution": {
    "inventory_moves": -0.209126949905795,
    "fees": -7.486651064505232,
    "spread_capture": 0.8771763005168911,
    "adverse_selection": -1.2372664382532566,
    "funding_rates": 0.0
  },
  "additional_metrics": {
    "orders_placed": 531,
    "orders_placed_buy": 259,
    "orders_placed_sell": 272,
    "maker_qty_placed": 6.096651804970205,
    "maker_qty_filled": 1.3384180138558297,
    "maker_fill_qty_rate": 0.21953328756034654,
    "avg_fill_latency_sec": 0.18562047740063034,
    "std_fill_latency_sec": 0.11645095670645846,
    "avg_queue_position": 1.1346800270245063,
    "std_queue_position": 1.3903476699593154,
    "avg_order_lifetime_sec": 0.19771686088607973,
    "std_order_lifetime_sec": 0.11277938569884563,
    "avg_competition_size": 0.7434359574212756,
    "std_competition_size": 0.14239872104487222,
    "forced_liquidations": 12,
    "avg_forced_liq_cost": 0.08677805247549526,
    "std_forced_liq_cost": 0.05380311186010996
  },
  "strategy": "skew_mid_spread",
  "strategy_kwargs": {
    "gamma": 0.1,
    "gamma_cap_factor": 5.0,
    "gamma_imb": 0.5,
    "gamma_inv_scale": 4.0,
    "gamma_vol_scale": 2.0,
    "gradient_penalty_ticks": 1.0,
    "gradient_threshold": 1.5,
    "k_vol": 1.3,
    "size_base": 0.02,
    "size_exp": 1.0,
    "size_min_factor": 0.2
  },
  "snapshots_processed": 1000,
  "sharpe_ratio": -1.2014074441048481,
  "capital_base": 10000.0,
  "sharpe_horizon_seconds": 60.0
}