{
  "final_pnl": -7.547272477015213,
  "final_inventory": 0.017667357081807514,
  "fill_count": 276,
  "max_drawdown": 7.547272477015213,
  "pnl_attribution": {
    "inventory_moves": -0.6333977019758696,
    "fees": -7.572232547422323,
    "spread_capture": 0.8687643917822815,
    "adverse_selection": -0.19710069533992677,
    "funding_rates": 0.0
  },
  "additional_metrics": {
    "orders_placed": 540,
    "orders_placed_buy": 265,
    "orders_placed_sell": 275,
    "maker_qty_placed": 6.205067798817948,
    "maker_qty_filled": 1.2983769329722423,
    "maker_fill_qty_rate": 0.20924460055369262,
    "avg_fill_latency_sec": 0.18314999490976333,
    "std_fill_latency_sec": 0.11452462444691087,
    "avg_queue_position": 1.163012872540782,
    "std_queue_position": 1.4047429910716525,
    "avg_order_lifetime_sec": 0.20351874381303786,
    "std_order_lifetime_sec": 0.12580788899140735,
    "avg_competition_size": 0.7417958146615095,
    "std_competition_size": 0.14420367764778044,
    "forced_liquidations": 0,
    "avg_forced_liq_cost": 0.0,
    "std_forced_liq_cost": 0.0
  },
  "strategy": "skew_mid_spread",
  "strategy_kwargs": {
    "gamma": 0.1,
    "gamma_cap_factor": 5.0,
    "gamma_imb": 0.5,
    "gamma_inv_scale": 4.0,
    "gamma_vol_scale": 2.0,
    "gradient_penalty_ticks": 1.0,
    "gradient_threshold": 1.5,
    "k_vol": 1.3,
    "size_base": 0.02,
    "size_exp": 1.0,
    "size_min_factor": 0.2
  },
  "snapshots_processed": 1000,
  "sharpe_ratio": -1.2505397850284112,
  "capital_base": 10000.0,
  "sharpe_horizon_seconds": 60.0
}