{
  "final_pnl": -7.224988509497052,
  "final_inventory": -0.0018643796233946408,
  "fill_count": 277,
  "max_drawdown": 7.224988509497052,
  "pnl_attribution": {
    "inventory_moves": -0.5343776206147756,
    "fees": -7.323004750181693,
    "spread_capture": 0.8880744429869538,
    "adverse_selection": -0.24238401049546945,
    "funding_rates": 0.0
  },
  "additional_metrics": {
    "orders_placed": 541,
    "orders_placed_buy": 265,
    "orders_placed_sell": 276,
    "maker_qty_placed": 6.217614482385218,
    "maker_qty_filled": 1.3123601312562934,
    "maker_fill_qty_rate": 0.21107132566264258,
    "avg_fill_latency_sec": 0.18901886130278966,
    "std_fill_latency_sec": 0.11486373725702222,
    "avg_queue_position": 1.148412961181024,
    "std_queue_position": 1.3737846045997328,
    "avg_order_lifetime_sec": 0.201647789973133,
    "std_order_lifetime_sec": 0.11055509102777758,
    "avg_competition_size": 0.7258467711916059,
    "std_competition_size": 0.14515729869988897,
    "forced_liquidations": 1,
    "avg_forced_liq_cost": 0.03955780248589911,
    "std_forced_liq_cost": 0.0
  },
  "strategy": "skew_mid_spread",
  "strategy_kwargs": {
    "gamma": 0.1,
    "gamma_cap_factor": 5.0,
    "gamma_imb": 0.5,
    "gamma_inv_scale": 4.0,
    "gamma_vol_scale": 2.0,
    "gradient_penalty_ticks": 1.0,
    "gradient_threshold": 1.5,
    "k_vol": 1.3,
    "size_base": 0.02,
    "size_exp": 2.0,
    "size_min_factor": 0.1
  },
  "snapshots_processed": 1000,
  "sharpe_ratio": -1.2493053959963476,
  "capital_base": 10000.0,
  "sharpe_horizon_seconds": 60.0
}