{
  "final_pnl": -7.851217768162314,
  "final_inventory": 0.025426242055603912,
  "fill_count": 281,
  "max_drawdown": 7.851217768162314,
  "pnl_attribution": {
    "inventory_moves": -0.2658820487339811,
    "fees": -7.5535467094756115,
    "spread_capture": 1.0125630288569436,
    "adverse_selection": -0.9927346318937577,
    "funding_rates": 0.0
  },
  "additional_metrics": {
    "orders_placed": 607,
    "orders_placed_buy": 302,
    "orders_placed_sell": 305,
    "maker_qty_placed": 6.905556856565592,
    "maker_qty_filled": 1.2950634412200916,
    "maker_fill_qty_rate": 0.1875393205963955,
    "avg_fill_latency_sec": 0.17871340891210044,
    "std_fill_latency_sec": 0.1132718345614711,
    "avg_queue_position": 1.1352359784116677,
    "std_queue_position": 1.4378782837902773,
    "avg_order_lifetime_sec": 0.18790243311626156,
    "std_order_lifetime_sec": 0.10848851562652809,
    "avg_competition_size": 0.7355162398003873,
    "std_competition_size": 0.1423156278361592,
    "forced_liquidations": 11,
    "avg_forced_liq_cost": 0.07162130894487055,
    "std_forced_liq_cost": 0.04566345069290566
  },
  "strategy": "skew_mid_spread",
  "strategy_kwargs": {
    "gamma": 0.1,
    "gamma_cap_factor": 5.0,
    "gamma_imb": 0.5,
    "gamma_inv_scale": 4.0,
    "gamma_vol_scale": 2.0,
    "gradient_penalty_ticks": 1.0,
    "gradient_threshold": 1.5,
    "k_vol": 1.3,
    "size_base": 0.02,
    "size_exp": 3.0,
    "size_min_factor": 0.3
  },
  "snapshots_processed": 1000,
  "sharpe_ratio": -1.2693405642222326,
  "capital_base": 10000.0,
  "sharpe_horizon_seconds": 60.0
}