{
  "final_pnl": -3.595422733844316,
  "final_inventory": 0.008814246497071394,
  "fill_count": 271,
  "max_drawdown": 3.595422733844316,
  "pnl_attribution": {
    "inventory_moves": -0.28710277573399545,
    "fees": -3.6335257015210116,
    "spread_capture": 0.4273704512999868,
    "adverse_selection": -0.0983014445714057,
    "funding_rates": 0.0
  },
  "additional_metrics": {
    "orders_placed": 607,
    "orders_placed_buy": 303,
    "orders_placed_sell": 304,
    "maker_qty_placed": 3.4565596938023933,
    "maker_qty_filled": 0.6408242659232897,
    "maker_fill_qty_rate": 0.1853936638421974,
    "avg_fill_latency_sec": 0.18463460757182196,
    "std_fill_latency_sec": 0.11024553049791486,
    "avg_queue_position": 1.1791200299618487,
    "std_queue_position": 1.4923153887240672,
    "avg_order_lifetime_sec": 0.19429486378645286,
    "std_order_lifetime_sec": 0.10449869012487525,
    "avg_competition_size": 0.6649670691734995,
    "std_competition_size": 0.12898751390952268,
    "forced_liquidations": 0,
    "avg_forced_liq_cost": 0.0,
    "std_forced_liq_cost": 0.0
  },
  "strategy": "skew_mid_spread",
  "strategy_kwargs": {
    "gamma": 0.1,
    "gamma_cap_factor": 5.0,
    "gamma_imb": 0.5,
    "gamma_inv_scale": 4.0,
    "gamma_vol_scale": 2.0,
    "gradient_penalty_ticks": 1.0,
    "gradient_threshold": 1.5,
    "k_vol": 1.3,
    "size_base": 0.01,
    "size_exp": 1.0,
    "size_min_factor": 0.2
  },
  "snapshots_processed": 1000,
  "sharpe_ratio": -1.22844873784134,
  "capital_base": 10000.0,
  "sharpe_horizon_seconds": 60.0
}