{
  "final_pnl": -0.5771739796673501,
  "final_inventory": 0.03785306075121354,
  "fill_count": 86,
  "max_drawdown": 1.1036851921144262,
  "pnl_attribution": {
    "inventory_moves": -0.49449279707943256,
    "fees": -0.183247859205666,
    "spread_capture": 0.12664391740060377,
    "adverse_selection": -0.015889486314988887,
    "funding_rates": 0.0
  },
  "additional_metrics": {
    "orders_placed": 2961,
    "orders_placed_buy": 1539,
    "orders_placed_sell": 1422,
    "maker_qty_placed": 8.115273694557759,
    "maker_qty_filled": 0.1065135615553194,
    "maker_fill_qty_rate": 0.013125073234036359,
    "avg_fill_latency_sec": 0.2504651047462641,
    "std_fill_latency_sec": 0.00054340295113789,
    "avg_queue_position": 1.6899970819207084,
    "std_queue_position": 2.2629022530321308,
    "avg_order_lifetime_sec": 0.2504651047462641,
    "std_order_lifetime_sec": 0.00054340295113789,
    "avg_competition_size": 0.26112985464232785,
    "std_competition_size": 0.047055722802203444,
    "forced_liquidations": 0,
    "avg_forced_liq_cost": 0.0,
    "std_forced_liq_cost": 0.0,
    "taker_qty_hedge": 0.0,
    "taker_qty_cross": 0.0,
    "taker_trades_hedge": 0,
    "taker_trades_cross": 0,
    "taker_qty_total": 0.0,
    "notional_traded_btc": 0.1065135615553194,
    "notional_traded_usdt": 1832.4785920566603
  },
  "strategy": "skew_mid_spread",
  "strategy_kwargs": {
    "extra_spread_ticks": 36.0,
    "gamma": 0.12,
    "gamma_cap_factor": 5.0,
    "gamma_imb": 0.5,
    "gamma_inv_scale": 1.0,
    "gamma_vol_scale": 1.0,
    "gradient_penalty_ticks": 1.0,
    "gradient_threshold": 1.5,
    "k_vol": 4.0,
    "size_base": 0.005,
    "size_exp": 2.0,
    "size_min_factor": 0.3
  },
  "snapshots_processed": 10000,
  "sharpe_ratio": -0.1593666984009448,
  "capital_base": 10000.0,
  "sharpe_horizon_seconds": 60.0
}