{
  "final_pnl": -1.634798299144677,
  "final_inventory": 0.0046041719523782125,
  "fill_count": 261,
  "max_drawdown": 1.634798299144677,
  "pnl_attribution": {
    "inventory_moves": -0.09492653169152716,
    "fees": -1.7290789842384537,
    "spread_capture": 0.2290027853436276,
    "adverse_selection": -0.043398096909659956,
    "funding_rates": 0.0
  },
  "additional_metrics": {
    "orders_placed": 603,
    "orders_placed_buy": 301,
    "orders_placed_sell": 302,
    "maker_qty_placed": 1.7142650746108514,
    "maker_qty_filled": 0.3086480953781439,
    "maker_fill_qty_rate": 0.180046890034325,
    "avg_fill_latency_sec": 0.1853399928410848,
    "std_fill_latency_sec": 0.10986129191399992,
    "avg_queue_position": 1.0768205696978017,
    "std_queue_position": 1.3381751198248402,
    "avg_order_lifetime_sec": 0.19872665882110596,
    "std_order_lifetime_sec": 0.10143134523659365,
    "avg_competition_size": 0.6308113451450218,
    "std_competition_size": 0.12355274072310012,
    "forced_liquidations": 0,
    "avg_forced_liq_cost": 0.0,
    "std_forced_liq_cost": 0.0
  },
  "strategy": "skew_mid_spread",
  "strategy_kwargs": {
    "gamma": 0.1,
    "gamma_cap_factor": 5.0,
    "gamma_imb": 0.5,
    "gamma_inv_scale": 4.0,
    "gamma_vol_scale": 2.0,
    "gradient_penalty_ticks": 1.0,
    "gradient_threshold": 1.5,
    "k_vol": 1.3,
    "size_base": 0.005,
    "size_exp": 2.0,
    "size_min_factor": 0.1
  },
  "snapshots_processed": 1000,
  "sharpe_ratio": -1.0121848285929518,
  "capital_base": 10000.0,
  "sharpe_horizon_seconds": 60.0
}