{
  "final_pnl": -1.6272685356361762,
  "final_inventory": 0.005419672139052737,
  "fill_count": 270,
  "max_drawdown": 1.6272685356361762,
  "pnl_attribution": {
    "inventory_moves": -0.11050445407440247,
    "fees": -1.6933297471921196,
    "spread_capture": 0.2145113612073615,
    "adverse_selection": -0.04676574961312342,
    "funding_rates": 0.0
  },
  "additional_metrics": {
    "orders_placed": 528,
    "orders_placed_buy": 257,
    "orders_placed_sell": 271,
    "maker_qty_placed": 1.5128124799757179,
    "maker_qty_filled": 0.3218680675858024,
    "maker_fill_qty_rate": 0.21276137779546125,
    "avg_fill_latency_sec": 0.19315685633740393,
    "std_fill_latency_sec": 0.10904224068984143,
    "avg_queue_position": 1.1864455845961375,
    "std_queue_position": 1.4244909283999319,
    "avg_order_lifetime_sec": 0.21282352185716816,
    "std_order_lifetime_sec": 0.11005459489998143,
    "avg_competition_size": 0.634279071651519,
    "std_competition_size": 0.11763461742407494,
    "forced_liquidations": 0,
    "avg_forced_liq_cost": 0.0,
    "std_forced_liq_cost": 0.0
  },
  "strategy": "skew_mid_spread",
  "strategy_kwargs": {
    "gamma": 0.1,
    "gamma_cap_factor": 5.0,
    "gamma_imb": 0.5,
    "gamma_inv_scale": 4.0,
    "gamma_vol_scale": 2.0,
    "gradient_penalty_ticks": 1.0,
    "gradient_threshold": 1.5,
    "k_vol": 1.3,
    "size_base": 0.005,
    "size_exp": 1.0,
    "size_min_factor": 0.1
  },
  "snapshots_processed": 1000,
  "sharpe_ratio": -1.2281335002873777,
  "capital_base": 10000.0,
  "sharpe_horizon_seconds": 60.0
}