{
  "final_pnl": -1.726212813058737,
  "final_inventory": 0.004722515407604813,
  "fill_count": 267,
  "max_drawdown": 1.726212813058737,
  "pnl_attribution": {
    "inventory_moves": -0.13391942811427573,
    "fees": -1.798660740698164,
    "spread_capture": 0.2499825040834488,
    "adverse_selection": -0.046814974160133936,
    "funding_rates": 0.0
  },
  "additional_metrics": {
    "orders_placed": 605,
    "orders_placed_buy": 301,
    "orders_placed_sell": 304,
    "maker_qty_placed": 1.7201030122646537,
    "maker_qty_filled": 0.31384919809392303,
    "maker_fill_qty_rate": 0.1824595363510906,
    "avg_fill_latency_sec": 0.1837727202997579,
    "std_fill_latency_sec": 0.11069763724295203,
    "avg_queue_position": 1.1062638406884102,
    "std_queue_position": 1.4218334647277404,
    "avg_order_lifetime_sec": 0.1968116806699084,
    "std_order_lifetime_sec": 0.10278351384418322,
    "avg_competition_size": 0.6363788282675478,
    "std_competition_size": 0.12337926289393407,
    "forced_liquidations": 0,
    "avg_forced_liq_cost": 0.0,
    "std_forced_liq_cost": 0.0
  },
  "strategy": "skew_mid_spread",
  "strategy_kwargs": {
    "gamma": 0.1,
    "gamma_cap_factor": 5.0,
    "gamma_imb": 0.5,
    "gamma_inv_scale": 4.0,
    "gamma_vol_scale": 2.0,
    "gradient_penalty_ticks": 1.0,
    "gradient_threshold": 1.5,
    "k_vol": 1.3,
    "size_base": 0.005,
    "size_exp": 3.0,
    "size_min_factor": 0.2
  },
  "snapshots_processed": 1000,
  "sharpe_ratio": -1.1668685216094072,
  "capital_base": 10000.0,
  "sharpe_horizon_seconds": 60.0
}