{
  "final_pnl": -0.5543290802997944,
  "final_inventory": 0.03310550697726727,
  "fill_count": 80,
  "max_drawdown": 1.2090929518544726,
  "pnl_attribution": {
    "inventory_moves": -0.48530429238464223,
    "fees": -0.17120053355802456,
    "spread_capture": 0.1252339826550372,
    "adverse_selection": -0.014733235525532571,
    "funding_rates": 0.0
  },
  "additional_metrics": {
    "orders_placed": 2964,
    "orders_placed_buy": 1539,
    "orders_placed_sell": 1425,
    "maker_qty_placed": 8.122185637233812,
    "maker_qty_filled": 0.09951585541284681,
    "maker_fill_qty_rate": 0.012252349288428614,
    "avg_fill_latency_sec": 0.2506999969482422,
    "std_fill_latency_sec": 0.001452595159059536,
    "avg_queue_position": 1.4885950502570493,
    "std_queue_position": 1.972076861542885,
    "avg_order_lifetime_sec": 0.2506999969482422,
    "std_order_lifetime_sec": 0.001452595159059536,
    "avg_competition_size": 0.2605561526623342,
    "std_competition_size": 0.04741920091433858,
    "forced_liquidations": 0,
    "avg_forced_liq_cost": 0.0,
    "std_forced_liq_cost": 0.0,
    "taker_qty_hedge": 0.0,
    "taker_qty_cross": 0.0,
    "taker_trades_hedge": 0,
    "taker_trades_cross": 0,
    "taker_qty_total": 0.0,
    "notional_traded_btc": 0.09951585541284681,
    "notional_traded_usdt": 1712.0053355802452
  },
  "strategy": "skew_mid_spread",
  "strategy_kwargs": {
    "extra_spread_ticks": 28.0,
    "gamma": 0.12,
    "gamma_cap_factor": 5.0,
    "gamma_imb": 0.5,
    "gamma_inv_scale": 4.0,
    "gamma_vol_scale": 0.0,
    "gradient_penalty_ticks": 1.0,
    "gradient_threshold": 1.5,
    "k_vol": 6.0,
    "size_base": 0.005,
    "size_exp": 2.0,
    "size_min_factor": 0.3
  },
  "snapshots_processed": 10000,
  "sharpe_ratio": -0.14566303927931076,
  "capital_base": 10000.0,
  "sharpe_horizon_seconds": 60.0
}