{
  "final_pnl": -6.840979748225436,
  "final_inventory": 0.014616568307499868,
  "fill_count": 271,
  "max_drawdown": 6.840979748225436,
  "pnl_attribution": {
    "inventory_moves": -0.5463425528559397,
    "fees": -7.156733749519962,
    "spread_capture": 1.0774774283114552,
    "adverse_selection": -0.19753634882552018,
    "funding_rates": 0.0
  },
  "additional_metrics": {
    "orders_placed": 539,
    "orders_placed_buy": 265,
    "orders_placed_sell": 274,
    "maker_qty_placed": 6.199606278024462,
    "maker_qty_filled": 1.2709928339519077,
    "maker_fill_qty_rate": 0.20501186316575515,
    "avg_fill_latency_sec": 0.1878846104328449,
    "std_fill_latency_sec": 0.11567022742744139,
    "avg_queue_position": 1.1332401032907518,
    "std_queue_position": 1.354390530811641,
    "avg_order_lifetime_sec": 0.2007628144362034,
    "std_order_lifetime_sec": 0.1114288339586682,
    "avg_competition_size": 0.7355625389049272,
    "std_competition_size": 0.14545731286788174,
    "forced_liquidations": 1,
    "avg_forced_liq_cost": 0.01613519301436764,
    "std_forced_liq_cost": 0.0
  },
  "strategy": "skew_mid_spread",
  "strategy_kwargs": {
    "gamma": 0.1,
    "gamma_cap_factor": 5.0,
    "gamma_imb": 0.5,
    "gamma_inv_scale": 4.0,
    "gamma_vol_scale": 2.0,
    "gradient_penalty_ticks": 1.0,
    "gradient_threshold": 1.5,
    "k_vol": 1.3,
    "size_base": 0.02,
    "size_exp": 1.0,
    "size_min_factor": 0.1
  },
  "snapshots_processed": 1000,
  "sharpe_ratio": -1.2351860052225827,
  "capital_base": 10000.0,
  "sharpe_horizon_seconds": 60.0
}