{
  "final_pnl": -1.601472316599029,
  "final_inventory": 0.003966658338632674,
  "fill_count": 270,
  "max_drawdown": 1.601472316599029,
  "pnl_attribution": {
    "inventory_moves": -0.11085325195584218,
    "fees": -1.6454733172364593,
    "spread_capture": 0.1993646655968236,
    "adverse_selection": -0.04835932289470044,
    "funding_rates": 0.0
  },
  "additional_metrics": {
    "orders_placed": 534,
    "orders_placed_buy": 262,
    "orders_placed_sell": 272,
    "maker_qty_placed": 1.5347849290609588,
    "maker_qty_filled": 0.3289747547557478,
    "maker_fill_qty_rate": 0.21434583343024313,
    "avg_fill_latency_sec": 0.1990132395005384,
    "std_fill_latency_sec": 0.10519662869549787,
    "avg_queue_position": 1.2290416386599454,
    "std_queue_position": 1.4504817767659912,
    "avg_order_lifetime_sec": 0.21396687962361519,
    "std_order_lifetime_sec": 0.09735021508316881,
    "avg_competition_size": 0.6401033428755383,
    "std_competition_size": 0.12251731634208447,
    "forced_liquidations": 0,
    "avg_forced_liq_cost": 0.0,
    "std_forced_liq_cost": 0.0
  },
  "strategy": "skew_mid_spread",
  "strategy_kwargs": {
    "gamma": 0.1,
    "gamma_cap_factor": 5.0,
    "gamma_imb": 0.5,
    "gamma_inv_scale": 2.0,
    "gamma_vol_scale": 0.0,
    "gradient_penalty_ticks": 1.0,
    "gradient_threshold": 1.5,
    "k_vol": 1.3,
    "size_base": 0.005,
    "size_exp": 2.0,
    "size_min_factor": 0.3
  },
  "snapshots_processed": 1000,
  "sharpe_ratio": -1.3254030951530995,
  "capital_base": 10000.0,
  "sharpe_horizon_seconds": 60.0
}