{
  "final_pnl": -3.4949516809319903,
  "final_inventory": 0.004904631801236017,
  "fill_count": 270,
  "max_drawdown": 3.4949516809319903,
  "pnl_attribution": {
    "inventory_moves": -0.3064457127938229,
    "fees": -3.619120743949848,
    "spread_capture": 0.5016742384600322,
    "adverse_selection": -0.08710703969075095,
    "funding_rates": 0.0
  },
  "additional_metrics": {
    "orders_placed": 610,
    "orders_placed_buy": 305,
    "orders_placed_sell": 305,
    "maker_qty_placed": 3.469121932312108,
    "maker_qty_filled": 0.6181090161194205,
    "maker_fill_qty_rate": 0.17817448569974648,
    "avg_fill_latency_sec": 0.1830512774296296,
    "std_fill_latency_sec": 0.111109252438864,
    "avg_queue_position": 1.1349530088483277,
    "std_queue_position": 1.4242934345962202,
    "avg_order_lifetime_sec": 0.1943140977468246,
    "std_order_lifetime_sec": 0.10450915563846333,
    "avg_competition_size": 0.6697955372804903,
    "std_competition_size": 0.12625448335804842,
    "forced_liquidations": 0,
    "avg_forced_liq_cost": 0.0,
    "std_forced_liq_cost": 0.0
  },
  "strategy": "skew_mid_spread",
  "strategy_kwargs": {
    "gamma": 0.1,
    "gamma_cap_factor": 5.0,
    "gamma_imb": 0.5,
    "gamma_inv_scale": 4.0,
    "gamma_vol_scale": 2.0,
    "gradient_penalty_ticks": 1.0,
    "gradient_threshold": 1.5,
    "k_vol": 1.3,
    "size_base": 0.01,
    "size_exp": 1.0,
    "size_min_factor": 0.1
  },
  "snapshots_processed": 1000,
  "sharpe_ratio": -1.1535061233951016,
  "capital_base": 10000.0,
  "sharpe_horizon_seconds": 60.0
}