{
  "final_pnl": -0.5537152286960918,
  "final_inventory": 0.014266836027516137,
  "fill_count": 96,
  "max_drawdown": 0.7861794069340249,
  "pnl_attribution": {
    "inventory_moves": -0.45805529762112124,
    "fees": -0.21380509495188538,
    "spread_capture": 0.1468644368841497,
    "adverse_selection": -0.019587481374726195,
    "funding_rates": 0.0
  },
  "additional_metrics": {
    "orders_placed": 2962,
    "orders_placed_buy": 1539,
    "orders_placed_sell": 1423,
    "maker_qty_placed": 8.117459115442573,
    "maker_qty_filled": 0.12430696040394117,
    "maker_fill_qty_rate": 0.015313530827332514,
    "avg_fill_latency_sec": 0.25062499940395355,
    "std_fill_latency_sec": 0.001393817948610699,
    "avg_queue_position": 1.1765762779895164,
    "std_queue_position": 1.52228090195979,
    "avg_order_lifetime_sec": 0.25062499940395355,
    "std_order_lifetime_sec": 0.001393817948610699,
    "avg_competition_size": 0.26090726735672354,
    "std_competition_size": 0.0470112706227752,
    "forced_liquidations": 0,
    "avg_forced_liq_cost": 0.0,
    "std_forced_liq_cost": 0.0,
    "taker_qty_hedge": 0.0,
    "taker_qty_cross": 0.0,
    "taker_trades_hedge": 0,
    "taker_trades_cross": 0,
    "taker_qty_total": 0.0,
    "notional_traded_btc": 0.12430696040394117,
    "notional_traded_usdt": 2138.0509495188526
  },
  "strategy": "skew_mid_spread",
  "strategy_kwargs": {
    "extra_spread_ticks": 32.0,
    "gamma": 0.08,
    "gamma_cap_factor": 5.0,
    "gamma_imb": 0.5,
    "gamma_inv_scale": 1.0,
    "gamma_vol_scale": 0.0,
    "gradient_penalty_ticks": 1.0,
    "gradient_threshold": 1.5,
    "k_vol": 6.0,
    "size_base": 0.005,
    "size_exp": 2.0,
    "size_min_factor": 0.3
  },
  "snapshots_processed": 10000,
  "sharpe_ratio": -0.25685557592701413,
  "capital_base": 10000.0,
  "sharpe_horizon_seconds": 60.0
}