{
  "final_pnl": 0.28300947057323356,
  "final_inventory": 0.10000003916681201,
  "fill_count": 2488,
  "max_drawdown": 3.1405484762399283,
  "pnl_attribution": {
    "inventory_moves": 0.18379694862720428,
    "fees": -0.4893451367891568,
    "spread_capture": 0.6766615867985862,
    "adverse_selection": -0.08926988071995128,
    "funding_rates": 0.0
  },
  "additional_metrics": {
    "orders_placed": 1589,
    "orders_placed_buy": 821,
    "orders_placed_sell": 768,
    "maker_qty_placed": 34.8588877122365,
    "maker_qty_filled": 0.5140475041990659,
    "maker_fill_qty_rate": 0.014746526293167408,
    "avg_fill_latency_sec": 0.002852438911189878,
    "std_fill_latency_sec": 0.026584038378641848,
    "avg_queue_position": 0.012418141998871347,
    "std_queue_position": 0.19662603970647946,
    "avg_order_lifetime_sec": 0.002852438911189878,
    "std_order_lifetime_sec": 0.026584038378641848,
    "avg_competition_size": 0.35477905299699186,
    "std_competition_size": 0.06885911204750038,
    "forced_liquidations": 0,
    "avg_forced_liq_cost": 0.0,
    "std_forced_liq_cost": 0.0,
    "taker_qty_hedge": 0.11849372117147801,
    "taker_qty_cross": 0.0,
    "taker_trades_hedge": 2432,
    "taker_trades_cross": 0,
    "taker_qty_total": 0.11849372117147801,
    "notional_traded_btc": 0.632541225370546,
    "notional_traded_usdt": 10881.143215535938
  },
  "strategy": "skew_mid_spread",
  "strategy_kwargs": {
    "extra_spread_ticks": 30.0,
    "gamma": 0.16,
    "gamma_cap_factor": 5.0,
    "gamma_imb": 0.5,
    "gamma_inv_scale": 1.0,
    "gamma_vol_scale": 2.0,
    "gradient_penalty_ticks": 1.0,
    "gradient_threshold": 1.5,
    "k_vol": 6.0,
    "size_base": 0.04,
    "size_exp": 2.0,
    "size_min_factor": 0.3
  },
  "snapshots_processed": 10000,
  "sharpe_ratio": 0.023232607454857813,
  "capital_base": 10000.0,
  "sharpe_horizon_seconds": 60.0
}