{
  "final_pnl": 8.083069202377835,
  "final_inventory": -0.002,
  "fill_count": 2406,
  "max_drawdown": 0.010399999999997078,
  "pnl_attribution": {
    "spread_capture": 0.0,
    "inventory_moves": 0.0,
    "fees": 0.0,
    "rebates": 8.27617200237997,
    "adverse_selection": -0.2736029000016639
  },
  "strategy": "skew_mid_spread",
  "strategy_kwargs": {
    "gamma": 0.1,
    "size": 0.001
  },
  "snapshots_processed": 5000,
  "sharpe_ratio": 3996.8663112380304,
  "sharpe_horizon_seconds": 60.0
}