{
  "final_pnl": -7.784911520579044,
  "final_inventory": 0.021867390937523663,
  "fill_count": 279,
  "max_drawdown": 7.784911520579044,
  "pnl_attribution": {
    "inventory_moves": -0.6100817101206549,
    "fees": -7.677096990283316,
    "spread_capture": 0.8211360375302592,
    "adverse_selection": -0.3147031253829943,
    "funding_rates": 0.0
  },
  "additional_metrics": {
    "orders_placed": 609,
    "orders_placed_buy": 305,
    "orders_placed_sell": 304,
    "maker_qty_placed": 6.927293296073963,
    "maker_qty_filled": 1.303434048750034,
    "maker_fill_qty_rate": 0.18815921212528333,
    "avg_fill_latency_sec": 0.18091974876545094,
    "std_fill_latency_sec": 0.11220406505625757,
    "avg_queue_position": 1.1485205654143296,
    "std_queue_position": 1.4500759563476973,
    "avg_order_lifetime_sec": 0.1902222177128733,
    "std_order_lifetime_sec": 0.10711583410478218,
    "avg_competition_size": 0.740905333689667,
    "std_competition_size": 0.14730034912304735,
    "forced_liquidations": 1,
    "avg_forced_liq_cost": 0.10737251884269806,
    "std_forced_liq_cost": 0.0
  },
  "strategy": "skew_mid_spread",
  "strategy_kwargs": {
    "gamma": 0.1,
    "gamma_cap_factor": 5.0,
    "gamma_imb": 0.5,
    "gamma_inv_scale": 4.0,
    "gamma_vol_scale": 2.0,
    "gradient_penalty_ticks": 1.0,
    "gradient_threshold": 1.5,
    "k_vol": 1.3,
    "size_base": 0.02,
    "size_exp": 1.0,
    "size_min_factor": 0.1
  },
  "snapshots_processed": 1000,
  "sharpe_ratio": -1.2043237010046088,
  "capital_base": 10000.0,
  "sharpe_horizon_seconds": 60.0
}