{
  "final_pnl": 0.3940804343619675,
  "final_inventory": 0.0814391804,
  "fill_count": 54,
  "max_drawdown": 2.5769657665696286,
  "pnl_attribution": {
    "inventory_moves": 0.3493312427265332,
    "fees": -0.43547090268341726,
    "spread_capture": 0.5623984825109293,
    "adverse_selection": -0.0666057423252898,
    "funding_rates": 0.0
  },
  "additional_metrics": {
    "orders_placed": 1586,
    "orders_placed_buy": 818,
    "orders_placed_sell": 768,
    "maker_qty_placed": 34.789973178472266,
    "maker_qty_filled": 0.43203243052131085,
    "maker_fill_qty_rate": 0.012418303064075048,
    "avg_fill_latency_sec": 0.20033331712086996,
    "std_fill_latency_sec": 0.10016762906595537,
    "avg_queue_position": 0.8159512717715285,
    "std_queue_position": 1.0830146076888068,
    "avg_order_lifetime_sec": 0.20033331712086996,
    "std_order_lifetime_sec": 0.10016762906595537,
    "avg_competition_size": 0.35477001049622986,
    "std_competition_size": 0.0693296467462016,
    "forced_liquidations": 0,
    "avg_forced_liq_cost": 0.0,
    "std_forced_liq_cost": 0.0,
    "taker_qty_hedge": 0.10549289641913084,
    "taker_qty_cross": 0.0,
    "taker_trades_hedge": 6,
    "taker_trades_cross": 0,
    "taker_qty_total": 0.10549289641913084,
    "notional_traded_btc": 0.5375253269404416,
    "notional_traded_usdt": 9244.534151589101
  },
  "strategy": "skew_mid_spread",
  "strategy_kwargs": {
    "extra_spread_ticks": 15.0,
    "gamma": 0.08,
    "gamma_cap_factor": 5.0,
    "gamma_imb": 0.5,
    "gamma_inv_scale": 1.0,
    "gamma_vol_scale": 2.0,
    "gradient_penalty_ticks": 1.0,
    "gradient_threshold": 1.5,
    "k_vol": 6.0,
    "size_base": 0.04,
    "size_exp": 2.0,
    "size_min_factor": 0.3
  },
  "snapshots_processed": 10000,
  "sharpe_ratio": 0.03140503379828842,
  "capital_base": 10000.0,
  "sharpe_horizon_seconds": 60.0
}