{
  "final_pnl": -0.5329323133773869,
  "final_inventory": 0.033940740655886543,
  "fill_count": 66,
  "max_drawdown": 1.1372792992297036,
  "pnl_attribution": {
    "inventory_moves": -0.45235196190966087,
    "fees": -0.15094045149358037,
    "spread_capture": 0.0950797367827797,
    "adverse_selection": -0.013837813688334458,
    "funding_rates": 0.0
  },
  "additional_metrics": {
    "orders_placed": 2962,
    "orders_placed_buy": 1540,
    "orders_placed_sell": 1422,
    "maker_qty_placed": 8.114806515957715,
    "maker_qty_filled": 0.08775693771636411,
    "maker_fill_qty_rate": 0.01081442145832937,
    "avg_fill_latency_sec": 0.2504848639170329,
    "std_fill_latency_sec": 0.0007015830573676062,
    "avg_queue_position": 1.150874315119294,
    "std_queue_position": 1.0592634416385638,
    "avg_order_lifetime_sec": 0.2504848639170329,
    "std_order_lifetime_sec": 0.0007015830573676062,
    "avg_competition_size": 0.2603847945825432,
    "std_competition_size": 0.046761963066563446,
    "forced_liquidations": 0,
    "avg_forced_liq_cost": 0.0,
    "std_forced_liq_cost": 0.0,
    "taker_qty_hedge": 0.0,
    "taker_qty_cross": 0.0,
    "taker_trades_hedge": 0,
    "taker_trades_cross": 0,
    "taker_qty_total": 0.0,
    "notional_traded_btc": 0.08775693771636411,
    "notional_traded_usdt": 1509.4045149358037
  },
  "strategy": "skew_mid_spread",
  "strategy_kwargs": {
    "extra_spread_ticks": 28.0,
    "gamma": 0.12,
    "gamma_cap_factor": 5.0,
    "gamma_imb": 0.5,
    "gamma_inv_scale": 1.0,
    "gamma_vol_scale": 1.0,
    "gradient_penalty_ticks": 1.0,
    "gradient_threshold": 1.5,
    "k_vol": 4.0,
    "size_base": 0.005,
    "size_exp": 2.0,
    "size_min_factor": 0.3
  },
  "snapshots_processed": 10000,
  "sharpe_ratio": -0.14611850727784265,
  "capital_base": 10000.0,
  "sharpe_horizon_seconds": 60.0
}