{
  "final_pnl": -1.6600043973685388,
  "final_inventory": 0.002048045381922511,
  "fill_count": 261,
  "max_drawdown": 1.6600043973685388,
  "pnl_attribution": {
    "inventory_moves": -0.094247710646638,
    "fees": -1.7215524963814974,
    "spread_capture": 0.19832962575190854,
    "adverse_selection": -0.04608456669595537,
    "funding_rates": 0.0
  },
  "additional_metrics": {
    "orders_placed": 530,
    "orders_placed_buy": 258,
    "orders_placed_sell": 272,
    "maker_qty_placed": 1.5217975740097476,
    "maker_qty_filled": 0.3085298138475686,
    "maker_fill_qty_rate": 0.20274037698366865,
    "avg_fill_latency_sec": 0.18701332728068035,
    "std_fill_latency_sec": 0.11272290226426483,
    "avg_queue_position": 1.074506753005941,
    "std_queue_position": 1.345081655889558,
    "avg_order_lifetime_sec": 0.21207999229431151,
    "std_order_lifetime_sec": 0.12178967802112685,
    "avg_competition_size": 0.6364270608155453,
    "std_competition_size": 0.12540454708858895,
    "forced_liquidations": 0,
    "avg_forced_liq_cost": 0.0,
    "std_forced_liq_cost": 0.0
  },
  "strategy": "skew_mid_spread",
  "strategy_kwargs": {
    "gamma": 0.1,
    "gamma_cap_factor": 5.0,
    "gamma_imb": 0.5,
    "gamma_inv_scale": 4.0,
    "gamma_vol_scale": 2.0,
    "gradient_penalty_ticks": 1.0,
    "gradient_threshold": 1.5,
    "k_vol": 1.3,
    "size_base": 0.005,
    "size_exp": 2.0,
    "size_min_factor": 0.2
  },
  "snapshots_processed": 1000,
  "sharpe_ratio": -1.07874452143023,
  "capital_base": 10000.0,
  "sharpe_horizon_seconds": 60.0
}