{
  "final_pnl": -3.4614685887718224,
  "final_inventory": 0.004013818115583826,
  "fill_count": 271,
  "max_drawdown": 3.4614685887718224,
  "pnl_attribution": {
    "inventory_moves": -0.2898198770379086,
    "fees": -3.5884662527825237,
    "spread_capture": 0.5000987235532044,
    "adverse_selection": -0.09038297744782853,
    "funding_rates": 0.0
  },
  "additional_metrics": {
    "orders_placed": 608,
    "orders_placed_buy": 302,
    "orders_placed_sell": 306,
    "maker_qty_placed": 3.463561246376494,
    "maker_qty_filled": 0.6244357248107095,
    "maker_fill_qty_rate": 0.18028719008909722,
    "avg_fill_latency_sec": 0.18462178951654679,
    "std_fill_latency_sec": 0.11023781330281175,
    "avg_queue_position": 1.1252007244269773,
    "std_queue_position": 1.3973718817705931,
    "avg_order_lifetime_sec": 0.1958846098337418,
    "std_order_lifetime_sec": 0.10341129689567316,
    "avg_competition_size": 0.6639504590681387,
    "std_competition_size": 0.13153831807448185,
    "forced_liquidations": 0,
    "avg_forced_liq_cost": 0.0,
    "std_forced_liq_cost": 0.0
  },
  "strategy": "skew_mid_spread",
  "strategy_kwargs": {
    "gamma": 0.1,
    "gamma_cap_factor": 5.0,
    "gamma_imb": 0.5,
    "gamma_inv_scale": 4.0,
    "gamma_vol_scale": 2.0,
    "gradient_penalty_ticks": 1.0,
    "gradient_threshold": 1.5,
    "k_vol": 1.3,
    "size_base": 0.01,
    "size_exp": 1.0,
    "size_min_factor": 0.1
  },
  "snapshots_processed": 1000,
  "sharpe_ratio": -1.1557843303429602,
  "capital_base": 10000.0,
  "sharpe_horizon_seconds": 60.0
}