{
  "final_pnl": -0.8154045492974547,
  "final_inventory": 0.0804391804,
  "fill_count": 76,
  "max_drawdown": 3.6470906459453545,
  "pnl_attribution": {
    "inventory_moves": 0.7957074332656945,
    "fees": -2.0933006570749955,
    "spread_capture": 0.5688914458528249,
    "adverse_selection": -0.08381503806393929,
    "funding_rates": 0.0
  },
  "additional_metrics": {
    "orders_placed": 1588,
    "orders_placed_buy": 821,
    "orders_placed_sell": 767,
    "maker_qty_placed": 34.832676846524535,
    "maker_qty_filled": 0.5443717285737291,
    "maker_fill_qty_rate": 0.01562819105095692,
    "avg_fill_latency_sec": 0.1725555419921875,
    "std_fill_latency_sec": 0.11596254329622772,
    "avg_queue_position": 0.9553398634641417,
    "std_queue_position": 1.6285541028468768,
    "avg_order_lifetime_sec": 0.1725555419921875,
    "std_order_lifetime_sec": 0.11596254329622772,
    "avg_competition_size": 0.35484599682278056,
    "std_competition_size": 0.06894114596112329,
    "forced_liquidations": 0,
    "avg_forced_liq_cost": 0.0,
    "std_forced_liq_cost": 0.0,
    "taker_qty_hedge": 0.2241418129230177,
    "taker_qty_cross": 0.0,
    "taker_trades_hedge": 14,
    "taker_trades_cross": 0,
    "taker_qty_total": 0.2241418129230177,
    "notional_traded_btc": 0.7685135414967469,
    "notional_traded_usdt": 13219.561882721351
  },
  "strategy": "skew_mid_spread",
  "strategy_kwargs": {
    "extra_spread_ticks": 26.0,
    "gamma": 0.2,
    "gamma_cap_factor": 5.0,
    "gamma_imb": 0.5,
    "gamma_inv_scale": 1.0,
    "gamma_vol_scale": 2.0,
    "gradient_penalty_ticks": 1.0,
    "gradient_threshold": 1.5,
    "k_vol": 6.0,
    "size_base": 0.04,
    "size_exp": 2.0,
    "size_min_factor": 0.3
  },
  "snapshots_processed": 10000,
  "sharpe_ratio": -0.0649015000352261,
  "capital_base": 10000.0,
  "sharpe_horizon_seconds": 60.0
}