{
  "final_pnl": -15.818721409108548,
  "final_inventory": 0.01451252897153378,
  "fill_count": 287,
  "max_drawdown": 15.818721409108548,
  "pnl_attribution": {
    "inventory_moves": -1.2058596777687198,
    "fees": -15.485742271242708,
    "spread_capture": 1.9412081635382916,
    "adverse_selection": -1.0046411640281443,
    "funding_rates": 0.0
  },
  "additional_metrics": {
    "orders_placed": 536,
    "orders_placed_buy": 263,
    "orders_placed_sell": 273,
    "maker_qty_placed": 12.31932690136263,
    "maker_qty_filled": 2.6759904333653153,
    "maker_fill_qty_rate": 0.2172188833684839,
    "avg_fill_latency_sec": 0.1901144521782197,
    "std_fill_latency_sec": 0.1323169961832882,
    "avg_queue_position": 1.2020478658821245,
    "std_queue_position": 1.3704772757594952,
    "avg_order_lifetime_sec": 0.20371083753654756,
    "std_order_lifetime_sec": 0.13349915478116775,
    "avg_competition_size": 0.8659102158167222,
    "std_competition_size": 0.17584707841300634,
    "forced_liquidations": 3,
    "avg_forced_liq_cost": 0.19805620457740028,
    "std_forced_liq_cost": 0.09022731775936114
  },
  "strategy": "skew_mid_spread",
  "strategy_kwargs": {
    "gamma": 0.1,
    "gamma_cap_factor": 5.0,
    "gamma_imb": 0.5,
    "gamma_inv_scale": 4.0,
    "gamma_vol_scale": 2.0,
    "gradient_penalty_ticks": 1.0,
    "gradient_threshold": 1.5,
    "k_vol": 1.3,
    "size_base": 0.04,
    "size_exp": 1.0,
    "size_min_factor": 0.1
  },
  "snapshots_processed": 1000,
  "sharpe_ratio": -1.1877151435759088,
  "capital_base": 10000.0,
  "sharpe_horizon_seconds": 60.0
}