{
  "final_pnl": -1.5919622518431424,
  "final_inventory": 0.0009334827558402958,
  "fill_count": 263,
  "max_drawdown": 1.5919622518431424,
  "pnl_attribution": {
    "inventory_moves": -0.09720653702721455,
    "fees": -1.6792897043625505,
    "spread_capture": 0.2335744448105323,
    "adverse_selection": -0.04797285585862582,
    "funding_rates": 0.0
  },
  "additional_metrics": {
    "orders_placed": 534,
    "orders_placed_buy": 262,
    "orders_placed_sell": 272,
    "maker_qty_placed": 1.5338161627106268,
    "maker_qty_filled": 0.32289017287499044,
    "maker_fill_qty_rate": 0.210514258960712,
    "avg_fill_latency_sec": 0.19330871825250204,
    "std_fill_latency_sec": 0.10905930080208612,
    "avg_queue_position": 1.1474400240371987,
    "std_queue_position": 1.4238628011855472,
    "avg_order_lifetime_sec": 0.20678522602823757,
    "std_order_lifetime_sec": 0.10358788325257375,
    "avg_competition_size": 0.6383898514583775,
    "std_competition_size": 0.12051222793634381,
    "forced_liquidations": 0,
    "avg_forced_liq_cost": 0.0,
    "std_forced_liq_cost": 0.0
  },
  "strategy": "skew_mid_spread",
  "strategy_kwargs": {
    "gamma": 0.1,
    "gamma_cap_factor": 5.0,
    "gamma_imb": 0.5,
    "gamma_inv_scale": 4.0,
    "gamma_vol_scale": 2.0,
    "gradient_penalty_ticks": 1.0,
    "gradient_threshold": 1.5,
    "k_vol": 1.3,
    "size_base": 0.005,
    "size_exp": 1.0,
    "size_min_factor": 0.3
  },
  "snapshots_processed": 1000,
  "sharpe_ratio": -1.1789607302437881,
  "capital_base": 10000.0,
  "sharpe_horizon_seconds": 60.0
}