{
  "final_pnl": -5.769072742567005,
  "final_inventory": -0.022873693533468818,
  "fill_count": 161,
  "max_drawdown": 5.7940351337874745,
  "pnl_attribution": {
    "inventory_moves": -2.332459635638213,
    "fees": -4.724016242193096,
    "spread_capture": 1.5481900056093938,
    "adverse_selection": -0.21391008147200735,
    "funding_rates": 0.0
  },
  "additional_metrics": {
    "orders_placed": 2961,
    "orders_placed_buy": 1535,
    "orders_placed_sell": 1426,
    "maker_qty_placed": 64.86638354059322,
    "maker_qty_filled": 1.2878931602293386,
    "maker_fill_qty_rate": 0.019854554700484858,
    "avg_fill_latency_sec": 0.17861702087077688,
    "std_fill_latency_sec": 0.11339679007207956,
    "avg_queue_position": 0.606163468911668,
    "std_queue_position": 0.93940945347035,
    "avg_order_lifetime_sec": 0.17861702087077688,
    "std_order_lifetime_sec": 0.11339679007207956,
    "avg_competition_size": 0.3537297774910208,
    "std_competition_size": 0.06651452246211921,
    "forced_liquidations": 0,
    "avg_forced_liq_cost": 0.0,
    "std_forced_liq_cost": 0.0,
    "taker_qty_hedge": 0.485971243987558,
    "taker_qty_cross": 0.0,
    "taker_trades_hedge": 27,
    "taker_trades_cross": 0,
    "taker_qty_total": 0.485971243987558,
    "notional_traded_btc": 1.7738644042168952,
    "notional_traded_usdt": 30515.182189828494
  },
  "strategy": "skew_mid_spread",
  "strategy_kwargs": {
    "extra_spread_ticks": 38.0,
    "gamma": 0.08,
    "gamma_cap_factor": 5.0,
    "gamma_imb": 0.5,
    "gamma_inv_scale": 1.0,
    "gamma_vol_scale": 2.0,
    "gradient_penalty_ticks": 1.0,
    "gradient_threshold": 1.5,
    "k_vol": 4.0,
    "size_base": 0.04,
    "size_exp": 2.0,
    "size_min_factor": 0.3
  },
  "snapshots_processed": 10000,
  "sharpe_ratio": -0.49930421596358837,
  "capital_base": 10000.0,
  "sharpe_horizon_seconds": 60.0
}