{
  "final_pnl": -0.28189665092395444,
  "final_inventory": 0.019370205964140748,
  "fill_count": 76,
  "max_drawdown": 0.7440766367126344,
  "pnl_attribution": {
    "inventory_moves": -0.21021186174969342,
    "fees": -0.1673768762124774,
    "spread_capture": 0.12390595092597798,
    "adverse_selection": -0.014806359890581176,
    "funding_rates": 0.0
  },
  "additional_metrics": {
    "orders_placed": 2964,
    "orders_placed_buy": 1541,
    "orders_placed_sell": 1423,
    "maker_qty_placed": 8.127205749866839,
    "maker_qty_filled": 0.0972983803914681,
    "maker_fill_qty_rate": 0.011971935175021537,
    "avg_fill_latency_sec": 0.25057896814848246,
    "std_fill_latency_sec": 0.0007480583243649379,
    "avg_queue_position": 1.3319261112507799,
    "std_queue_position": 2.01889668172924,
    "avg_order_lifetime_sec": 0.25057896814848246,
    "std_order_lifetime_sec": 0.0007480583243649379,
    "avg_competition_size": 0.260307484643529,
    "std_competition_size": 0.04774159745201774,
    "forced_liquidations": 0,
    "avg_forced_liq_cost": 0.0,
    "std_forced_liq_cost": 0.0,
    "taker_qty_hedge": 0.0,
    "taker_qty_cross": 0.0,
    "taker_trades_hedge": 0,
    "taker_trades_cross": 0,
    "taker_qty_total": 0.0,
    "notional_traded_btc": 0.0972983803914681,
    "notional_traded_usdt": 1673.7687621247735
  },
  "strategy": "skew_mid_spread",
  "strategy_kwargs": {
    "extra_spread_ticks": 36.0,
    "gamma": 0.16,
    "gamma_cap_factor": 5.0,
    "gamma_imb": 0.5,
    "gamma_inv_scale": 4.0,
    "gamma_vol_scale": 1.0,
    "gradient_penalty_ticks": 1.0,
    "gradient_threshold": 1.5,
    "k_vol": 8.0,
    "size_base": 0.005,
    "size_exp": 2.0,
    "size_min_factor": 0.3
  },
  "snapshots_processed": 10000,
  "sharpe_ratio": -0.12627186695807124,
  "capital_base": 10000.0,
  "sharpe_horizon_seconds": 60.0
}