{
  "final_pnl": -1.5567490452958737,
  "final_inventory": 0.001244024055993191,
  "fill_count": 261,
  "max_drawdown": 1.5567490452958737,
  "pnl_attribution": {
    "inventory_moves": -0.0939985364364243,
    "fees": -1.6942616916250486,
    "spread_capture": 0.2728689531503058,
    "adverse_selection": -0.04470366829977986,
    "funding_rates": 0.0
  },
  "additional_metrics": {
    "orders_placed": 605,
    "orders_placed_buy": 302,
    "orders_placed_sell": 303,
    "maker_qty_placed": 1.7213198049276497,
    "maker_qty_filled": 0.3055991334123345,
    "maker_fill_qty_rate": 0.17753768505857598,
    "avg_fill_latency_sec": 0.1882550252363986,
    "std_fill_latency_sec": 0.10820401291773166,
    "avg_queue_position": 1.0960300764028295,
    "std_queue_position": 1.3794773939902099,
    "avg_order_lifetime_sec": 0.20004697134030747,
    "std_order_lifetime_sec": 0.1004449343572485,
    "avg_competition_size": 0.6357330697970269,
    "std_competition_size": 0.11944649960777837,
    "forced_liquidations": 0,
    "avg_forced_liq_cost": 0.0,
    "std_forced_liq_cost": 0.0
  },
  "strategy": "skew_mid_spread",
  "strategy_kwargs": {
    "gamma": 0.1,
    "gamma_cap_factor": 5.0,
    "gamma_imb": 0.5,
    "gamma_inv_scale": 4.0,
    "gamma_vol_scale": 2.0,
    "gradient_penalty_ticks": 1.0,
    "gradient_threshold": 1.5,
    "k_vol": 1.3,
    "size_base": 0.005,
    "size_exp": 2.0,
    "size_min_factor": 0.1
  },
  "snapshots_processed": 1000,
  "sharpe_ratio": -1.0975418236950556,
  "capital_base": 10000.0,
  "sharpe_horizon_seconds": 60.0
}