{
  "final_pnl": -3.6463196724507725,
  "final_inventory": 0.005426440267171946,
  "fill_count": 282,
  "max_drawdown": 3.6463196724507725,
  "pnl_attribution": {
    "inventory_moves": -0.3178341018860261,
    "fees": -3.795166179798405,
    "spread_capture": 0.554969382793202,
    "adverse_selection": -0.09172481880645252,
    "funding_rates": 0.0
  },
  "additional_metrics": {
    "orders_placed": 536,
    "orders_placed_buy": 262,
    "orders_placed_sell": 274,
    "maker_qty_placed": 3.079255907530466,
    "maker_qty_filled": 0.6523757273033943,
    "maker_fill_qty_rate": 0.21186148436314714,
    "avg_fill_latency_sec": 0.19052760147609593,
    "std_fill_latency_sec": 0.132520319561645,
    "avg_queue_position": 1.1605085550276004,
    "std_queue_position": 1.4232611136547084,
    "avg_order_lifetime_sec": 0.20898772309894212,
    "std_order_lifetime_sec": 0.13375042726552083,
    "avg_competition_size": 0.6728250982655302,
    "std_competition_size": 0.12440541560874482,
    "forced_liquidations": 0,
    "avg_forced_liq_cost": 0.0,
    "std_forced_liq_cost": 0.0
  },
  "strategy": "skew_mid_spread",
  "strategy_kwargs": {
    "gamma": 0.1,
    "gamma_cap_factor": 5.0,
    "gamma_imb": 0.5,
    "gamma_inv_scale": 4.0,
    "gamma_vol_scale": 2.0,
    "gradient_penalty_ticks": 1.0,
    "gradient_threshold": 1.5,
    "k_vol": 1.3,
    "size_base": 0.01,
    "size_exp": 1.0,
    "size_min_factor": 0.2
  },
  "snapshots_processed": 1000,
  "sharpe_ratio": -1.2233666459054104,
  "capital_base": 10000.0,
  "sharpe_horizon_seconds": 60.0
}