{
  "final_pnl": -0.12207701461375109,
  "final_inventory": 0.011896989164951181,
  "fill_count": 34,
  "max_drawdown": 0.4273044051878969,
  "pnl_attribution": {
    "inventory_moves": -0.09299627429310477,
    "fees": -0.06757502430326075,
    "spread_capture": 0.04237863060786022,
    "adverse_selection": -0.006134126123068658,
    "funding_rates": 0.0
  },
  "additional_metrics": {
    "orders_placed": 1589,
    "orders_placed_buy": 821,
    "orders_placed_sell": 768,
    "maker_qty_placed": 4.363957941885292,
    "maker_qty_filled": 0.03929130634946044,
    "maker_fill_qty_rate": 0.009003594185072746,
    "avg_fill_latency_sec": 0.2504705821766573,
    "std_fill_latency_sec": 0.0006056059309711079,
    "avg_queue_position": 1.715689612446969,
    "std_queue_position": 2.0888970819815604,
    "avg_order_lifetime_sec": 0.2504705821766573,
    "std_order_lifetime_sec": 0.0006056059309711079,
    "avg_competition_size": 0.258916613115238,
    "std_competition_size": 0.049491633094470924,
    "forced_liquidations": 0,
    "avg_forced_liq_cost": 0.0,
    "std_forced_liq_cost": 0.0,
    "taker_qty_hedge": 0.0,
    "taker_qty_cross": 0.0,
    "taker_trades_hedge": 0,
    "taker_trades_cross": 0,
    "taker_qty_total": 0.0,
    "notional_traded_btc": 0.03929130634946044,
    "notional_traded_usdt": 675.7502430326074
  },
  "strategy": "skew_mid_spread",
  "strategy_kwargs": {
    "extra_spread_ticks": 36.0,
    "gamma": 0.08,
    "gamma_cap_factor": 5.0,
    "gamma_imb": 0.5,
    "gamma_inv_scale": 1.0,
    "gamma_vol_scale": 0.0,
    "gradient_penalty_ticks": 1.0,
    "gradient_threshold": 1.5,
    "k_vol": 8.0,
    "size_base": 0.005,
    "size_exp": 2.0,
    "size_min_factor": 0.3
  },
  "snapshots_processed": 10000,
  "sharpe_ratio": -0.08538831894224552,
  "capital_base": 10000.0,
  "sharpe_horizon_seconds": 60.0
}