{
  "final_pnl": -3.4759550966518873,
  "final_inventory": 0.014581526681953139,
  "fill_count": 281,
  "max_drawdown": 3.4759550966518873,
  "pnl_attribution": {
    "inventory_moves": -0.2676203900957505,
    "fees": -3.6338720796290773,
    "spread_capture": 0.5303125499020763,
    "adverse_selection": -0.1014941807362905,
    "funding_rates": 0.0
  },
  "additional_metrics": {
    "orders_placed": 536,
    "orders_placed_buy": 263,
    "orders_placed_sell": 273,
    "maker_qty_placed": 3.085532035734444,
    "maker_qty_filled": 0.6514538456518989,
    "maker_fill_qty_rate": 0.21113177180052659,
    "avg_fill_latency_sec": 0.1898260812581696,
    "std_fill_latency_sec": 0.11436171950782484,
    "avg_queue_position": 1.1397491215921756,
    "std_queue_position": 1.4176542307300517,
    "avg_order_lifetime_sec": 0.21006831619310082,
    "std_order_lifetime_sec": 0.12452219982329983,
    "avg_competition_size": 0.6697719180108691,
    "std_competition_size": 0.12812608994345825,
    "forced_liquidations": 0,
    "avg_forced_liq_cost": 0.0,
    "std_forced_liq_cost": 0.0
  },
  "strategy": "skew_mid_spread",
  "strategy_kwargs": {
    "gamma": 0.1,
    "gamma_cap_factor": 5.0,
    "gamma_imb": 0.5,
    "gamma_inv_scale": 4.0,
    "gamma_vol_scale": 2.0,
    "gradient_penalty_ticks": 1.0,
    "gradient_threshold": 1.5,
    "k_vol": 1.3,
    "size_base": 0.01,
    "size_exp": 1.0,
    "size_min_factor": 0.2
  },
  "snapshots_processed": 1000,
  "sharpe_ratio": -1.1574925261167563,
  "capital_base": 10000.0,
  "sharpe_horizon_seconds": 60.0
}