{
  "final_pnl": -1.59965750766969,
  "final_inventory": 0.00648111329641071,
  "fill_count": 261,
  "max_drawdown": 1.59965750766969,
  "pnl_attribution": {
    "inventory_moves": -0.09211326750610309,
    "fees": -1.7049038922379463,
    "spread_capture": 0.24589215251125476,
    "adverse_selection": -0.04706220278866228,
    "funding_rates": 0.0
  },
  "additional_metrics": {
    "orders_placed": 535,
    "orders_placed_buy": 264,
    "orders_placed_sell": 271,
    "maker_qty_placed": 1.5382769462419352,
    "maker_qty_filled": 0.3120909859393336,
    "maker_fill_qty_rate": 0.20288348382375676,
    "avg_fill_latency_sec": 0.18993287758539187,
    "std_fill_latency_sec": 0.11107960820613635,
    "avg_queue_position": 1.1189836809283689,
    "std_queue_position": 1.3819782121630715,
    "avg_order_lifetime_sec": 0.2034093853611274,
    "std_order_lifetime_sec": 0.10614229557785913,
    "avg_competition_size": 0.6207452030058619,
    "std_competition_size": 0.12142994065116552,
    "forced_liquidations": 0,
    "avg_forced_liq_cost": 0.0,
    "std_forced_liq_cost": 0.0
  },
  "strategy": "skew_mid_spread",
  "strategy_kwargs": {
    "gamma": 0.1,
    "gamma_cap_factor": 5.0,
    "gamma_imb": 0.5,
    "gamma_inv_scale": 4.0,
    "gamma_vol_scale": 0.0,
    "gradient_penalty_ticks": 1.0,
    "gradient_threshold": 1.5,
    "k_vol": 1.3,
    "size_base": 0.005,
    "size_exp": 2.0,
    "size_min_factor": 0.3
  },
  "snapshots_processed": 1000,
  "sharpe_ratio": -1.215087013524633,
  "capital_base": 10000.0,
  "sharpe_horizon_seconds": 60.0
}