{
  "final_pnl": -4.005757765135058,
  "final_inventory": 0.10000003916681152,
  "fill_count": 3033,
  "max_drawdown": 5.290563554584878,
  "pnl_attribution": {
    "inventory_moves": -2.5036729584972774,
    "fees": -2.120953502167238,
    "spread_capture": 0.7427210488658985,
    "adverse_selection": -0.10113347892115145,
    "funding_rates": 0.0
  },
  "additional_metrics": {
    "orders_placed": 2064,
    "orders_placed_buy": 1070,
    "orders_placed_sell": 994,
    "maker_qty_placed": 45.097945234529355,
    "maker_qty_filled": 0.6681355596528222,
    "maker_fill_qty_rate": 0.014815210674859363,
    "avg_fill_latency_sec": 0.0031846411041106925,
    "std_fill_latency_sec": 0.028093790843635853,
    "avg_queue_position": 0.009037589362060625,
    "std_queue_position": 0.11856561366769056,
    "avg_order_lifetime_sec": 0.0031846411041106925,
    "std_order_lifetime_sec": 0.028093790843635853,
    "avg_competition_size": 0.3521258037539796,
    "std_competition_size": 0.06809943109996276,
    "forced_liquidations": 0,
    "avg_forced_liq_cost": 0.0,
    "std_forced_liq_cost": 0.0,
    "taker_qty_hedge": 0.18819555729896986,
    "taker_qty_cross": 0.0,
    "taker_trades_hedge": 2957,
    "taker_trades_cross": 0,
    "taker_qty_total": 0.18819555729896986,
    "notional_traded_btc": 0.8563311169517941,
    "notional_traded_usdt": 14732.661901076148
  },
  "strategy": "skew_mid_spread",
  "strategy_kwargs": {
    "extra_spread_ticks": 26.0,
    "gamma": 0.2,
    "gamma_cap_factor": 5.0,
    "gamma_imb": 0.5,
    "gamma_inv_scale": 1.0,
    "gamma_vol_scale": 2.0,
    "gradient_penalty_ticks": 1.0,
    "gradient_threshold": 1.5,
    "k_vol": 4.0,
    "size_base": 0.04,
    "size_exp": 2.0,
    "size_min_factor": 0.3
  },
  "snapshots_processed": 10000,
  "sharpe_ratio": -0.3660814514843871,
  "capital_base": 10000.0,
  "sharpe_horizon_seconds": 60.0
}