{
  "final_pnl": -16.80916093666565,
  "final_inventory": 0.03386731379742132,
  "fill_count": 298,
  "max_drawdown": 16.80916093666565,
  "pnl_attribution": {
    "inventory_moves": -0.5564580073466907,
    "fees": -15.718543430599112,
    "spread_capture": 1.791445711564819,
    "adverse_selection": -2.2274261253268954,
    "funding_rates": 0.0
  },
  "additional_metrics": {
    "orders_placed": 534,
    "orders_placed_buy": 262,
    "orders_placed_sell": 272,
    "maker_qty_placed": 12.249128517031274,
    "maker_qty_filled": 2.7006581566875947,
    "maker_fill_qty_rate": 0.22047757543996543,
    "avg_fill_latency_sec": 0.1839017303003741,
    "std_fill_latency_sec": 0.11706401716446774,
    "avg_queue_position": 1.1938677374272335,
    "std_queue_position": 1.3747170474280241,
    "avg_order_lifetime_sec": 0.20273987957507889,
    "std_order_lifetime_sec": 0.12732815274273576,
    "avg_competition_size": 0.8754351488863131,
    "std_competition_size": 0.1749483430141958,
    "forced_liquidations": 12,
    "avg_forced_liq_cost": 0.15398901742350868,
    "std_forced_liq_cost": 0.07328779318863644
  },
  "strategy": "skew_mid_spread",
  "strategy_kwargs": {
    "gamma": 0.1,
    "gamma_cap_factor": 5.0,
    "gamma_imb": 0.5,
    "gamma_inv_scale": 4.0,
    "gamma_vol_scale": 2.0,
    "gradient_penalty_ticks": 1.0,
    "gradient_threshold": 1.5,
    "k_vol": 1.3,
    "size_base": 0.04,
    "size_exp": 1.0,
    "size_min_factor": 0.3
  },
  "snapshots_processed": 1000,
  "sharpe_ratio": -1.1148407139830023,
  "capital_base": 10000.0,
  "sharpe_horizon_seconds": 60.0
}