{
  "final_pnl": -2.171618651553217,
  "final_inventory": 0.1,
  "fill_count": 107,
  "max_drawdown": 3.5664795683496777,
  "pnl_attribution": {
    "inventory_moves": -2.1925446613893143,
    "fees": -0.8853040995425897,
    "spread_capture": 1.0942779764318027,
    "adverse_selection": -0.13311841582590705,
    "funding_rates": 0.0
  },
  "additional_metrics": {
    "orders_placed": 2063,
    "orders_placed_buy": 1071,
    "orders_placed_sell": 992,
    "maker_qty_placed": 45.09727067754871,
    "maker_qty_filled": 0.8259118536612224,
    "maker_fill_qty_rate": 0.018314009722818894,
    "avg_fill_latency_sec": 0.19660000801086425,
    "std_fill_latency_sec": 0.10341151239556362,
    "avg_queue_position": 0.5842279875392543,
    "std_queue_position": 0.9280002637146771,
    "avg_order_lifetime_sec": 0.19660000801086425,
    "std_order_lifetime_sec": 0.10341151239556362,
    "avg_competition_size": 0.3562171626438029,
    "std_competition_size": 0.0695251678723881,
    "forced_liquidations": 0,
    "avg_forced_liq_cost": 0.0,
    "std_forced_liq_cost": 0.0,
    "taker_qty_hedge": 0.21442316958451152,
    "taker_qty_cross": 0.0,
    "taker_trades_hedge": 13,
    "taker_trades_cross": 0,
    "taker_qty_total": 0.21442316958451152,
    "notional_traded_btc": 1.0403350232457338,
    "notional_traded_usdt": 17895.292235616416
  },
  "strategy": "skew_mid_spread",
  "strategy_kwargs": {
    "extra_spread_ticks": 25.0,
    "gamma": 0.16,
    "gamma_cap_factor": 5.0,
    "gamma_imb": 0.5,
    "gamma_inv_scale": 1.0,
    "gamma_vol_scale": 2.0,
    "gradient_penalty_ticks": 1.0,
    "gradient_threshold": 1.5,
    "k_vol": 6.0,
    "size_base": 0.04,
    "size_exp": 2.0,
    "size_min_factor": 0.3
  },
  "snapshots_processed": 10000,
  "sharpe_ratio": -0.2317513798449112,
  "capital_base": 10000.0,
  "sharpe_horizon_seconds": 60.0
}