{
  "final_pnl": -7.411920174108673,
  "final_inventory": 0.01863144969228274,
  "fill_count": 275,
  "max_drawdown": 7.411920174108673,
  "pnl_attribution": {
    "inventory_moves": -0.5870528241985196,
    "fees": -7.510396984277307,
    "spread_capture": 0.9545011748992572,
    "adverse_selection": -0.2547874785108257,
    "funding_rates": 0.0
  },
  "additional_metrics": {
    "orders_placed": 612,
    "orders_placed_buy": 306,
    "orders_placed_sell": 306,
    "maker_qty_placed": 6.954418838476084,
    "maker_qty_filled": 1.271155777395844,
    "maker_fill_qty_rate": 0.1827838971048214,
    "avg_fill_latency_sec": 0.18005624413490295,
    "std_fill_latency_sec": 0.112635428498501,
    "avg_queue_position": 1.1279313927194408,
    "std_queue_position": 1.3884339115975353,
    "avg_order_lifetime_sec": 0.19104374349117278,
    "std_order_lifetime_sec": 0.10662470890247058,
    "avg_competition_size": 0.7345307275494479,
    "std_competition_size": 0.1451295716526559,
    "forced_liquidations": 2,
    "avg_forced_liq_cost": 0.03177623459262252,
    "std_forced_liq_cost": 0.007344183734038581
  },
  "strategy": "skew_mid_spread",
  "strategy_kwargs": {
    "gamma": 0.1,
    "gamma_cap_factor": 5.0,
    "gamma_imb": 0.5,
    "gamma_inv_scale": 4.0,
    "gamma_vol_scale": 2.0,
    "gradient_penalty_ticks": 1.0,
    "gradient_threshold": 1.5,
    "k_vol": 1.3,
    "size_base": 0.02,
    "size_exp": 2.0,
    "size_min_factor": 0.3
  },
  "snapshots_processed": 1000,
  "sharpe_ratio": -1.1760888231441933,
  "capital_base": 10000.0,
  "sharpe_horizon_seconds": 60.0
}