{
  "final_pnl": -17.306871089111155,
  "final_inventory": 0.04589831180346546,
  "fill_count": 292,
  "max_drawdown": 17.306871089111155,
  "pnl_attribution": {
    "inventory_moves": -0.5503122675829085,
    "fees": -15.846087868429914,
    "spread_capture": 1.8059100212477737,
    "adverse_selection": -2.5938728813136747,
    "funding_rates": 0.0
  },
  "additional_metrics": {
    "orders_placed": 533,
    "orders_placed_buy": 261,
    "orders_placed_sell": 272,
    "maker_qty_placed": 12.23003763021106,
    "maker_qty_filled": 2.6975260572553106,
    "maker_fill_qty_rate": 0.22056563837479853,
    "avg_fill_latency_sec": 0.1827352902468513,
    "std_fill_latency_sec": 0.11775980062241925,
    "avg_queue_position": 1.2100895297938556,
    "std_queue_position": 1.371093687545373,
    "avg_order_lifetime_sec": 0.2019058774499332,
    "std_order_lifetime_sec": 0.12829053688700126,
    "avg_competition_size": 0.8642543870536068,
    "std_competition_size": 0.1736373902743185,
    "forced_liquidations": 11,
    "avg_forced_liq_cost": 0.19806461926950003,
    "std_forced_liq_cost": 0.0978440564727745
  },
  "strategy": "skew_mid_spread",
  "strategy_kwargs": {
    "gamma": 0.1,
    "gamma_cap_factor": 5.0,
    "gamma_imb": 0.5,
    "gamma_inv_scale": 4.0,
    "gamma_vol_scale": 2.0,
    "gradient_penalty_ticks": 1.0,
    "gradient_threshold": 1.5,
    "k_vol": 1.3,
    "size_base": 0.04,
    "size_exp": 1.0,
    "size_min_factor": 0.2
  },
  "snapshots_processed": 1000,
  "sharpe_ratio": -1.0819309073705718,
  "capital_base": 10000.0,
  "sharpe_horizon_seconds": 60.0
}