{
  "final_pnl": -14.966446545475264,
  "final_inventory": 0.01698071742837858,
  "fill_count": 288,
  "max_drawdown": 14.966446545475264,
  "pnl_attribution": {
    "inventory_moves": -1.2095394817407177,
    "fees": -15.030472356361294,
    "spread_capture": 2.257997636284684,
    "adverse_selection": -0.9312914426656245,
    "funding_rates": 0.0
  },
  "additional_metrics": {
    "orders_placed": 541,
    "orders_placed_buy": 267,
    "orders_placed_sell": 274,
    "maker_qty_placed": 12.419917383033614,
    "maker_qty_filled": 2.682765428892849,
    "maker_fill_qty_rate": 0.21600509457153677,
    "avg_fill_latency_sec": 0.18976969429940888,
    "std_fill_latency_sec": 0.11423132312550016,
    "avg_queue_position": 1.2507971228778685,
    "std_queue_position": 1.3992107413698935,
    "avg_order_lifetime_sec": 0.19889696583603367,
    "std_order_lifetime_sec": 0.10859279488835193,
    "avg_competition_size": 0.878687443458091,
    "std_competition_size": 0.17387318262708298,
    "forced_liquidations": 4,
    "avg_forced_liq_cost": 0.13851918120226972,
    "std_forced_liq_cost": 0.08101538550682
  },
  "strategy": "skew_mid_spread",
  "strategy_kwargs": {
    "gamma": 0.1,
    "gamma_cap_factor": 5.0,
    "gamma_imb": 0.5,
    "gamma_inv_scale": 4.0,
    "gamma_vol_scale": 2.0,
    "gradient_penalty_ticks": 1.0,
    "gradient_threshold": 1.5,
    "k_vol": 1.3,
    "size_base": 0.04,
    "size_exp": 3.0,
    "size_min_factor": 0.3
  },
  "snapshots_processed": 1000,
  "sharpe_ratio": -1.1980849778694191,
  "capital_base": 10000.0,
  "sharpe_horizon_seconds": 60.0
}