{
  "final_pnl": -1.5631600181459362,
  "final_inventory": 0.0025391520986721263,
  "fill_count": 261,
  "max_drawdown": 1.5631600181459362,
  "pnl_attribution": {
    "inventory_moves": -0.09214129849813439,
    "fees": -1.6618142632262405,
    "spread_capture": 0.23865894517718225,
    "adverse_selection": -0.04679553370583172,
    "funding_rates": 0.0
  },
  "additional_metrics": {
    "orders_placed": 532,
    "orders_placed_buy": 260,
    "orders_placed_sell": 272,
    "maker_qty_placed": 1.5288244731920253,
    "maker_qty_filled": 0.3165463187510427,
    "maker_fill_qty_rate": 0.20705210068368882,
    "avg_fill_latency_sec": 0.19291891278447332,
    "std_fill_latency_sec": 0.10932362596243105,
    "avg_queue_position": 1.118601309845021,
    "std_queue_position": 1.3548352017191014,
    "avg_order_lifetime_sec": 0.20648647804518003,
    "std_order_lifetime_sec": 0.10387326071248888,
    "avg_competition_size": 0.6355174285975308,
    "std_competition_size": 0.12116314019497751,
    "forced_liquidations": 0,
    "avg_forced_liq_cost": 0.0,
    "std_forced_liq_cost": 0.0
  },
  "strategy": "skew_mid_spread",
  "strategy_kwargs": {
    "gamma": 0.1,
    "gamma_cap_factor": 5.0,
    "gamma_imb": 0.5,
    "gamma_inv_scale": 4.0,
    "gamma_vol_scale": 2.0,
    "gradient_penalty_ticks": 1.0,
    "gradient_threshold": 1.5,
    "k_vol": 1.3,
    "size_base": 0.005,
    "size_exp": 2.0,
    "size_min_factor": 0.2
  },
  "snapshots_processed": 1000,
  "sharpe_ratio": -1.1386050383800377,
  "capital_base": 10000.0,
  "sharpe_horizon_seconds": 60.0
}