{
  "final_pnl": -1.8076529865047632,
  "final_inventory": 0.003585407832908852,
  "fill_count": 267,
  "max_drawdown": 1.8076529865047632,
  "pnl_attribution": {
    "inventory_moves": -0.1332810561661913,
    "fees": -1.8205788176056736,
    "spread_capture": 0.19324677485051286,
    "adverse_selection": -0.04884012336295302,
    "funding_rates": 0.0
  },
  "additional_metrics": {
    "orders_placed": 609,
    "orders_placed_buy": 305,
    "orders_placed_sell": 304,
    "maker_qty_placed": 1.7309631939739825,
    "maker_qty_filled": 0.3218193885038768,
    "maker_fill_qty_rate": 0.1859192556053355,
    "avg_fill_latency_sec": 0.18376622881208146,
    "std_fill_latency_sec": 0.11069372399745166,
    "avg_queue_position": 1.0859528067832134,
    "std_queue_position": 1.3577079788831914,
    "avg_order_lifetime_sec": 0.1951753195230063,
    "std_order_lifetime_sec": 0.10389193238997392,
    "avg_competition_size": 0.6403366733356834,
    "std_competition_size": 0.12126552171467568,
    "forced_liquidations": 0,
    "avg_forced_liq_cost": 0.0,
    "std_forced_liq_cost": 0.0
  },
  "strategy": "skew_mid_spread",
  "strategy_kwargs": {
    "gamma": 0.1,
    "gamma_cap_factor": 5.0,
    "gamma_imb": 0.5,
    "gamma_inv_scale": 4.0,
    "gamma_vol_scale": 2.0,
    "gradient_penalty_ticks": 1.0,
    "gradient_threshold": 1.5,
    "k_vol": 1.3,
    "size_base": 0.005,
    "size_exp": 3.0,
    "size_min_factor": 0.3
  },
  "snapshots_processed": 1000,
  "sharpe_ratio": -1.088864374830501,
  "capital_base": 10000.0,
  "sharpe_horizon_seconds": 60.0
}