{
  "final_pnl": -2.2937269201866,
  "final_inventory": 0.08143921953789333,
  "fill_count": 3587,
  "max_drawdown": 4.527414347043305,
  "pnl_attribution": {
    "inventory_moves": -0.044839357783560414,
    "fees": -3.491328042549599,
    "spread_capture": 1.4577679179839973,
    "adverse_selection": -0.16257035953509463,
    "funding_rates": 0.0
  },
  "additional_metrics": {
    "orders_placed": 2964,
    "orders_placed_buy": 1540,
    "orders_placed_sell": 1424,
    "maker_qty_placed": 64.90922109698283,
    "maker_qty_filled": 1.0516120421365984,
    "maker_fill_qty_rate": 0.01620127347646574,
    "avg_fill_latency_sec": 0.00404617570277314,
    "std_fill_latency_sec": 0.03158362965583147,
    "avg_queue_position": 0.016243904601938475,
    "std_queue_position": 0.1923312087379778,
    "avg_order_lifetime_sec": 0.00404617570277314,
    "std_order_lifetime_sec": 0.03158362965583147,
    "avg_competition_size": 0.3560004064539669,
    "std_competition_size": 0.06703092690097294,
    "forced_liquidations": 0,
    "avg_forced_liq_cost": 0.0,
    "std_forced_liq_cost": 0.0,
    "taker_qty_hedge": 0.3260158994711335,
    "taker_qty_cross": 0.0,
    "taker_trades_hedge": 3473,
    "taker_trades_cross": 0,
    "taker_qty_total": 0.3260158994711335,
    "notional_traded_btc": 1.3776279416077324,
    "notional_traded_usdt": 23695.486614831454
  },
  "strategy": "skew_mid_spread",
  "strategy_kwargs": {
    "extra_spread_ticks": 26.0,
    "gamma": 0.12,
    "gamma_cap_factor": 5.0,
    "gamma_imb": 0.5,
    "gamma_inv_scale": 1.0,
    "gamma_vol_scale": 2.0,
    "gradient_penalty_ticks": 1.0,
    "gradient_threshold": 1.5,
    "k_vol": 6.0,
    "size_base": 0.04,
    "size_exp": 2.0,
    "size_min_factor": 0.3
  },
  "snapshots_processed": 10000,
  "sharpe_ratio": -0.16848463778862816,
  "capital_base": 10000.0,
  "sharpe_horizon_seconds": 60.0
}