{
  "final_pnl": -1.7581904946746363,
  "final_inventory": 0.0024692033465260406,
  "fill_count": 265,
  "max_drawdown": 1.7581904946746363,
  "pnl_attribution": {
    "inventory_moves": -0.13049832198875982,
    "fees": -1.811208081537148,
    "spread_capture": 0.23122745355084867,
    "adverse_selection": -0.0498615903899643,
    "funding_rates": 0.0
  },
  "additional_metrics": {
    "orders_placed": 607,
    "orders_placed_buy": 304,
    "orders_placed_sell": 303,
    "maker_qty_placed": 1.7271220746359752,
    "maker_qty_filled": 0.31840891229750845,
    "maker_fill_qty_rate": 0.1843580815586642,
    "avg_fill_latency_sec": 0.18333332678850958,
    "std_fill_latency_sec": 0.11092486607047415,
    "avg_queue_position": 1.0688275996198446,
    "std_queue_position": 1.3701963687575012,
    "avg_order_lifetime_sec": 0.19481698671976724,
    "std_order_lifetime_sec": 0.10413599576840887,
    "avg_competition_size": 0.6381586524202408,
    "std_competition_size": 0.12002879980257276,
    "forced_liquidations": 0,
    "avg_forced_liq_cost": 0.0,
    "std_forced_liq_cost": 0.0
  },
  "strategy": "skew_mid_spread",
  "strategy_kwargs": {
    "gamma": 0.1,
    "gamma_cap_factor": 5.0,
    "gamma_imb": 0.5,
    "gamma_inv_scale": 4.0,
    "gamma_vol_scale": 2.0,
    "gradient_penalty_ticks": 1.0,
    "gradient_threshold": 1.5,
    "k_vol": 1.3,
    "size_base": 0.005,
    "size_exp": 3.0,
    "size_min_factor": 0.2
  },
  "snapshots_processed": 1000,
  "sharpe_ratio": -1.1492171609208657,
  "capital_base": 10000.0,
  "sharpe_horizon_seconds": 60.0
}