{
  "final_pnl": -0.4223832422758278,
  "final_inventory": 0.022680594503757465,
  "fill_count": 74,
  "max_drawdown": 0.7948274758364278,
  "pnl_attribution": {
    "inventory_moves": -0.34870909262586675,
    "fees": -0.15956522454108055,
    "spread_capture": 0.10397890173747268,
    "adverse_selection": -0.013354138291131582,
    "funding_rates": 0.0
  },
  "additional_metrics": {
    "orders_placed": 2960,
    "orders_placed_buy": 1538,
    "orders_placed_sell": 1422,
    "maker_qty_placed": 8.111427415735932,
    "maker_qty_filled": 0.09276558685909535,
    "maker_fill_qty_rate": 0.011436407195006494,
    "avg_fill_latency_sec": 0.2505946094925339,
    "std_fill_latency_sec": 0.0014970291303293849,
    "avg_queue_position": 1.4049451636324897,
    "std_queue_position": 1.8615670463807472,
    "avg_order_lifetime_sec": 0.2505946094925339,
    "std_order_lifetime_sec": 0.0014970291303293849,
    "avg_competition_size": 0.2610401998152624,
    "std_competition_size": 0.04690812581422651,
    "forced_liquidations": 0,
    "avg_forced_liq_cost": 0.0,
    "std_forced_liq_cost": 0.0,
    "taker_qty_hedge": 0.0,
    "taker_qty_cross": 0.0,
    "taker_trades_hedge": 0,
    "taker_trades_cross": 0,
    "taker_qty_total": 0.0,
    "notional_traded_btc": 0.09276558685909535,
    "notional_traded_usdt": 1595.6522454108058
  },
  "strategy": "skew_mid_spread",
  "strategy_kwargs": {
    "extra_spread_ticks": 32.0,
    "gamma": 0.08,
    "gamma_cap_factor": 5.0,
    "gamma_imb": 0.5,
    "gamma_inv_scale": 4.0,
    "gamma_vol_scale": 1.0,
    "gradient_penalty_ticks": 1.0,
    "gradient_threshold": 1.5,
    "k_vol": 6.0,
    "size_base": 0.005,
    "size_exp": 2.0,
    "size_min_factor": 0.3
  },
  "snapshots_processed": 10000,
  "sharpe_ratio": -0.1701036467266905,
  "capital_base": 10000.0,
  "sharpe_horizon_seconds": 60.0
}