{
  "final_pnl": -3.22657077639451,
  "final_inventory": 0.005439908091471828,
  "fill_count": 264,
  "max_drawdown": 3.22657077639451,
  "pnl_attribution": {
    "inventory_moves": -0.21362422706904818,
    "fees": -3.542053026051254,
    "spread_capture": 0.6119573501874659,
    "adverse_selection": -0.09298907724877467,
    "funding_rates": 0.0
  },
  "additional_metrics": {
    "orders_placed": 532,
    "orders_placed_buy": 260,
    "orders_placed_sell": 272,
    "maker_qty_placed": 3.0550918505773965,
    "maker_qty_filled": 0.6303766559818264,
    "maker_fill_qty_rate": 0.206336400610243,
    "avg_fill_latency_sec": 0.18626315342752556,
    "std_fill_latency_sec": 0.11315276797502749,
    "avg_queue_position": 1.1134978778033942,
    "std_queue_position": 1.394506305960765,
    "avg_order_lifetime_sec": 0.20605920490465665,
    "std_order_lifetime_sec": 0.1153134276780293,
    "avg_competition_size": 0.6647632163702087,
    "std_competition_size": 0.13042096717817686,
    "forced_liquidations": 0,
    "avg_forced_liq_cost": 0.0,
    "std_forced_liq_cost": 0.0
  },
  "strategy": "skew_mid_spread",
  "strategy_kwargs": {
    "gamma": 0.1,
    "gamma_cap_factor": 5.0,
    "gamma_imb": 0.5,
    "gamma_inv_scale": 4.0,
    "gamma_vol_scale": 2.0,
    "gradient_penalty_ticks": 1.0,
    "gradient_threshold": 1.5,
    "k_vol": 1.3,
    "size_base": 0.01,
    "size_exp": 2.0,
    "size_min_factor": 0.2
  },
  "snapshots_processed": 1000,
  "sharpe_ratio": -1.0412206569237499,
  "capital_base": 10000.0,
  "sharpe_horizon_seconds": 60.0
}