{
  "final_pnl": -2.0614839190438943,
  "final_inventory": 0.004121212592870849,
  "fill_count": 1420,
  "max_drawdown": 4.022773213930122,
  "pnl_attribution": {
    "inventory_moves": -1.1342070630802186,
    "fees": -1.7468660521500954,
    "spread_capture": 1.0001989650651728,
    "adverse_selection": -0.13919327097772327,
    "funding_rates": 0.0
  },
  "additional_metrics": {
    "orders_placed": 2056,
    "orders_placed_buy": 1064,
    "orders_placed_sell": 992,
    "maker_qty_placed": 44.896308080655324,
    "maker_qty_filled": 0.9748319766919536,
    "maker_fill_qty_rate": 0.02171296523849327,
    "avg_fill_latency_sec": 0.009527047126613862,
    "std_fill_latency_sec": 0.04792779982978358,
    "avg_queue_position": 0.029640743635762034,
    "std_queue_position": 0.23508304632723676,
    "avg_order_lifetime_sec": 0.009527047126613862,
    "std_order_lifetime_sec": 0.04792779982978358,
    "avg_competition_size": 0.3540464355155208,
    "std_competition_size": 0.06772293247764524,
    "forced_liquidations": 0,
    "avg_forced_liq_cost": 0.0,
    "std_forced_liq_cost": 0.0,
    "taker_qty_hedge": 0.4230474895852495,
    "taker_qty_cross": 0.0,
    "taker_trades_hedge": 1316,
    "taker_trades_cross": 0,
    "taker_qty_total": 0.4230474895852495,
    "notional_traded_btc": 1.397879466277205,
    "notional_traded_usdt": 24046.21590895437
  },
  "strategy": "skew_mid_spread",
  "strategy_kwargs": {
    "extra_spread_ticks": 10.0,
    "gamma": 0.16,
    "gamma_cap_factor": 5.0,
    "gamma_imb": 0.5,
    "gamma_inv_scale": 1.0,
    "gamma_vol_scale": 2.0,
    "gradient_penalty_ticks": 1.0,
    "gradient_threshold": 1.5,
    "k_vol": 4.0,
    "size_base": 0.04,
    "size_exp": 2.0,
    "size_min_factor": 0.3
  },
  "snapshots_processed": 10000,
  "sharpe_ratio": -0.19162119673868477,
  "capital_base": 10000.0,
  "sharpe_horizon_seconds": 60.0
}