{
  "final_pnl": -1.747038311959841,
  "final_inventory": 0.002251583886180178,
  "fill_count": 270,
  "max_drawdown": 1.747038311959841,
  "pnl_attribution": {
    "inventory_moves": -0.1415210222857619,
    "fees": -1.836829674353764,
    "spread_capture": 0.27526149093486246,
    "adverse_selection": -0.046303215768129305,
    "funding_rates": 0.0
  },
  "additional_metrics": {
    "orders_placed": 609,
    "orders_placed_buy": 303,
    "orders_placed_sell": 306,
    "maker_qty_placed": 1.734233840673625,
    "maker_qty_filled": 0.3189578802316502,
    "maker_fill_qty_rate": 0.18391861163760825,
    "avg_fill_latency_sec": 0.18302563367745814,
    "std_fill_latency_sec": 0.11109356594359625,
    "avg_queue_position": 1.1323240853792287,
    "std_queue_position": 1.4672654823854205,
    "avg_order_lifetime_sec": 0.19428845399465317,
    "std_order_lifetime_sec": 0.10449524233548359,
    "avg_competition_size": 0.633594916260756,
    "std_competition_size": 0.12330707345329445,
    "forced_liquidations": 0,
    "avg_forced_liq_cost": 0.0,
    "std_forced_liq_cost": 0.0
  },
  "strategy": "skew_mid_spread",
  "strategy_kwargs": {
    "gamma": 0.1,
    "gamma_cap_factor": 5.0,
    "gamma_imb": 0.5,
    "gamma_inv_scale": 4.0,
    "gamma_vol_scale": 2.0,
    "gradient_penalty_ticks": 1.0,
    "gradient_threshold": 1.5,
    "k_vol": 1.3,
    "size_base": 0.005,
    "size_exp": 2.0,
    "size_min_factor": 0.2
  },
  "snapshots_processed": 1000,
  "sharpe_ratio": -1.168309646078512,
  "capital_base": 10000.0,
  "sharpe_horizon_seconds": 60.0
}