{
  "final_pnl": -3.457050665489078,
  "final_inventory": 0.005664721719246021,
  "fill_count": 278,
  "max_drawdown": 3.457050665489078,
  "pnl_attribution": {
    "inventory_moves": -0.2804639540703554,
    "fees": -3.596444559376885,
    "spread_capture": 0.5050314122628728,
    "adverse_selection": -0.09541985550444584,
    "funding_rates": 0.0
  },
  "additional_metrics": {
    "orders_placed": 535,
    "orders_placed_buy": 262,
    "orders_placed_sell": 273,
    "maker_qty_placed": 3.0719073004995985,
    "maker_qty_filled": 0.6554133762399276,
    "maker_fill_qty_rate": 0.21335714659532032,
    "avg_fill_latency_sec": 0.1921823849468111,
    "std_fill_latency_sec": 0.11648838926601783,
    "avg_queue_position": 1.1856378722160952,
    "std_queue_position": 1.4330446544466404,
    "avg_order_lifetime_sec": 0.21267923918909998,
    "std_order_lifetime_sec": 0.11645023513205693,
    "avg_competition_size": 0.6744099929167513,
    "std_competition_size": 0.12510638585615336,
    "forced_liquidations": 0,
    "avg_forced_liq_cost": 0.0,
    "std_forced_liq_cost": 0.0
  },
  "strategy": "skew_mid_spread",
  "strategy_kwargs": {
    "gamma": 0.1,
    "gamma_cap_factor": 5.0,
    "gamma_imb": 0.5,
    "gamma_inv_scale": 4.0,
    "gamma_vol_scale": 2.0,
    "gradient_penalty_ticks": 1.0,
    "gradient_threshold": 1.5,
    "k_vol": 1.3,
    "size_base": 0.01,
    "size_exp": 2.0,
    "size_min_factor": 0.1
  },
  "snapshots_processed": 1000,
  "sharpe_ratio": -1.1754501414677703,
  "capital_base": 10000.0,
  "sharpe_horizon_seconds": 60.0
}