{
  "final_pnl": -1.6438058315470698,
  "final_inventory": 0.004669231813121979,
  "fill_count": 266,
  "max_drawdown": 1.6438058315470698,
  "pnl_attribution": {
    "inventory_moves": -0.11776821011059205,
    "fees": -1.7582711436243836,
    "spread_capture": 0.2721346074687156,
    "adverse_selection": -0.0475534156522813,
    "funding_rates": 0.0
  },
  "additional_metrics": {
    "orders_placed": 532,
    "orders_placed_buy": 259,
    "orders_placed_sell": 273,
    "maker_qty_placed": 1.530778154545453,
    "maker_qty_filled": 0.31316308230740786,
    "maker_fill_qty_rate": 0.20457770538304945,
    "avg_fill_latency_sec": 0.18664705363753575,
    "std_fill_latency_sec": 0.11287962488366259,
    "avg_queue_position": 1.095434699056388,
    "std_queue_position": 1.3339034587630125,
    "avg_order_lifetime_sec": 0.21449018927181468,
    "std_order_lifetime_sec": 0.12938224833331693,
    "avg_competition_size": 0.6366977699774903,
    "std_competition_size": 0.11947230749201025,
    "forced_liquidations": 0,
    "avg_forced_liq_cost": 0.0,
    "std_forced_liq_cost": 0.0
  },
  "strategy": "skew_mid_spread",
  "strategy_kwargs": {
    "gamma": 0.1,
    "gamma_cap_factor": 5.0,
    "gamma_imb": 0.5,
    "gamma_inv_scale": 4.0,
    "gamma_vol_scale": 2.0,
    "gradient_penalty_ticks": 1.0,
    "gradient_threshold": 1.5,
    "k_vol": 1.3,
    "size_base": 0.005,
    "size_exp": 3.0,
    "size_min_factor": 0.1
  },
  "snapshots_processed": 1000,
  "sharpe_ratio": -1.0842880560296912,
  "capital_base": 10000.0,
  "sharpe_horizon_seconds": 60.0
}