{
  "final_pnl": -3.1246101858941984,
  "final_inventory": 0.006284011759449663,
  "fill_count": 258,
  "max_drawdown": 3.1246101858941984,
  "pnl_attribution": {
    "inventory_moves": -0.19077945301662055,
    "fees": -3.363950279815758,
    "spread_capture": 0.5186839022577736,
    "adverse_selection": -0.09440575338823853,
    "funding_rates": 0.0
  },
  "additional_metrics": {
    "orders_placed": 605,
    "orders_placed_buy": 300,
    "orders_placed_sell": 305,
    "maker_qty_placed": 3.442608146706503,
    "maker_qty_filled": 0.6197609716813999,
    "maker_fill_qty_rate": 0.18002658021776802,
    "avg_fill_latency_sec": 0.189115639446544,
    "std_fill_latency_sec": 0.10770161951059364,
    "avg_queue_position": 1.114208952383107,
    "std_queue_position": 1.3817901940673933,
    "avg_order_lifetime_sec": 0.2010680201913224,
    "std_order_lifetime_sec": 0.09968048328197467,
    "avg_competition_size": 0.6669002117196154,
    "std_competition_size": 0.13355961187140164,
    "forced_liquidations": 0,
    "avg_forced_liq_cost": 0.0,
    "std_forced_liq_cost": 0.0
  },
  "strategy": "skew_mid_spread",
  "strategy_kwargs": {
    "gamma": 0.1,
    "gamma_cap_factor": 5.0,
    "gamma_imb": 0.5,
    "gamma_inv_scale": 4.0,
    "gamma_vol_scale": 2.0,
    "gradient_penalty_ticks": 1.0,
    "gradient_threshold": 1.5,
    "k_vol": 1.3,
    "size_base": 0.01,
    "size_exp": 1.0,
    "size_min_factor": 0.3
  },
  "snapshots_processed": 1000,
  "sharpe_ratio": -1.119604343951412,
  "capital_base": 10000.0,
  "sharpe_horizon_seconds": 60.0
}