{
  "final_pnl": -3.73492301180886,
  "final_inventory": 0.03071200368307797,
  "fill_count": 3013,
  "max_drawdown": 4.573410920518654,
  "pnl_attribution": {
    "inventory_moves": -1.9652383429175866,
    "fees": -2.6914000832867684,
    "spread_capture": 1.0914428856055471,
    "adverse_selection": -0.1306208679390957,
    "funding_rates": 0.0
  },
  "additional_metrics": {
    "orders_placed": 2063,
    "orders_placed_buy": 1070,
    "orders_placed_sell": 993,
    "maker_qty_placed": 45.0861726168855,
    "maker_qty_filled": 0.8384181101103978,
    "maker_fill_qty_rate": 0.018595903387824866,
    "avg_fill_latency_sec": 0.0037150555646311115,
    "std_fill_latency_sec": 0.030291126565629666,
    "avg_queue_position": 0.01443620788870871,
    "std_queue_position": 0.1857155136233159,
    "avg_order_lifetime_sec": 0.0037150555646311115,
    "std_order_lifetime_sec": 0.030291126565629666,
    "avg_competition_size": 0.35278898029275974,
    "std_competition_size": 0.06973954160863466,
    "forced_liquidations": 0,
    "avg_forced_liq_cost": 0.0,
    "std_forced_liq_cost": 0.0,
    "taker_qty_hedge": 0.2419795849862529,
    "taker_qty_cross": 0.0,
    "taker_trades_hedge": 2925,
    "taker_trades_cross": 0,
    "taker_qty_total": 0.2419795849862529,
    "notional_traded_btc": 1.0803976950966494,
    "notional_traded_usdt": 18585.740888394303
  },
  "strategy": "skew_mid_spread",
  "strategy_kwargs": {
    "extra_spread_ticks": 26.0,
    "gamma": 0.2,
    "gamma_cap_factor": 5.0,
    "gamma_imb": 0.5,
    "gamma_inv_scale": 1.0,
    "gamma_vol_scale": 2.0,
    "gradient_penalty_ticks": 1.0,
    "gradient_threshold": 1.5,
    "k_vol": 8.0,
    "size_base": 0.04,
    "size_exp": 2.0,
    "size_min_factor": 0.3
  },
  "snapshots_processed": 10000,
  "sharpe_ratio": -0.3978607688977631,
  "capital_base": 10000.0,
  "sharpe_horizon_seconds": 60.0
}