{
  "final_pnl": -15.854294625602051,
  "final_inventory": 0.034832041878809686,
  "fill_count": 290,
  "max_drawdown": 15.854294625602051,
  "pnl_attribution": {
    "inventory_moves": -1.2811012450590835,
    "fees": -15.740067014929505,
    "spread_capture": 2.358397587889343,
    "adverse_selection": -1.128428880758411,
    "funding_rates": 0.0
  },
  "additional_metrics": {
    "orders_placed": 537,
    "orders_placed_buy": 264,
    "orders_placed_sell": 273,
    "maker_qty_placed": 12.330546116872927,
    "maker_qty_filled": 2.683049659110435,
    "maker_fill_qty_rate": 0.2175937410784257,
    "avg_fill_latency_sec": 0.18486309051513672,
    "std_fill_latency_sec": 0.11672055959155592,
    "avg_queue_position": 1.21219305088474,
    "std_queue_position": 1.3862973182629525,
    "avg_order_lifetime_sec": 0.20127380461919875,
    "std_order_lifetime_sec": 0.12597778287676964,
    "avg_competition_size": 0.8698176457301803,
    "std_competition_size": 0.1754258843519506,
    "forced_liquidations": 3,
    "avg_forced_liq_cost": 0.23717958481461077,
    "std_forced_liq_cost": 0.09377974963196757
  },
  "strategy": "skew_mid_spread",
  "strategy_kwargs": {
    "gamma": 0.1,
    "gamma_cap_factor": 5.0,
    "gamma_imb": 0.5,
    "gamma_inv_scale": 4.0,
    "gamma_vol_scale": 2.0,
    "gradient_penalty_ticks": 1.0,
    "gradient_threshold": 1.5,
    "k_vol": 1.3,
    "size_base": 0.04,
    "size_exp": 1.0,
    "size_min_factor": 0.1
  },
  "snapshots_processed": 1000,
  "sharpe_ratio": -1.1710435461411572,
  "capital_base": 10000.0,
  "sharpe_horizon_seconds": 60.0
}