{
  "final_pnl": -22.702732859053867,
  "final_inventory": 0.011935262274635372,
  "fill_count": 323,
  "max_drawdown": 22.702732859053867,
  "pnl_attribution": {
    "inventory_moves": -0.07391609267633602,
    "fees": -17.85727933602263,
    "spread_capture": 2.1406020213070005,
    "adverse_selection": -6.654944035601686,
    "funding_rates": 0.0
  },
  "additional_metrics": {
    "orders_placed": 538,
    "orders_placed_buy": 266,
    "orders_placed_sell": 272,
    "maker_qty_placed": 12.34762214246209,
    "maker_qty_filled": 2.8480830259219676,
    "maker_fill_qty_rate": 0.2306584209544062,
    "avg_fill_latency_sec": 0.1713056971989765,
    "std_fill_latency_sec": 0.1219206168536635,
    "avg_queue_position": 1.143228104163502,
    "std_queue_position": 1.3686411507358456,
    "avg_order_lifetime_sec": 0.1804145037201402,
    "std_order_lifetime_sec": 0.12083647724173513,
    "avg_competition_size": 0.8782235357582209,
    "std_competition_size": 0.17658231888285006,
    "forced_liquidations": 32,
    "avg_forced_liq_cost": 0.19462598804909853,
    "std_forced_liq_cost": 0.10961332742740615
  },
  "strategy": "skew_mid_spread",
  "strategy_kwargs": {
    "gamma": 0.1,
    "gamma_cap_factor": 5.0,
    "gamma_imb": 0.5,
    "gamma_inv_scale": 4.0,
    "gamma_vol_scale": 2.0,
    "gradient_penalty_ticks": 1.0,
    "gradient_threshold": 1.5,
    "k_vol": 1.3,
    "size_base": 0.04,
    "size_exp": 3.0,
    "size_min_factor": 0.3
  },
  "snapshots_processed": 1000,
  "sharpe_ratio": -1.3380732182513484,
  "capital_base": 10000.0,
  "sharpe_horizon_seconds": 60.0
}