{
  "final_pnl": -0.17974906523886602,
  "final_inventory": 0.013073686670408022,
  "fill_count": 38,
  "max_drawdown": 0.399503874772563,
  "pnl_attribution": {
    "inventory_moves": -0.15161672473170318,
    "fees": -0.06887843807313913,
    "spread_capture": 0.04604697537363068,
    "adverse_selection": -0.006255888428309395,
    "funding_rates": 0.0
  },
  "additional_metrics": {
    "orders_placed": 1588,
    "orders_placed_buy": 820,
    "orders_placed_sell": 768,
    "maker_qty_placed": 4.359619928352939,
    "maker_qty_filled": 0.04004650735236893,
    "maker_fill_qty_rate": 0.009185779496952266,
    "avg_fill_latency_sec": 0.2506315582676938,
    "std_fill_latency_sec": 0.0005813301495039924,
    "avg_queue_position": 1.8296224500518767,
    "std_queue_position": 2.0795362353035536,
    "avg_order_lifetime_sec": 0.2506315582676938,
    "std_order_lifetime_sec": 0.0005813301495039924,
    "avg_competition_size": 0.2589901556231854,
    "std_competition_size": 0.04933871584065178,
    "forced_liquidations": 0,
    "avg_forced_liq_cost": 0.0,
    "std_forced_liq_cost": 0.0,
    "taker_qty_hedge": 0.0,
    "taker_qty_cross": 0.0,
    "taker_trades_hedge": 0,
    "taker_trades_cross": 0,
    "taker_qty_total": 0.0,
    "notional_traded_btc": 0.04004650735236893,
    "notional_traded_usdt": 688.7843807313914
  },
  "strategy": "skew_mid_spread",
  "strategy_kwargs": {
    "extra_spread_ticks": 32.0,
    "gamma": 0.16,
    "gamma_cap_factor": 5.0,
    "gamma_imb": 0.5,
    "gamma_inv_scale": 2.0,
    "gamma_vol_scale": 1.0,
    "gradient_penalty_ticks": 1.0,
    "gradient_threshold": 1.5,
    "k_vol": 4.0,
    "size_base": 0.005,
    "size_exp": 2.0,
    "size_min_factor": 0.3
  },
  "snapshots_processed": 10000,
  "sharpe_ratio": -0.13724803247546236,
  "capital_base": 10000.0,
  "sharpe_horizon_seconds": 60.0
}