{
  "final_pnl": -1.2603901708316698,
  "final_inventory": 0.06087723112917012,
  "fill_count": 1735,
  "max_drawdown": 3.261837971795103,
  "pnl_attribution": {
    "inventory_moves": -0.10342811714234418,
    "fees": -1.6495977525492571,
    "spread_capture": 0.615032386611152,
    "adverse_selection": -0.10158848354353699,
    "funding_rates": 0.0
  },
  "additional_metrics": {
    "orders_placed": 1587,
    "orders_placed_buy": 819,
    "orders_placed_sell": 768,
    "maker_qty_placed": 34.82373567779046,
    "maker_qty_filled": 0.6292650390864536,
    "maker_fill_qty_rate": 0.018070003887830453,
    "avg_fill_latency_sec": 0.005309593544208421,
    "std_fill_latency_sec": 0.03608756659272778,
    "avg_queue_position": 0.021717004325990674,
    "std_queue_position": 0.2168960399508381,
    "avg_order_lifetime_sec": 0.005309593544208421,
    "std_order_lifetime_sec": 0.03608756659272778,
    "avg_competition_size": 0.3541474314189272,
    "std_competition_size": 0.06980388165613438,
    "forced_liquidations": 0,
    "avg_forced_liq_cost": 0.0,
    "std_forced_liq_cost": 0.0,
    "taker_qty_hedge": 0.10992618964302543,
    "taker_qty_cross": 0.0,
    "taker_trades_hedge": 1663,
    "taker_trades_cross": 0,
    "taker_qty_total": 0.10992618964302543,
    "notional_traded_btc": 0.7391912287294771,
    "notional_traded_usdt": 12714.507941962418
  },
  "strategy": "skew_mid_spread",
  "strategy_kwargs": {
    "extra_spread_ticks": 30.0,
    "gamma": 0.12,
    "gamma_cap_factor": 5.0,
    "gamma_imb": 0.5,
    "gamma_inv_scale": 1.0,
    "gamma_vol_scale": 2.0,
    "gradient_penalty_ticks": 1.0,
    "gradient_threshold": 1.5,
    "k_vol": 4.0,
    "size_base": 0.04,
    "size_exp": 2.0,
    "size_min_factor": 0.3
  },
  "snapshots_processed": 10000,
  "sharpe_ratio": -0.0996441110614468,
  "capital_base": 10000.0,
  "sharpe_horizon_seconds": 60.0
}