{
  "final_pnl": -3.6086059681147162,
  "final_inventory": -0.022466209911502832,
  "fill_count": 3076,
  "max_drawdown": 4.938935255651813,
  "pnl_attribution": {
    "inventory_moves": -0.5980710484042535,
    "fees": -4.47890456496179,
    "spread_capture": 1.7909571119479435,
    "adverse_selection": -0.2257106942201573,
    "funding_rates": 0.0
  },
  "additional_metrics": {
    "orders_placed": 2964,
    "orders_placed_buy": 1541,
    "orders_placed_sell": 1423,
    "maker_qty_placed": 64.90905875545592,
    "maker_qty_filled": 1.566611953311348,
    "maker_fill_qty_rate": 0.024135490228159667,
    "avg_fill_latency_sec": 0.0072080266116853545,
    "std_fill_latency_sec": 0.04188588732560512,
    "avg_queue_position": 0.028537317396201762,
    "std_queue_position": 0.29634506801890315,
    "avg_order_lifetime_sec": 0.0072080266116853545,
    "std_order_lifetime_sec": 0.04188588732560512,
    "avg_competition_size": 0.35514882729079567,
    "std_competition_size": 0.06724167909474559,
    "forced_liquidations": 0,
    "avg_forced_liq_cost": 0.0,
    "std_forced_liq_cost": 0.0,
    "taker_qty_hedge": 0.34564995510279023,
    "taker_qty_cross": 0.0,
    "taker_trades_hedge": 2904,
    "taker_trades_cross": 0,
    "taker_qty_total": 0.34564995510279023,
    "notional_traded_btc": 1.9122619084141341,
    "notional_traded_usdt": 32893.61593581659
  },
  "strategy": "skew_mid_spread",
  "strategy_kwargs": {
    "extra_spread_ticks": 26.0,
    "gamma": 0.2,
    "gamma_cap_factor": 5.0,
    "gamma_imb": 0.5,
    "gamma_inv_scale": 1.0,
    "gamma_vol_scale": 2.0,
    "gradient_penalty_ticks": 1.0,
    "gradient_threshold": 1.5,
    "k_vol": 4.0,
    "size_base": 0.04,
    "size_exp": 2.0,
    "size_min_factor": 0.3
  },
  "snapshots_processed": 10000,
  "sharpe_ratio": -0.2902358034780445,
  "capital_base": 10000.0,
  "sharpe_horizon_seconds": 60.0
}