{
  "final_pnl": -20.20964506946075,
  "final_inventory": 0.038527439256810826,
  "fill_count": 311,
  "max_drawdown": 20.20964506946075,
  "pnl_attribution": {
    "inventory_moves": -0.09180079652468465,
    "fees": -16.922438373901105,
    "spread_capture": 1.7669510997236306,
    "adverse_selection": -4.722569731229864,
    "funding_rates": 0.0
  },
  "additional_metrics": {
    "orders_placed": 537,
    "orders_placed_buy": 265,
    "orders_placed_sell": 272,
    "maker_qty_placed": 12.323172500892875,
    "maker_qty_filled": 2.7499690307277405,
    "maker_fill_qty_rate": 0.22315430791287647,
    "avg_fill_latency_sec": 0.171005372078188,
    "std_fill_latency_sec": 0.12221981077395215,
    "avg_queue_position": 1.1769726660315045,
    "std_queue_position": 1.4178578784329048,
    "avg_order_lifetime_sec": 0.18045698314584713,
    "std_order_lifetime_sec": 0.12110752206300286,
    "avg_competition_size": 0.8764037529045287,
    "std_competition_size": 0.17662934804754313,
    "forced_liquidations": 31,
    "avg_forced_liq_cost": 0.13924642394757952,
    "std_forced_liq_cost": 0.07978613963736565
  },
  "strategy": "skew_mid_spread",
  "strategy_kwargs": {
    "gamma": 0.1,
    "gamma_cap_factor": 5.0,
    "gamma_imb": 0.5,
    "gamma_inv_scale": 4.0,
    "gamma_vol_scale": 2.0,
    "gradient_penalty_ticks": 1.0,
    "gradient_threshold": 1.5,
    "k_vol": 1.3,
    "size_base": 0.04,
    "size_exp": 2.0,
    "size_min_factor": 0.1
  },
  "snapshots_processed": 1000,
  "sharpe_ratio": -1.3757630651127855,
  "capital_base": 10000.0,
  "sharpe_horizon_seconds": 60.0
}