{
  "final_pnl": -1.7424012600586138,
  "final_inventory": 0.002799083429300464,
  "fill_count": 263,
  "max_drawdown": 1.7424012600586138,
  "pnl_attribution": {
    "inventory_moves": -0.1314116903092668,
    "fees": -1.8105297120065138,
    "spread_capture": 0.24568485106756666,
    "adverse_selection": -0.04829639993491467,
    "funding_rates": 0.0
  },
  "additional_metrics": {
    "orders_placed": 607,
    "orders_placed_buy": 302,
    "orders_placed_sell": 305,
    "maker_qty_placed": 1.7273389885216928,
    "maker_qty_filled": 0.31812656952283896,
    "maker_fill_qty_rate": 0.18417147510524323,
    "avg_fill_latency_sec": 0.18290130872475474,
    "std_fill_latency_sec": 0.11116084167273195,
    "avg_queue_position": 1.0959421524182273,
    "std_queue_position": 1.407597178444256,
    "avg_order_lifetime_sec": 0.194460519050297,
    "std_order_lifetime_sec": 0.10438496682495424,
    "avg_competition_size": 0.6275103114805269,
    "std_competition_size": 0.12368133985979567,
    "forced_liquidations": 0,
    "avg_forced_liq_cost": 0.0,
    "std_forced_liq_cost": 0.0
  },
  "strategy": "skew_mid_spread",
  "strategy_kwargs": {
    "gamma": 0.1,
    "gamma_cap_factor": 5.0,
    "gamma_imb": 0.5,
    "gamma_inv_scale": 4.0,
    "gamma_vol_scale": 2.0,
    "gradient_penalty_ticks": 1.0,
    "gradient_threshold": 1.5,
    "k_vol": 1.3,
    "size_base": 0.005,
    "size_exp": 1.0,
    "size_min_factor": 0.1
  },
  "snapshots_processed": 1000,
  "sharpe_ratio": -1.1666822972170832,
  "capital_base": 10000.0,
  "sharpe_horizon_seconds": 60.0
}