{
  "final_pnl": -0.2762360439810436,
  "final_inventory": 0.007653076430370392,
  "fill_count": 48,
  "max_drawdown": 0.3869813462915772,
  "pnl_attribution": {
    "inventory_moves": -0.2457336525941546,
    "fees": -0.08982448262114025,
    "spread_capture": 0.06945811692478569,
    "adverse_selection": -0.007756247733241952,
    "funding_rates": 0.0
  },
  "additional_metrics": {
    "orders_placed": 1585,
    "orders_placed_buy": 821,
    "orders_placed_sell": 764,
    "maker_qty_placed": 4.353328384481705,
    "maker_qty_filled": 0.05222355166989256,
    "maker_fill_qty_rate": 0.011996235307231515,
    "avg_fill_latency_sec": 0.25054165720939636,
    "std_fill_latency_sec": 0.0007058603641868661,
    "avg_queue_position": 1.3600635502925327,
    "std_queue_position": 1.8349531013579168,
    "avg_order_lifetime_sec": 0.25054165720939636,
    "std_order_lifetime_sec": 0.0007058603641868661,
    "avg_competition_size": 0.25788590158265606,
    "std_competition_size": 0.049975095650891144,
    "forced_liquidations": 0,
    "avg_forced_liq_cost": 0.0,
    "std_forced_liq_cost": 0.0,
    "taker_qty_hedge": 0.0,
    "taker_qty_cross": 0.0,
    "taker_trades_hedge": 0,
    "taker_trades_cross": 0,
    "taker_qty_total": 0.0,
    "notional_traded_btc": 0.05222355166989256,
    "notional_traded_usdt": 898.2448262114023
  },
  "strategy": "skew_mid_spread",
  "strategy_kwargs": {
    "extra_spread_ticks": 28.0,
    "gamma": 0.08,
    "gamma_cap_factor": 5.0,
    "gamma_imb": 0.5,
    "gamma_inv_scale": 2.0,
    "gamma_vol_scale": 0.0,
    "gradient_penalty_ticks": 1.0,
    "gradient_threshold": 1.5,
    "k_vol": 8.0,
    "size_base": 0.005,
    "size_exp": 2.0,
    "size_min_factor": 0.3
  },
  "snapshots_processed": 10000,
  "sharpe_ratio": -0.3009671932136188,
  "capital_base": 10000.0,
  "sharpe_horizon_seconds": 60.0
}