{
  "final_pnl": -7.161041622552148,
  "final_inventory": 0.01527440131824682,
  "fill_count": 273,
  "max_drawdown": 7.161041622552148,
  "pnl_attribution": {
    "inventory_moves": -0.5242466909916581,
    "fees": -7.380674440478981,
    "spread_capture": 0.9449269568385034,
    "adverse_selection": -0.18842716754287236,
    "funding_rates": 0.0
  },
  "additional_metrics": {
    "orders_placed": 539,
    "orders_placed_buy": 264,
    "orders_placed_sell": 275,
    "maker_qty_placed": 6.191846085601778,
    "maker_qty_filled": 1.2643429417180552,
    "maker_fill_qty_rate": 0.20419482723546659,
    "avg_fill_latency_sec": 0.18393037590799452,
    "std_fill_latency_sec": 0.11422324908335,
    "avg_queue_position": 1.113267872052718,
    "std_queue_position": 1.369504510024094,
    "avg_order_lifetime_sec": 0.20455695707586746,
    "std_order_lifetime_sec": 0.12552091594802342,
    "avg_competition_size": 0.7396325050312225,
    "std_competition_size": 0.14213078209537683,
    "forced_liquidations": 0,
    "avg_forced_liq_cost": 0.0,
    "std_forced_liq_cost": 0.0
  },
  "strategy": "skew_mid_spread",
  "strategy_kwargs": {
    "gamma": 0.1,
    "gamma_cap_factor": 5.0,
    "gamma_imb": 0.5,
    "gamma_inv_scale": 4.0,
    "gamma_vol_scale": 2.0,
    "gradient_penalty_ticks": 1.0,
    "gradient_threshold": 1.5,
    "k_vol": 1.3,
    "size_base": 0.02,
    "size_exp": 3.0,
    "size_min_factor": 0.3
  },
  "snapshots_processed": 1000,
  "sharpe_ratio": -1.1638754139510863,
  "capital_base": 10000.0,
  "sharpe_horizon_seconds": 60.0
}