{
  "final_pnl": -8.740957623504073,
  "final_inventory": -0.004764585903433148,
  "fill_count": 1461,
  "max_drawdown": 8.740957623504073,
  "pnl_attribution": {
    "inventory_moves": 0.19522587872604186,
    "fees": -9.166274215565572,
    "spread_capture": 1.2346735767392731,
    "adverse_selection": -0.9977661023750927,
    "funding_rates": 0.0
  },
  "additional_metrics": {
    "orders_placed": 2844,
    "orders_placed_buy": 1419,
    "orders_placed_sell": 1425,
    "maker_qty_placed": 8.095788492518635,
    "maker_qty_filled": 1.6838817581739198,
    "maker_fill_qty_rate": 0.20799478145087472,
    "avg_fill_latency_sec": 0.1922009535953759,
    "std_fill_latency_sec": 0.11682380307733224,
    "avg_queue_position": 1.1422414063233688,
    "std_queue_position": 1.8362165060295528,
    "avg_order_lifetime_sec": 0.19969377591849513,
    "std_order_lifetime_sec": 0.1167839112924629,
    "avg_competition_size": 0.631444916600899,
    "std_competition_size": 0.12280050608302137,
    "forced_liquidations": 38,
    "avg_forced_liq_cost": 0.019548283503696258,
    "std_forced_liq_cost": 0.010559382931105324
  },
  "strategy": "skew_mid_spread",
  "strategy_kwargs": {
    "gamma": 0.1,
    "gamma_cap_factor": 5.0,
    "gamma_imb": 0.5,
    "gamma_inv_scale": 4.0,
    "gamma_vol_scale": 2.0,
    "gradient_penalty_ticks": 1.0,
    "gradient_threshold": 1.5,
    "k_vol": 1.3,
    "size_base": 0.005,
    "size_exp": 1.0,
    "size_min_factor": 0.1
  },
  "snapshots_processed": 5000,
  "sharpe_ratio": -1.4454235247842921,
  "capital_base": 10000.0,
  "sharpe_horizon_seconds": 60.0
}