{
  "final_pnl": -3.6695288005594193,
  "final_inventory": 0.0036178443192127104,
  "fill_count": 270,
  "max_drawdown": 3.6695288005594193,
  "pnl_attribution": {
    "inventory_moves": -0.28048654679411517,
    "fees": -3.710710548208327,
    "spread_capture": 0.4428260076577139,
    "adverse_selection": -0.13081388139700456,
    "funding_rates": 0.0
  },
  "additional_metrics": {
    "orders_placed": 608,
    "orders_placed_buy": 302,
    "orders_placed_sell": 306,
    "maker_qty_placed": 3.45634011271394,
    "maker_qty_filled": 0.6314483053383632,
    "maker_fill_qty_rate": 0.1826927572942311,
    "avg_fill_latency_sec": 0.18025477069198706,
    "std_fill_latency_sec": 0.11248076034782997,
    "avg_queue_position": 1.0993420519821357,
    "std_queue_position": 1.402352944859591,
    "avg_order_lifetime_sec": 0.19304457895315377,
    "std_order_lifetime_sec": 0.10529892418041861,
    "avg_competition_size": 0.6669030559578984,
    "std_competition_size": 0.13195501150146668,
    "forced_liquidations": 1,
    "avg_forced_liq_cost": 0.03759143658255789,
    "std_forced_liq_cost": 0.0
  },
  "strategy": "skew_mid_spread",
  "strategy_kwargs": {
    "gamma": 0.1,
    "gamma_cap_factor": 5.0,
    "gamma_imb": 0.5,
    "gamma_inv_scale": 4.0,
    "gamma_vol_scale": 2.0,
    "gradient_penalty_ticks": 1.0,
    "gradient_threshold": 1.5,
    "k_vol": 1.3,
    "size_base": 0.01,
    "size_exp": 3.0,
    "size_min_factor": 0.3
  },
  "snapshots_processed": 1000,
  "sharpe_ratio": -1.165093112687844,
  "capital_base": 10000.0,
  "sharpe_horizon_seconds": 60.0
}