{
  "final_pnl": -1.6403792155178962,
  "final_inventory": 0.002745583221084182,
  "fill_count": 269,
  "max_drawdown": 1.6403792155178962,
  "pnl_attribution": {
    "inventory_moves": -0.101921330231864,
    "fees": -1.7444429356028934,
    "spread_capture": 0.25289874604722307,
    "adverse_selection": -0.04966016723880243,
    "funding_rates": 0.0
  },
  "additional_metrics": {
    "orders_placed": 528,
    "orders_placed_buy": 258,
    "orders_placed_sell": 270,
    "maker_qty_placed": 1.514823375171395,
    "maker_qty_filled": 0.32910205469224224,
    "maker_fill_qty_rate": 0.21725440740245106,
    "avg_fill_latency_sec": 0.1915294048832912,
    "std_fill_latency_sec": 0.11005019768193153,
    "avg_queue_position": 1.138942578846244,
    "std_queue_position": 1.3800509752203525,
    "avg_order_lifetime_sec": 0.21119607040305544,
    "std_order_lifetime_sec": 0.11134119947515066,
    "avg_competition_size": 0.6395435657379482,
    "std_competition_size": 0.12180629910102997,
    "forced_liquidations": 0,
    "avg_forced_liq_cost": 0.0,
    "std_forced_liq_cost": 0.0
  },
  "strategy": "skew_mid_spread",
  "strategy_kwargs": {
    "gamma": 0.1,
    "gamma_cap_factor": 5.0,
    "gamma_imb": 0.5,
    "gamma_inv_scale": 4.0,
    "gamma_vol_scale": 2.0,
    "gradient_penalty_ticks": 1.0,
    "gradient_threshold": 1.5,
    "k_vol": 1.3,
    "size_base": 0.005,
    "size_exp": 2.0,
    "size_min_factor": 0.3
  },
  "snapshots_processed": 1000,
  "sharpe_ratio": -1.1525543068537987,
  "capital_base": 10000.0,
  "sharpe_horizon_seconds": 60.0
}