{
  "final_pnl": -7.758165880337401,
  "final_inventory": 0.015389546979932372,
  "fill_count": 286,
  "max_drawdown": 7.758165880337401,
  "pnl_attribution": {
    "inventory_moves": -0.25511131606125925,
    "fees": -7.394677438194363,
    "spread_capture": 0.9956488624933055,
    "adverse_selection": -1.0622708192192574,
    "funding_rates": 0.0
  },
  "additional_metrics": {
    "orders_placed": 606,
    "orders_placed_buy": 302,
    "orders_placed_sell": 304,
    "maker_qty_placed": 6.891826074284323,
    "maker_qty_filled": 1.320638968277181,
    "maker_fill_qty_rate": 0.19162395481872663,
    "avg_fill_latency_sec": 0.1836969635703347,
    "std_fill_latency_sec": 0.11077579629529304,
    "avg_queue_position": 1.1180659050692137,
    "std_queue_position": 1.3916565534283505,
    "avg_order_lifetime_sec": 0.19283029671871302,
    "std_order_lifetime_sec": 0.10548189924643511,
    "avg_competition_size": 0.7443082083320337,
    "std_competition_size": 0.14181835892192973,
    "forced_liquidations": 11,
    "avg_forced_liq_cost": 0.07789751299390392,
    "std_forced_liq_cost": 0.03832927379759848
  },
  "strategy": "skew_mid_spread",
  "strategy_kwargs": {
    "gamma": 0.1,
    "gamma_cap_factor": 5.0,
    "gamma_imb": 0.5,
    "gamma_inv_scale": 4.0,
    "gamma_vol_scale": 2.0,
    "gradient_penalty_ticks": 1.0,
    "gradient_threshold": 1.5,
    "k_vol": 1.3,
    "size_base": 0.02,
    "size_exp": 3.0,
    "size_min_factor": 0.2
  },
  "snapshots_processed": 1000,
  "sharpe_ratio": -1.1584340897806125,
  "capital_base": 10000.0,
  "sharpe_horizon_seconds": 60.0
}