{
  "final_pnl": -0.20130022144076065,
  "final_inventory": 0.0336979514542364,
  "fill_count": 56,
  "max_drawdown": 1.770673703023931,
  "pnl_attribution": {
    "inventory_moves": 0.19967817912192037,
    "fees": -0.9342106554427201,
    "spread_capture": 0.6354048546668613,
    "adverse_selection": -0.08151845017323146,
    "funding_rates": 0.0
  },
  "additional_metrics": {
    "orders_placed": 1586,
    "orders_placed_buy": 820,
    "orders_placed_sell": 766,
    "maker_qty_placed": 34.79446190331896,
    "maker_qty_filled": 0.5432398851378295,
    "maker_fill_qty_rate": 0.015612826163177742,
    "avg_fill_latency_sec": 0.25071426800319124,
    "std_fill_latency_sec": 0.0008390870971984209,
    "avg_queue_position": 1.520962406427835,
    "std_queue_position": 1.764728159340545,
    "avg_order_lifetime_sec": 0.25071426800319124,
    "std_order_lifetime_sec": 0.0008390870971984209,
    "avg_competition_size": 0.3557562137719089,
    "std_competition_size": 0.07000923613577562,
    "forced_liquidations": 0,
    "avg_forced_liq_cost": 0.0,
    "std_forced_liq_cost": 0.0,
    "taker_qty_hedge": 0.0,
    "taker_qty_cross": 0.0,
    "taker_trades_hedge": 0,
    "taker_trades_cross": 0,
    "taker_qty_total": 0.0,
    "notional_traded_btc": 0.5432398851378295,
    "notional_traded_usdt": 9342.106554427199
  },
  "strategy": "skew_mid_spread",
  "strategy_kwargs": {
    "extra_spread_ticks": 34.0,
    "gamma": 0.08,
    "gamma_cap_factor": 5.0,
    "gamma_imb": 0.5,
    "gamma_inv_scale": 1.0,
    "gamma_vol_scale": 2.0,
    "gradient_penalty_ticks": 1.0,
    "gradient_threshold": 1.5,
    "k_vol": 6.0,
    "size_base": 0.04,
    "size_exp": 2.0,
    "size_min_factor": 0.3
  },
  "snapshots_processed": 10000,
  "sharpe_ratio": -0.018267117910686442,
  "capital_base": 10000.0,
  "sharpe_horizon_seconds": 60.0
}