{
  "final_pnl": -3.2068354144576006,
  "final_inventory": 0.003756657314907562,
  "fill_count": 263,
  "max_drawdown": 3.2068354144576006,
  "pnl_attribution": {
    "inventory_moves": -0.18134774938941087,
    "fees": -3.427472688673728,
    "spread_capture": 0.4979941165978629,
    "adverse_selection": -0.09306795977888735,
    "funding_rates": 0.0
  },
  "additional_metrics": {
    "orders_placed": 534,
    "orders_placed_buy": 261,
    "orders_placed_sell": 273,
    "maker_qty_placed": 3.0674232981033622,
    "maker_qty_filled": 0.6306177370863728,
    "maker_fill_qty_rate": 0.20558549499063075,
    "avg_fill_latency_sec": 0.19206665992736816,
    "std_fill_latency_sec": 0.11359798192638078,
    "avg_queue_position": 1.1105408028377957,
    "std_queue_position": 1.3888692274113517,
    "avg_order_lifetime_sec": 0.20545332431793212,
    "std_order_lifetime_sec": 0.10855060223586525,
    "avg_competition_size": 0.6676404284381445,
    "std_competition_size": 0.13145983795307165,
    "forced_liquidations": 0,
    "avg_forced_liq_cost": 0.0,
    "std_forced_liq_cost": 0.0
  },
  "strategy": "skew_mid_spread",
  "strategy_kwargs": {
    "gamma": 0.1,
    "gamma_cap_factor": 5.0,
    "gamma_imb": 0.5,
    "gamma_inv_scale": 4.0,
    "gamma_vol_scale": 2.0,
    "gradient_penalty_ticks": 1.0,
    "gradient_threshold": 1.5,
    "k_vol": 1.3,
    "size_base": 0.01,
    "size_exp": 1.0,
    "size_min_factor": 0.2
  },
  "snapshots_processed": 1000,
  "sharpe_ratio": -1.0726518078568037,
  "capital_base": 10000.0,
  "sharpe_horizon_seconds": 60.0
}