{
  "final_pnl": -0.35592780091064924,
  "final_inventory": 0.018468710152966025,
  "fill_count": 44,
  "max_drawdown": 0.6741222586151707,
  "pnl_attribution": {
    "inventory_moves": -0.30365678756502945,
    "fees": -0.0975577415446844,
    "spread_capture": 0.060540063571135484,
    "adverse_selection": -0.007896236432430304,
    "funding_rates": 0.0
  },
  "additional_metrics": {
    "orders_placed": 1587,
    "orders_placed_buy": 821,
    "orders_placed_sell": 766,
    "maker_qty_placed": 4.356767756731096,
    "maker_qty_filled": 0.056717947123906404,
    "maker_fill_qty_rate": 0.013018354498304071,
    "avg_fill_latency_sec": 0.2505908879366788,
    "std_fill_latency_sec": 0.0007780393517829088,
    "avg_queue_position": 1.3498613552507115,
    "std_queue_position": 1.8931587918166244,
    "avg_order_lifetime_sec": 0.2505908879366788,
    "std_order_lifetime_sec": 0.0007780393517829088,
    "avg_competition_size": 0.2607750632499737,
    "std_competition_size": 0.0494093859052292,
    "forced_liquidations": 0,
    "avg_forced_liq_cost": 0.0,
    "std_forced_liq_cost": 0.0,
    "taker_qty_hedge": 0.0,
    "taker_qty_cross": 0.0,
    "taker_trades_hedge": 0,
    "taker_trades_cross": 0,
    "taker_qty_total": 0.0,
    "notional_traded_btc": 0.056717947123906404,
    "notional_traded_usdt": 975.5774154468439
  },
  "strategy": "skew_mid_spread",
  "strategy_kwargs": {
    "extra_spread_ticks": 32.0,
    "gamma": 0.08,
    "gamma_cap_factor": 5.0,
    "gamma_imb": 0.5,
    "gamma_inv_scale": 2.0,
    "gamma_vol_scale": 1.0,
    "gradient_penalty_ticks": 1.0,
    "gradient_threshold": 1.5,
    "k_vol": 8.0,
    "size_base": 0.005,
    "size_exp": 2.0,
    "size_min_factor": 0.3
  },
  "snapshots_processed": 10000,
  "sharpe_ratio": -0.171862557824858,
  "capital_base": 10000.0,
  "sharpe_horizon_seconds": 60.0
}