{
  "final_pnl": -2.851868075029415,
  "final_inventory": 0.0007289417444925825,
  "fill_count": 108,
  "max_drawdown": 4.485363330875771,
  "pnl_attribution": {
    "inventory_moves": -0.9457311053691378,
    "fees": -2.839813536672164,
    "spread_capture": 1.1031656801271337,
    "adverse_selection": -0.12491015727240735,
    "funding_rates": 0.0
  },
  "additional_metrics": {
    "orders_placed": 2066,
    "orders_placed_buy": 1071,
    "orders_placed_sell": 995,
    "maker_qty_placed": 45.145985256739635,
    "maker_qty_filled": 0.8726343626687465,
    "maker_fill_qty_rate": 0.019329168644923414,
    "avg_fill_latency_sec": 0.17898413491627527,
    "std_fill_latency_sec": 0.11320139772598961,
    "avg_queue_position": 0.5855065661805378,
    "std_queue_position": 0.905117142331959,
    "avg_order_lifetime_sec": 0.17898413491627527,
    "std_order_lifetime_sec": 0.11320139772598961,
    "avg_competition_size": 0.35325660397936076,
    "std_competition_size": 0.06790984959775953,
    "forced_liquidations": 0,
    "avg_forced_liq_cost": 0.0,
    "std_forced_liq_cost": 0.0,
    "taker_qty_hedge": 0.25933323073245124,
    "taker_qty_cross": 0.0,
    "taker_trades_hedge": 18,
    "taker_trades_cross": 0,
    "taker_qty_total": 0.25933323073245124,
    "notional_traded_btc": 1.1319675934011975,
    "notional_traded_usdt": 19473.052362212395
  },
  "strategy": "skew_mid_spread",
  "strategy_kwargs": {
    "extra_spread_ticks": 38.0,
    "gamma": 0.12,
    "gamma_cap_factor": 5.0,
    "gamma_imb": 0.5,
    "gamma_inv_scale": 1.0,
    "gamma_vol_scale": 2.0,
    "gradient_penalty_ticks": 1.0,
    "gradient_threshold": 1.5,
    "k_vol": 6.0,
    "size_base": 0.04,
    "size_exp": 2.0,
    "size_min_factor": 0.3
  },
  "snapshots_processed": 10000,
  "sharpe_ratio": -0.27280227784418287,
  "capital_base": 10000.0,
  "sharpe_horizon_seconds": 60.0
}