{
  "final_pnl": -3.6963947756030393,
  "final_inventory": 0.0019048842672019163,
  "fill_count": 274,
  "max_drawdown": 3.6963947756030393,
  "pnl_attribution": {
    "inventory_moves": -0.29999634423942606,
    "fees": -3.65000817066609,
    "spread_capture": 0.37858736280095323,
    "adverse_selection": -0.12882970108587466,
    "funding_rates": 0.0
  },
  "additional_metrics": {
    "orders_placed": 609,
    "orders_placed_buy": 303,
    "orders_placed_sell": 306,
    "maker_qty_placed": 3.463848292119712,
    "maker_qty_filled": 0.6389628969363242,
    "maker_fill_qty_rate": 0.1844661899281129,
    "avg_fill_latency_sec": 0.18387341197532944,
    "std_fill_latency_sec": 0.11064183711021418,
    "avg_queue_position": 1.1094497361590785,
    "std_queue_position": 1.369725624527462,
    "avg_order_lifetime_sec": 0.19499366494673717,
    "std_order_lifetime_sec": 0.10401840416270727,
    "avg_competition_size": 0.6741287910123441,
    "std_competition_size": 0.13006724292883481,
    "forced_liquidations": 1,
    "avg_forced_liq_cost": 0.03130201038227782,
    "std_forced_liq_cost": 0.0
  },
  "strategy": "skew_mid_spread",
  "strategy_kwargs": {
    "gamma": 0.1,
    "gamma_cap_factor": 5.0,
    "gamma_imb": 0.5,
    "gamma_inv_scale": 4.0,
    "gamma_vol_scale": 2.0,
    "gradient_penalty_ticks": 1.0,
    "gradient_threshold": 1.5,
    "k_vol": 1.3,
    "size_base": 0.01,
    "size_exp": 2.0,
    "size_min_factor": 0.3
  },
  "snapshots_processed": 1000,
  "sharpe_ratio": -1.1749975550475797,
  "capital_base": 10000.0,
  "sharpe_horizon_seconds": 60.0
}