{
  "final_pnl": -2.6288001745597285,
  "final_inventory": -0.008663882876679511,
  "fill_count": 105,
  "max_drawdown": 3.6710349986024085,
  "pnl_attribution": {
    "inventory_moves": -0.7325560360816895,
    "fees": -2.7241419369150925,
    "spread_capture": 0.975319636176442,
    "adverse_selection": -0.1277716849950513,
    "funding_rates": 0.0
  },
  "additional_metrics": {
    "orders_placed": 2062,
    "orders_placed_buy": 1069,
    "orders_placed_sell": 993,
    "maker_qty_placed": 45.063850375237756,
    "maker_qty_filled": 0.8252346030453561,
    "maker_fill_qty_rate": 0.01831256308934525,
    "avg_fill_latency_sec": 0.19537289263838428,
    "std_fill_latency_sec": 0.10386398132299415,
    "avg_queue_position": 0.5446332725761521,
    "std_queue_position": 0.9078884295663525,
    "avg_order_lifetime_sec": 0.19537289263838428,
    "std_order_lifetime_sec": 0.10386398132299415,
    "avg_competition_size": 0.3550039285840097,
    "std_competition_size": 0.06662938291272838,
    "forced_liquidations": 0,
    "avg_forced_liq_cost": 0.0,
    "std_forced_liq_cost": 0.0,
    "taker_qty_hedge": 0.25268615755713564,
    "taker_qty_cross": 0.0,
    "taker_trades_hedge": 13,
    "taker_trades_cross": 0,
    "taker_qty_total": 0.25268615755713564,
    "notional_traded_btc": 1.0779207606024914,
    "notional_traded_usdt": 18544.18223524431
  },
  "strategy": "skew_mid_spread",
  "strategy_kwargs": {
    "extra_spread_ticks": 34.0,
    "gamma": 0.08,
    "gamma_cap_factor": 5.0,
    "gamma_imb": 0.5,
    "gamma_inv_scale": 1.0,
    "gamma_vol_scale": 2.0,
    "gradient_penalty_ticks": 1.0,
    "gradient_threshold": 1.5,
    "k_vol": 4.0,
    "size_base": 0.04,
    "size_exp": 2.0,
    "size_min_factor": 0.3
  },
  "snapshots_processed": 10000,
  "sharpe_ratio": -0.281533727710455,
  "capital_base": 10000.0,
  "sharpe_horizon_seconds": 60.0
}