{
  "final_pnl": -3.5854263976434595,
  "final_inventory": 0.006751087623058421,
  "fill_count": 268,
  "max_drawdown": 3.5854263976434595,
  "pnl_attribution": {
    "inventory_moves": -0.28009668207332455,
    "fees": -3.6172690750344505,
    "spread_capture": 0.39384454095698523,
    "adverse_selection": -0.09144979574614509,
    "funding_rates": 0.0
  },
  "additional_metrics": {
    "orders_placed": 608,
    "orders_placed_buy": 304,
    "orders_placed_sell": 304,
    "maker_qty_placed": 3.458892647857549,
    "maker_qty_filled": 0.6175189633425707,
    "maker_fill_qty_rate": 0.17853082654214905,
    "avg_fill_latency_sec": 0.18261289904194494,
    "std_fill_latency_sec": 0.11133247753949824,
    "avg_queue_position": 1.132174387390769,
    "std_queue_position": 1.4516899481415926,
    "avg_order_lifetime_sec": 0.19394838271602508,
    "std_order_lifetime_sec": 0.10474612962806584,
    "avg_competition_size": 0.6720058084039069,
    "std_competition_size": 0.13039066328939336,
    "forced_liquidations": 0,
    "avg_forced_liq_cost": 0.0,
    "std_forced_liq_cost": 0.0
  },
  "strategy": "skew_mid_spread",
  "strategy_kwargs": {
    "gamma": 0.1,
    "gamma_cap_factor": 5.0,
    "gamma_imb": 0.5,
    "gamma_inv_scale": 4.0,
    "gamma_vol_scale": 2.0,
    "gradient_penalty_ticks": 1.0,
    "gradient_threshold": 1.5,
    "k_vol": 1.3,
    "size_base": 0.01,
    "size_exp": 2.0,
    "size_min_factor": 0.1
  },
  "snapshots_processed": 1000,
  "sharpe_ratio": -1.1368099676889003,
  "capital_base": 10000.0,
  "sharpe_horizon_seconds": 60.0
}