{
  "final_pnl": -7.780661728966152,
  "final_inventory": 0.02017250574419515,
  "fill_count": 283,
  "max_drawdown": 7.780661728966152,
  "pnl_attribution": {
    "inventory_moves": -0.7231271123468593,
    "fees": -7.695064828261022,
    "spread_capture": 0.843726822298188,
    "adverse_selection": -0.19679094043964857,
    "funding_rates": 0.0
  },
  "additional_metrics": {
    "orders_placed": 609,
    "orders_placed_buy": 303,
    "orders_placed_sell": 306,
    "maker_qty_placed": 6.920320980118102,
    "maker_qty_filled": 1.3086790027994666,
    "maker_fill_qty_rate": 0.18910669122996845,
    "avg_fill_latency_sec": 0.1817317008972168,
    "std_fill_latency_sec": 0.11175539626614796,
    "avg_queue_position": 1.1398772045253274,
    "std_queue_position": 1.3611287027995809,
    "avg_order_lifetime_sec": 0.19245121246430932,
    "std_order_lifetime_sec": 0.10569036903964989,
    "avg_competition_size": 0.7354006228176271,
    "std_competition_size": 0.14134493553067765,
    "forced_liquidations": 0,
    "avg_forced_liq_cost": 0.0,
    "std_forced_liq_cost": 0.0
  },
  "strategy": "skew_mid_spread",
  "strategy_kwargs": {
    "gamma": 0.1,
    "gamma_cap_factor": 5.0,
    "gamma_imb": 0.5,
    "gamma_inv_scale": 4.0,
    "gamma_vol_scale": 2.0,
    "gradient_penalty_ticks": 1.0,
    "gradient_threshold": 1.5,
    "k_vol": 1.3,
    "size_base": 0.02,
    "size_exp": 2.0,
    "size_min_factor": 0.2
  },
  "snapshots_processed": 1000,
  "sharpe_ratio": -1.2102896037257902,
  "capital_base": 10000.0,
  "sharpe_horizon_seconds": 60.0
}