{
  "final_pnl": -3.6073204531294323,
  "final_inventory": 0.011117015887614965,
  "fill_count": 272,
  "max_drawdown": 3.6073204531294323,
  "pnl_attribution": {
    "inventory_moves": -0.2795415871171203,
    "fees": -3.6546245835013322,
    "spread_capture": 0.4840468035818546,
    "adverse_selection": -0.1547998315267033,
    "funding_rates": 0.0
  },
  "additional_metrics": {
    "orders_placed": 610,
    "orders_placed_buy": 304,
    "orders_placed_sell": 306,
    "maker_qty_placed": 3.468173583540643,
    "maker_qty_filled": 0.6373304846954836,
    "maker_fill_qty_rate": 0.18376545156797938,
    "avg_fill_latency_sec": 0.1834649629653639,
    "std_fill_latency_sec": 0.1108750644765551,
    "avg_queue_position": 1.1341879096226806,
    "std_queue_position": 1.4300671638604876,
    "avg_order_lifetime_sec": 0.1930636888856341,
    "std_order_lifetime_sec": 0.10530947008003676,
    "avg_competition_size": 0.6573223733181418,
    "std_competition_size": 0.1259979467424227,
    "forced_liquidations": 1,
    "avg_forced_liq_cost": 0.057949444805689795,
    "std_forced_liq_cost": 0.0
  },
  "strategy": "skew_mid_spread",
  "strategy_kwargs": {
    "gamma": 0.1,
    "gamma_cap_factor": 5.0,
    "gamma_imb": 0.5,
    "gamma_inv_scale": 4.0,
    "gamma_vol_scale": 2.0,
    "gradient_penalty_ticks": 1.0,
    "gradient_threshold": 1.5,
    "k_vol": 1.3,
    "size_base": 0.01,
    "size_exp": 3.0,
    "size_min_factor": 0.1
  },
  "snapshots_processed": 1000,
  "sharpe_ratio": -1.189861364841979,
  "capital_base": 10000.0,
  "sharpe_horizon_seconds": 60.0
}