{
  "final_pnl": -1.6209068476764514,
  "final_inventory": 0.004584857549414669,
  "fill_count": 265,
  "max_drawdown": 1.6209068476764514,
  "pnl_attribution": {
    "inventory_moves": -0.1134007953790668,
    "fees": -1.745324908819153,
    "spread_capture": 0.28524969127559685,
    "adverse_selection": -0.049879897360954516,
    "funding_rates": 0.0
  },
  "additional_metrics": {
    "orders_placed": 528,
    "orders_placed_buy": 256,
    "orders_placed_sell": 272,
    "maker_qty_placed": 1.5169084956740757,
    "maker_qty_filled": 0.3145487981187704,
    "maker_fill_qty_rate": 0.207361748593143,
    "avg_fill_latency_sec": 0.18784867776067635,
    "std_fill_latency_sec": 0.112212305914593,
    "avg_queue_position": 1.1027085320496435,
    "std_queue_position": 1.3953724335205926,
    "avg_order_lifetime_sec": 0.21093420292201795,
    "std_order_lifetime_sec": 0.12223589652660008,
    "avg_competition_size": 0.6342704942202704,
    "std_competition_size": 0.1241900357479107,
    "forced_liquidations": 0,
    "avg_forced_liq_cost": 0.0,
    "std_forced_liq_cost": 0.0
  },
  "strategy": "skew_mid_spread",
  "strategy_kwargs": {
    "gamma": 0.1,
    "gamma_cap_factor": 5.0,
    "gamma_imb": 0.5,
    "gamma_inv_scale": 4.0,
    "gamma_vol_scale": 2.0,
    "gradient_penalty_ticks": 1.0,
    "gradient_threshold": 1.5,
    "k_vol": 1.3,
    "size_base": 0.005,
    "size_exp": 2.0,
    "size_min_factor": 0.1
  },
  "snapshots_processed": 1000,
  "sharpe_ratio": -1.0944545640468242,
  "capital_base": 10000.0,
  "sharpe_horizon_seconds": 60.0
}