{
  "final_pnl": -1.6363508457598073,
  "final_inventory": 0.0029616244249250825,
  "fill_count": 265,
  "max_drawdown": 1.6363508457598073,
  "pnl_attribution": {
    "inventory_moves": -0.09082532572726883,
    "fees": -1.6864055023018156,
    "spread_capture": 0.19049021639005403,
    "adverse_selection": -0.04848930600662032,
    "funding_rates": 0.0
  },
  "additional_metrics": {
    "orders_placed": 532,
    "orders_placed_buy": 260,
    "orders_placed_sell": 272,
    "maker_qty_placed": 1.5266104659289919,
    "maker_qty_filled": 0.32287659238318467,
    "maker_fill_qty_rate": 0.2114990035697835,
    "avg_fill_latency_sec": 0.19368666013081867,
    "std_fill_latency_sec": 0.10879302085584999,
    "avg_queue_position": 1.1395875243185332,
    "std_queue_position": 1.3947106052287743,
    "avg_order_lifetime_sec": 0.20707332452138266,
    "std_order_lifetime_sec": 0.1033018893190809,
    "avg_competition_size": 0.6317683829065563,
    "std_competition_size": 0.12249371004558723,
    "forced_liquidations": 0,
    "avg_forced_liq_cost": 0.0,
    "std_forced_liq_cost": 0.0
  },
  "strategy": "skew_mid_spread",
  "strategy_kwargs": {
    "gamma": 0.1,
    "gamma_cap_factor": 5.0,
    "gamma_imb": 0.5,
    "gamma_inv_scale": 4.0,
    "gamma_vol_scale": 2.0,
    "gradient_penalty_ticks": 1.0,
    "gradient_threshold": 1.5,
    "k_vol": 1.3,
    "size_base": 0.005,
    "size_exp": 3.0,
    "size_min_factor": 0.1
  },
  "snapshots_processed": 1000,
  "sharpe_ratio": -1.1731920763628103,
  "capital_base": 10000.0,
  "sharpe_horizon_seconds": 60.0
}