{
  "final_pnl": -7.47062665813246,
  "final_inventory": 0.019039153698805204,
  "fill_count": 279,
  "max_drawdown": 7.47062665813246,
  "pnl_attribution": {
    "inventory_moves": -0.5935481249061351,
    "fees": -7.49328261499861,
    "spread_capture": 0.9667561338540833,
    "adverse_selection": -0.3294735191657462,
    "funding_rates": 0.0
  },
  "additional_metrics": {
    "orders_placed": 540,
    "orders_placed_buy": 264,
    "orders_placed_sell": 276,
    "maker_qty_placed": 6.205230267925415,
    "maker_qty_filled": 1.2969250646948967,
    "maker_fill_qty_rate": 0.209005147060964,
    "avg_fill_latency_sec": 0.18672670340686112,
    "std_fill_latency_sec": 0.11608403170769169,
    "avg_queue_position": 1.11445818637387,
    "std_queue_position": 1.3406632165455374,
    "avg_order_lifetime_sec": 0.20696893834179234,
    "std_order_lifetime_sec": 0.1266023477143943,
    "avg_competition_size": 0.731216365880465,
    "std_competition_size": 0.1422140925279385,
    "forced_liquidations": 2,
    "avg_forced_liq_cost": 0.06758064224308585,
    "std_forced_liq_cost": 0.014212468699367143
  },
  "strategy": "skew_mid_spread",
  "strategy_kwargs": {
    "gamma": 0.1,
    "gamma_cap_factor": 5.0,
    "gamma_imb": 0.5,
    "gamma_inv_scale": 4.0,
    "gamma_vol_scale": 2.0,
    "gradient_penalty_ticks": 1.0,
    "gradient_threshold": 1.5,
    "k_vol": 1.3,
    "size_base": 0.02,
    "size_exp": 3.0,
    "size_min_factor": 0.1
  },
  "snapshots_processed": 1000,
  "sharpe_ratio": -1.1695267220862546,
  "capital_base": 10000.0,
  "sharpe_horizon_seconds": 60.0
}