{
  "final_pnl": -9.098399287886423,
  "final_inventory": 0.010472290630959565,
  "fill_count": 1483,
  "max_drawdown": 9.098399287886423,
  "pnl_attribution": {
    "inventory_moves": 0.05810617197981992,
    "fees": -9.08156228425488,
    "spread_capture": 1.1173100437696524,
    "adverse_selection": -1.1795898850925546,
    "funding_rates": 0.0
  },
  "additional_metrics": {
    "orders_placed": 2832,
    "orders_placed_buy": 1411,
    "orders_placed_sell": 1421,
    "maker_qty_placed": 8.0468555935237,
    "maker_qty_filled": 1.6891038998552794,
    "maker_fill_qty_rate": 0.20990856368973618,
    "avg_fill_latency_sec": 0.1932526543965165,
    "std_fill_latency_sec": 0.11671091475810001,
    "avg_queue_position": 1.0938148211062992,
    "std_queue_position": 1.7355931030103737,
    "avg_order_lifetime_sec": 0.20064816733881602,
    "std_order_lifetime_sec": 0.11660790513660009,
    "avg_competition_size": 0.6340935267149105,
    "std_competition_size": 0.12277986911503574,
    "forced_liquidations": 46,
    "avg_forced_liq_cost": 0.02012161100721156,
    "std_forced_liq_cost": 0.011433230127619345
  },
  "strategy": "skew_mid_spread",
  "strategy_kwargs": {
    "gamma": 0.1,
    "gamma_cap_factor": 5.0,
    "gamma_imb": 0.5,
    "gamma_inv_scale": 4.0,
    "gamma_vol_scale": 2.0,
    "gradient_penalty_ticks": 1.0,
    "gradient_threshold": 1.5,
    "k_vol": 1.3,
    "size_base": 0.005,
    "size_exp": 2.0,
    "size_min_factor": 0.1
  },
  "snapshots_processed": 5000,
  "sharpe_ratio": -1.2714054529689416,
  "capital_base": 10000.0,
  "sharpe_horizon_seconds": 60.0
}