{
  "final_pnl": -2.5184061749496323,
  "final_inventory": 0.05077100839419654,
  "fill_count": 465,
  "max_drawdown": 3.371285437950064,
  "pnl_attribution": {
    "inventory_moves": -2.520782188927898,
    "fees": -0.44390657996511107,
    "spread_capture": 0.5742534698006951,
    "adverse_selection": -0.08109439940925879,
    "funding_rates": 0.0
  },
  "additional_metrics": {
    "orders_placed": 1586,
    "orders_placed_buy": 822,
    "orders_placed_sell": 764,
    "maker_qty_placed": 34.81189054735968,
    "maker_qty_filled": 0.5242685964412814,
    "maker_fill_qty_rate": 0.015060043801069711,
    "avg_fill_latency_sec": 0.01605491889150519,
    "std_fill_latency_sec": 0.061361152317027136,
    "avg_queue_position": 0.05403576208879752,
    "std_queue_position": 0.2989319583298958,
    "avg_order_lifetime_sec": 0.01605491889150519,
    "std_order_lifetime_sec": 0.061361152317027136,
    "avg_competition_size": 0.3540068001007403,
    "std_competition_size": 0.07028645769569239,
    "forced_liquidations": 0,
    "avg_forced_liq_cost": 0.0,
    "std_forced_liq_cost": 0.0,
    "taker_qty_hedge": 0.10747940040938787,
    "taker_qty_cross": 0.0,
    "taker_trades_hedge": 409,
    "taker_trades_cross": 0,
    "taker_qty_total": 0.10747940040938787,
    "notional_traded_btc": 0.6317479968506687,
    "notional_traded_usdt": 10866.80600511104
  },
  "strategy": "skew_mid_spread",
  "strategy_kwargs": {
    "extra_spread_ticks": 10.0,
    "gamma": 0.08,
    "gamma_cap_factor": 5.0,
    "gamma_imb": 0.5,
    "gamma_inv_scale": 1.0,
    "gamma_vol_scale": 2.0,
    "gradient_penalty_ticks": 1.0,
    "gradient_threshold": 1.5,
    "k_vol": 6.0,
    "size_base": 0.04,
    "size_exp": 2.0,
    "size_min_factor": 0.3
  },
  "snapshots_processed": 10000,
  "sharpe_ratio": -0.3166928279128653,
  "capital_base": 10000.0,
  "sharpe_horizon_seconds": 60.0
}