{
  "final_pnl": -0.8023233776730194,
  "final_inventory": 0.06232946321970226,
  "fill_count": 1657,
  "max_drawdown": 3.209906683787267,
  "pnl_attribution": {
    "inventory_moves": -0.26069072742276733,
    "fees": -1.249052284649439,
    "spread_capture": 0.7963073011899215,
    "adverse_selection": -0.08225200554694179,
    "funding_rates": 0.0
  },
  "additional_metrics": {
    "orders_placed": 1587,
    "orders_placed_buy": 821,
    "orders_placed_sell": 766,
    "maker_qty_placed": 34.82912201593745,
    "maker_qty_filled": 0.550413934966399,
    "maker_fill_qty_rate": 0.01580326758494042,
    "avg_fill_latency_sec": 0.0044643733952496505,
    "std_fill_latency_sec": 0.03315034324055686,
    "avg_queue_position": 0.021962677940480985,
    "std_queue_position": 0.273009458188311,
    "avg_order_lifetime_sec": 0.0044643733952496505,
    "std_order_lifetime_sec": 0.03315034324055686,
    "avg_competition_size": 0.35665210758515536,
    "std_competition_size": 0.06901184176390188,
    "forced_liquidations": 0,
    "avg_forced_liq_cost": 0.0,
    "std_forced_liq_cost": 0.0,
    "taker_qty_hedge": 0.05861181331328154,
    "taker_qty_cross": 0.0,
    "taker_trades_hedge": 1599,
    "taker_trades_cross": 0,
    "taker_qty_total": 0.05861181331328154,
    "notional_traded_btc": 0.6090257482796797,
    "notional_traded_usdt": 10473.974916516925
  },
  "strategy": "skew_mid_spread",
  "strategy_kwargs": {
    "extra_spread_ticks": 30.0,
    "gamma": 0.16,
    "gamma_cap_factor": 5.0,
    "gamma_imb": 0.5,
    "gamma_inv_scale": 1.0,
    "gamma_vol_scale": 2.0,
    "gradient_penalty_ticks": 1.0,
    "gradient_threshold": 1.5,
    "k_vol": 8.0,
    "size_base": 0.04,
    "size_exp": 2.0,
    "size_min_factor": 0.3
  },
  "snapshots_processed": 10000,
  "sharpe_ratio": -0.06830763412459576,
  "capital_base": 10000.0,
  "sharpe_horizon_seconds": 60.0
}