{
  "final_pnl": -17.087977418786977,
  "final_inventory": 0.08487772704373393,
  "fill_count": 293,
  "max_drawdown": 17.087977418786977,
  "pnl_attribution": {
    "inventory_moves": -0.5342940702441621,
    "fees": -15.581383748245132,
    "spread_capture": 1.943269376664921,
    "adverse_selection": -2.7906580783143236,
    "funding_rates": 0.0
  },
  "additional_metrics": {
    "orders_placed": 608,
    "orders_placed_buy": 304,
    "orders_placed_sell": 304,
    "maker_qty_placed": 13.801770134669933,
    "maker_qty_filled": 2.6545221416927216,
    "maker_fill_qty_rate": 0.19233200638696218,
    "avg_fill_latency_sec": 0.17871929330435413,
    "std_fill_latency_sec": 0.1132656765118831,
    "avg_queue_position": 1.1861103514113587,
    "std_queue_position": 1.4015483750975424,
    "avg_order_lifetime_sec": 0.18753215862296477,
    "std_order_lifetime_sec": 0.10869681158552225,
    "avg_competition_size": 0.8695820703399962,
    "std_competition_size": 0.1784251748908217,
    "forced_liquidations": 13,
    "avg_forced_liq_cost": 0.18384419698167306,
    "std_forced_liq_cost": 0.1065903026878324
  },
  "strategy": "skew_mid_spread",
  "strategy_kwargs": {
    "gamma": 0.1,
    "gamma_cap_factor": 5.0,
    "gamma_imb": 0.5,
    "gamma_inv_scale": 4.0,
    "gamma_vol_scale": 2.0,
    "gradient_penalty_ticks": 1.0,
    "gradient_threshold": 1.5,
    "k_vol": 1.3,
    "size_base": 0.04,
    "size_exp": 2.0,
    "size_min_factor": 0.2
  },
  "snapshots_processed": 1000,
  "sharpe_ratio": -1.0898731592680335,
  "capital_base": 10000.0,
  "sharpe_horizon_seconds": 60.0
}