{
  "final_pnl": -4.187923533085268,
  "final_inventory": 0.0814391804,
  "fill_count": 148,
  "max_drawdown": 5.375496128803206,
  "pnl_attribution": {
    "inventory_moves": -1.614402535305535,
    "fees": -3.736550954979775,
    "spread_capture": 1.4832181175212116,
    "adverse_selection": -0.1655468244743064,
    "funding_rates": 0.0
  },
  "additional_metrics": {
    "orders_placed": 2959,
    "orders_placed_buy": 1536,
    "orders_placed_sell": 1423,
    "maker_qty_placed": 64.81582244190872,
    "maker_qty_filled": 1.1331759161525319,
    "maker_fill_qty_rate": 0.017483013768252998,
    "avg_fill_latency_sec": 0.185647055682014,
    "std_fill_latency_sec": 0.10970727774762162,
    "avg_queue_position": 1.0182028295534122,
    "std_queue_position": 1.7963840479348876,
    "avg_order_lifetime_sec": 0.185647055682014,
    "std_order_lifetime_sec": 0.10970727774762162,
    "avg_competition_size": 0.355550903150397,
    "std_competition_size": 0.06593200075202733,
    "forced_liquidations": 0,
    "avg_forced_liq_cost": 0.0,
    "std_forced_liq_cost": 0.0,
    "taker_qty_hedge": 0.34617971449130175,
    "taker_qty_cross": 0.0,
    "taker_trades_hedge": 22,
    "taker_trades_cross": 0,
    "taker_qty_total": 0.34617971449130175,
    "notional_traded_btc": 1.4793556306438338,
    "notional_traded_usdt": 25451.49175478702
  },
  "strategy": "skew_mid_spread",
  "strategy_kwargs": {
    "extra_spread_ticks": 38.0,
    "gamma": 0.08,
    "gamma_cap_factor": 5.0,
    "gamma_imb": 0.5,
    "gamma_inv_scale": 1.0,
    "gamma_vol_scale": 2.0,
    "gradient_penalty_ticks": 1.0,
    "gradient_threshold": 1.5,
    "k_vol": 4.0,
    "size_base": 0.04,
    "size_exp": 2.0,
    "size_min_factor": 0.3
  },
  "snapshots_processed": 10000,
  "sharpe_ratio": -0.37679078176578185,
  "capital_base": 10000.0,
  "sharpe_horizon_seconds": 60.0
}