{
  "final_pnl": -3.615110399396144,
  "final_inventory": 0.009245220154400578,
  "fill_count": 275,
  "max_drawdown": 3.615110399396144,
  "pnl_attribution": {
    "inventory_moves": -0.30026217633362534,
    "fees": -3.7285149783859795,
    "spread_capture": 0.5151376562281476,
    "adverse_selection": -0.09527383821647338,
    "funding_rates": 0.0
  },
  "additional_metrics": {
    "orders_placed": 611,
    "orders_placed_buy": 306,
    "orders_placed_sell": 305,
    "maker_qty_placed": 3.473989024423085,
    "maker_qty_filled": 0.6403917958331714,
    "maker_fill_qty_rate": 0.18433903830180332,
    "avg_fill_latency_sec": 0.18272955462617693,
    "std_fill_latency_sec": 0.11125480019946835,
    "avg_queue_position": 1.1517734944481532,
    "std_queue_position": 1.4399627246066542,
    "avg_order_lifetime_sec": 0.19220754185562614,
    "std_order_lifetime_sec": 0.10585204017168735,
    "avg_competition_size": 0.6761240415838958,
    "std_competition_size": 0.12493215891404523,
    "forced_liquidations": 0,
    "avg_forced_liq_cost": 0.0,
    "std_forced_liq_cost": 0.0
  },
  "strategy": "skew_mid_spread",
  "strategy_kwargs": {
    "gamma": 0.1,
    "gamma_cap_factor": 5.0,
    "gamma_imb": 0.5,
    "gamma_inv_scale": 4.0,
    "gamma_vol_scale": 2.0,
    "gradient_penalty_ticks": 1.0,
    "gradient_threshold": 1.5,
    "k_vol": 1.3,
    "size_base": 0.01,
    "size_exp": 1.0,
    "size_min_factor": 0.1
  },
  "snapshots_processed": 1000,
  "sharpe_ratio": -1.1948895025515591,
  "capital_base": 10000.0,
  "sharpe_horizon_seconds": 60.0
}