{
  "final_pnl": -2.718062984493372,
  "final_inventory": 0.07944606109968708,
  "fill_count": 61,
  "max_drawdown": 3.9600649458279804,
  "pnl_attribution": {
    "inventory_moves": -1.947032973462245,
    "fees": -1.2122990013546748,
    "spread_capture": 0.5204865073065879,
    "adverse_selection": -0.08165875813020752,
    "funding_rates": 0.0
  },
  "additional_metrics": {
    "orders_placed": 1587,
    "orders_placed_buy": 821,
    "orders_placed_sell": 766,
    "maker_qty_placed": 34.830029434504944,
    "maker_qty_filled": 0.5351004715510168,
    "maker_fill_qty_rate": 0.015363193205369809,
    "avg_fill_latency_sec": 0.22734373062849045,
    "std_fill_latency_sec": 0.07312557447058989,
    "avg_queue_position": 0.9448766063320375,
    "std_queue_position": 1.4344320440182936,
    "avg_order_lifetime_sec": 0.22734373062849045,
    "std_order_lifetime_sec": 0.07312557447058989,
    "avg_competition_size": 0.35602927034263404,
    "std_competition_size": 0.06818271858510529,
    "forced_liquidations": 0,
    "avg_forced_liq_cost": 0.0,
    "std_forced_liq_cost": 0.0,
    "taker_qty_hedge": 0.05654420072052971,
    "taker_qty_cross": 0.0,
    "taker_trades_hedge": 3,
    "taker_trades_cross": 0,
    "taker_qty_total": 0.05654420072052971,
    "notional_traded_btc": 0.5916446722715463,
    "notional_traded_usdt": 10177.36331272287
  },
  "strategy": "skew_mid_spread",
  "strategy_kwargs": {
    "extra_spread_ticks": 30.0,
    "gamma": 0.12,
    "gamma_cap_factor": 5.0,
    "gamma_imb": 0.5,
    "gamma_inv_scale": 1.0,
    "gamma_vol_scale": 2.0,
    "gradient_penalty_ticks": 1.0,
    "gradient_threshold": 1.5,
    "k_vol": 8.0,
    "size_base": 0.04,
    "size_exp": 2.0,
    "size_min_factor": 0.3
  },
  "snapshots_processed": 10000,
  "sharpe_ratio": -0.26418425458733924,
  "capital_base": 10000.0,
  "sharpe_horizon_seconds": 60.0
}