{
  "final_pnl": -6.114834572346808,
  "final_inventory": 0.014317673644345892,
  "fill_count": 172,
  "max_drawdown": 6.510892664646235,
  "pnl_attribution": {
    "inventory_moves": -3.4028729189635905,
    "fees": -4.196822918100153,
    "spread_capture": 1.7129209048416862,
    "adverse_selection": -0.19339515151850564,
    "funding_rates": 0.0
  },
  "additional_metrics": {
    "orders_placed": 2963,
    "orders_placed_buy": 1539,
    "orders_placed_sell": 1424,
    "maker_qty_placed": 64.8800305664133,
    "maker_qty_filled": 1.4622892724764422,
    "maker_fill_qty_rate": 0.022538356713312516,
    "avg_fill_latency_sec": 0.19369072520855776,
    "std_fill_latency_sec": 0.10490510003447101,
    "avg_queue_position": 0.7932946589854284,
    "std_queue_position": 1.4485288958504743,
    "avg_order_lifetime_sec": 0.19369072520855776,
    "std_order_lifetime_sec": 0.10490510003447101,
    "avg_competition_size": 0.3544166827114705,
    "std_competition_size": 0.06670571123197105,
    "forced_liquidations": 0,
    "avg_forced_liq_cost": 0.0,
    "std_forced_liq_cost": 0.0,
    "taker_qty_hedge": 0.32572978987872486,
    "taker_qty_cross": 0.0,
    "taker_trades_hedge": 22,
    "taker_trades_cross": 0,
    "taker_qty_total": 0.32572978987872486,
    "notional_traded_btc": 1.7880190623551666,
    "notional_traded_usdt": 30758.475395314403
  },
  "strategy": "skew_mid_spread",
  "strategy_kwargs": {
    "extra_spread_ticks": 30.0,
    "gamma": 0.08,
    "gamma_cap_factor": 5.0,
    "gamma_imb": 0.5,
    "gamma_inv_scale": 1.0,
    "gamma_vol_scale": 2.0,
    "gradient_penalty_ticks": 1.0,
    "gradient_threshold": 1.5,
    "k_vol": 4.0,
    "size_base": 0.04,
    "size_exp": 2.0,
    "size_min_factor": 0.3
  },
  "snapshots_processed": 10000,
  "sharpe_ratio": -0.5855717478907275,
  "capital_base": 10000.0,
  "sharpe_horizon_seconds": 60.0
}