{
  "final_pnl": -7.415158385116229,
  "final_inventory": 0.017623934967524478,
  "fill_count": 281,
  "max_drawdown": 7.415158385116229,
  "pnl_attribution": {
    "inventory_moves": -0.20734066405004906,
    "fees": -7.19914821639766,
    "spread_capture": 1.0957117451502942,
    "adverse_selection": -1.0544406412941603,
    "funding_rates": 0.0
  },
  "additional_metrics": {
    "orders_placed": 605,
    "orders_placed_buy": 301,
    "orders_placed_sell": 304,
    "maker_qty_placed": 6.875051663280389,
    "maker_qty_filled": 1.2697952601187297,
    "maker_fill_qty_rate": 0.18469610445266887,
    "avg_fill_latency_sec": 0.18400616704681774,
    "std_fill_latency_sec": 0.11061207009127395,
    "avg_queue_position": 1.1570016310915503,
    "std_queue_position": 1.4190735575230207,
    "avg_order_lifetime_sec": 0.19330863599424009,
    "std_order_lifetime_sec": 0.1051744129066043,
    "avg_competition_size": 0.7266696625939644,
    "std_competition_size": 0.14669410285403375,
    "forced_liquidations": 10,
    "avg_forced_liq_cost": 0.0872489597157948,
    "std_forced_liq_cost": 0.04253342997483909
  },
  "strategy": "skew_mid_spread",
  "strategy_kwargs": {
    "gamma": 0.1,
    "gamma_cap_factor": 5.0,
    "gamma_imb": 0.5,
    "gamma_inv_scale": 4.0,
    "gamma_vol_scale": 2.0,
    "gradient_penalty_ticks": 1.0,
    "gradient_threshold": 1.5,
    "k_vol": 1.3,
    "size_base": 0.02,
    "size_exp": 2.0,
    "size_min_factor": 0.2
  },
  "snapshots_processed": 1000,
  "sharpe_ratio": -1.2111239180391489,
  "capital_base": 10000.0,
  "sharpe_horizon_seconds": 60.0
}