{
  "final_pnl": -22.574116752271948,
  "final_inventory": 0.05,
  "fill_count": 327,
  "max_drawdown": 22.574116752271948,
  "pnl_attribution": {
    "inventory_moves": -0.13387232279007927,
    "fees": -18.393980194879866,
    "spread_capture": 2.1511781968393224,
    "adverse_selection": -5.916824271693318,
    "funding_rates": 0.0
  },
  "additional_metrics": {
    "orders_placed": 536,
    "orders_placed_buy": 266,
    "orders_placed_sell": 270,
    "maker_qty_placed": 12.286005733579554,
    "maker_qty_filled": 2.791658040976707,
    "maker_fill_qty_rate": 0.2272225897914628,
    "avg_fill_latency_sec": 0.16486934441417905,
    "std_fill_latency_sec": 0.12649866495629797,
    "avg_queue_position": 1.0829479008796699,
    "std_queue_position": 1.3501167626317399,
    "avg_order_lifetime_sec": 0.1812462279545003,
    "std_order_lifetime_sec": 0.13728195959071587,
    "avg_competition_size": 0.8784966452966737,
    "std_competition_size": 0.1754964134469669,
    "forced_liquidations": 37,
    "avg_forced_liq_cost": 0.14899843033706767,
    "std_forced_liq_cost": 0.08798992318755695
  },
  "strategy": "skew_mid_spread",
  "strategy_kwargs": {
    "gamma": 0.1,
    "gamma_cap_factor": 5.0,
    "gamma_imb": 0.5,
    "gamma_inv_scale": 4.0,
    "gamma_vol_scale": 2.0,
    "gradient_penalty_ticks": 1.0,
    "gradient_threshold": 1.5,
    "k_vol": 1.3,
    "size_base": 0.04,
    "size_exp": 2.0,
    "size_min_factor": 0.1
  },
  "snapshots_processed": 1000,
  "sharpe_ratio": -1.2933302687874153,
  "capital_base": 10000.0,
  "sharpe_horizon_seconds": 60.0
}