{
  "final_pnl": -1.765125778312722,
  "final_inventory": 0.0026863046862271984,
  "fill_count": 265,
  "max_drawdown": 1.765125778312722,
  "pnl_attribution": {
    "inventory_moves": -0.12338830204148903,
    "fees": -1.810852122066983,
    "spread_capture": 0.21432586071797347,
    "adverse_selection": -0.047362976403877106,
    "funding_rates": 0.0
  },
  "additional_metrics": {
    "orders_placed": 608,
    "orders_placed_buy": 302,
    "orders_placed_sell": 306,
    "maker_qty_placed": 1.730845131242421,
    "maker_qty_filled": 0.3182410281332594,
    "maker_fill_qty_rate": 0.18386453090971938,
    "avg_fill_latency_sec": 0.18333986226250143,
    "std_fill_latency_sec": 0.1109288231329365,
    "avg_queue_position": 1.0848503846050492,
    "std_queue_position": 1.3973318589089627,
    "avg_order_lifetime_sec": 0.1948235221937591,
    "std_order_lifetime_sec": 0.10413949011427952,
    "avg_competition_size": 0.6386462194615362,
    "std_competition_size": 0.12120451272993503,
    "forced_liquidations": 0,
    "avg_forced_liq_cost": 0.0,
    "std_forced_liq_cost": 0.0
  },
  "strategy": "skew_mid_spread",
  "strategy_kwargs": {
    "gamma": 0.1,
    "gamma_cap_factor": 5.0,
    "gamma_imb": 0.5,
    "gamma_inv_scale": 4.0,
    "gamma_vol_scale": 2.0,
    "gradient_penalty_ticks": 1.0,
    "gradient_threshold": 1.5,
    "k_vol": 1.3,
    "size_base": 0.005,
    "size_exp": 1.0,
    "size_min_factor": 0.1
  },
  "snapshots_processed": 1000,
  "sharpe_ratio": -1.1844357766289528,
  "capital_base": 10000.0,
  "sharpe_horizon_seconds": 60.0
}