{
  "final_pnl": -1.7640687650891778,
  "final_inventory": 0.0040163147536396,
  "fill_count": 270,
  "max_drawdown": 1.7640687650891778,
  "pnl_attribution": {
    "inventory_moves": -0.14656974861206348,
    "fees": -1.8311743571794676,
    "spread_capture": 0.2584509556912616,
    "adverse_selection": -0.047854827886285145,
    "funding_rates": 0.0
  },
  "additional_metrics": {
    "orders_placed": 609,
    "orders_placed_buy": 303,
    "orders_placed_sell": 306,
    "maker_qty_placed": 1.7311849141334745,
    "maker_qty_filled": 0.31950880868514575,
    "maker_fill_qty_rate": 0.18456076302228658,
    "avg_fill_latency_sec": 0.18301922388565847,
    "std_fill_latency_sec": 0.11108961491295655,
    "avg_queue_position": 1.1181277061946615,
    "std_queue_position": 1.4422590096117625,
    "avg_order_lifetime_sec": 0.19589101809721726,
    "std_order_lifetime_sec": 0.10341468107675127,
    "avg_competition_size": 0.6322019731874066,
    "std_competition_size": 0.12332316599380017,
    "forced_liquidations": 0,
    "avg_forced_liq_cost": 0.0,
    "std_forced_liq_cost": 0.0
  },
  "strategy": "skew_mid_spread",
  "strategy_kwargs": {
    "gamma": 0.1,
    "gamma_cap_factor": 5.0,
    "gamma_imb": 0.5,
    "gamma_inv_scale": 4.0,
    "gamma_vol_scale": 2.0,
    "gradient_penalty_ticks": 1.0,
    "gradient_threshold": 1.5,
    "k_vol": 1.3,
    "size_base": 0.005,
    "size_exp": 1.0,
    "size_min_factor": 0.3
  },
  "snapshots_processed": 1000,
  "sharpe_ratio": -1.2386712952118424,
  "capital_base": 10000.0,
  "sharpe_horizon_seconds": 60.0
}