{
  "final_pnl": -3.44160769482005,
  "final_inventory": 0.00681153139131205,
  "fill_count": 271,
  "max_drawdown": 3.44160769482005,
  "pnl_attribution": {
    "inventory_moves": -0.25667140647138037,
    "fees": -3.6094093820905484,
    "spread_capture": 0.5206119845402435,
    "adverse_selection": -0.09701119690150448,
    "funding_rates": 0.0
  },
  "additional_metrics": {
    "orders_placed": 610,
    "orders_placed_buy": 303,
    "orders_placed_sell": 307,
    "maker_qty_placed": 3.471234986344803,
    "maker_qty_filled": 0.6320499618977968,
    "maker_fill_qty_rate": 0.18208215934218355,
    "avg_fill_latency_sec": 0.18464102042027009,
    "std_fill_latency_sec": 0.11024936158023807,
    "avg_queue_position": 1.098730532489086,
    "std_queue_position": 1.4098051258504705,
    "avg_order_lifetime_sec": 0.1942692261475783,
    "std_order_lifetime_sec": 0.10448428328810482,
    "avg_competition_size": 0.6670210132055314,
    "std_competition_size": 0.1280524375348987,
    "forced_liquidations": 0,
    "avg_forced_liq_cost": 0.0,
    "std_forced_liq_cost": 0.0
  },
  "strategy": "skew_mid_spread",
  "strategy_kwargs": {
    "gamma": 0.1,
    "gamma_cap_factor": 5.0,
    "gamma_imb": 0.5,
    "gamma_inv_scale": 4.0,
    "gamma_vol_scale": 2.0,
    "gradient_penalty_ticks": 1.0,
    "gradient_threshold": 1.5,
    "k_vol": 1.3,
    "size_base": 0.01,
    "size_exp": 1.0,
    "size_min_factor": 0.2
  },
  "snapshots_processed": 1000,
  "sharpe_ratio": -1.1648220532878628,
  "capital_base": 10000.0,
  "sharpe_horizon_seconds": 60.0
}