{
  "final_pnl": -4.984504863907205,
  "final_inventory": -0.07962499767619405,
  "fill_count": 4588,
  "max_drawdown": 6.607731138232339,
  "pnl_attribution": {
    "inventory_moves": -0.5346861728359321,
    "fees": -6.036497896954913,
    "spread_capture": 1.922091112104077,
    "adverse_selection": -0.22636607616197174,
    "funding_rates": 0.0
  },
  "additional_metrics": {
    "orders_placed": 2964,
    "orders_placed_buy": 1542,
    "orders_placed_sell": 1422,
    "maker_qty_placed": 64.89936617762478,
    "maker_qty_filled": 1.5299222054857142,
    "maker_fill_qty_rate": 0.023573761896201417,
    "avg_fill_latency_sec": 0.0046190899564211695,
    "std_fill_latency_sec": 0.03371573563055079,
    "avg_queue_position": 0.019768233125162526,
    "std_queue_position": 0.22555492135137803,
    "avg_order_lifetime_sec": 0.0046190899564211695,
    "std_order_lifetime_sec": 0.03371573563055079,
    "avg_competition_size": 0.3564861990489393,
    "std_competition_size": 0.0671712420398124,
    "forced_liquidations": 0,
    "avg_forced_liq_cost": 0.0,
    "std_forced_liq_cost": 0.0,
    "taker_qty_hedge": 0.6596162722586012,
    "taker_qty_cross": 0.0,
    "taker_trades_hedge": 4422,
    "taker_trades_cross": 0,
    "taker_qty_total": 0.6596162722586012,
    "notional_traded_btc": 2.1895384777443088,
    "notional_traded_usdt": 37665.41079360853
  },
  "strategy": "skew_mid_spread",
  "strategy_kwargs": {
    "extra_spread_ticks": 38.0,
    "gamma": 0.08,
    "gamma_cap_factor": 5.0,
    "gamma_imb": 0.5,
    "gamma_inv_scale": 1.0,
    "gamma_vol_scale": 2.0,
    "gradient_penalty_ticks": 1.0,
    "gradient_threshold": 1.5,
    "k_vol": 8.0,
    "size_base": 0.04,
    "size_exp": 2.0,
    "size_min_factor": 0.3
  },
  "snapshots_processed": 10000,
  "sharpe_ratio": -0.3189263784953141,
  "capital_base": 10000.0,
  "sharpe_horizon_seconds": 60.0
}