{
  "final_pnl": -17.292102298904865,
  "final_inventory": 0.03229928533045699,
  "fill_count": 304,
  "max_drawdown": 17.292102298904865,
  "pnl_attribution": {
    "inventory_moves": -0.4299658802468297,
    "fees": -15.542748277626245,
    "spread_capture": 2.1091437810569684,
    "adverse_selection": -3.262053058281175,
    "funding_rates": 0.0
  },
  "additional_metrics": {
    "orders_placed": 533,
    "orders_placed_buy": 261,
    "orders_placed_sell": 272,
    "maker_qty_placed": 12.211469300903016,
    "maker_qty_filled": 2.831882915897129,
    "maker_fill_qty_rate": 0.23190353643092862,
    "avg_fill_latency_sec": 0.18894285338265554,
    "std_fill_latency_sec": 0.11739382699159402,
    "avg_queue_position": 1.2167681156765053,
    "std_queue_position": 1.3424044542580555,
    "avg_order_lifetime_sec": 0.19898856571742465,
    "std_order_lifetime_sec": 0.1145743878203027,
    "avg_competition_size": 0.8835963372020931,
    "std_competition_size": 0.17287580734343053,
    "forced_liquidations": 15,
    "avg_forced_liq_cost": 0.1899174062451194,
    "std_forced_liq_cost": 0.10573934755385957
  },
  "strategy": "skew_mid_spread",
  "strategy_kwargs": {
    "gamma": 0.1,
    "gamma_cap_factor": 5.0,
    "gamma_imb": 0.5,
    "gamma_inv_scale": 4.0,
    "gamma_vol_scale": 2.0,
    "gradient_penalty_ticks": 1.0,
    "gradient_threshold": 1.5,
    "k_vol": 1.3,
    "size_base": 0.04,
    "size_exp": 3.0,
    "size_min_factor": 0.3
  },
  "snapshots_processed": 1000,
  "sharpe_ratio": -1.1164363259735057,
  "capital_base": 10000.0,
  "sharpe_horizon_seconds": 60.0
}