{
  "final_pnl": -7.255223092297456,
  "final_inventory": 0.02538216703253919,
  "fill_count": 283,
  "max_drawdown": 7.255223092297456,
  "pnl_attribution": {
    "inventory_moves": -0.6013361857924904,
    "fees": -7.360129497106487,
    "spread_capture": 0.9381121807346032,
    "adverse_selection": -0.21561774543645174,
    "funding_rates": 0.0
  },
  "additional_metrics": {
    "orders_placed": 541,
    "orders_placed_buy": 266,
    "orders_placed_sell": 275,
    "maker_qty_placed": 6.208495909686292,
    "maker_qty_filled": 1.3160117304518626,
    "maker_fill_qty_rate": 0.21196949302948953,
    "avg_fill_latency_sec": 0.190191352808917,
    "std_fill_latency_sec": 0.11411578957247745,
    "avg_queue_position": 1.1780675828462237,
    "std_queue_position": 1.4021372603077693,
    "avg_order_lifetime_sec": 0.20104320255326635,
    "std_order_lifetime_sec": 0.11081545430047089,
    "avg_competition_size": 0.7382343709854671,
    "std_competition_size": 0.1431914022892596,
    "forced_liquidations": 0,
    "avg_forced_liq_cost": 0.0,
    "std_forced_liq_cost": 0.0
  },
  "strategy": "skew_mid_spread",
  "strategy_kwargs": {
    "gamma": 0.1,
    "gamma_cap_factor": 5.0,
    "gamma_imb": 0.5,
    "gamma_inv_scale": 4.0,
    "gamma_vol_scale": 2.0,
    "gradient_penalty_ticks": 1.0,
    "gradient_threshold": 1.5,
    "k_vol": 1.3,
    "size_base": 0.02,
    "size_exp": 2.0,
    "size_min_factor": 0.1
  },
  "snapshots_processed": 1000,
  "sharpe_ratio": -1.2200630418500962,
  "capital_base": 10000.0,
  "sharpe_horizon_seconds": 60.0
}