{
  "final_pnl": -3.7852611245543812,
  "final_inventory": -0.029708835379617063,
  "fill_count": 93,
  "max_drawdown": 3.8036681739304186,
  "pnl_attribution": {
    "inventory_moves": -2.3730601647917284,
    "fees": -2.175660959928174,
    "spread_capture": 0.8997671123917493,
    "adverse_selection": -0.11462072030152358,
    "funding_rates": 0.0
  },
  "additional_metrics": {
    "orders_placed": 2063,
    "orders_placed_buy": 1070,
    "orders_placed_sell": 993,
    "maker_qty_placed": 45.09414460714695,
    "maker_qty_filled": 0.7804745376313069,
    "maker_fill_qty_rate": 0.017307669198089407,
    "avg_fill_latency_sec": 0.20621570418862736,
    "std_fill_latency_sec": 0.09546097748755243,
    "avg_queue_position": 0.561260455093008,
    "std_queue_position": 0.8086970593138039,
    "avg_order_lifetime_sec": 0.20621570418862736,
    "std_order_lifetime_sec": 0.09546097748755243,
    "avg_competition_size": 0.3525715402547572,
    "std_competition_size": 0.06906908199366518,
    "forced_liquidations": 0,
    "avg_forced_liq_cost": 0.0,
    "std_forced_liq_cost": 0.0,
    "taker_qty_hedge": 0.16139550564950492,
    "taker_qty_cross": 0.0,
    "taker_trades_hedge": 9,
    "taker_trades_cross": 0,
    "taker_qty_total": 0.16139550564950492,
    "notional_traded_btc": 0.9418700432808118,
    "notional_traded_usdt": 16201.656543540243
  },
  "strategy": "skew_mid_spread",
  "strategy_kwargs": {
    "extra_spread_ticks": 30.0,
    "gamma": 0.16,
    "gamma_cap_factor": 5.0,
    "gamma_imb": 0.5,
    "gamma_inv_scale": 1.0,
    "gamma_vol_scale": 2.0,
    "gradient_penalty_ticks": 1.0,
    "gradient_threshold": 1.5,
    "k_vol": 6.0,
    "size_base": 0.04,
    "size_exp": 2.0,
    "size_min_factor": 0.3
  },
  "snapshots_processed": 10000,
  "sharpe_ratio": -0.5621821344093468,
  "capital_base": 10000.0,
  "sharpe_horizon_seconds": 60.0
}