{
  "final_pnl": -21.454558288593034,
  "final_inventory": 0.023962291858725948,
  "fill_count": 309,
  "max_drawdown": 21.454558288593034,
  "pnl_attribution": {
    "inventory_moves": -0.13156155752268928,
    "fees": -17.710949727827057,
    "spread_capture": 2.236095687416701,
    "adverse_selection": -5.590295866171537,
    "funding_rates": 0.0
  },
  "additional_metrics": {
    "orders_placed": 607,
    "orders_placed_buy": 304,
    "orders_placed_sell": 303,
    "maker_qty_placed": 13.790401595556599,
    "maker_qty_filled": 2.710043519019852,
    "maker_fill_qty_rate": 0.19651664965964838,
    "avg_fill_latency_sec": 0.16341710855616606,
    "std_fill_latency_sec": 0.11928295894410756,
    "avg_queue_position": 1.0834723667814965,
    "std_queue_position": 1.356679868516199,
    "avg_order_lifetime_sec": 0.1701336850457013,
    "std_order_lifetime_sec": 0.11694190504790404,
    "avg_competition_size": 0.8622358038424494,
    "std_competition_size": 0.177606631517697,
    "forced_liquidations": 33,
    "avg_forced_liq_cost": 0.1569248561977822,
    "std_forced_liq_cost": 0.10090140080608832
  },
  "strategy": "skew_mid_spread",
  "strategy_kwargs": {
    "gamma": 0.1,
    "gamma_cap_factor": 5.0,
    "gamma_imb": 0.5,
    "gamma_inv_scale": 4.0,
    "gamma_vol_scale": 2.0,
    "gradient_penalty_ticks": 1.0,
    "gradient_threshold": 1.5,
    "k_vol": 1.3,
    "size_base": 0.04,
    "size_exp": 3.0,
    "size_min_factor": 0.2
  },
  "snapshots_processed": 1000,
  "sharpe_ratio": -1.4108167644345608,
  "capital_base": 10000.0,
  "sharpe_horizon_seconds": 60.0
}