{
  "final_pnl": -0.1852788364267326,
  "final_inventory": 0.027343541388956227,
  "fill_count": 38,
  "max_drawdown": 0.7767620190606976,
  "pnl_attribution": {
    "inventory_moves": -0.15234700011155716,
    "fees": -0.08933054732289772,
    "spread_capture": 0.06925147560643191,
    "adverse_selection": -0.008102958503611557,
    "funding_rates": 0.0
  },
  "additional_metrics": {
    "orders_placed": 1587,
    "orders_placed_buy": 820,
    "orders_placed_sell": 767,
    "maker_qty_placed": 4.357463608135809,
    "maker_qty_filled": 0.05193734464129851,
    "maker_fill_qty_rate": 0.01191916888171514,
    "avg_fill_latency_sec": 0.2506841734835976,
    "std_fill_latency_sec": 0.000464804356679701,
    "avg_queue_position": 1.2775259150590843,
    "std_queue_position": 1.0814738585414816,
    "avg_order_lifetime_sec": 0.2506841734835976,
    "std_order_lifetime_sec": 0.000464804356679701,
    "avg_competition_size": 0.2592465696594751,
    "std_competition_size": 0.04925501502416963,
    "forced_liquidations": 0,
    "avg_forced_liq_cost": 0.0,
    "std_forced_liq_cost": 0.0,
    "taker_qty_hedge": 0.0,
    "taker_qty_cross": 0.0,
    "taker_trades_hedge": 0,
    "taker_trades_cross": 0,
    "taker_qty_total": 0.0,
    "notional_traded_btc": 0.05193734464129851,
    "notional_traded_usdt": 893.3054732289771
  },
  "strategy": "skew_mid_spread",
  "strategy_kwargs": {
    "extra_spread_ticks": 28.0,
    "gamma": 0.12,
    "gamma_cap_factor": 5.0,
    "gamma_imb": 0.5,
    "gamma_inv_scale": 1.0,
    "gamma_vol_scale": 1.0,
    "gradient_penalty_ticks": 1.0,
    "gradient_threshold": 1.5,
    "k_vol": 4.0,
    "size_base": 0.005,
    "size_exp": 2.0,
    "size_min_factor": 0.3
  },
  "snapshots_processed": 10000,
  "sharpe_ratio": -0.06716081239054136,
  "capital_base": 10000.0,
  "sharpe_horizon_seconds": 60.0
}