{
  "final_pnl": -3.0509027351727127,
  "final_inventory": 0.06287875975602045,
  "fill_count": 138,
  "max_drawdown": 5.176063831651845,
  "pnl_attribution": {
    "inventory_moves": 0.1855728062699711,
    "fees": -4.061892499088729,
    "spread_capture": 1.0007195932934796,
    "adverse_selection": -0.1481590961371521,
    "funding_rates": 0.0
  },
  "additional_metrics": {
    "orders_placed": 2063,
    "orders_placed_buy": 1073,
    "orders_placed_sell": 990,
    "maker_qty_placed": 45.07582850678123,
    "maker_qty_filled": 0.9841215045057251,
    "maker_fill_qty_rate": 0.021832577172878218,
    "avg_fill_latency_sec": 0.17131707726455317,
    "std_fill_latency_sec": 0.11674350727120263,
    "avg_queue_position": 0.4464553924459465,
    "std_queue_position": 0.7188369574197879,
    "avg_order_lifetime_sec": 0.17131707726455317,
    "std_order_lifetime_sec": 0.11674350727120263,
    "avg_competition_size": 0.3542170652197298,
    "std_competition_size": 0.06762763216207536,
    "forced_liquidations": 0,
    "avg_forced_liq_cost": 0.0,
    "std_forced_liq_cost": 0.0,
    "taker_qty_hedge": 0.458904872740139,
    "taker_qty_cross": 0.0,
    "taker_trades_hedge": 26,
    "taker_trades_cross": 0,
    "taker_qty_total": 0.458904872740139,
    "notional_traded_btc": 1.4430263772458634,
    "notional_traded_usdt": 24825.63003752488
  },
  "strategy": "skew_mid_spread",
  "strategy_kwargs": {
    "extra_spread_ticks": 30.0,
    "gamma": 0.08,
    "gamma_cap_factor": 5.0,
    "gamma_imb": 0.5,
    "gamma_inv_scale": 1.0,
    "gamma_vol_scale": 2.0,
    "gradient_penalty_ticks": 1.0,
    "gradient_threshold": 1.5,
    "k_vol": 6.0,
    "size_base": 0.04,
    "size_exp": 2.0,
    "size_min_factor": 0.3
  },
  "snapshots_processed": 10000,
  "sharpe_ratio": -0.24483161920525823,
  "capital_base": 10000.0,
  "sharpe_horizon_seconds": 60.0
}