{
  "final_pnl": -3.243200067012367,
  "final_inventory": 0.006007868422500243,
  "fill_count": 271,
  "max_drawdown": 3.243200067012367,
  "pnl_attribution": {
    "inventory_moves": -0.22533610387271916,
    "fees": -3.475177210382188,
    "spread_capture": 0.5603853309758882,
    "adverse_selection": -0.09887553392464099,
    "funding_rates": 0.0
  },
  "additional_metrics": {
    "orders_placed": 533,
    "orders_placed_buy": 261,
    "orders_placed_sell": 272,
    "maker_qty_placed": 3.0576104426779267,
    "maker_qty_filled": 0.6585812280204667,
    "maker_fill_qty_rate": 0.21539082246319968,
    "avg_fill_latency_sec": 0.1919025910365117,
    "std_fill_latency_sec": 0.10978933399129408,
    "avg_queue_position": 1.1723412684669627,
    "std_queue_position": 1.4134830779478884,
    "avg_order_lifetime_sec": 0.2130584345235453,
    "std_order_lifetime_sec": 0.12034680759339231,
    "avg_competition_size": 0.6678133980709717,
    "std_competition_size": 0.1294515010382367,
    "forced_liquidations": 0,
    "avg_forced_liq_cost": 0.0,
    "std_forced_liq_cost": 0.0
  },
  "strategy": "skew_mid_spread",
  "strategy_kwargs": {
    "gamma": 0.1,
    "gamma_cap_factor": 5.0,
    "gamma_imb": 0.5,
    "gamma_inv_scale": 4.0,
    "gamma_vol_scale": 2.0,
    "gradient_penalty_ticks": 1.0,
    "gradient_threshold": 1.5,
    "k_vol": 1.3,
    "size_base": 0.01,
    "size_exp": 3.0,
    "size_min_factor": 0.3
  },
  "snapshots_processed": 1000,
  "sharpe_ratio": -1.1900179678844804,
  "capital_base": 10000.0,
  "sharpe_horizon_seconds": 60.0
}