{
  "final_pnl": -2.2876783723277185,
  "final_inventory": 0.0422946576626337,
  "fill_count": 4441,
  "max_drawdown": 5.139649322991318,
  "pnl_attribution": {
    "inventory_moves": -0.5436116997995858,
    "fees": -2.5383038304187604,
    "spread_capture": 1.0170579730710139,
    "adverse_selection": -0.1543941038519572,
    "funding_rates": 0.0
  },
  "additional_metrics": {
    "orders_placed": 2051,
    "orders_placed_buy": 1058,
    "orders_placed_sell": 993,
    "maker_qty_placed": 44.80022431158295,
    "maker_qty_filled": 1.1093848429680624,
    "maker_fill_qty_rate": 0.024762930543658787,
    "avg_fill_latency_sec": 0.003433691315170946,
    "std_fill_latency_sec": 0.029139491704255577,
    "avg_queue_position": 0.013300940681706562,
    "std_queue_position": 0.18746235531629754,
    "avg_order_lifetime_sec": 0.003433691315170946,
    "std_order_lifetime_sec": 0.029139491704255577,
    "avg_competition_size": 0.3542672641656419,
    "std_competition_size": 0.06653377654741663,
    "forced_liquidations": 0,
    "avg_forced_liq_cost": 0.0,
    "std_forced_liq_cost": 0.0,
    "taker_qty_hedge": 0.6146166451725503,
    "taker_qty_cross": 0.0,
    "taker_trades_hedge": 4321,
    "taker_trades_cross": 0,
    "taker_qty_total": 0.6146166451725503,
    "notional_traded_btc": 1.7240014881406105,
    "notional_traded_usdt": 29662.088167269365
  },
  "strategy": "skew_mid_spread",
  "strategy_kwargs": {
    "extra_spread_ticks": 10.0,
    "gamma": 0.16,
    "gamma_cap_factor": 5.0,
    "gamma_imb": 0.5,
    "gamma_inv_scale": 1.0,
    "gamma_vol_scale": 2.0,
    "gradient_penalty_ticks": 1.0,
    "gradient_threshold": 1.5,
    "k_vol": 2.0,
    "size_base": 0.04,
    "size_exp": 2.0,
    "size_min_factor": 0.3
  },
  "snapshots_processed": 10000,
  "sharpe_ratio": -0.17672898946441695,
  "capital_base": 10000.0,
  "sharpe_horizon_seconds": 60.0
}