{
  "final_pnl": -3.5333840918174246,
  "final_inventory": 0.008452915903505626,
  "fill_count": 274,
  "max_drawdown": 3.5333840918174246,
  "pnl_attribution": {
    "inventory_moves": -0.2656572340484095,
    "fees": -3.656594082840015,
    "spread_capture": 0.4828494134047685,
    "adverse_selection": -0.09793356658666522,
    "funding_rates": 0.0
  },
  "additional_metrics": {
    "orders_placed": 531,
    "orders_placed_buy": 260,
    "orders_placed_sell": 271,
    "maker_qty_placed": 3.0480478374405777,
    "maker_qty_filled": 0.642296836292709,
    "maker_fill_qty_rate": 0.21072400124534812,
    "avg_fill_latency_sec": 0.1870442975925494,
    "std_fill_latency_sec": 0.11596722069481025,
    "avg_queue_position": 1.1511125470420596,
    "std_queue_position": 1.4177401555856657,
    "avg_order_lifetime_sec": 0.20608860027940967,
    "std_order_lifetime_sec": 0.11793155677024458,
    "avg_competition_size": 0.6674764924009107,
    "std_competition_size": 0.1300734258203275,
    "forced_liquidations": 0,
    "avg_forced_liq_cost": 0.0,
    "std_forced_liq_cost": 0.0
  },
  "strategy": "skew_mid_spread",
  "strategy_kwargs": {
    "gamma": 0.1,
    "gamma_cap_factor": 5.0,
    "gamma_imb": 0.5,
    "gamma_inv_scale": 4.0,
    "gamma_vol_scale": 2.0,
    "gradient_penalty_ticks": 1.0,
    "gradient_threshold": 1.5,
    "k_vol": 1.3,
    "size_base": 0.01,
    "size_exp": 2.0,
    "size_min_factor": 0.3
  },
  "snapshots_processed": 1000,
  "sharpe_ratio": -1.1791321724573147,
  "capital_base": 10000.0,
  "sharpe_horizon_seconds": 60.0
}