{
  "final_pnl": -7.721385752145579,
  "final_inventory": 0.0071576950728740665,
  "fill_count": 279,
  "max_drawdown": 7.721385752145579,
  "pnl_attribution": {
    "inventory_moves": -0.6422821163381337,
    "fees": -7.749651589772775,
    "spread_capture": 1.1314827478345209,
    "adverse_selection": -0.4680221639241295,
    "funding_rates": 0.0
  },
  "additional_metrics": {
    "orders_placed": 610,
    "orders_placed_buy": 304,
    "orders_placed_sell": 306,
    "maker_qty_placed": 6.933042339104386,
    "maker_qty_filled": 1.2865150236241143,
    "maker_fill_qty_rate": 0.1855628396162812,
    "avg_fill_latency_sec": 0.17824539377645482,
    "std_fill_latency_sec": 0.11345997553517455,
    "avg_queue_position": 1.095654367857515,
    "std_queue_position": 1.3436402118649358,
    "avg_order_lifetime_sec": 0.18902453469352487,
    "std_order_lifetime_sec": 0.10779609803399898,
    "avg_competition_size": 0.7317930784000038,
    "std_competition_size": 0.1432750786103924,
    "forced_liquidations": 3,
    "avg_forced_liq_cost": 0.09128112097486747,
    "std_forced_liq_cost": 0.05856812921853589
  },
  "strategy": "skew_mid_spread",
  "strategy_kwargs": {
    "gamma": 0.1,
    "gamma_cap_factor": 5.0,
    "gamma_imb": 0.5,
    "gamma_inv_scale": 4.0,
    "gamma_vol_scale": 2.0,
    "gradient_penalty_ticks": 1.0,
    "gradient_threshold": 1.5,
    "k_vol": 1.3,
    "size_base": 0.02,
    "size_exp": 3.0,
    "size_min_factor": 0.1
  },
  "snapshots_processed": 1000,
  "sharpe_ratio": -1.1504722856179643,
  "capital_base": 10000.0,
  "sharpe_horizon_seconds": 60.0
}