{
  "final_pnl": -1.6007337335504417,
  "final_inventory": 0.003374023681395725,
  "fill_count": 267,
  "max_drawdown": 1.6007337335504417,
  "pnl_attribution": {
    "inventory_moves": -0.09213578392916158,
    "fees": -1.7002250252019027,
    "spread_capture": 0.23761615583467113,
    "adverse_selection": -0.04988983054819545,
    "funding_rates": 0.0
  },
  "additional_metrics": {
    "orders_placed": 528,
    "orders_placed_buy": 256,
    "orders_placed_sell": 272,
    "maker_qty_placed": 1.5137487986500853,
    "maker_qty_filled": 0.3182680930202013,
    "maker_fill_qty_rate": 0.21025159082142494,
    "avg_fill_latency_sec": 0.19113815144488686,
    "std_fill_latency_sec": 0.11030549767980173,
    "avg_queue_position": 1.1332571717788695,
    "std_queue_position": 1.391008486354434,
    "avg_order_lifetime_sec": 0.215874991918865,
    "std_order_lifetime_sec": 0.11861571186960741,
    "avg_competition_size": 0.630366993709991,
    "std_competition_size": 0.12288311894048633,
    "forced_liquidations": 0,
    "avg_forced_liq_cost": 0.0,
    "std_forced_liq_cost": 0.0
  },
  "strategy": "skew_mid_spread",
  "strategy_kwargs": {
    "gamma": 0.1,
    "gamma_cap_factor": 5.0,
    "gamma_imb": 0.5,
    "gamma_inv_scale": 4.0,
    "gamma_vol_scale": 2.0,
    "gradient_penalty_ticks": 1.0,
    "gradient_threshold": 1.5,
    "k_vol": 1.3,
    "size_base": 0.005,
    "size_exp": 2.0,
    "size_min_factor": 0.3
  },
  "snapshots_processed": 1000,
  "sharpe_ratio": -1.15249361163328,
  "capital_base": 10000.0,
  "sharpe_horizon_seconds": 60.0
}