{
  "final_pnl": -7.461144850862183,
  "final_inventory": 0.013007192385410518,
  "fill_count": 278,
  "max_drawdown": 7.461144850862183,
  "pnl_attribution": {
    "inventory_moves": -0.6057898825882407,
    "fees": -7.548391865343132,
    "spread_capture": 0.9515227096786797,
    "adverse_selection": -0.2474751170338657,
    "funding_rates": 0.0
  },
  "additional_metrics": {
    "orders_placed": 538,
    "orders_placed_buy": 264,
    "orders_placed_sell": 274,
    "maker_qty_placed": 6.175309452200033,
    "maker_qty_filled": 1.2842597664489324,
    "maker_fill_qty_rate": 0.20796686812049528,
    "avg_fill_latency_sec": 0.1851863327974118,
    "std_fill_latency_sec": 0.11690353739009486,
    "avg_queue_position": 1.1256061083618945,
    "std_queue_position": 1.3620645588405234,
    "avg_order_lifetime_sec": 0.1976645925770635,
    "std_order_lifetime_sec": 0.11316123170168511,
    "avg_competition_size": 0.7395950474105621,
    "std_competition_size": 0.1409621015096769,
    "forced_liquidations": 1,
    "avg_forced_liq_cost": 0.05535489345891004,
    "std_forced_liq_cost": 0.0
  },
  "strategy": "skew_mid_spread",
  "strategy_kwargs": {
    "gamma": 0.1,
    "gamma_cap_factor": 5.0,
    "gamma_imb": 0.5,
    "gamma_inv_scale": 4.0,
    "gamma_vol_scale": 2.0,
    "gradient_penalty_ticks": 1.0,
    "gradient_threshold": 1.5,
    "k_vol": 1.3,
    "size_base": 0.02,
    "size_exp": 2.0,
    "size_min_factor": 0.2
  },
  "snapshots_processed": 1000,
  "sharpe_ratio": -1.2691548917159046,
  "capital_base": 10000.0,
  "sharpe_horizon_seconds": 60.0
}