{
  "final_pnl": -1.1527701119521225,
  "final_inventory": 0.10000003916681238,
  "fill_count": 3249,
  "max_drawdown": 3.87729920588572,
  "pnl_attribution": {
    "inventory_moves": 0.7086559257267634,
    "fees": -2.5490599587471614,
    "spread_capture": 0.7849585855025901,
    "adverse_selection": -0.10557403174630478,
    "funding_rates": 0.0
  },
  "additional_metrics": {
    "orders_placed": 1586,
    "orders_placed_buy": 819,
    "orders_placed_sell": 767,
    "maker_qty_placed": 34.78211233981406,
    "maker_qty_filled": 0.6719340695511185,
    "maker_fill_qty_rate": 0.019318380177329692,
    "avg_fill_latency_sec": 0.002652254890691066,
    "std_fill_latency_sec": 0.0256542567526656,
    "avg_queue_position": 0.014558729250722822,
    "std_queue_position": 0.2111044237854243,
    "avg_order_lifetime_sec": 0.002652254890691066,
    "std_order_lifetime_sec": 0.0256542567526656,
    "avg_competition_size": 0.35210176839880675,
    "std_competition_size": 0.07006478072668684,
    "forced_liquidations": 0,
    "avg_forced_liq_cost": 0.0,
    "std_forced_liq_cost": 0.0,
    "taker_qty_hedge": 0.2699988700325388,
    "taker_qty_cross": 0.0,
    "taker_trades_hedge": 3181,
    "taker_trades_cross": 0,
    "taker_qty_total": 0.2699988700325388,
    "notional_traded_btc": 0.9419329395836541,
    "notional_traded_usdt": 16201.542346540513
  },
  "strategy": "skew_mid_spread",
  "strategy_kwargs": {
    "extra_spread_ticks": 38.0,
    "gamma": 0.08,
    "gamma_cap_factor": 5.0,
    "gamma_imb": 0.5,
    "gamma_inv_scale": 1.0,
    "gamma_vol_scale": 2.0,
    "gradient_penalty_ticks": 1.0,
    "gradient_threshold": 1.5,
    "k_vol": 8.0,
    "size_base": 0.04,
    "size_exp": 2.0,
    "size_min_factor": 0.3
  },
  "snapshots_processed": 10000,
  "sharpe_ratio": -0.07995753131671922,
  "capital_base": 10000.0,
  "sharpe_horizon_seconds": 60.0
}