{
  "final_pnl": -14.562551433702538,
  "final_inventory": 0.046103945795854334,
  "fill_count": 283,
  "max_drawdown": 14.562551433702538,
  "pnl_attribution": {
    "inventory_moves": -1.1531296470864356,
    "fees": -14.871166130299398,
    "spread_capture": 2.1626974568404673,
    "adverse_selection": -0.6655430257944965,
    "funding_rates": 0.0
  },
  "additional_metrics": {
    "orders_placed": 609,
    "orders_placed_buy": 303,
    "orders_placed_sell": 306,
    "maker_qty_placed": 13.840840608321713,
    "maker_qty_filled": 2.614281821370178,
    "maker_fill_qty_rate": 0.18888172296401987,
    "avg_fill_latency_sec": 0.18442330916235053,
    "std_fill_latency_sec": 0.11039993416680441,
    "avg_queue_position": 1.189402431552103,
    "std_queue_position": 1.364240486340455,
    "avg_order_lifetime_sec": 0.19366870774813225,
    "std_order_lifetime_sec": 0.10495134824892145,
    "avg_competition_size": 0.8633824498206041,
    "std_competition_size": 0.17290274112306248,
    "forced_liquidations": 3,
    "avg_forced_liq_cost": 0.08418358466882199,
    "std_forced_liq_cost": 0.042218078275736516
  },
  "strategy": "skew_mid_spread",
  "strategy_kwargs": {
    "gamma": 0.1,
    "gamma_cap_factor": 5.0,
    "gamma_imb": 0.5,
    "gamma_inv_scale": 4.0,
    "gamma_vol_scale": 2.0,
    "gradient_penalty_ticks": 1.0,
    "gradient_threshold": 1.5,
    "k_vol": 1.3,
    "size_base": 0.04,
    "size_exp": 3.0,
    "size_min_factor": 0.1
  },
  "snapshots_processed": 1000,
  "sharpe_ratio": -1.202405699679297,
  "capital_base": 10000.0,
  "sharpe_horizon_seconds": 60.0
}