{
  "final_pnl": -1.7538207519955904,
  "final_inventory": 0.0013591152500089963,
  "fill_count": 269,
  "max_drawdown": 1.7538207519955904,
  "pnl_attribution": {
    "inventory_moves": -0.13613098623786185,
    "fees": -1.8023543348463216,
    "spread_capture": 0.22508245699107793,
    "adverse_selection": -0.04536604862458881,
    "funding_rates": 0.0
  },
  "additional_metrics": {
    "orders_placed": 609,
    "orders_placed_buy": 304,
    "orders_placed_sell": 305,
    "maker_qty_placed": 1.7320210633910602,
    "maker_qty_filled": 0.31519891041541515,
    "maker_fill_qty_rate": 0.18198330094109758,
    "avg_fill_latency_sec": 0.18421934958427183,
    "std_fill_latency_sec": 0.11047902833249348,
    "avg_queue_position": 1.121110224855595,
    "std_queue_position": 1.436827486578619,
    "avg_order_lifetime_sec": 0.19555483325835196,
    "std_order_lifetime_sec": 0.10366304563573783,
    "avg_competition_size": 0.6381211666510651,
    "std_competition_size": 0.11858530760189011,
    "forced_liquidations": 0,
    "avg_forced_liq_cost": 0.0,
    "std_forced_liq_cost": 0.0
  },
  "strategy": "skew_mid_spread",
  "strategy_kwargs": {
    "gamma": 0.1,
    "gamma_cap_factor": 5.0,
    "gamma_imb": 0.5,
    "gamma_inv_scale": 4.0,
    "gamma_vol_scale": 2.0,
    "gradient_penalty_ticks": 1.0,
    "gradient_threshold": 1.5,
    "k_vol": 1.3,
    "size_base": 0.005,
    "size_exp": 3.0,
    "size_min_factor": 0.2
  },
  "snapshots_processed": 1000,
  "sharpe_ratio": -1.1447219875637218,
  "capital_base": 10000.0,
  "sharpe_horizon_seconds": 60.0
}