{
  "final_pnl": -8.03410968814751,
  "final_inventory": 0.011786298780736334,
  "fill_count": 285,
  "max_drawdown": 8.03410968814751,
  "pnl_attribution": {
    "inventory_moves": -0.23973367882652205,
    "fees": -7.605595896750703,
    "spread_capture": 1.0711147318357037,
    "adverse_selection": -1.224345627174292,
    "funding_rates": 0.0
  },
  "additional_metrics": {
    "orders_placed": 604,
    "orders_placed_buy": 302,
    "orders_placed_sell": 302,
    "maker_qty_placed": 6.870781206522582,
    "maker_qty_filled": 1.3170750990863427,
    "maker_fill_qty_rate": 0.19169219037800456,
    "avg_fill_latency_sec": 0.179578308599541,
    "std_fill_latency_sec": 0.1128595024738117,
    "avg_queue_position": 1.1183330575851542,
    "std_queue_position": 1.4161708630050844,
    "avg_order_lifetime_sec": 0.1916686698614833,
    "std_order_lifetime_sec": 0.10621700567281243,
    "avg_competition_size": 0.7184262943375264,
    "std_competition_size": 0.14329998304103708,
    "forced_liquidations": 12,
    "avg_forced_liq_cost": 0.08601404800204705,
    "std_forced_liq_cost": 0.04654831289127637
  },
  "strategy": "skew_mid_spread",
  "strategy_kwargs": {
    "gamma": 0.1,
    "gamma_cap_factor": 5.0,
    "gamma_imb": 0.5,
    "gamma_inv_scale": 4.0,
    "gamma_vol_scale": 2.0,
    "gradient_penalty_ticks": 1.0,
    "gradient_threshold": 1.5,
    "k_vol": 1.3,
    "size_base": 0.02,
    "size_exp": 1.0,
    "size_min_factor": 0.2
  },
  "snapshots_processed": 1000,
  "sharpe_ratio": -1.1794183282801516,
  "capital_base": 10000.0,
  "sharpe_horizon_seconds": 60.0
}