{
  "final_pnl": -0.42476196258940035,
  "final_inventory": 0.0814392198410892,
  "fill_count": 2616,
  "max_drawdown": 3.5492986373174062,
  "pnl_attribution": {
    "inventory_moves": -0.2497501503852815,
    "fees": -0.7466017217536594,
    "spread_capture": 0.6583591917873309,
    "adverse_selection": -0.08549428346610274,
    "funding_rates": 0.0
  },
  "additional_metrics": {
    "orders_placed": 1586,
    "orders_placed_buy": 821,
    "orders_placed_sell": 765,
    "maker_qty_placed": 34.777405639960875,
    "maker_qty_filled": 0.5440465599505889,
    "maker_fill_qty_rate": 0.01564367870286028,
    "avg_fill_latency_sec": 0.0028078854660016483,
    "std_fill_latency_sec": 0.026371343654771173,
    "avg_queue_position": 0.011383828465425547,
    "std_queue_position": 0.15453674236328124,
    "avg_order_lifetime_sec": 0.0028078854660016483,
    "std_order_lifetime_sec": 0.026371343654771173,
    "avg_competition_size": 0.35380197264957713,
    "std_competition_size": 0.06962250724140301,
    "forced_liquidations": 0,
    "avg_forced_liq_cost": 0.0,
    "std_forced_liq_cost": 0.0,
    "taker_qty_hedge": 0.18076045251046902,
    "taker_qty_cross": 0.0,
    "taker_trades_hedge": 2558,
    "taker_trades_cross": 0,
    "taker_qty_total": 0.18076045251046902,
    "notional_traded_btc": 0.7248070124610594,
    "notional_traded_usdt": 12468.26160671309
  },
  "strategy": "skew_mid_spread",
  "strategy_kwargs": {
    "extra_spread_ticks": 10.0,
    "gamma": 0.16,
    "gamma_cap_factor": 5.0,
    "gamma_imb": 0.5,
    "gamma_inv_scale": 1.0,
    "gamma_vol_scale": 2.0,
    "gradient_penalty_ticks": 1.0,
    "gradient_threshold": 1.5,
    "k_vol": 6.0,
    "size_base": 0.04,
    "size_exp": 2.0,
    "size_min_factor": 0.3
  },
  "snapshots_processed": 10000,
  "sharpe_ratio": -0.0339938563874891,
  "capital_base": 10000.0,
  "sharpe_horizon_seconds": 60.0
}