{
  "final_pnl": -0.4943190353606042,
  "final_inventory": 0.04057448500016145,
  "fill_count": 81,
  "max_drawdown": 1.2668877019696083,
  "pnl_attribution": {
    "inventory_moves": -0.4345133168200303,
    "fees": -0.18646854946927896,
    "spread_capture": 0.16574126030787886,
    "adverse_selection": -0.026577064555776884,
    "funding_rates": 0.0
  },
  "additional_metrics": {
    "orders_placed": 2962,
    "orders_placed_buy": 1538,
    "orders_placed_sell": 1424,
    "maker_qty_placed": 8.1186112421582,
    "maker_qty_filled": 0.10555658283386586,
    "maker_fill_qty_rate": 0.013001802855854613,
    "avg_fill_latency_sec": 0.24441463772843525,
    "std_fill_latency_sec": 0.038651019430877995,
    "avg_queue_position": 1.6702846707745236,
    "std_queue_position": 2.1310268586460612,
    "avg_order_lifetime_sec": 0.24441463772843525,
    "std_order_lifetime_sec": 0.038651019430877995,
    "avg_competition_size": 0.2598119937178995,
    "std_competition_size": 0.04733923258261139,
    "forced_liquidations": 1,
    "avg_forced_liq_cost": 0.010900506012353602,
    "std_forced_liq_cost": 0.0,
    "taker_qty_hedge": 0.0,
    "taker_qty_cross": 0.0009483759664450989,
    "taker_trades_hedge": 0,
    "taker_trades_cross": 1,
    "taker_qty_total": 0.0009483759664450989,
    "notional_traded_btc": 0.10650495880031095,
    "notional_traded_usdt": 1832.0437216541025
  },
  "strategy": "skew_mid_spread",
  "strategy_kwargs": {
    "extra_spread_ticks": 36.0,
    "gamma": 0.12,
    "gamma_cap_factor": 5.0,
    "gamma_imb": 0.5,
    "gamma_inv_scale": 1.0,
    "gamma_vol_scale": 1.0,
    "gradient_penalty_ticks": 1.0,
    "gradient_threshold": 1.5,
    "k_vol": 6.0,
    "size_base": 0.005,
    "size_exp": 2.0,
    "size_min_factor": 0.3
  },
  "snapshots_processed": 10000,
  "sharpe_ratio": -0.11883431225173414,
  "capital_base": 10000.0,
  "sharpe_horizon_seconds": 60.0
}