{
  "final_pnl": -2.0751409398762917,
  "final_inventory": 0.0022768234140833087,
  "fill_count": 262,
  "max_drawdown": 2.0751409398762917,
  "pnl_attribution": {
    "inventory_moves": -0.22508971235288575,
    "fees": -1.9628091283203162,
    "spread_capture": 0.16507831002058135,
    "adverse_selection": -0.04857542691319494,
    "funding_rates": 0.0
  },
  "additional_metrics": {
    "orders_placed": 516,
    "orders_placed_buy": 260,
    "orders_placed_sell": 256,
    "maker_qty_placed": 1.4863512559122134,
    "maker_qty_filled": 0.3044637319283479,
    "maker_fill_qty_rate": 0.204839690966245,
    "avg_fill_latency_sec": 0.17450322335766208,
    "std_fill_latency_sec": 0.11859659835531239,
    "avg_queue_position": 1.4588381175945246,
    "std_queue_position": 1.7440551044106893,
    "avg_order_lifetime_sec": 0.1825741906319895,
    "std_order_lifetime_sec": 0.11490236757492296,
    "avg_competition_size": 0.631818935700942,
    "std_competition_size": 0.12479820392892242,
    "forced_liquidations": 0,
    "avg_forced_liq_cost": 0.0,
    "std_forced_liq_cost": 0.0
  },
  "strategy": "skew_mid_spread",
  "strategy_kwargs": {
    "gamma": 0.1,
    "gamma_cap_factor": 5.0,
    "gamma_imb": 0.5,
    "gamma_inv_scale": 4.0,
    "gamma_vol_scale": 0.0,
    "gradient_penalty_ticks": 1.0,
    "gradient_threshold": 1.5,
    "k_vol": 0.8,
    "size_base": 0.005,
    "size_exp": 2.0,
    "size_min_factor": 0.3
  },
  "snapshots_processed": 1000,
  "sharpe_ratio": -1.3836017936155838,
  "capital_base": 10000.0,
  "sharpe_horizon_seconds": 60.0
}