{
  "final_pnl": -0.461956156330416,
  "final_inventory": 0.06087069987661179,
  "fill_count": 54,
  "max_drawdown": 2.7359744900168153,
  "pnl_attribution": {
    "inventory_moves": -0.5957202483917617,
    "fees": -0.2082946970014783,
    "spread_capture": 0.43799666634226375,
    "adverse_selection": -0.06819373860969166,
    "funding_rates": 0.0
  },
  "additional_metrics": {
    "orders_placed": 1589,
    "orders_placed_buy": 821,
    "orders_placed_sell": 768,
    "maker_qty_placed": 34.863758751412924,
    "maker_qty_filled": 0.4536061831774343,
    "maker_fill_qty_rate": 0.013010822682997455,
    "avg_fill_latency_sec": 0.21610343867334827,
    "std_fill_latency_sec": 0.08644405615486181,
    "avg_queue_position": 0.963376169498327,
    "std_queue_position": 1.0026425167674458,
    "avg_order_lifetime_sec": 0.21610343867334827,
    "std_order_lifetime_sec": 0.08644405615486181,
    "avg_competition_size": 0.353292704338762,
    "std_competition_size": 0.06939204174162855,
    "forced_liquidations": 0,
    "avg_forced_liq_cost": 0.0,
    "std_forced_liq_cost": 0.0,
    "taker_qty_hedge": 0.050431020070391686,
    "taker_qty_cross": 0.0,
    "taker_trades_hedge": 4,
    "taker_trades_cross": 0,
    "taker_qty_total": 0.050431020070391686,
    "notional_traded_btc": 0.504037203247826,
    "notional_traded_usdt": 8670.653336613796
  },
  "strategy": "skew_mid_spread",
  "strategy_kwargs": {
    "extra_spread_ticks": 30.0,
    "gamma": 0.12,
    "gamma_cap_factor": 5.0,
    "gamma_imb": 0.5,
    "gamma_inv_scale": 1.0,
    "gamma_vol_scale": 2.0,
    "gradient_penalty_ticks": 1.0,
    "gradient_threshold": 1.5,
    "k_vol": 2.0,
    "size_base": 0.04,
    "size_exp": 2.0,
    "size_min_factor": 0.3
  },
  "snapshots_processed": 10000,
  "sharpe_ratio": -0.04993466945377332,
  "capital_base": 10000.0,
  "sharpe_horizon_seconds": 60.0
}