{
  "final_pnl": -3.5292144596387516,
  "final_inventory": 0.010521946918447319,
  "fill_count": 273,
  "max_drawdown": 3.5292144596387516,
  "pnl_attribution": {
    "inventory_moves": -0.2590153765431573,
    "fees": -3.6200226402208084,
    "spread_capture": 0.4376393966895176,
    "adverse_selection": -0.09760181931036356,
    "funding_rates": 0.0
  },
  "additional_metrics": {
    "orders_placed": 535,
    "orders_placed_buy": 262,
    "orders_placed_sell": 273,
    "maker_qty_placed": 3.0755855042810065,
    "maker_qty_filled": 0.6413188317386768,
    "maker_fill_qty_rate": 0.20851926595635348,
    "avg_fill_latency_sec": 0.1914394858536447,
    "std_fill_latency_sec": 0.12992326585738695,
    "avg_queue_position": 1.1272577249110147,
    "std_queue_position": 1.4054595716339757,
    "avg_order_lifetime_sec": 0.21220381700309218,
    "std_order_lifetime_sec": 0.12998832369716112,
    "avg_competition_size": 0.6675682286940002,
    "std_competition_size": 0.13150787310634118,
    "forced_liquidations": 0,
    "avg_forced_liq_cost": 0.0,
    "std_forced_liq_cost": 0.0
  },
  "strategy": "skew_mid_spread",
  "strategy_kwargs": {
    "gamma": 0.1,
    "gamma_cap_factor": 5.0,
    "gamma_imb": 0.5,
    "gamma_inv_scale": 4.0,
    "gamma_vol_scale": 2.0,
    "gradient_penalty_ticks": 1.0,
    "gradient_threshold": 1.5,
    "k_vol": 1.3,
    "size_base": 0.01,
    "size_exp": 3.0,
    "size_min_factor": 0.2
  },
  "snapshots_processed": 1000,
  "sharpe_ratio": -1.1205501421100657,
  "capital_base": 10000.0,
  "sharpe_horizon_seconds": 60.0
}