{
  "final_pnl": -16.49340203684187,
  "final_inventory": 0.03783769918713907,
  "fill_count": 295,
  "max_drawdown": 16.49340203684187,
  "pnl_attribution": {
    "inventory_moves": -0.4382930988504125,
    "fees": -15.180568182784185,
    "spread_capture": 2.0097099599310946,
    "adverse_selection": -2.7339357059910663,
    "funding_rates": 0.0
  },
  "additional_metrics": {
    "orders_placed": 535,
    "orders_placed_buy": 263,
    "orders_placed_sell": 272,
    "maker_qty_placed": 12.267905823966254,
    "maker_qty_filled": 2.7664813662828736,
    "maker_fill_qty_rate": 0.2255055920692144,
    "avg_fill_latency_sec": 0.18860587793238023,
    "std_fill_latency_sec": 0.11784462629706767,
    "avg_queue_position": 1.2050609636792333,
    "std_queue_position": 1.383869559845297,
    "avg_order_lifetime_sec": 0.19894705239464255,
    "std_order_lifetime_sec": 0.11496962122169996,
    "avg_competition_size": 0.8636103800541973,
    "std_competition_size": 0.1779192516003449,
    "forced_liquidations": 13,
    "avg_forced_liq_cost": 0.17816997181692223,
    "std_forced_liq_cost": 0.10336234223425005
  },
  "strategy": "skew_mid_spread",
  "strategy_kwargs": {
    "gamma": 0.1,
    "gamma_cap_factor": 5.0,
    "gamma_imb": 0.5,
    "gamma_inv_scale": 4.0,
    "gamma_vol_scale": 2.0,
    "gradient_penalty_ticks": 1.0,
    "gradient_threshold": 1.5,
    "k_vol": 1.3,
    "size_base": 0.04,
    "size_exp": 3.0,
    "size_min_factor": 0.3
  },
  "snapshots_processed": 1000,
  "sharpe_ratio": -1.1720253384874915,
  "capital_base": 10000.0,
  "sharpe_horizon_seconds": 60.0
}