{
  "final_pnl": -0.2867840063809126,
  "final_inventory": 0.00214385165539493,
  "fill_count": 88,
  "max_drawdown": 0.3393832632154954,
  "pnl_attribution": {
    "inventory_moves": -0.19857344553126144,
    "fees": -0.19511819832969027,
    "spread_capture": 0.1330520325846824,
    "adverse_selection": -0.016938278781605535,
    "funding_rates": 0.0
  },
  "additional_metrics": {
    "orders_placed": 2961,
    "orders_placed_buy": 1538,
    "orders_placed_sell": 1423,
    "maker_qty_placed": 8.1157290413816,
    "maker_qty_filled": 0.11344063728257203,
    "maker_fill_qty_rate": 0.013977873916704863,
    "avg_fill_latency_sec": 0.25072729045694525,
    "std_fill_latency_sec": 0.0014826975356436994,
    "avg_queue_position": 1.4446816776542197,
    "std_queue_position": 1.9411173036935334,
    "avg_order_lifetime_sec": 0.25072729045694525,
    "std_order_lifetime_sec": 0.0014826975356436994,
    "avg_competition_size": 0.2608959573029733,
    "std_competition_size": 0.04792280166886274,
    "forced_liquidations": 0,
    "avg_forced_liq_cost": 0.0,
    "std_forced_liq_cost": 0.0,
    "taker_qty_hedge": 0.0,
    "taker_qty_cross": 0.0,
    "taker_trades_hedge": 0,
    "taker_trades_cross": 0,
    "taker_qty_total": 0.0,
    "notional_traded_btc": 0.11344063728257203,
    "notional_traded_usdt": 1951.1819832969031
  },
  "strategy": "skew_mid_spread",
  "strategy_kwargs": {
    "extra_spread_ticks": 32.0,
    "gamma": 0.16,
    "gamma_cap_factor": 5.0,
    "gamma_imb": 0.5,
    "gamma_inv_scale": 2.0,
    "gamma_vol_scale": 0.0,
    "gradient_penalty_ticks": 1.0,
    "gradient_threshold": 1.5,
    "k_vol": 6.0,
    "size_base": 0.005,
    "size_exp": 2.0,
    "size_min_factor": 0.3
  },
  "snapshots_processed": 10000,
  "sharpe_ratio": -0.30912865537258,
  "capital_base": 10000.0,
  "sharpe_horizon_seconds": 60.0
}