{
  "final_pnl": -8.198355908425583,
  "final_inventory": 0.010807070876925605,
  "fill_count": 287,
  "max_drawdown": 8.198355908425583,
  "pnl_attribution": {
    "inventory_moves": -0.2622642376478974,
    "fees": -7.607423222128061,
    "spread_capture": 0.9280990469587159,
    "adverse_selection": -1.2319361819773773,
    "funding_rates": 0.0
  },
  "additional_metrics": {
    "orders_placed": 531,
    "orders_placed_buy": 259,
    "orders_placed_sell": 272,
    "maker_qty_placed": 6.095528808967632,
    "maker_qty_filled": 1.328000977651748,
    "maker_fill_qty_rate": 0.2178647692876157,
    "avg_fill_latency_sec": 0.1815089779699634,
    "std_fill_latency_sec": 0.11523783500715862,
    "avg_queue_position": 1.1285895988449057,
    "std_queue_position": 1.383591394754195,
    "avg_order_lifetime_sec": 0.20252095296711264,
    "std_order_lifetime_sec": 0.12541403842958207,
    "avg_competition_size": 0.7273844660043687,
    "std_competition_size": 0.14631817794460433,
    "forced_liquidations": 11,
    "avg_forced_liq_cost": 0.09417804919575405,
    "std_forced_liq_cost": 0.05632406983930462
  },
  "strategy": "skew_mid_spread",
  "strategy_kwargs": {
    "gamma": 0.1,
    "gamma_cap_factor": 5.0,
    "gamma_imb": 0.5,
    "gamma_inv_scale": 4.0,
    "gamma_vol_scale": 2.0,
    "gradient_penalty_ticks": 1.0,
    "gradient_threshold": 1.5,
    "k_vol": 1.3,
    "size_base": 0.02,
    "size_exp": 2.0,
    "size_min_factor": 0.1
  },
  "snapshots_processed": 1000,
  "sharpe_ratio": -1.2080905182420327,
  "capital_base": 10000.0,
  "sharpe_horizon_seconds": 60.0
}