{
  "final_pnl": -3.5053512777158176,
  "final_inventory": 0.006404260767452091,
  "fill_count": 268,
  "max_drawdown": 3.5053512777158176,
  "pnl_attribution": {
    "inventory_moves": -0.26820007028357945,
    "fees": -3.572209611551739,
    "spread_capture": 0.4224610930462584,
    "adverse_selection": -0.09415036057723179,
    "funding_rates": 0.0
  },
  "additional_metrics": {
    "orders_placed": 606,
    "orders_placed_buy": 302,
    "orders_placed_sell": 304,
    "maker_qty_placed": 3.4448714054858502,
    "maker_qty_filled": 0.6361014675010057,
    "maker_fill_qty_rate": 0.18465173082746542,
    "avg_fill_latency_sec": 0.18541557757885424,
    "std_fill_latency_sec": 0.10983208153688534,
    "avg_queue_position": 1.1015769770566877,
    "std_queue_position": 1.3613802039537148,
    "avg_order_lifetime_sec": 0.19845453794900472,
    "std_order_lifetime_sec": 0.1016401872282727,
    "avg_competition_size": 0.6572872928181356,
    "std_competition_size": 0.12825616605019516,
    "forced_liquidations": 0,
    "avg_forced_liq_cost": 0.0,
    "std_forced_liq_cost": 0.0
  },
  "strategy": "skew_mid_spread",
  "strategy_kwargs": {
    "gamma": 0.1,
    "gamma_cap_factor": 5.0,
    "gamma_imb": 0.5,
    "gamma_inv_scale": 4.0,
    "gamma_vol_scale": 2.0,
    "gradient_penalty_ticks": 1.0,
    "gradient_threshold": 1.5,
    "k_vol": 1.3,
    "size_base": 0.01,
    "size_exp": 2.0,
    "size_min_factor": 0.2
  },
  "snapshots_processed": 1000,
  "sharpe_ratio": -1.200548893792044,
  "capital_base": 10000.0,
  "sharpe_horizon_seconds": 60.0
}