{
  "final_pnl": -7.470461842302029,
  "final_inventory": 0.015230885301332625,
  "fill_count": 274,
  "max_drawdown": 7.470461842302029,
  "pnl_attribution": {
    "inventory_moves": -0.5900672399462774,
    "fees": -7.61174565039007,
    "spread_capture": 1.0405352203475817,
    "adverse_selection": -0.3019349875419858,
    "funding_rates": 0.0
  },
  "additional_metrics": {
    "orders_placed": 611,
    "orders_placed_buy": 305,
    "orders_placed_sell": 306,
    "maker_qty_placed": 6.951070857326992,
    "maker_qty_filled": 1.2624181119911575,
    "maker_fill_qty_rate": 0.18161491055158308,
    "avg_fill_latency_sec": 0.17851249724626542,
    "std_fill_latency_sec": 0.11339774886123301,
    "avg_queue_position": 1.083783467686985,
    "std_queue_position": 1.35117753978997,
    "avg_order_lifetime_sec": 0.18793124705553055,
    "std_order_lifetime_sec": 0.1085053047002719,
    "avg_competition_size": 0.7342847861556039,
    "std_competition_size": 0.13686443924554,
    "forced_liquidations": 2,
    "avg_forced_liq_cost": 0.05239248138401313,
    "std_forced_liq_cost": 0.01817419482487592
  },
  "strategy": "skew_mid_spread",
  "strategy_kwargs": {
    "gamma": 0.1,
    "gamma_cap_factor": 5.0,
    "gamma_imb": 0.5,
    "gamma_inv_scale": 4.0,
    "gamma_vol_scale": 2.0,
    "gradient_penalty_ticks": 1.0,
    "gradient_threshold": 1.5,
    "k_vol": 1.3,
    "size_base": 0.02,
    "size_exp": 1.0,
    "size_min_factor": 0.2
  },
  "snapshots_processed": 1000,
  "sharpe_ratio": -1.1433415856642437,
  "capital_base": 10000.0,
  "sharpe_horizon_seconds": 60.0
}