{
  "final_pnl": -2.8609772222425818,
  "final_inventory": 0.05113199093289679,
  "fill_count": 1618,
  "max_drawdown": 4.035969744367321,
  "pnl_attribution": {
    "inventory_moves": -3.10869219619657,
    "fees": -0.2985170517880926,
    "spread_capture": 0.6444827144600669,
    "adverse_selection": -0.08694843991838518,
    "funding_rates": 0.0
  },
  "additional_metrics": {
    "orders_placed": 2065,
    "orders_placed_buy": 1071,
    "orders_placed_sell": 994,
    "maker_qty_placed": 45.12502838831216,
    "maker_qty_filled": 0.5984972123647687,
    "maker_fill_qty_rate": 0.013263087775026987,
    "avg_fill_latency_sec": 0.0057079653372203954,
    "std_fill_latency_sec": 0.03740572348638748,
    "avg_queue_position": 0.01841605364109163,
    "std_queue_position": 0.198550327734423,
    "avg_order_lifetime_sec": 0.0057079653372203954,
    "std_order_lifetime_sec": 0.03740572348638748,
    "avg_competition_size": 0.35472888025318405,
    "std_competition_size": 0.06858637000160464,
    "forced_liquidations": 0,
    "avg_forced_liq_cost": 0.0,
    "std_forced_liq_cost": 0.0,
    "taker_qty_hedge": 0.0723186655218289,
    "taker_qty_cross": 0.0,
    "taker_trades_hedge": 1546,
    "taker_trades_cross": 0,
    "taker_qty_total": 0.0723186655218289,
    "notional_traded_btc": 0.6708158778866,
    "notional_traded_usdt": 11538.49056117665
  },
  "strategy": "skew_mid_spread",
  "strategy_kwargs": {
    "extra_spread_ticks": 20.0,
    "gamma": 0.08,
    "gamma_cap_factor": 5.0,
    "gamma_imb": 0.5,
    "gamma_inv_scale": 1.0,
    "gamma_vol_scale": 2.0,
    "gradient_penalty_ticks": 1.0,
    "gradient_threshold": 1.5,
    "k_vol": 4.0,
    "size_base": 0.04,
    "size_exp": 2.0,
    "size_min_factor": 0.3
  },
  "snapshots_processed": 10000,
  "sharpe_ratio": -0.2653358461740239,
  "capital_base": 10000.0,
  "sharpe_horizon_seconds": 60.0
}