{
  "final_pnl": -3.7354120707550464,
  "final_inventory": 0.0027810890371291826,
  "fill_count": 283,
  "max_drawdown": 3.7354120707550464,
  "pnl_attribution": {
    "inventory_moves": -0.30532188658821185,
    "fees": -3.7289691243346264,
    "spread_capture": 0.4383627555325655,
    "adverse_selection": -0.13284031372485697,
    "funding_rates": 0.0
  },
  "additional_metrics": {
    "orders_placed": 610,
    "orders_placed_buy": 304,
    "orders_placed_sell": 306,
    "maker_qty_placed": 3.4712545226655727,
    "maker_qty_filled": 0.6500719715635082,
    "maker_fill_qty_rate": 0.18727292029981096,
    "avg_fill_latency_sec": 0.18438036310160819,
    "std_fill_latency_sec": 0.11037305144270185,
    "avg_queue_position": 1.1504844166504502,
    "std_queue_position": 1.4564301553052426,
    "avg_order_lifetime_sec": 0.1936257616873899,
    "std_order_lifetime_sec": 0.10492685369772342,
    "avg_competition_size": 0.6585457515973949,
    "std_competition_size": 0.12893278107814735,
    "forced_liquidations": 1,
    "avg_forced_liq_cost": 0.037835988328521426,
    "std_forced_liq_cost": 0.0
  },
  "strategy": "skew_mid_spread",
  "strategy_kwargs": {
    "gamma": 0.1,
    "gamma_cap_factor": 5.0,
    "gamma_imb": 0.5,
    "gamma_inv_scale": 4.0,
    "gamma_vol_scale": 2.0,
    "gradient_penalty_ticks": 1.0,
    "gradient_threshold": 1.5,
    "k_vol": 1.3,
    "size_base": 0.01,
    "size_exp": 1.0,
    "size_min_factor": 0.2
  },
  "snapshots_processed": 1000,
  "sharpe_ratio": -1.1547771470794674,
  "capital_base": 10000.0,
  "sharpe_horizon_seconds": 60.0
}