{
  "final_pnl": -7.4259088924882235,
  "final_inventory": 0.01630157310246,
  "fill_count": 271,
  "max_drawdown": 7.4259088924882235,
  "pnl_attribution": {
    "inventory_moves": -0.5685474205354607,
    "fees": -7.589062347563491,
    "spread_capture": 0.9219181188974291,
    "adverse_selection": -0.1945855896907818,
    "funding_rates": 0.0
  },
  "additional_metrics": {
    "orders_placed": 611,
    "orders_placed_buy": 305,
    "orders_placed_sell": 306,
    "maker_qty_placed": 6.948901482480017,
    "maker_qty_filled": 1.2594737591589173,
    "maker_fill_qty_rate": 0.18124789397782906,
    "avg_fill_latency_sec": 0.17915189568000503,
    "std_fill_latency_sec": 0.11305695566325885,
    "avg_queue_position": 1.1060336629809582,
    "std_queue_position": 1.367509536241501,
    "avg_order_lifetime_sec": 0.18868987017040012,
    "std_order_lifetime_sec": 0.10802384110811923,
    "avg_competition_size": 0.7347846148088222,
    "std_competition_size": 0.14319333746098528,
    "forced_liquidations": 0,
    "avg_forced_liq_cost": 0.0,
    "std_forced_liq_cost": 0.0
  },
  "strategy": "skew_mid_spread",
  "strategy_kwargs": {
    "gamma": 0.1,
    "gamma_cap_factor": 5.0,
    "gamma_imb": 0.5,
    "gamma_inv_scale": 4.0,
    "gamma_vol_scale": 2.0,
    "gradient_penalty_ticks": 1.0,
    "gradient_threshold": 1.5,
    "k_vol": 1.3,
    "size_base": 0.02,
    "size_exp": 2.0,
    "size_min_factor": 0.2
  },
  "snapshots_processed": 1000,
  "sharpe_ratio": -1.185760415217356,
  "capital_base": 10000.0,
  "sharpe_horizon_seconds": 60.0
}