{
  "final_pnl": -0.9267715689129545,
  "final_inventory": -0.001442832765406736,
  "fill_count": 70,
  "max_drawdown": 2.2409618599904206,
  "pnl_attribution": {
    "inventory_moves": -1.2656277466755976,
    "fees": -0.2616206628792095,
    "spread_capture": 0.7077770346860283,
    "adverse_selection": -0.0965407979473502,
    "funding_rates": 0.0
  },
  "additional_metrics": {
    "orders_placed": 1587,
    "orders_placed_buy": 819,
    "orders_placed_sell": 768,
    "maker_qty_placed": 34.838260038480335,
    "maker_qty_filled": 0.6136230719137883,
    "maker_fill_qty_rate": 0.017613482166905454,
    "avg_fill_latency_sec": 0.22354052517865156,
    "std_fill_latency_sec": 0.07783023072459089,
    "avg_queue_position": 0.8167422913838628,
    "std_queue_position": 0.9142956218685567,
    "avg_order_lifetime_sec": 0.22354052517865156,
    "std_order_lifetime_sec": 0.07783023072459089,
    "avg_competition_size": 0.35277917966782707,
    "std_competition_size": 0.06892384551980138,
    "forced_liquidations": 0,
    "avg_forced_liq_cost": 0.0,
    "std_forced_liq_cost": 0.0,
    "taker_qty_hedge": 0.06334320384738815,
    "taker_qty_cross": 0.0,
    "taker_trades_hedge": 4,
    "taker_trades_cross": 0,
    "taker_qty_total": 0.06334320384738815,
    "notional_traded_btc": 0.6769662757611764,
    "notional_traded_usdt": 11643.174970682296
  },
  "strategy": "skew_mid_spread",
  "strategy_kwargs": {
    "extra_spread_ticks": 20.0,
    "gamma": 0.16,
    "gamma_cap_factor": 5.0,
    "gamma_imb": 0.5,
    "gamma_inv_scale": 1.0,
    "gamma_vol_scale": 2.0,
    "gradient_penalty_ticks": 1.0,
    "gradient_threshold": 1.5,
    "k_vol": 2.0,
    "size_base": 0.04,
    "size_exp": 2.0,
    "size_min_factor": 0.3
  },
  "snapshots_processed": 10000,
  "sharpe_ratio": -0.11659866387447015,
  "capital_base": 10000.0,
  "sharpe_horizon_seconds": 60.0
}