{
  "final_pnl": -1.7200060101004055,
  "final_inventory": 0.00316037284581344,
  "fill_count": 265,
  "max_drawdown": 1.7200060101004055,
  "pnl_attribution": {
    "inventory_moves": -0.1352575237036676,
    "fees": -1.7960163737773833,
    "spread_capture": 0.2526545138594698,
    "adverse_selection": -0.04547173477900451,
    "funding_rates": 0.0
  },
  "additional_metrics": {
    "orders_placed": 608,
    "orders_placed_buy": 303,
    "orders_placed_sell": 305,
    "maker_qty_placed": 1.72978836894352,
    "maker_qty_filled": 0.312849778843925,
    "maker_fill_qty_rate": 0.18086014709128848,
    "avg_fill_latency_sec": 0.18333332678850958,
    "std_fill_latency_sec": 0.11092486607047415,
    "avg_queue_position": 1.0783940942351713,
    "std_queue_position": 1.3544802455741185,
    "avg_order_lifetime_sec": 0.19481698671976724,
    "std_order_lifetime_sec": 0.10413599576840887,
    "avg_competition_size": 0.6362900582885087,
    "std_competition_size": 0.12018239756268743,
    "forced_liquidations": 0,
    "avg_forced_liq_cost": 0.0,
    "std_forced_liq_cost": 0.0
  },
  "strategy": "skew_mid_spread",
  "strategy_kwargs": {
    "gamma": 0.1,
    "gamma_cap_factor": 5.0,
    "gamma_imb": 0.5,
    "gamma_inv_scale": 4.0,
    "gamma_vol_scale": 2.0,
    "gradient_penalty_ticks": 1.0,
    "gradient_threshold": 1.5,
    "k_vol": 1.3,
    "size_base": 0.005,
    "size_exp": 1.0,
    "size_min_factor": 0.3
  },
  "snapshots_processed": 1000,
  "sharpe_ratio": -1.102183864351024,
  "capital_base": 10000.0,
  "sharpe_horizon_seconds": 60.0
}