{
  "final_pnl": -0.7140641041860363,
  "final_inventory": 0.024719200296502455,
  "fill_count": 169,
  "max_drawdown": 3.0425050880112394,
  "pnl_attribution": {
    "inventory_moves": -0.5844148071770838,
    "fees": -1.3819883692316883,
    "spread_capture": 1.561504794112093,
    "adverse_selection": -0.20863394575487468,
    "funding_rates": 0.0
  },
  "additional_metrics": {
    "orders_placed": 2960,
    "orders_placed_buy": 1538,
    "orders_placed_sell": 1422,
    "maker_qty_placed": 64.81714192392288,
    "maker_qty_filled": 1.4345482124696396,
    "maker_fill_qty_rate": 0.022132234928738396,
    "avg_fill_latency_sec": 0.19522105267173365,
    "std_fill_latency_sec": 0.10400224488430304,
    "avg_queue_position": 0.6909873426888045,
    "std_queue_position": 1.2321760646040656,
    "avg_order_lifetime_sec": 0.19522105267173365,
    "std_order_lifetime_sec": 0.10400224488430304,
    "avg_competition_size": 0.35460365311068515,
    "std_competition_size": 0.06611950502911183,
    "forced_liquidations": 0,
    "avg_forced_liq_cost": 0.0,
    "std_forced_liq_cost": 0.0,
    "taker_qty_hedge": 0.3346046418549536,
    "taker_qty_cross": 0.0,
    "taker_trades_hedge": 21,
    "taker_trades_cross": 0,
    "taker_qty_total": 0.3346046418549536,
    "notional_traded_btc": 1.7691528543245925,
    "notional_traded_usdt": 30432.942736711302
  },
  "strategy": "skew_mid_spread",
  "strategy_kwargs": {
    "extra_spread_ticks": 15.0,
    "gamma": 0.16,
    "gamma_cap_factor": 5.0,
    "gamma_imb": 0.5,
    "gamma_inv_scale": 1.0,
    "gamma_vol_scale": 2.0,
    "gradient_penalty_ticks": 1.0,
    "gradient_threshold": 1.5,
    "k_vol": 6.0,
    "size_base": 0.04,
    "size_exp": 2.0,
    "size_min_factor": 0.3
  },
  "snapshots_processed": 10000,
  "sharpe_ratio": -0.0820946864198554,
  "capital_base": 10000.0,
  "sharpe_horizon_seconds": 60.0
}