{
  "final_pnl": -22.375971615074377,
  "final_inventory": 0.031041979003499878,
  "fill_count": 317,
  "max_drawdown": 22.375971615074377,
  "pnl_attribution": {
    "inventory_moves": -0.15078429722451642,
    "fees": -17.549348428603484,
    "spread_capture": 1.8014275216615385,
    "adverse_selection": -6.223167077206242,
    "funding_rates": 0.0
  },
  "additional_metrics": {
    "orders_placed": 606,
    "orders_placed_buy": 302,
    "orders_placed_sell": 304,
    "maker_qty_placed": 13.754268100915262,
    "maker_qty_filled": 2.7612571906835077,
    "maker_fill_qty_rate": 0.2007563885205759,
    "avg_fill_latency_sec": 0.16520941819195972,
    "std_fill_latency_sec": 0.11866154584915378,
    "avg_queue_position": 1.1598058779517888,
    "std_queue_position": 1.4389006455946063,
    "avg_order_lifetime_sec": 0.17441360613438472,
    "std_order_lifetime_sec": 0.11517930787865564,
    "avg_competition_size": 0.8668166741412991,
    "std_competition_size": 0.17231933314662654,
    "forced_liquidations": 33,
    "avg_forced_liq_cost": 0.1758462545099338,
    "std_forced_liq_cost": 0.11176610178619906
  },
  "strategy": "skew_mid_spread",
  "strategy_kwargs": {
    "gamma": 0.1,
    "gamma_cap_factor": 5.0,
    "gamma_imb": 0.5,
    "gamma_inv_scale": 4.0,
    "gamma_vol_scale": 2.0,
    "gradient_penalty_ticks": 1.0,
    "gradient_threshold": 1.5,
    "k_vol": 1.3,
    "size_base": 0.04,
    "size_exp": 3.0,
    "size_min_factor": 0.3
  },
  "snapshots_processed": 1000,
  "sharpe_ratio": -1.3098476602241553,
  "capital_base": 10000.0,
  "sharpe_horizon_seconds": 60.0
}