{
  "final_pnl": -7.525938386308553,
  "final_inventory": 0.02169830842051434,
  "fill_count": 277,
  "max_drawdown": 7.525938386308553,
  "pnl_attribution": {
    "inventory_moves": -0.5818837901317572,
    "fees": -7.516267822887724,
    "spread_capture": 0.8633171892472893,
    "adverse_selection": -0.28109998718190976,
    "funding_rates": 0.0
  },
  "additional_metrics": {
    "orders_placed": 613,
    "orders_placed_buy": 305,
    "orders_placed_sell": 308,
    "maker_qty_placed": 6.966378219513553,
    "maker_qty_filled": 1.26824400251406,
    "maker_fill_qty_rate": 0.18205213133010437,
    "avg_fill_latency_sec": 0.1804844651903425,
    "std_fill_latency_sec": 0.11241543558040439,
    "avg_queue_position": 1.087774385439686,
    "std_queue_position": 1.3451774578509286,
    "avg_order_lifetime_sec": 0.19140371920899574,
    "std_order_lifetime_sec": 0.10639031072105522,
    "avg_competition_size": 0.7279825294905967,
    "std_competition_size": 0.14188574746785712,
    "forced_liquidations": 2,
    "avg_forced_liq_cost": 0.05077974584260533,
    "std_forced_liq_cost": 0.004777606688179725
  },
  "strategy": "skew_mid_spread",
  "strategy_kwargs": {
    "gamma": 0.1,
    "gamma_cap_factor": 5.0,
    "gamma_imb": 0.5,
    "gamma_inv_scale": 4.0,
    "gamma_vol_scale": 2.0,
    "gradient_penalty_ticks": 1.0,
    "gradient_threshold": 1.5,
    "k_vol": 1.3,
    "size_base": 0.02,
    "size_exp": 1.0,
    "size_min_factor": 0.1
  },
  "snapshots_processed": 1000,
  "sharpe_ratio": -1.207132405659524,
  "capital_base": 10000.0,
  "sharpe_horizon_seconds": 60.0
}