{
  "final_pnl": -1.6974737268519675,
  "final_inventory": 0.003450471167634867,
  "fill_count": 268,
  "max_drawdown": 1.6974737268519675,
  "pnl_attribution": {
    "inventory_moves": -0.11790067994738763,
    "fees": -1.7668971585932522,
    "spread_capture": 0.2334560250536273,
    "adverse_selection": -0.04870223051930448,
    "funding_rates": 0.0
  },
  "additional_metrics": {
    "orders_placed": 608,
    "orders_placed_buy": 304,
    "orders_placed_sell": 304,
    "maker_qty_placed": 1.729596416904603,
    "maker_qty_filled": 0.3232929892048007,
    "maker_fill_qty_rate": 0.18691816544311918,
    "avg_fill_latency_sec": 0.1882091425602732,
    "std_fill_latency_sec": 0.10819013637183376,
    "avg_queue_position": 1.1283663516547942,
    "std_queue_position": 1.4249572277935956,
    "avg_order_lifetime_sec": 0.19969280249153087,
    "std_order_lifetime_sec": 0.10066330458345102,
    "avg_competition_size": 0.6300943230406677,
    "std_competition_size": 0.12156897767728019,
    "forced_liquidations": 0,
    "avg_forced_liq_cost": 0.0,
    "std_forced_liq_cost": 0.0
  },
  "strategy": "skew_mid_spread",
  "strategy_kwargs": {
    "gamma": 0.1,
    "gamma_cap_factor": 5.0,
    "gamma_imb": 0.5,
    "gamma_inv_scale": 4.0,
    "gamma_vol_scale": 2.0,
    "gradient_penalty_ticks": 1.0,
    "gradient_threshold": 1.5,
    "k_vol": 1.3,
    "size_base": 0.005,
    "size_exp": 3.0,
    "size_min_factor": 0.3
  },
  "snapshots_processed": 1000,
  "sharpe_ratio": -1.1850087524286095,
  "capital_base": 10000.0,
  "sharpe_horizon_seconds": 60.0
}