{
  "final_pnl": -7.52759746036827,
  "final_inventory": 0.007389749094760006,
  "fill_count": 278,
  "max_drawdown": 7.52759746036827,
  "pnl_attribution": {
    "inventory_moves": -0.6424898230336814,
    "fees": -7.541545666987993,
    "spread_capture": 0.8547137001674917,
    "adverse_selection": -0.20476068494319416,
    "funding_rates": 0.0
  },
  "additional_metrics": {
    "orders_placed": 612,
    "orders_placed_buy": 305,
    "orders_placed_sell": 307,
    "maker_qty_placed": 6.954512157505863,
    "maker_qty_filled": 1.2772328071026195,
    "maker_fill_qty_rate": 0.1836552698702422,
    "avg_fill_latency_sec": 0.18204347391306244,
    "std_fill_latency_sec": 0.11163946515798413,
    "avg_queue_position": 1.118158085361654,
    "std_queue_position": 1.3737937349715958,
    "avg_order_lifetime_sec": 0.19295651720177312,
    "std_order_lifetime_sec": 0.10540529910678173,
    "avg_competition_size": 0.7297291709538561,
    "std_competition_size": 0.14078862492741653,
    "forced_liquidations": 0,
    "avg_forced_liq_cost": 0.0,
    "std_forced_liq_cost": 0.0
  },
  "strategy": "skew_mid_spread",
  "strategy_kwargs": {
    "gamma": 0.1,
    "gamma_cap_factor": 5.0,
    "gamma_imb": 0.5,
    "gamma_inv_scale": 4.0,
    "gamma_vol_scale": 2.0,
    "gradient_penalty_ticks": 1.0,
    "gradient_threshold": 1.5,
    "k_vol": 1.3,
    "size_base": 0.02,
    "size_exp": 2.0,
    "size_min_factor": 0.3
  },
  "snapshots_processed": 1000,
  "sharpe_ratio": -1.1859904193630375,
  "capital_base": 10000.0,
  "sharpe_horizon_seconds": 60.0
}