{
  "final_pnl": -0.2459450298192678,
  "final_inventory": 0.026092814388694242,
  "fill_count": 38,
  "max_drawdown": 0.7364379395548895,
  "pnl_attribution": {
    "inventory_moves": -0.21585637932553017,
    "fees": -0.08220724177911964,
    "spread_capture": 0.061581349399497935,
    "adverse_selection": -0.007583063289560392,
    "funding_rates": 0.0
  },
  "additional_metrics": {
    "orders_placed": 1589,
    "orders_placed_buy": 821,
    "orders_placed_sell": 768,
    "maker_qty_placed": 4.362409882334118,
    "maker_qty_filled": 0.047787024179313936,
    "maker_fill_qty_rate": 0.010954271943319863,
    "avg_fill_latency_sec": 0.25068418603194387,
    "std_fill_latency_sec": 0.000566854489033042,
    "avg_queue_position": 1.1102132579150774,
    "std_queue_position": 1.2123452024707444,
    "avg_order_lifetime_sec": 0.25068418603194387,
    "std_order_lifetime_sec": 0.000566854489033042,
    "avg_competition_size": 0.25731707537834453,
    "std_competition_size": 0.04887985941125379,
    "forced_liquidations": 0,
    "avg_forced_liq_cost": 0.0,
    "std_forced_liq_cost": 0.0,
    "taker_qty_hedge": 0.0,
    "taker_qty_cross": 0.0,
    "taker_trades_hedge": 0,
    "taker_trades_cross": 0,
    "taker_qty_total": 0.0,
    "notional_traded_btc": 0.047787024179313936,
    "notional_traded_usdt": 822.0724177911965
  },
  "strategy": "skew_mid_spread",
  "strategy_kwargs": {
    "extra_spread_ticks": 28.0,
    "gamma": 0.12,
    "gamma_cap_factor": 5.0,
    "gamma_imb": 0.5,
    "gamma_inv_scale": 2.0,
    "gamma_vol_scale": 0.0,
    "gradient_penalty_ticks": 1.0,
    "gradient_threshold": 1.5,
    "k_vol": 6.0,
    "size_base": 0.005,
    "size_exp": 2.0,
    "size_min_factor": 0.3
  },
  "snapshots_processed": 10000,
  "sharpe_ratio": -0.09777667909820664,
  "capital_base": 10000.0,
  "sharpe_horizon_seconds": 60.0
}