{
  "final_pnl": -0.004054740998981288,
  "final_inventory": 0.043294985174672784,
  "fill_count": 2249,
  "max_drawdown": 2.9054249052314844,
  "pnl_attribution": {
    "inventory_moves": -0.35914798522737634,
    "fees": -0.43949028011683466,
    "spread_capture": 0.8812729231025963,
    "adverse_selection": -0.09585320061543542,
    "funding_rates": 0.0
  },
  "additional_metrics": {
    "orders_placed": 1586,
    "orders_placed_buy": 821,
    "orders_placed_sell": 765,
    "maker_qty_placed": 34.80590887660937,
    "maker_qty_filled": 0.6494339147728846,
    "maker_fill_qty_rate": 0.01865872593860992,
    "avg_fill_latency_sec": 0.004080885306667323,
    "std_fill_latency_sec": 0.03173469521561175,
    "avg_queue_position": 0.01607132277296802,
    "std_queue_position": 0.20022890334329924,
    "avg_order_lifetime_sec": 0.004080885306667323,
    "std_order_lifetime_sec": 0.03173469521561175,
    "avg_competition_size": 0.3577099727914896,
    "std_competition_size": 0.07015714002147097,
    "forced_liquidations": 0,
    "avg_forced_liq_cost": 0.0,
    "std_forced_liq_cost": 0.0,
    "taker_qty_hedge": 0.10642121837673017,
    "taker_qty_cross": 0.0,
    "taker_trades_hedge": 2177,
    "taker_trades_cross": 0,
    "taker_qty_total": 0.10642121837673017,
    "notional_traded_btc": 0.7558551331496155,
    "notional_traded_usdt": 13000.817312074621
  },
  "strategy": "skew_mid_spread",
  "strategy_kwargs": {
    "extra_spread_ticks": 25.0,
    "gamma": 0.08,
    "gamma_cap_factor": 5.0,
    "gamma_imb": 0.5,
    "gamma_inv_scale": 1.0,
    "gamma_vol_scale": 2.0,
    "gradient_penalty_ticks": 1.0,
    "gradient_threshold": 1.5,
    "k_vol": 6.0,
    "size_base": 0.04,
    "size_exp": 2.0,
    "size_min_factor": 0.3
  },
  "snapshots_processed": 10000,
  "sharpe_ratio": -0.0011030360000176913,
  "capital_base": 10000.0,
  "sharpe_horizon_seconds": 60.0
}