{
  "final_pnl": -3.5652310262230458,
  "final_inventory": 0.006505625336833216,
  "fill_count": 270,
  "max_drawdown": 3.5652310262230458,
  "pnl_attribution": {
    "inventory_moves": -0.27692612485819634,
    "fees": -3.660732867785412,
    "spread_capture": 0.46658208899359194,
    "adverse_selection": -0.10031075069597654,
    "funding_rates": 0.0
  },
  "additional_metrics": {
    "orders_placed": 610,
    "orders_placed_buy": 305,
    "orders_placed_sell": 305,
    "maker_qty_placed": 3.464936879359611,
    "maker_qty_filled": 0.6384830578517873,
    "maker_fill_qty_rate": 0.1842697515372319,
    "avg_fill_latency_sec": 0.18301281409385878,
    "std_fill_latency_sec": 0.1110857210690797,
    "avg_queue_position": 1.1394851304091953,
    "std_queue_position": 1.43029556244306,
    "avg_order_lifetime_sec": 0.19588460830541757,
    "std_order_lifetime_sec": 0.10341129608111749,
    "avg_competition_size": 0.6651874051792046,
    "std_competition_size": 0.13050956383355267,
    "forced_liquidations": 0,
    "avg_forced_liq_cost": 0.0,
    "std_forced_liq_cost": 0.0
  },
  "strategy": "skew_mid_spread",
  "strategy_kwargs": {
    "gamma": 0.1,
    "gamma_cap_factor": 5.0,
    "gamma_imb": 0.5,
    "gamma_inv_scale": 4.0,
    "gamma_vol_scale": 2.0,
    "gradient_penalty_ticks": 1.0,
    "gradient_threshold": 1.5,
    "k_vol": 1.3,
    "size_base": 0.01,
    "size_exp": 1.0,
    "size_min_factor": 0.2
  },
  "snapshots_processed": 1000,
  "sharpe_ratio": -1.1439692220275202,
  "capital_base": 10000.0,
  "sharpe_horizon_seconds": 60.0
}