{
  "final_pnl": -3.4953158959342545,
  "final_inventory": 0.0017585844484022768,
  "fill_count": 277,
  "max_drawdown": 3.4953158959342545,
  "pnl_attribution": {
    "inventory_moves": -0.26019441478765054,
    "fees": -3.662771755558257,
    "spread_capture": 0.5214997262520144,
    "adverse_selection": -0.09815021951087242,
    "funding_rates": 0.0
  },
  "additional_metrics": {
    "orders_placed": 538,
    "orders_placed_buy": 264,
    "orders_placed_sell": 274,
    "maker_qty_placed": 3.090779365106194,
    "maker_qty_filled": 0.6620381287041647,
    "maker_fill_qty_rate": 0.2141977962511142,
    "avg_fill_latency_sec": 0.18901257245045788,
    "std_fill_latency_sec": 0.11484668205823616,
    "avg_queue_position": 1.147339311974456,
    "std_queue_position": 1.37139396930182,
    "avg_order_lifetime_sec": 0.21108175373677188,
    "std_order_lifetime_sec": 0.12412643138803206,
    "avg_competition_size": 0.6709059697226695,
    "std_competition_size": 0.1276906808759035,
    "forced_liquidations": 0,
    "avg_forced_liq_cost": 0.0,
    "std_forced_liq_cost": 0.0
  },
  "strategy": "skew_mid_spread",
  "strategy_kwargs": {
    "gamma": 0.1,
    "gamma_cap_factor": 5.0,
    "gamma_imb": 0.5,
    "gamma_inv_scale": 4.0,
    "gamma_vol_scale": 2.0,
    "gradient_penalty_ticks": 1.0,
    "gradient_threshold": 1.5,
    "k_vol": 1.3,
    "size_base": 0.01,
    "size_exp": 2.0,
    "size_min_factor": 0.2
  },
  "snapshots_processed": 1000,
  "sharpe_ratio": -1.191002412812164,
  "capital_base": 10000.0,
  "sharpe_horizon_seconds": 60.0
}