{
  "final_pnl": -2.335677247890999,
  "final_inventory": 0.04229459348917876,
  "fill_count": 2324,
  "max_drawdown": 3.658072725746024,
  "pnl_attribution": {
    "inventory_moves": -1.110721545359372,
    "fees": -1.7901043720583074,
    "spread_capture": 0.6376948304485172,
    "adverse_selection": -0.08849928706604603,
    "funding_rates": 0.0
  },
  "additional_metrics": {
    "orders_placed": 1587,
    "orders_placed_buy": 820,
    "orders_placed_sell": 767,
    "maker_qty_placed": 34.83248649218465,
    "maker_qty_filled": 0.570232395440381,
    "maker_fill_qty_rate": 0.01637070599505791,
    "avg_fill_latency_sec": 0.003500436196984629,
    "std_fill_latency_sec": 0.029417370912639487,
    "avg_queue_position": 0.016335256952311382,
    "std_queue_position": 0.24086574393055582,
    "avg_order_lifetime_sec": 0.003500436196984629,
    "std_order_lifetime_sec": 0.029417370912639487,
    "avg_competition_size": 0.3553844651967675,
    "std_competition_size": 0.07034407796389963,
    "forced_liquidations": 0,
    "avg_forced_liq_cost": 0.0,
    "std_forced_liq_cost": 0.0,
    "taker_qty_hedge": 0.15677580354578863,
    "taker_qty_cross": 0.0,
    "taker_trades_hedge": 2260,
    "taker_trades_cross": 0,
    "taker_qty_total": 0.15677580354578863,
    "notional_traded_btc": 0.7270081989861725,
    "notional_traded_usdt": 12505.406712649066
  },
  "strategy": "skew_mid_spread",
  "strategy_kwargs": {
    "extra_spread_ticks": 26.0,
    "gamma": 0.08,
    "gamma_cap_factor": 5.0,
    "gamma_imb": 0.5,
    "gamma_inv_scale": 1.0,
    "gamma_vol_scale": 2.0,
    "gradient_penalty_ticks": 1.0,
    "gradient_threshold": 1.5,
    "k_vol": 8.0,
    "size_base": 0.04,
    "size_exp": 2.0,
    "size_min_factor": 0.3
  },
  "snapshots_processed": 10000,
  "sharpe_ratio": -0.23663950311580897,
  "capital_base": 10000.0,
  "sharpe_horizon_seconds": 60.0
}