{
  "final_pnl": -0.14701126438376377,
  "final_inventory": 0.09800770091472905,
  "fill_count": 2030,
  "max_drawdown": 3.0767995145688474,
  "pnl_attribution": {
    "inventory_moves": 0.6418222392005453,
    "fees": -1.38224118052426,
    "spread_capture": 0.7031455393614344,
    "adverse_selection": -0.07415232354095919,
    "funding_rates": 0.0
  },
  "additional_metrics": {
    "orders_placed": 1584,
    "orders_placed_buy": 818,
    "orders_placed_sell": 766,
    "maker_qty_placed": 34.73516684815333,
    "maker_qty_filled": 0.5085218559693292,
    "maker_fill_qty_rate": 0.014639971593986008,
    "avg_fill_latency_sec": 0.0035069929612623705,
    "std_fill_latency_sec": 0.029446393473099908,
    "avg_queue_position": 0.007607715760261302,
    "std_queue_position": 0.08743041426020508,
    "avg_order_lifetime_sec": 0.0035069929612623705,
    "std_order_lifetime_sec": 0.029446393473099908,
    "avg_competition_size": 0.3539483878459784,
    "std_competition_size": 0.07002883187866221,
    "forced_liquidations": 0,
    "avg_forced_liq_cost": 0.0,
    "std_forced_liq_cost": 0.0,
    "taker_qty_hedge": 0.09831141521154302,
    "taker_qty_cross": 0.0,
    "taker_trades_hedge": 1974,
    "taker_trades_cross": 0,
    "taker_qty_total": 0.09831141521154302,
    "notional_traded_btc": 0.6068332711808708,
    "notional_traded_usdt": 10438.706666105805
  },
  "strategy": "skew_mid_spread",
  "strategy_kwargs": {
    "extra_spread_ticks": 38.0,
    "gamma": 0.08,
    "gamma_cap_factor": 5.0,
    "gamma_imb": 0.5,
    "gamma_inv_scale": 1.0,
    "gamma_vol_scale": 2.0,
    "gradient_penalty_ticks": 1.0,
    "gradient_threshold": 1.5,
    "k_vol": 8.0,
    "size_base": 0.04,
    "size_exp": 2.0,
    "size_min_factor": 0.3
  },
  "snapshots_processed": 10000,
  "sharpe_ratio": -0.013013437672195228,
  "capital_base": 10000.0,
  "sharpe_horizon_seconds": 60.0
}