{
  "final_pnl": -5.199565039394656,
  "final_inventory": 0.061910172170574776,
  "fill_count": 2569,
  "max_drawdown": 6.1767048983383575,
  "pnl_attribution": {
    "inventory_moves": -3.075614856922576,
    "fees": -3.0227239452509,
    "spread_capture": 1.1183879714066003,
    "adverse_selection": -0.14265335675598387,
    "funding_rates": 0.0
  },
  "additional_metrics": {
    "orders_placed": 2063,
    "orders_placed_buy": 1067,
    "orders_placed_sell": 996,
    "maker_qty_placed": 45.053918824221725,
    "maker_qty_filled": 0.8922135468957596,
    "maker_fill_qty_rate": 0.0198032395445275,
    "avg_fill_latency_sec": 0.005173619417714183,
    "std_fill_latency_sec": 0.0356207296188333,
    "avg_queue_position": 0.015960417370538584,
    "std_queue_position": 0.17672682327921255,
    "avg_order_lifetime_sec": 0.005173619417714183,
    "std_order_lifetime_sec": 0.0356207296188333,
    "avg_competition_size": 0.35585523432050875,
    "std_competition_size": 0.06841835857188176,
    "forced_liquidations": 0,
    "avg_forced_liq_cost": 0.0,
    "std_forced_liq_cost": 0.0,
    "taker_qty_hedge": 0.28826924880125737,
    "taker_qty_cross": 0.0,
    "taker_trades_hedge": 2465,
    "taker_trades_cross": 0,
    "taker_qty_total": 0.28826924880125737,
    "notional_traded_btc": 1.1804827956970159,
    "notional_traded_usdt": 20306.742841769134
  },
  "strategy": "skew_mid_spread",
  "strategy_kwargs": {
    "extra_spread_ticks": 34.0,
    "gamma": 0.2,
    "gamma_cap_factor": 5.0,
    "gamma_imb": 0.5,
    "gamma_inv_scale": 1.0,
    "gamma_vol_scale": 2.0,
    "gradient_penalty_ticks": 1.0,
    "gradient_threshold": 1.5,
    "k_vol": 6.0,
    "size_base": 0.04,
    "size_exp": 2.0,
    "size_min_factor": 0.3
  },
  "snapshots_processed": 10000,
  "sharpe_ratio": -0.4518422792062582,
  "capital_base": 10000.0,
  "sharpe_horizon_seconds": 60.0
}