{
  "final_pnl": -3.5282159524704184,
  "final_inventory": 0.014766127757041461,
  "fill_count": 279,
  "max_drawdown": 3.5282159524704184,
  "pnl_attribution": {
    "inventory_moves": -0.2824216828243118,
    "fees": -3.668851806538943,
    "spread_capture": 0.5232520431733887,
    "adverse_selection": -0.10367147251116446,
    "funding_rates": 0.0
  },
  "additional_metrics": {
    "orders_placed": 609,
    "orders_placed_buy": 304,
    "orders_placed_sell": 305,
    "maker_qty_placed": 3.4631385652833364,
    "maker_qty_filled": 0.637425642302912,
    "maker_fill_qty_rate": 0.1840601033677557,
    "avg_fill_latency_sec": 0.1835714230626266,
    "std_fill_latency_sec": 0.1108162070099178,
    "avg_queue_position": 1.110824840719904,
    "std_queue_position": 1.411024941449018,
    "avg_order_lifetime_sec": 0.19449067708127987,
    "std_order_lifetime_sec": 0.1043766508389251,
    "avg_competition_size": 0.6690392849696787,
    "std_competition_size": 0.12742368553925318,
    "forced_liquidations": 1,
    "avg_forced_liq_cost": 0.007886776757836268,
    "std_forced_liq_cost": 0.0
  },
  "strategy": "skew_mid_spread",
  "strategy_kwargs": {
    "gamma": 0.1,
    "gamma_cap_factor": 5.0,
    "gamma_imb": 0.5,
    "gamma_inv_scale": 4.0,
    "gamma_vol_scale": 2.0,
    "gradient_penalty_ticks": 1.0,
    "gradient_threshold": 1.5,
    "k_vol": 1.3,
    "size_base": 0.01,
    "size_exp": 3.0,
    "size_min_factor": 0.2
  },
  "snapshots_processed": 1000,
  "sharpe_ratio": -1.1136391604726272,
  "capital_base": 10000.0,
  "sharpe_horizon_seconds": 60.0
}