{
  "final_pnl": -0.3695708151990402,
  "final_inventory": 0.018434572268049332,
  "fill_count": 74,
  "max_drawdown": 0.7519764069020312,
  "pnl_attribution": {
    "inventory_moves": -0.28789957444752723,
    "fees": -0.1593167918574955,
    "spread_capture": 0.1072759911409401,
    "adverse_selection": -0.014094123085830043,
    "funding_rates": 0.0
  },
  "additional_metrics": {
    "orders_placed": 2963,
    "orders_placed_buy": 1538,
    "orders_placed_sell": 1425,
    "maker_qty_placed": 8.120612361456292,
    "maker_qty_filled": 0.09261526147256564,
    "maker_fill_qty_rate": 0.011404960285034058,
    "avg_fill_latency_sec": 0.25094595470943964,
    "std_fill_latency_sec": 0.0015236256734696687,
    "avg_queue_position": 1.3179660874452568,
    "std_queue_position": 1.543016292436746,
    "avg_order_lifetime_sec": 0.25094595470943964,
    "std_order_lifetime_sec": 0.0015236256734696687,
    "avg_competition_size": 0.26021236144959004,
    "std_competition_size": 0.04749134459410021,
    "forced_liquidations": 0,
    "avg_forced_liq_cost": 0.0,
    "std_forced_liq_cost": 0.0,
    "taker_qty_hedge": 0.0,
    "taker_qty_cross": 0.0,
    "taker_trades_hedge": 0,
    "taker_trades_cross": 0,
    "taker_qty_total": 0.0,
    "notional_traded_btc": 0.09261526147256564,
    "notional_traded_usdt": 1593.167918574955
  },
  "strategy": "skew_mid_spread",
  "strategy_kwargs": {
    "extra_spread_ticks": 28.0,
    "gamma": 0.12,
    "gamma_cap_factor": 5.0,
    "gamma_imb": 0.5,
    "gamma_inv_scale": 4.0,
    "gamma_vol_scale": 1.0,
    "gradient_penalty_ticks": 1.0,
    "gradient_threshold": 1.5,
    "k_vol": 4.0,
    "size_base": 0.005,
    "size_exp": 2.0,
    "size_min_factor": 0.3
  },
  "snapshots_processed": 10000,
  "sharpe_ratio": -0.16767712563776138,
  "capital_base": 10000.0,
  "sharpe_horizon_seconds": 60.0
}