{
  "final_pnl": -3.3147012476856617,
  "final_inventory": 0.014508017551597061,
  "fill_count": 269,
  "max_drawdown": 3.3147012476856617,
  "pnl_attribution": {
    "inventory_moves": -0.1910245288117931,
    "fees": -3.4785288141563755,
    "spread_capture": 0.45053491143711993,
    "adverse_selection": -0.09242849670685777,
    "funding_rates": 0.0
  },
  "additional_metrics": {
    "orders_placed": 533,
    "orders_placed_buy": 261,
    "orders_placed_sell": 272,
    "maker_qty_placed": 3.0620956772620826,
    "maker_qty_filled": 0.6247383155137728,
    "maker_fill_qty_rate": 0.20402312055525687,
    "avg_fill_latency_sec": 0.19028570744898413,
    "std_fill_latency_sec": 0.11438529420199367,
    "avg_queue_position": 1.1425067377421896,
    "std_queue_position": 1.4166862278457144,
    "avg_order_lifetime_sec": 0.21144804397186676,
    "std_order_lifetime_sec": 0.12483017269380238,
    "avg_competition_size": 0.6701907315873127,
    "std_competition_size": 0.12360587178817174,
    "forced_liquidations": 0,
    "avg_forced_liq_cost": 0.0,
    "std_forced_liq_cost": 0.0
  },
  "strategy": "skew_mid_spread",
  "strategy_kwargs": {
    "gamma": 0.1,
    "gamma_cap_factor": 5.0,
    "gamma_imb": 0.5,
    "gamma_inv_scale": 4.0,
    "gamma_vol_scale": 2.0,
    "gradient_penalty_ticks": 1.0,
    "gradient_threshold": 1.5,
    "k_vol": 1.3,
    "size_base": 0.01,
    "size_exp": 2.0,
    "size_min_factor": 0.3
  },
  "snapshots_processed": 1000,
  "sharpe_ratio": -1.1344255902929299,
  "capital_base": 10000.0,
  "sharpe_horizon_seconds": 60.0
}