{
  "final_pnl": -7.0273265832584,
  "final_inventory": 0.002650800760106757,
  "fill_count": 269,
  "max_drawdown": 7.0273265832584,
  "pnl_attribution": {
    "inventory_moves": -0.512488993363639,
    "fees": -7.226210443010068,
    "spread_capture": 0.9533646256497252,
    "adverse_selection": -0.2311711923986039,
    "funding_rates": 0.0
  },
  "additional_metrics": {
    "orders_placed": 537,
    "orders_placed_buy": 264,
    "orders_placed_sell": 273,
    "maker_qty_placed": 6.174080766109342,
    "maker_qty_filled": 1.2634638023575513,
    "maker_fill_qty_rate": 0.2046399861325001,
    "avg_fill_latency_sec": 0.18747741483872937,
    "std_fill_latency_sec": 0.11593125305795149,
    "avg_queue_position": 1.1010078551081848,
    "std_queue_position": 1.299376810206574,
    "avg_order_lifetime_sec": 0.20043225134572676,
    "std_order_lifetime_sec": 0.11171149102254493,
    "avg_competition_size": 0.7299918409106011,
    "std_competition_size": 0.14396133568952668,
    "forced_liquidations": 1,
    "avg_forced_liq_cost": 0.045869048375454205,
    "std_forced_liq_cost": 0.0
  },
  "strategy": "skew_mid_spread",
  "strategy_kwargs": {
    "gamma": 0.1,
    "gamma_cap_factor": 5.0,
    "gamma_imb": 0.5,
    "gamma_inv_scale": 4.0,
    "gamma_vol_scale": 2.0,
    "gradient_penalty_ticks": 1.0,
    "gradient_threshold": 1.5,
    "k_vol": 1.3,
    "size_base": 0.02,
    "size_exp": 2.0,
    "size_min_factor": 0.1
  },
  "snapshots_processed": 1000,
  "sharpe_ratio": -1.2200567708982297,
  "capital_base": 10000.0,
  "sharpe_horizon_seconds": 60.0
}