{
  "final_pnl": -1.590732489947186,
  "final_inventory": 0.10000000482169102,
  "fill_count": 869,
  "max_drawdown": 3.268930116222691,
  "pnl_attribution": {
    "inventory_moves": -1.2703613996217307,
    "fees": -0.9874672745042434,
    "spread_capture": 0.828438103317822,
    "adverse_selection": -0.10479280602769353,
    "funding_rates": 0.0
  },
  "additional_metrics": {
    "orders_placed": 1586,
    "orders_placed_buy": 819,
    "orders_placed_sell": 767,
    "maker_qty_placed": 34.82750926488792,
    "maker_qty_filled": 0.7107985218181451,
    "maker_fill_qty_rate": 0.02040911155638544,
    "avg_fill_latency_sec": 0.011778312706085573,
    "std_fill_latency_sec": 0.05304457084359207,
    "avg_queue_position": 0.029953040227859926,
    "std_queue_position": 0.18876378927681484,
    "avg_order_lifetime_sec": 0.011778312706085573,
    "std_order_lifetime_sec": 0.05304457084359207,
    "avg_competition_size": 0.3527313751992523,
    "std_competition_size": 0.07044810902282404,
    "forced_liquidations": 0,
    "avg_forced_liq_cost": 0.0,
    "std_forced_liq_cost": 0.0,
    "taker_qty_hedge": 0.23910397481045148,
    "taker_qty_cross": 0.0,
    "taker_trades_hedge": 791,
    "taker_trades_cross": 0,
    "taker_qty_total": 0.23910397481045148,
    "notional_traded_btc": 0.9499024966285966,
    "notional_traded_usdt": 16341.228608343952
  },
  "strategy": "skew_mid_spread",
  "strategy_kwargs": {
    "extra_spread_ticks": 10.0,
    "gamma": 0.12,
    "gamma_cap_factor": 5.0,
    "gamma_imb": 0.5,
    "gamma_inv_scale": 1.0,
    "gamma_vol_scale": 2.0,
    "gradient_penalty_ticks": 1.0,
    "gradient_threshold": 1.5,
    "k_vol": 2.0,
    "size_base": 0.04,
    "size_exp": 2.0,
    "size_min_factor": 0.3
  },
  "snapshots_processed": 10000,
  "sharpe_ratio": -0.16984664316592257,
  "capital_base": 10000.0,
  "sharpe_horizon_seconds": 60.0
}