{
  "final_pnl": -17.29313890632875,
  "final_inventory": 0.022783052192108466,
  "fill_count": 285,
  "max_drawdown": 17.29313890632875,
  "pnl_attribution": {
    "inventory_moves": -0.4462425292187135,
    "fees": -15.308491721122929,
    "spread_capture": 2.0287698195321138,
    "adverse_selection": -3.4070865064517184,
    "funding_rates": 0.0
  },
  "additional_metrics": {
    "orders_placed": 609,
    "orders_placed_buy": 304,
    "orders_placed_sell": 305,
    "maker_qty_placed": 13.830994357074891,
    "maker_qty_filled": 2.5942110078787772,
    "maker_fill_qty_rate": 0.18756503985931966,
    "avg_fill_latency_sec": 0.17700598197068998,
    "std_fill_latency_sec": 0.11406539893988547,
    "avg_queue_position": 1.161431174396301,
    "std_queue_position": 1.3467954658382733,
    "avg_order_lifetime_sec": 0.1860299324561022,
    "std_order_lifetime_sec": 0.10955147213642868,
    "avg_competition_size": 0.8662000772812524,
    "std_competition_size": 0.18242735313428324,
    "forced_liquidations": 14,
    "avg_forced_liq_cost": 0.21434409905321022,
    "std_forced_liq_cost": 0.09487326054066272
  },
  "strategy": "skew_mid_spread",
  "strategy_kwargs": {
    "gamma": 0.1,
    "gamma_cap_factor": 5.0,
    "gamma_imb": 0.5,
    "gamma_inv_scale": 4.0,
    "gamma_vol_scale": 2.0,
    "gradient_penalty_ticks": 1.0,
    "gradient_threshold": 1.5,
    "k_vol": 1.3,
    "size_base": 0.04,
    "size_exp": 2.0,
    "size_min_factor": 0.1
  },
  "snapshots_processed": 1000,
  "sharpe_ratio": -1.105982447289566,
  "capital_base": 10000.0,
  "sharpe_horizon_seconds": 60.0
}