{
  "final_pnl": -1.6329262057352025,
  "final_inventory": 0.002727174503191388,
  "fill_count": 256,
  "max_drawdown": 1.6329262057352025,
  "pnl_attribution": {
    "inventory_moves": -0.08746218316574615,
    "fees": -1.7253914570833262,
    "spread_capture": 0.2236146721533455,
    "adverse_selection": -0.046590270822667826,
    "funding_rates": 0.0
  },
  "additional_metrics": {
    "orders_placed": 530,
    "orders_placed_buy": 258,
    "orders_placed_sell": 272,
    "maker_qty_placed": 1.5227579332745391,
    "maker_qty_filled": 0.31080821105438067,
    "maker_fill_qty_rate": 0.2041087452330776,
    "avg_fill_latency_sec": 0.18741496241822533,
    "std_fill_latency_sec": 0.11256984733439374,
    "avg_queue_position": 1.0882898460652828,
    "std_queue_position": 1.3690022064605925,
    "avg_order_lifetime_sec": 0.2010748240412498,
    "std_order_lifetime_sec": 0.10794058784138509,
    "avg_competition_size": 0.6312678166238276,
    "std_competition_size": 0.12278178615065295,
    "forced_liquidations": 0,
    "avg_forced_liq_cost": 0.0,
    "std_forced_liq_cost": 0.0
  },
  "strategy": "skew_mid_spread",
  "strategy_kwargs": {
    "gamma": 0.1,
    "gamma_cap_factor": 5.0,
    "gamma_imb": 0.5,
    "gamma_inv_scale": 4.0,
    "gamma_vol_scale": 2.0,
    "gradient_penalty_ticks": 1.0,
    "gradient_threshold": 1.5,
    "k_vol": 1.3,
    "size_base": 0.005,
    "size_exp": 3.0,
    "size_min_factor": 0.2
  },
  "snapshots_processed": 1000,
  "sharpe_ratio": -1.0732270568455715,
  "capital_base": 10000.0,
  "sharpe_horizon_seconds": 60.0
}