{
  "final_pnl": -3.4965862634890073,
  "final_inventory": 0.005335678050323942,
  "fill_count": 273,
  "max_drawdown": 3.4965862634890073,
  "pnl_attribution": {
    "inventory_moves": -0.255995441166774,
    "fees": -3.604158582942001,
    "spread_capture": 0.4583606779445063,
    "adverse_selection": -0.09898852301249098,
    "funding_rates": 0.0
  },
  "additional_metrics": {
    "orders_placed": 535,
    "orders_placed_buy": 261,
    "orders_placed_sell": 274,
    "maker_qty_placed": 3.0760378084007534,
    "maker_qty_filled": 0.6354667042014932,
    "maker_fill_qty_rate": 0.20658611622588455,
    "avg_fill_latency_sec": 0.18668789316894144,
    "std_fill_latency_sec": 0.11277607751457965,
    "avg_queue_position": 1.0927555504994297,
    "std_queue_position": 1.3452467454788972,
    "avg_order_lifetime_sec": 0.209038210522597,
    "std_order_lifetime_sec": 0.12272707616655562,
    "avg_competition_size": 0.6739164896719199,
    "std_competition_size": 0.12497000856589587,
    "forced_liquidations": 0,
    "avg_forced_liq_cost": 0.0,
    "std_forced_liq_cost": 0.0
  },
  "strategy": "skew_mid_spread",
  "strategy_kwargs": {
    "gamma": 0.1,
    "gamma_cap_factor": 5.0,
    "gamma_imb": 0.5,
    "gamma_inv_scale": 4.0,
    "gamma_vol_scale": 2.0,
    "gradient_penalty_ticks": 1.0,
    "gradient_threshold": 1.5,
    "k_vol": 1.3,
    "size_base": 0.01,
    "size_exp": 2.0,
    "size_min_factor": 0.2
  },
  "snapshots_processed": 1000,
  "sharpe_ratio": -1.1278745068155773,
  "capital_base": 10000.0,
  "sharpe_horizon_seconds": 60.0
}