{
  "final_pnl": -21.9538999188826,
  "final_inventory": 0.005699666733339884,
  "fill_count": 312,
  "max_drawdown": 21.9538999188826,
  "pnl_attribution": {
    "inventory_moves": -0.08958195779347214,
    "fees": -17.952646701672293,
    "spread_capture": 2.2696075676438197,
    "adverse_selection": -5.940350135925969,
    "funding_rates": 0.0
  },
  "additional_metrics": {
    "orders_placed": 537,
    "orders_placed_buy": 265,
    "orders_placed_sell": 272,
    "maker_qty_placed": 12.328675987363567,
    "maker_qty_filled": 2.7522804031265657,
    "maker_fill_qty_rate": 0.2232421718234424,
    "avg_fill_latency_sec": 0.16697883227514843,
    "std_fill_latency_sec": 0.12622717844173229,
    "avg_queue_position": 1.1005376319320703,
    "std_queue_position": 1.3403497127172235,
    "avg_order_lifetime_sec": 0.17892592041580765,
    "std_order_lifetime_sec": 0.12435805002399829,
    "avg_competition_size": 0.8754698757192761,
    "std_competition_size": 0.1736169275698119,
    "forced_liquidations": 33,
    "avg_forced_liq_cost": 0.166864303271797,
    "std_forced_liq_cost": 0.1073760454888574
  },
  "strategy": "skew_mid_spread",
  "strategy_kwargs": {
    "gamma": 0.1,
    "gamma_cap_factor": 5.0,
    "gamma_imb": 0.5,
    "gamma_inv_scale": 4.0,
    "gamma_vol_scale": 2.0,
    "gradient_penalty_ticks": 1.0,
    "gradient_threshold": 1.5,
    "k_vol": 1.3,
    "size_base": 0.04,
    "size_exp": 3.0,
    "size_min_factor": 0.3
  },
  "snapshots_processed": 1000,
  "sharpe_ratio": -1.2750854300280554,
  "capital_base": 10000.0,
  "sharpe_horizon_seconds": 60.0
}