{
  "final_pnl": -0.4944426017354999,
  "final_inventory": -0.0017039921973306445,
  "fill_count": 76,
  "max_drawdown": 0.499597896801788,
  "pnl_attribution": {
    "inventory_moves": -0.392377430418064,
    "fees": -0.17387959550643467,
    "spread_capture": 0.10492452951222941,
    "adverse_selection": -0.01396799607130034,
    "funding_rates": 0.0
  },
  "additional_metrics": {
    "orders_placed": 2962,
    "orders_placed_buy": 1539,
    "orders_placed_sell": 1423,
    "maker_qty_placed": 8.118905804951611,
    "maker_qty_filled": 0.10108621943889717,
    "maker_fill_qty_rate": 0.012450719575690366,
    "avg_fill_latency_sec": 0.25036843199478953,
    "std_fill_latency_sec": 0.0006657489780746475,
    "avg_queue_position": 1.3704100027270556,
    "std_queue_position": 1.6153423902851922,
    "avg_order_lifetime_sec": 0.25036843199478953,
    "std_order_lifetime_sec": 0.0006657489780746475,
    "avg_competition_size": 0.25970673476859785,
    "std_competition_size": 0.04728092566713669,
    "forced_liquidations": 0,
    "avg_forced_liq_cost": 0.0,
    "std_forced_liq_cost": 0.0,
    "taker_qty_hedge": 0.0,
    "taker_qty_cross": 0.0,
    "taker_trades_hedge": 0,
    "taker_trades_cross": 0,
    "taker_qty_total": 0.0,
    "notional_traded_btc": 0.10108621943889717,
    "notional_traded_usdt": 1738.7959550643463
  },
  "strategy": "skew_mid_spread",
  "strategy_kwargs": {
    "extra_spread_ticks": 28.0,
    "gamma": 0.08,
    "gamma_cap_factor": 5.0,
    "gamma_imb": 0.5,
    "gamma_inv_scale": 4.0,
    "gamma_vol_scale": 1.0,
    "gradient_penalty_ticks": 1.0,
    "gradient_threshold": 1.5,
    "k_vol": 8.0,
    "size_base": 0.005,
    "size_exp": 2.0,
    "size_min_factor": 0.3
  },
  "snapshots_processed": 10000,
  "sharpe_ratio": -0.3798502135653644,
  "capital_base": 10000.0,
  "sharpe_horizon_seconds": 60.0
}