{
  "final_pnl": -4.157209135873927,
  "final_inventory": -0.03307144992471091,
  "fill_count": 3278,
  "max_drawdown": 5.523258666768015,
  "pnl_attribution": {
    "inventory_moves": -1.2173757022616205,
    "fees": -3.8047234589817935,
    "spread_capture": 1.0420682116781244,
    "adverse_selection": -0.14867439673873295,
    "funding_rates": 0.0
  },
  "additional_metrics": {
    "orders_placed": 2063,
    "orders_placed_buy": 1072,
    "orders_placed_sell": 991,
    "maker_qty_placed": 45.07169128494596,
    "maker_qty_filled": 0.9685288034273256,
    "maker_fill_qty_rate": 0.021488627912900536,
    "avg_fill_latency_sec": 0.003960334593421503,
    "std_fill_latency_sec": 0.03125282405778305,
    "avg_queue_position": 0.011761974583259605,
    "std_queue_position": 0.14079774992690022,
    "avg_order_lifetime_sec": 0.003960334593421503,
    "std_order_lifetime_sec": 0.03125282405778305,
    "avg_competition_size": 0.354491780421687,
    "std_competition_size": 0.06950928937938429,
    "forced_liquidations": 0,
    "avg_forced_liq_cost": 0.0,
    "std_forced_liq_cost": 0.0,
    "taker_qty_hedge": 0.4142281978779133,
    "taker_qty_cross": 0.0,
    "taker_trades_hedge": 3176,
    "taker_trades_cross": 0,
    "taker_qty_total": 0.4142281978779133,
    "notional_traded_btc": 1.3827570013052366,
    "notional_traded_usdt": 23790.301445946225
  },
  "strategy": "skew_mid_spread",
  "strategy_kwargs": {
    "extra_spread_ticks": 26.0,
    "gamma": 0.08,
    "gamma_cap_factor": 5.0,
    "gamma_imb": 0.5,
    "gamma_inv_scale": 1.0,
    "gamma_vol_scale": 2.0,
    "gradient_penalty_ticks": 1.0,
    "gradient_threshold": 1.5,
    "k_vol": 6.0,
    "size_base": 0.04,
    "size_exp": 2.0,
    "size_min_factor": 0.3
  },
  "snapshots_processed": 10000,
  "sharpe_ratio": -0.34430700005467957,
  "capital_base": 10000.0,
  "sharpe_horizon_seconds": 60.0
}