{
  "final_pnl": -21.773997630813028,
  "final_inventory": 0.03591055458983415,
  "fill_count": 311,
  "max_drawdown": 21.773997630813028,
  "pnl_attribution": {
    "inventory_moves": -0.14325216790862588,
    "fees": -17.61035132632365,
    "spread_capture": 2.0219288137147253,
    "adverse_selection": -5.7796625907565735,
    "funding_rates": 0.0
  },
  "additional_metrics": {
    "orders_placed": 532,
    "orders_placed_buy": 261,
    "orders_placed_sell": 271,
    "maker_qty_placed": 12.188383420516613,
    "maker_qty_filled": 2.7664221280157295,
    "maker_fill_qty_rate": 0.226972030052733,
    "avg_fill_latency_sec": 0.1727700501202262,
    "std_fill_latency_sec": 0.13702771150166115,
    "avg_queue_position": 1.146220925979003,
    "std_queue_position": 1.3837156618020827,
    "avg_order_lifetime_sec": 0.18752405987703863,
    "std_order_lifetime_sec": 0.14085685982386287,
    "avg_competition_size": 0.8600692571874832,
    "std_competition_size": 0.1765671325554102,
    "forced_liquidations": 31,
    "avg_forced_liq_cost": 0.1725988802300117,
    "std_forced_liq_cost": 0.09554356548176807
  },
  "strategy": "skew_mid_spread",
  "strategy_kwargs": {
    "gamma": 0.1,
    "gamma_cap_factor": 5.0,
    "gamma_imb": 0.5,
    "gamma_inv_scale": 4.0,
    "gamma_vol_scale": 2.0,
    "gradient_penalty_ticks": 1.0,
    "gradient_threshold": 1.5,
    "k_vol": 1.3,
    "size_base": 0.04,
    "size_exp": 3.0,
    "size_min_factor": 0.3
  },
  "snapshots_processed": 1000,
  "sharpe_ratio": -1.2708395239163326,
  "capital_base": 10000.0,
  "sharpe_horizon_seconds": 60.0
}