{
  "final_pnl": -23.59417816525456,
  "final_inventory": 0.03183392568996622,
  "fill_count": 317,
  "max_drawdown": 23.59417816525456,
  "pnl_attribution": {
    "inventory_moves": -0.12524060739346518,
    "fees": -17.80038896442517,
    "spread_capture": 1.9943429002077224,
    "adverse_selection": -7.3997112998725525,
    "funding_rates": 0.0
  },
  "additional_metrics": {
    "orders_placed": 605,
    "orders_placed_buy": 301,
    "orders_placed_sell": 304,
    "maker_qty_placed": 13.742929099757925,
    "maker_qty_filled": 2.6869665604879884,
    "maker_fill_qty_rate": 0.1955162935778602,
    "avg_fill_latency_sec": 0.16092745627763974,
    "std_fill_latency_sec": 0.12004685647331166,
    "avg_queue_position": 1.1150294983945939,
    "std_queue_position": 1.391588322982085,
    "avg_order_lifetime_sec": 0.17003626403413288,
    "std_order_lifetime_sec": 0.11697979491327808,
    "avg_competition_size": 0.864541379779036,
    "std_competition_size": 0.1761348171235538,
    "forced_liquidations": 38,
    "avg_forced_liq_cost": 0.1837326647191828,
    "std_forced_liq_cost": 0.11139229343076372
  },
  "strategy": "skew_mid_spread",
  "strategy_kwargs": {
    "gamma": 0.1,
    "gamma_cap_factor": 5.0,
    "gamma_imb": 0.5,
    "gamma_inv_scale": 4.0,
    "gamma_vol_scale": 2.0,
    "gradient_penalty_ticks": 1.0,
    "gradient_threshold": 1.5,
    "k_vol": 1.3,
    "size_base": 0.04,
    "size_exp": 1.0,
    "size_min_factor": 0.2
  },
  "snapshots_processed": 1000,
  "sharpe_ratio": -1.296241667000421,
  "capital_base": 10000.0,
  "sharpe_horizon_seconds": 60.0
}