{
  "final_pnl": -2.190754425471823,
  "final_inventory": 0.05587841001783671,
  "fill_count": 100,
  "max_drawdown": 3.277310953813867,
  "pnl_attribution": {
    "inventory_moves": -2.3593566302905455,
    "fees": -0.5543682833710253,
    "spread_capture": 0.858398994644639,
    "adverse_selection": -0.1254485556302076,
    "funding_rates": 0.0
  },
  "additional_metrics": {
    "orders_placed": 2062,
    "orders_placed_buy": 1070,
    "orders_placed_sell": 992,
    "maker_qty_placed": 45.06880815916318,
    "maker_qty_filled": 0.8087415579062074,
    "maker_fill_qty_rate": 0.01794459607296666,
    "avg_fill_latency_sec": 0.21357408276310674,
    "std_fill_latency_sec": 0.08907126165334038,
    "avg_queue_position": 1.0229252290647735,
    "std_queue_position": 1.4230022403148046,
    "avg_order_lifetime_sec": 0.21357408276310674,
    "std_order_lifetime_sec": 0.08907126165334038,
    "avg_competition_size": 0.35580373402051385,
    "std_competition_size": 0.0681175886218998,
    "forced_liquidations": 0,
    "avg_forced_liq_cost": 0.0,
    "std_forced_liq_cost": 0.0,
    "taker_qty_hedge": 0.13428908948117801,
    "taker_qty_cross": 0.0,
    "taker_trades_hedge": 8,
    "taker_trades_cross": 0,
    "taker_qty_total": 0.13428908948117801,
    "notional_traded_btc": 0.9430306473873855,
    "notional_traded_usdt": 16221.739816954137
  },
  "strategy": "skew_mid_spread",
  "strategy_kwargs": {
    "extra_spread_ticks": 20.0,
    "gamma": 0.08,
    "gamma_cap_factor": 5.0,
    "gamma_imb": 0.5,
    "gamma_inv_scale": 1.0,
    "gamma_vol_scale": 2.0,
    "gradient_penalty_ticks": 1.0,
    "gradient_threshold": 1.5,
    "k_vol": 2.0,
    "size_base": 0.04,
    "size_exp": 2.0,
    "size_min_factor": 0.3
  },
  "snapshots_processed": 10000,
  "sharpe_ratio": -0.2180349485267602,
  "capital_base": 10000.0,
  "sharpe_horizon_seconds": 60.0
}