{
  "final_pnl": 0.2319925919528032,
  "final_inventory": 0.061870699876611784,
  "fill_count": 90,
  "max_drawdown": 3.170894660654085,
  "pnl_attribution": {
    "inventory_moves": 0.8264427835068577,
    "fees": -1.3808814115304573,
    "spread_capture": 0.911194923582166,
    "adverse_selection": -0.10684865646967685,
    "funding_rates": 0.0
  },
  "additional_metrics": {
    "orders_placed": 1582,
    "orders_placed_buy": 817,
    "orders_placed_sell": 765,
    "maker_qty_placed": 34.70098304121838,
    "maker_qty_filled": 0.6719307330914099,
    "maker_fill_qty_rate": 0.0193634495107323,
    "avg_fill_latency_sec": 0.16714813974168566,
    "std_fill_latency_sec": 0.11819340233730859,
    "avg_queue_position": 0.719717238308558,
    "std_queue_position": 1.4048099432892065,
    "avg_order_lifetime_sec": 0.16714813974168566,
    "std_order_lifetime_sec": 0.11819340233730859,
    "avg_competition_size": 0.35448030726280255,
    "std_competition_size": 0.06999384399059669,
    "forced_liquidations": 0,
    "avg_forced_liq_cost": 0.0,
    "std_forced_liq_cost": 0.0,
    "taker_qty_hedge": 0.33439750964780884,
    "taker_qty_cross": 0.0,
    "taker_trades_hedge": 18,
    "taker_trades_cross": 0,
    "taker_qty_total": 0.33439750964780884,
    "notional_traded_btc": 1.0063282427392186,
    "notional_traded_usdt": 17312.037831779933
  },
  "strategy": "skew_mid_spread",
  "strategy_kwargs": {
    "extra_spread_ticks": 15.0,
    "gamma": 0.16,
    "gamma_cap_factor": 5.0,
    "gamma_imb": 0.5,
    "gamma_inv_scale": 1.0,
    "gamma_vol_scale": 2.0,
    "gradient_penalty_ticks": 1.0,
    "gradient_threshold": 1.5,
    "k_vol": 2.0,
    "size_base": 0.04,
    "size_exp": 2.0,
    "size_min_factor": 0.3
  },
  "snapshots_processed": 10000,
  "sharpe_ratio": 0.017485695485087372,
  "capital_base": 10000.0,
  "sharpe_horizon_seconds": 60.0
}