{
  "final_pnl": -6.91909568131814,
  "final_inventory": 0.017817650784895608,
  "fill_count": 277,
  "max_drawdown": 6.91909568131814,
  "pnl_attribution": {
    "inventory_moves": -0.536625579332835,
    "fees": -7.3437632353241336,
    "spread_capture": 1.1896946042234702,
    "adverse_selection": -0.2155677999455134,
    "funding_rates": 0.0
  },
  "additional_metrics": {
    "orders_placed": 537,
    "orders_placed_buy": 263,
    "orders_placed_sell": 274,
    "maker_qty_placed": 6.169514929171954,
    "maker_qty_filled": 1.2764150018516287,
    "maker_fill_qty_rate": 0.20689065777541504,
    "avg_fill_latency_sec": 0.18633124530315398,
    "std_fill_latency_sec": 0.11633806764178276,
    "avg_queue_position": 1.104212932578175,
    "std_queue_position": 1.333375459887144,
    "avg_order_lifetime_sec": 0.20669999420642854,
    "std_order_lifetime_sec": 0.12695150699959995,
    "avg_competition_size": 0.7490886646842547,
    "std_competition_size": 0.14355816982545735,
    "forced_liquidations": 1,
    "avg_forced_liq_cost": 0.024145232475982954,
    "std_forced_liq_cost": 0.0
  },
  "strategy": "skew_mid_spread",
  "strategy_kwargs": {
    "gamma": 0.1,
    "gamma_cap_factor": 5.0,
    "gamma_imb": 0.5,
    "gamma_inv_scale": 4.0,
    "gamma_vol_scale": 2.0,
    "gradient_penalty_ticks": 1.0,
    "gradient_threshold": 1.5,
    "k_vol": 1.3,
    "size_base": 0.02,
    "size_exp": 2.0,
    "size_min_factor": 0.1
  },
  "snapshots_processed": 1000,
  "sharpe_ratio": -1.1948525622982666,
  "capital_base": 10000.0,
  "sharpe_horizon_seconds": 60.0
}