{
  "final_pnl": -3.5856354317274963,
  "final_inventory": 0.0029253459441886303,
  "fill_count": 274,
  "max_drawdown": 3.5856354317274963,
  "pnl_attribution": {
    "inventory_moves": -0.28901574949013753,
    "fees": -3.6798339021679927,
    "spread_capture": 0.47647884540823543,
    "adverse_selection": -0.09721041625284295,
    "funding_rates": 0.0
  },
  "additional_metrics": {
    "orders_placed": 610,
    "orders_placed_buy": 304,
    "orders_placed_sell": 306,
    "maker_qty_placed": 3.4703148637857195,
    "maker_qty_filled": 0.6403451240472022,
    "maker_fill_qty_rate": 0.18452075652543481,
    "avg_fill_latency_sec": 0.18387974213950242,
    "std_fill_latency_sec": 0.11064564878287612,
    "avg_queue_position": 1.1007525075382283,
    "std_queue_position": 1.3756871580317325,
    "avg_order_lifetime_sec": 0.19499999511091015,
    "std_order_lifetime_sec": 0.10402178182459101,
    "avg_competition_size": 0.6717912159359768,
    "std_competition_size": 0.12761236445619376,
    "forced_liquidations": 0,
    "avg_forced_liq_cost": 0.0,
    "std_forced_liq_cost": 0.0
  },
  "strategy": "skew_mid_spread",
  "strategy_kwargs": {
    "gamma": 0.1,
    "gamma_cap_factor": 5.0,
    "gamma_imb": 0.5,
    "gamma_inv_scale": 4.0,
    "gamma_vol_scale": 2.0,
    "gradient_penalty_ticks": 1.0,
    "gradient_threshold": 1.5,
    "k_vol": 1.3,
    "size_base": 0.01,
    "size_exp": 3.0,
    "size_min_factor": 0.1
  },
  "snapshots_processed": 1000,
  "sharpe_ratio": -1.181983462164597,
  "capital_base": 10000.0,
  "sharpe_horizon_seconds": 60.0
}