{
  "final_pnl": -3.5995479027387773,
  "final_inventory": 0.007822041917585197,
  "fill_count": 274,
  "max_drawdown": 3.5995479027387773,
  "pnl_attribution": {
    "inventory_moves": -0.30505196269896284,
    "fees": -3.6941271286614303,
    "spread_capture": 0.4875875879447236,
    "adverse_selection": -0.09529076811454483,
    "funding_rates": 0.0
  },
  "additional_metrics": {
    "orders_placed": 609,
    "orders_placed_buy": 303,
    "orders_placed_sell": 306,
    "maker_qty_placed": 3.4663490566828306,
    "maker_qty_filled": 0.6453605709341222,
    "maker_fill_qty_rate": 0.18617876052901283,
    "avg_fill_latency_sec": 0.1838923994498917,
    "std_fill_latency_sec": 0.1106533260206548,
    "avg_queue_position": 1.1364695752449758,
    "std_queue_position": 1.4518377328253436,
    "avg_order_lifetime_sec": 0.19501265242129942,
    "std_order_lifetime_sec": 0.10402859488537575,
    "avg_competition_size": 0.6670111416549848,
    "std_competition_size": 0.12734177520660725,
    "forced_liquidations": 0,
    "avg_forced_liq_cost": 0.0,
    "std_forced_liq_cost": 0.0
  },
  "strategy": "skew_mid_spread",
  "strategy_kwargs": {
    "gamma": 0.1,
    "gamma_cap_factor": 5.0,
    "gamma_imb": 0.5,
    "gamma_inv_scale": 4.0,
    "gamma_vol_scale": 2.0,
    "gradient_penalty_ticks": 1.0,
    "gradient_threshold": 1.5,
    "k_vol": 1.3,
    "size_base": 0.01,
    "size_exp": 1.0,
    "size_min_factor": 0.3
  },
  "snapshots_processed": 1000,
  "sharpe_ratio": -1.170893469796291,
  "capital_base": 10000.0,
  "sharpe_horizon_seconds": 60.0
}