{
  "final_pnl": -3.466064999205628,
  "final_inventory": 0.008919134806711823,
  "fill_count": 273,
  "max_drawdown": 3.466064999205628,
  "pnl_attribution": {
    "inventory_moves": -0.23602559030450845,
    "fees": -3.6311775762034753,
    "spread_capture": 0.5052947321198713,
    "adverse_selection": -0.09875703709471358,
    "funding_rates": 0.0
  },
  "additional_metrics": {
    "orders_placed": 537,
    "orders_placed_buy": 264,
    "orders_placed_sell": 273,
    "maker_qty_placed": 3.090456782045227,
    "maker_qty_filled": 0.6399806617163136,
    "maker_fill_qty_rate": 0.20708287054342245,
    "avg_fill_latency_sec": 0.18667515523874076,
    "std_fill_latency_sec": 0.11276779591893535,
    "avg_queue_position": 1.1513774340235774,
    "std_queue_position": 1.4295494651799219,
    "avg_order_lifetime_sec": 0.20264967535711398,
    "std_order_lifetime_sec": 0.11702538275137772,
    "avg_competition_size": 0.6817324408596965,
    "std_competition_size": 0.1294150256309719,
    "forced_liquidations": 0,
    "avg_forced_liq_cost": 0.0,
    "std_forced_liq_cost": 0.0
  },
  "strategy": "skew_mid_spread",
  "strategy_kwargs": {
    "gamma": 0.1,
    "gamma_cap_factor": 5.0,
    "gamma_imb": 0.5,
    "gamma_inv_scale": 4.0,
    "gamma_vol_scale": 2.0,
    "gradient_penalty_ticks": 1.0,
    "gradient_threshold": 1.5,
    "k_vol": 1.3,
    "size_base": 0.01,
    "size_exp": 1.0,
    "size_min_factor": 0.2
  },
  "snapshots_processed": 1000,
  "sharpe_ratio": -1.1761775689758023,
  "capital_base": 10000.0,
  "sharpe_horizon_seconds": 60.0
}