{
  "final_pnl": -0.27499502833779843,
  "final_inventory": 0.0028997882210922577,
  "fill_count": 32,
  "max_drawdown": 0.323397588215812,
  "pnl_attribution": {
    "inventory_moves": -0.2377405789471381,
    "fees": -0.0747996681401558,
    "spread_capture": 0.053684008150286615,
    "adverse_selection": -0.0068744317820251975,
    "funding_rates": 0.0
  },
  "additional_metrics": {
    "orders_placed": 1585,
    "orders_placed_buy": 820,
    "orders_placed_sell": 765,
    "maker_qty_placed": 4.3523273233033,
    "maker_qty_filled": 0.04349623612274426,
    "maker_fill_qty_rate": 0.009993787895927775,
    "avg_fill_latency_sec": 0.25068749487400055,
    "std_fill_latency_sec": 0.0007680141905409484,
    "avg_queue_position": 0.9613957904191253,
    "std_queue_position": 0.7766716309213934,
    "avg_order_lifetime_sec": 0.25068749487400055,
    "std_order_lifetime_sec": 0.0007680141905409484,
    "avg_competition_size": 0.2611271632799346,
    "std_competition_size": 0.050499478776142796,
    "forced_liquidations": 0,
    "avg_forced_liq_cost": 0.0,
    "std_forced_liq_cost": 0.0,
    "taker_qty_hedge": 0.0,
    "taker_qty_cross": 0.0,
    "taker_trades_hedge": 0,
    "taker_trades_cross": 0,
    "taker_qty_total": 0.0,
    "notional_traded_btc": 0.04349623612274426,
    "notional_traded_usdt": 747.9966814015579
  },
  "strategy": "skew_mid_spread",
  "strategy_kwargs": {
    "extra_spread_ticks": 32.0,
    "gamma": 0.16,
    "gamma_cap_factor": 5.0,
    "gamma_imb": 0.5,
    "gamma_inv_scale": 1.0,
    "gamma_vol_scale": 0.0,
    "gradient_penalty_ticks": 1.0,
    "gradient_threshold": 1.5,
    "k_vol": 6.0,
    "size_base": 0.005,
    "size_exp": 2.0,
    "size_min_factor": 0.3
  },
  "snapshots_processed": 10000,
  "sharpe_ratio": -0.3544678078633995,
  "capital_base": 10000.0,
  "sharpe_horizon_seconds": 60.0
}