{
  "final_pnl": -14.333066692322973,
  "final_inventory": 0.03414554709543775,
  "fill_count": 281,
  "max_drawdown": 14.333066692322973,
  "pnl_attribution": {
    "inventory_moves": -1.1959798701724846,
    "fees": -14.630373118476404,
    "spread_capture": 2.0148484874495387,
    "adverse_selection": -0.5239790988584114,
    "funding_rates": 0.0
  },
  "additional_metrics": {
    "orders_placed": 607,
    "orders_placed_buy": 303,
    "orders_placed_sell": 304,
    "maker_qty_placed": 13.777394657063464,
    "maker_qty_filled": 2.5726206156375646,
    "maker_fill_qty_rate": 0.18672765640190328,
    "avg_fill_latency_sec": 0.18404320728631668,
    "std_fill_latency_sec": 0.1106344955996746,
    "avg_queue_position": 1.1942725448260134,
    "std_queue_position": 1.3592550847627858,
    "avg_order_lifetime_sec": 0.19334567623373902,
    "std_order_lifetime_sec": 0.10519472213761925,
    "avg_competition_size": 0.8648573082974604,
    "std_competition_size": 0.18102103665572936,
    "forced_liquidations": 2,
    "avg_forced_liq_cost": 0.06745189789179704,
    "std_forced_liq_cost": 0.013934796029557099
  },
  "strategy": "skew_mid_spread",
  "strategy_kwargs": {
    "gamma": 0.1,
    "gamma_cap_factor": 5.0,
    "gamma_imb": 0.5,
    "gamma_inv_scale": 4.0,
    "gamma_vol_scale": 2.0,
    "gradient_penalty_ticks": 1.0,
    "gradient_threshold": 1.5,
    "k_vol": 1.3,
    "size_base": 0.04,
    "size_exp": 3.0,
    "size_min_factor": 0.1
  },
  "snapshots_processed": 1000,
  "sharpe_ratio": -1.2427280567478722,
  "capital_base": 10000.0,
  "sharpe_horizon_seconds": 60.0
}