{
  "final_pnl": -7.328424867235299,
  "final_inventory": 0.015338976717916428,
  "fill_count": 273,
  "max_drawdown": 7.328424867235299,
  "pnl_attribution": {
    "inventory_moves": -0.5570875886835573,
    "fees": -7.401403073869281,
    "spread_capture": 0.8322055317665737,
    "adverse_selection": -0.19392358081914932,
    "funding_rates": 0.0
  },
  "additional_metrics": {
    "orders_placed": 540,
    "orders_placed_buy": 265,
    "orders_placed_sell": 275,
    "maker_qty_placed": 6.19731602355688,
    "maker_qty_filled": 1.2824236495334627,
    "maker_fill_qty_rate": 0.20693210490780006,
    "avg_fill_latency_sec": 0.18391138692445394,
    "std_fill_latency_sec": 0.11421212470893914,
    "avg_queue_position": 1.1564173231607964,
    "std_queue_position": 1.3746103726417422,
    "avg_order_lifetime_sec": 0.20612657522853417,
    "std_order_lifetime_sec": 0.12449939014856556,
    "avg_competition_size": 0.7336275842123748,
    "std_competition_size": 0.14718611401067688,
    "forced_liquidations": 0,
    "avg_forced_liq_cost": 0.0,
    "std_forced_liq_cost": 0.0
  },
  "strategy": "skew_mid_spread",
  "strategy_kwargs": {
    "gamma": 0.1,
    "gamma_cap_factor": 5.0,
    "gamma_imb": 0.5,
    "gamma_inv_scale": 4.0,
    "gamma_vol_scale": 2.0,
    "gradient_penalty_ticks": 1.0,
    "gradient_threshold": 1.5,
    "k_vol": 1.3,
    "size_base": 0.02,
    "size_exp": 3.0,
    "size_min_factor": 0.3
  },
  "snapshots_processed": 1000,
  "sharpe_ratio": -1.1645325808738014,
  "capital_base": 10000.0,
  "sharpe_horizon_seconds": 60.0
}