{
  "final_pnl": -1.7234307089620415,
  "final_inventory": 0.004200901394614378,
  "fill_count": 269,
  "max_drawdown": 1.7234307089620415,
  "pnl_attribution": {
    "inventory_moves": -0.1278707634171495,
    "fees": -1.8037304384432409,
    "spread_capture": 0.25569044058242213,
    "adverse_selection": -0.04807758756007437,
    "funding_rates": 0.0
  },
  "additional_metrics": {
    "orders_placed": 607,
    "orders_placed_buy": 303,
    "orders_placed_sell": 304,
    "maker_qty_placed": 1.7239676182314687,
    "maker_qty_filled": 0.31831383666208596,
    "maker_fill_qty_rate": 0.1846402642925672,
    "avg_fill_latency_sec": 0.18419999307201754,
    "std_fill_latency_sec": 0.11046729648016301,
    "avg_queue_position": 1.123277006742878,
    "std_queue_position": 1.4232970332756016,
    "avg_order_lifetime_sec": 0.1955354752079133,
    "std_order_lifetime_sec": 0.10365265834048454,
    "avg_competition_size": 0.6426161345643076,
    "std_competition_size": 0.12034625326450127,
    "forced_liquidations": 0,
    "avg_forced_liq_cost": 0.0,
    "std_forced_liq_cost": 0.0
  },
  "strategy": "skew_mid_spread",
  "strategy_kwargs": {
    "gamma": 0.1,
    "gamma_cap_factor": 5.0,
    "gamma_imb": 0.5,
    "gamma_inv_scale": 4.0,
    "gamma_vol_scale": 2.0,
    "gradient_penalty_ticks": 1.0,
    "gradient_threshold": 1.5,
    "k_vol": 1.3,
    "size_base": 0.005,
    "size_exp": 3.0,
    "size_min_factor": 0.3
  },
  "snapshots_processed": 1000,
  "sharpe_ratio": -1.1634352414952704,
  "capital_base": 10000.0,
  "sharpe_horizon_seconds": 60.0
}