{
  "final_pnl": -3.5043211140236963,
  "final_inventory": -0.023390160284593474,
  "fill_count": 4857,
  "max_drawdown": 5.311048153618685,
  "pnl_attribution": {
    "inventory_moves": -0.007369122239191329,
    "fees": -4.616907673888811,
    "spread_capture": 1.3403019844761643,
    "adverse_selection": -0.16801596570796742,
    "funding_rates": 0.0
  },
  "additional_metrics": {
    "orders_placed": 2962,
    "orders_placed_buy": 1538,
    "orders_placed_sell": 1424,
    "maker_qty_placed": 64.86220512132951,
    "maker_qty_filled": 1.2154823465953002,
    "maker_fill_qty_rate": 0.018739454576384682,
    "avg_fill_latency_sec": 0.0035045930388576054,
    "std_fill_latency_sec": 0.029424734046040967,
    "avg_queue_position": 0.013997384568933032,
    "std_queue_position": 0.21400453215508328,
    "avg_order_lifetime_sec": 0.0035045930388576054,
    "std_order_lifetime_sec": 0.029424734046040967,
    "avg_competition_size": 0.3540633364710924,
    "std_competition_size": 0.06699520505916075,
    "forced_liquidations": 0,
    "avg_forced_liq_cost": 0.0,
    "std_forced_liq_cost": 0.0,
    "taker_qty_hedge": 0.48936104052181095,
    "taker_qty_cross": 0.0,
    "taker_trades_hedge": 4723,
    "taker_trades_cross": 0,
    "taker_qty_total": 0.48936104052181095,
    "notional_traded_btc": 1.7048433871171058,
    "notional_traded_usdt": 29327.89681752706
  },
  "strategy": "skew_mid_spread",
  "strategy_kwargs": {
    "extra_spread_ticks": 30.0,
    "gamma": 0.16,
    "gamma_cap_factor": 5.0,
    "gamma_imb": 0.5,
    "gamma_inv_scale": 1.0,
    "gamma_vol_scale": 2.0,
    "gradient_penalty_ticks": 1.0,
    "gradient_threshold": 1.5,
    "k_vol": 8.0,
    "size_base": 0.04,
    "size_exp": 2.0,
    "size_min_factor": 0.3
  },
  "snapshots_processed": 10000,
  "sharpe_ratio": -0.24745209954749875,
  "capital_base": 10000.0,
  "sharpe_horizon_seconds": 60.0
}