{
  "final_pnl": -0.14482542321457004,
  "final_inventory": 0.018065321008908317,
  "fill_count": 38,
  "max_drawdown": 0.5675024903066515,
  "pnl_attribution": {
    "inventory_moves": -0.10365332918322104,
    "fees": -0.0789674023567128,
    "spread_capture": 0.04577333225348376,
    "adverse_selection": -0.006764975339407208,
    "funding_rates": 0.0
  },
  "additional_metrics": {
    "orders_placed": 1584,
    "orders_placed_buy": 817,
    "orders_placed_sell": 767,
    "maker_qty_placed": 4.348174063293118,
    "maker_qty_filled": 0.04592333693734446,
    "maker_fill_qty_rate": 0.010561522208833591,
    "avg_fill_latency_sec": 0.2506842111286364,
    "std_fill_latency_sec": 0.0007981908663184549,
    "avg_queue_position": 1.137426629026838,
    "std_queue_position": 1.8522713753296227,
    "avg_order_lifetime_sec": 0.2506842111286364,
    "std_order_lifetime_sec": 0.0007981908663184549,
    "avg_competition_size": 0.25986683294446966,
    "std_competition_size": 0.049451111119981225,
    "forced_liquidations": 0,
    "avg_forced_liq_cost": 0.0,
    "std_forced_liq_cost": 0.0,
    "taker_qty_hedge": 0.0,
    "taker_qty_cross": 0.0,
    "taker_trades_hedge": 0,
    "taker_trades_cross": 0,
    "taker_qty_total": 0.0,
    "notional_traded_btc": 0.04592333693734446,
    "notional_traded_usdt": 789.6740235671277
  },
  "strategy": "skew_mid_spread",
  "strategy_kwargs": {
    "extra_spread_ticks": 28.0,
    "gamma": 0.12,
    "gamma_cap_factor": 5.0,
    "gamma_imb": 0.5,
    "gamma_inv_scale": 1.0,
    "gamma_vol_scale": 0.0,
    "gradient_penalty_ticks": 1.0,
    "gradient_threshold": 1.5,
    "k_vol": 6.0,
    "size_base": 0.005,
    "size_exp": 2.0,
    "size_min_factor": 0.3
  },
  "snapshots_processed": 10000,
  "sharpe_ratio": -0.07242349722680609,
  "capital_base": 10000.0,
  "sharpe_horizon_seconds": 60.0
}