{
  "final_pnl": 0.39710319774712843,
  "final_inventory": 0.09800770050368812,
  "fill_count": 1463,
  "max_drawdown": 2.9396783124939248,
  "pnl_attribution": {
    "inventory_moves": 0.30590223734357624,
    "fees": -0.3548129405131146,
    "spread_capture": 0.5213322971444365,
    "adverse_selection": -0.06560482762232096,
    "funding_rates": 0.0
  },
  "additional_metrics": {
    "orders_placed": 1584,
    "orders_placed_buy": 821,
    "orders_placed_sell": 763,
    "maker_qty_placed": 34.74223708289494,
    "maker_qty_filled": 0.47458264665613853,
    "maker_fill_qty_rate": 0.013660106156197855,
    "avg_fill_latency_sec": 0.004708913541437856,
    "std_fill_latency_sec": 0.03401701861954188,
    "avg_queue_position": 0.01555024554861518,
    "std_queue_position": 0.1575939194217716,
    "avg_order_lifetime_sec": 0.004708913541437856,
    "std_order_lifetime_sec": 0.03401701861954188,
    "avg_competition_size": 0.35453902596208786,
    "std_competition_size": 0.06920902194521711,
    "forced_liquidations": 0,
    "avg_forced_liq_cost": 0.0,
    "std_forced_liq_cost": 0.0,
    "taker_qty_hedge": 0.08592093487262054,
    "taker_qty_cross": 0.0,
    "taker_trades_hedge": 1409,
    "taker_trades_cross": 0,
    "taker_qty_total": 0.08592093487262054,
    "notional_traded_btc": 0.5605035815287611,
    "notional_traded_usdt": 9641.233028346232
  },
  "strategy": "skew_mid_spread",
  "strategy_kwargs": {
    "extra_spread_ticks": 15.0,
    "gamma": 0.16,
    "gamma_cap_factor": 5.0,
    "gamma_imb": 0.5,
    "gamma_inv_scale": 1.0,
    "gamma_vol_scale": 2.0,
    "gradient_penalty_ticks": 1.0,
    "gradient_threshold": 1.5,
    "k_vol": 6.0,
    "size_base": 0.04,
    "size_exp": 2.0,
    "size_min_factor": 0.3
  },
  "snapshots_processed": 10000,
  "sharpe_ratio": 0.03169925924869871,
  "capital_base": 10000.0,
  "sharpe_horizon_seconds": 60.0
}