{
  "final_pnl": -1.1898495050209021,
  "final_inventory": -0.03734625171373028,
  "fill_count": 1490,
  "max_drawdown": 4.011310264197164,
  "pnl_attribution": {
    "inventory_moves": -0.34121443689323777,
    "fees": -2.2509575676789426,
    "spread_capture": 1.7843198942270118,
    "adverse_selection": -0.21225916253947097,
    "funding_rates": 0.0
  },
  "additional_metrics": {
    "orders_placed": 2961,
    "orders_placed_buy": 1540,
    "orders_placed_sell": 1421,
    "maker_qty_placed": 64.83108276358908,
    "maker_qty_filled": 1.324846319357693,
    "maker_fill_qty_rate": 0.0204353569751231,
    "avg_fill_latency_sec": 0.011792691593344415,
    "std_fill_latency_sec": 0.0530526191719371,
    "avg_queue_position": 0.04902005599404518,
    "std_queue_position": 0.3723438172960251,
    "avg_order_lifetime_sec": 0.011792691593344415,
    "std_order_lifetime_sec": 0.0530526191719371,
    "avg_competition_size": 0.35609615770401154,
    "std_competition_size": 0.06762853831031701,
    "forced_liquidations": 0,
    "avg_forced_liq_cost": 0.0,
    "std_forced_liq_cost": 0.0,
    "taker_qty_hedge": 0.5451220011519484,
    "taker_qty_cross": 0.0,
    "taker_trades_hedge": 1356,
    "taker_trades_cross": 0,
    "taker_qty_total": 0.5451220011519484,
    "notional_traded_btc": 1.869968320509644,
    "notional_traded_usdt": 32165.738074820863
  },
  "strategy": "skew_mid_spread",
  "strategy_kwargs": {
    "extra_spread_ticks": 25.0,
    "gamma": 0.16,
    "gamma_cap_factor": 5.0,
    "gamma_imb": 0.5,
    "gamma_inv_scale": 1.0,
    "gamma_vol_scale": 2.0,
    "gradient_penalty_ticks": 1.0,
    "gradient_threshold": 1.5,
    "k_vol": 2.0,
    "size_base": 0.04,
    "size_exp": 2.0,
    "size_min_factor": 0.3
  },
  "snapshots_processed": 10000,
  "sharpe_ratio": -0.08715757617276972,
  "capital_base": 10000.0,
  "sharpe_horizon_seconds": 60.0
}