{
  "final_pnl": -1.5384879604025627,
  "final_inventory": 0.019320605711760697,
  "fill_count": 4190,
  "max_drawdown": 3.904923188742032,
  "pnl_attribution": {
    "inventory_moves": -0.7614042921158948,
    "fees": -1.6806686405808688,
    "spread_capture": 1.0886481111532376,
    "adverse_selection": -0.1575056522485207,
    "funding_rates": 0.0
  },
  "additional_metrics": {
    "orders_placed": 2058,
    "orders_placed_buy": 1067,
    "orders_placed_sell": 991,
    "maker_qty_placed": 44.93120512078204,
    "maker_qty_filled": 0.9884622279770516,
    "maker_fill_qty_rate": 0.02199945951415975,
    "avg_fill_latency_sec": 0.003026811627374179,
    "std_fill_latency_sec": 0.02737564810593155,
    "avg_queue_position": 0.010060068266787747,
    "std_queue_position": 0.15294506167876212,
    "avg_order_lifetime_sec": 0.003026811627374179,
    "std_order_lifetime_sec": 0.02737564810593155,
    "avg_competition_size": 0.35565952731711914,
    "std_competition_size": 0.06812718285344527,
    "forced_liquidations": 0,
    "avg_forced_liq_cost": 0.0,
    "std_forced_liq_cost": 0.0,
    "taker_qty_hedge": 0.4069429580006046,
    "taker_qty_cross": 0.0,
    "taker_trades_hedge": 4090,
    "taker_trades_cross": 0,
    "taker_qty_total": 0.4069429580006046,
    "notional_traded_btc": 1.3954051859776535,
    "notional_traded_usdt": 24007.553941067454
  },
  "strategy": "skew_mid_spread",
  "strategy_kwargs": {
    "extra_spread_ticks": 10.0,
    "gamma": 0.08,
    "gamma_cap_factor": 5.0,
    "gamma_imb": 0.5,
    "gamma_inv_scale": 1.0,
    "gamma_vol_scale": 2.0,
    "gradient_penalty_ticks": 1.0,
    "gradient_threshold": 1.5,
    "k_vol": 4.0,
    "size_base": 0.04,
    "size_exp": 2.0,
    "size_min_factor": 0.3
  },
  "snapshots_processed": 10000,
  "sharpe_ratio": -0.1427189000586125,
  "capital_base": 10000.0,
  "sharpe_horizon_seconds": 60.0
}