{
  "final_pnl": -1.4776433736114996,
  "final_inventory": -0.05904909434338772,
  "fill_count": 148,
  "max_drawdown": 3.5252700101045775,
  "pnl_attribution": {
    "inventory_moves": -1.4971309578290148,
    "fees": -1.1854457865410124,
    "spread_capture": 1.4570495648451458,
    "adverse_selection": -0.19113768101612127,
    "funding_rates": 0.0
  },
  "additional_metrics": {
    "orders_placed": 2962,
    "orders_placed_buy": 1538,
    "orders_placed_sell": 1424,
    "maker_qty_placed": 64.87813792908176,
    "maker_qty_filled": 1.27115153870596,
    "maker_fill_qty_rate": 0.019592910328213406,
    "avg_fill_latency_sec": 0.20174389641459395,
    "std_fill_latency_sec": 0.09933544875497853,
    "avg_queue_position": 0.6594116197971961,
    "std_queue_position": 0.9469863230068097,
    "avg_order_lifetime_sec": 0.20174389641459395,
    "std_order_lifetime_sec": 0.09933544875497853,
    "avg_competition_size": 0.35321611081661713,
    "std_competition_size": 0.06709809047502555,
    "forced_liquidations": 0,
    "avg_forced_liq_cost": 0.0,
    "std_forced_liq_cost": 0.0,
    "taker_qty_hedge": 0.2871025761593381,
    "taker_qty_cross": 0.0,
    "taker_trades_hedge": 16,
    "taker_trades_cross": 0,
    "taker_qty_total": 0.2871025761593381,
    "notional_traded_btc": 1.5582541148652975,
    "notional_traded_usdt": 26802.765424157456
  },
  "strategy": "skew_mid_spread",
  "strategy_kwargs": {
    "extra_spread_ticks": 15.0,
    "gamma": 0.16,
    "gamma_cap_factor": 5.0,
    "gamma_imb": 0.5,
    "gamma_inv_scale": 1.0,
    "gamma_vol_scale": 2.0,
    "gradient_penalty_ticks": 1.0,
    "gradient_threshold": 1.5,
    "k_vol": 2.0,
    "size_base": 0.04,
    "size_exp": 2.0,
    "size_min_factor": 0.3
  },
  "snapshots_processed": 10000,
  "sharpe_ratio": -0.139467180690149,
  "capital_base": 10000.0,
  "sharpe_horizon_seconds": 60.0
}