{
  "final_pnl": -3.552597487512685,
  "final_inventory": 0.0018025649419557517,
  "fill_count": 274,
  "max_drawdown": 3.552597487512685,
  "pnl_attribution": {
    "inventory_moves": -0.27248732319681385,
    "fees": -3.642929098783895,
    "spread_capture": 0.4714512691486232,
    "adverse_selection": -0.09764291838886575,
    "funding_rates": 0.0
  },
  "additional_metrics": {
    "orders_placed": 540,
    "orders_placed_buy": 264,
    "orders_placed_sell": 276,
    "maker_qty_placed": 3.1044212721417033,
    "maker_qty_filled": 0.6565938534084869,
    "maker_fill_qty_rate": 0.21150281996216017,
    "avg_fill_latency_sec": 0.18984712764715692,
    "std_fill_latency_sec": 0.11450497791596446,
    "avg_queue_position": 1.1310249884674477,
    "std_queue_position": 1.418468577652623,
    "avg_order_lifetime_sec": 0.20104457770183587,
    "std_order_lifetime_sec": 0.1111271291042773,
    "avg_competition_size": 0.6740763167617548,
    "std_competition_size": 0.12946466263252202,
    "forced_liquidations": 0,
    "avg_forced_liq_cost": 0.0,
    "std_forced_liq_cost": 0.0
  },
  "strategy": "skew_mid_spread",
  "strategy_kwargs": {
    "gamma": 0.1,
    "gamma_cap_factor": 5.0,
    "gamma_imb": 0.5,
    "gamma_inv_scale": 4.0,
    "gamma_vol_scale": 2.0,
    "gradient_penalty_ticks": 1.0,
    "gradient_threshold": 1.5,
    "k_vol": 1.3,
    "size_base": 0.01,
    "size_exp": 3.0,
    "size_min_factor": 0.1
  },
  "snapshots_processed": 1000,
  "sharpe_ratio": -1.2154677689427555,
  "capital_base": 10000.0,
  "sharpe_horizon_seconds": 60.0
}