{
  "final_pnl": -16.93853742381725,
  "final_inventory": 0.06611287630998931,
  "fill_count": 289,
  "max_drawdown": 16.93853742381725,
  "pnl_attribution": {
    "inventory_moves": -0.6227354622301543,
    "fees": -15.354163410789166,
    "spread_capture": 1.9466398186892122,
    "adverse_selection": -2.7944063916473163,
    "funding_rates": 0.0
  },
  "additional_metrics": {
    "orders_placed": 607,
    "orders_placed_buy": 302,
    "orders_placed_sell": 305,
    "maker_qty_placed": 13.797038069134373,
    "maker_qty_filled": 2.6193629252119104,
    "maker_fill_qty_rate": 0.1898496555627935,
    "avg_fill_latency_sec": 0.18044642749286832,
    "std_fill_latency_sec": 0.11246410784161695,
    "avg_queue_position": 1.185824766186912,
    "std_queue_position": 1.3755126884946953,
    "avg_order_lifetime_sec": 0.1894166654064542,
    "std_order_lifetime_sec": 0.1076269130910958,
    "avg_competition_size": 0.8616314203799764,
    "std_competition_size": 0.18059768349069444,
    "forced_liquidations": 12,
    "avg_forced_liq_cost": 0.20047126348271482,
    "std_forced_liq_cost": 0.10856247690039947
  },
  "strategy": "skew_mid_spread",
  "strategy_kwargs": {
    "gamma": 0.1,
    "gamma_cap_factor": 5.0,
    "gamma_imb": 0.5,
    "gamma_inv_scale": 4.0,
    "gamma_vol_scale": 2.0,
    "gradient_penalty_ticks": 1.0,
    "gradient_threshold": 1.5,
    "k_vol": 1.3,
    "size_base": 0.04,
    "size_exp": 1.0,
    "size_min_factor": 0.2
  },
  "snapshots_processed": 1000,
  "sharpe_ratio": -1.2264409280551976,
  "capital_base": 10000.0,
  "sharpe_horizon_seconds": 60.0
}