{
  "final_pnl": -3.5273080830738763,
  "final_inventory": 0.0024118593774688545,
  "fill_count": 279,
  "max_drawdown": 3.5273080830738763,
  "pnl_attribution": {
    "inventory_moves": -0.2712255187992347,
    "fees": -3.663407276284693,
    "spread_capture": 0.5015826049484605,
    "adverse_selection": -0.09561973748458731,
    "funding_rates": 0.0
  },
  "additional_metrics": {
    "orders_placed": 540,
    "orders_placed_buy": 266,
    "orders_placed_sell": 274,
    "maker_qty_placed": 3.1072742742098143,
    "maker_qty_filled": 0.6517052730162083,
    "maker_fill_qty_rate": 0.2097353550104418,
    "avg_fill_latency_sec": 0.18942499607801438,
    "std_fill_latency_sec": 0.11460489383004192,
    "avg_queue_position": 1.1581575868870204,
    "std_queue_position": 1.424314736510804,
    "avg_order_lifetime_sec": 0.2019749939441681,
    "std_order_lifetime_sec": 0.11027193032684007,
    "avg_competition_size": 0.6761671613516917,
    "std_competition_size": 0.12709624490377208,
    "forced_liquidations": 0,
    "avg_forced_liq_cost": 0.0,
    "std_forced_liq_cost": 0.0
  },
  "strategy": "skew_mid_spread",
  "strategy_kwargs": {
    "gamma": 0.1,
    "gamma_cap_factor": 5.0,
    "gamma_imb": 0.5,
    "gamma_inv_scale": 4.0,
    "gamma_vol_scale": 2.0,
    "gradient_penalty_ticks": 1.0,
    "gradient_threshold": 1.5,
    "k_vol": 1.3,
    "size_base": 0.01,
    "size_exp": 1.0,
    "size_min_factor": 0.1
  },
  "snapshots_processed": 1000,
  "sharpe_ratio": -1.1798465086512422,
  "capital_base": 10000.0,
  "sharpe_horizon_seconds": 60.0
}