{
  "final_pnl": -0.7814234607667458,
  "final_inventory": 0.061870699876611784,
  "fill_count": 52,
  "max_drawdown": 2.6867916644150682,
  "pnl_attribution": {
    "inventory_moves": -0.9732662390642379,
    "fees": -0.27694862205597837,
    "spread_capture": 0.569817723807388,
    "adverse_selection": -0.0671441987685321,
    "funding_rates": 0.0
  },
  "additional_metrics": {
    "orders_placed": 1588,
    "orders_placed_buy": 820,
    "orders_placed_sell": 768,
    "maker_qty_placed": 34.86866849342522,
    "maker_qty_filled": 0.4436801581181924,
    "maker_fill_qty_rate": 0.012724321784809535,
    "avg_fill_latency_sec": 0.21478570359093802,
    "std_fill_latency_sec": 0.08768789866359478,
    "avg_queue_position": 1.0909013985638507,
    "std_queue_position": 1.775225632593006,
    "avg_order_lifetime_sec": 0.21478570359093802,
    "std_order_lifetime_sec": 0.08768789866359478,
    "avg_competition_size": 0.35586898164918174,
    "std_competition_size": 0.06973497781981484,
    "forced_liquidations": 0,
    "avg_forced_liq_cost": 0.0,
    "std_forced_liq_cost": 0.0,
    "taker_qty_hedge": 0.06705128779905113,
    "taker_qty_cross": 0.0,
    "taker_trades_hedge": 4,
    "taker_trades_cross": 0,
    "taker_qty_total": 0.06705128779905113,
    "notional_traded_btc": 0.5107314459172435,
    "notional_traded_usdt": 8786.699857809537
  },
  "strategy": "skew_mid_spread",
  "strategy_kwargs": {
    "extra_spread_ticks": 10.0,
    "gamma": 0.16,
    "gamma_cap_factor": 5.0,
    "gamma_imb": 0.5,
    "gamma_inv_scale": 1.0,
    "gamma_vol_scale": 2.0,
    "gradient_penalty_ticks": 1.0,
    "gradient_threshold": 1.5,
    "k_vol": 6.0,
    "size_base": 0.04,
    "size_exp": 2.0,
    "size_min_factor": 0.3
  },
  "snapshots_processed": 10000,
  "sharpe_ratio": -0.0901371301971211,
  "capital_base": 10000.0,
  "sharpe_horizon_seconds": 60.0
}