{
  "final_pnl": -0.1867230172665586,
  "final_inventory": 0.03718688763593358,
  "fill_count": 38,
  "max_drawdown": 1.1050600106154889,
  "pnl_attribution": {
    "inventory_moves": -0.14839950101395502,
    "fees": -0.0858002103574129,
    "spread_capture": 0.05966693099439681,
    "adverse_selection": -0.00775673396983838,
    "funding_rates": 0.0
  },
  "additional_metrics": {
    "orders_placed": 1586,
    "orders_placed_buy": 820,
    "orders_placed_sell": 766,
    "maker_qty_placed": 4.355321843686437,
    "maker_qty_filled": 0.04987832627424873,
    "maker_fill_qty_rate": 0.011452271052380059,
    "avg_fill_latency_sec": 0.2504210346623471,
    "std_fill_latency_sec": 0.0004937069065773399,
    "avg_queue_position": 1.5255958745117628,
    "std_queue_position": 1.1947193496391908,
    "avg_order_lifetime_sec": 0.2504210346623471,
    "std_order_lifetime_sec": 0.0004937069065773399,
    "avg_competition_size": 0.2587167951977445,
    "std_competition_size": 0.050221621816514225,
    "forced_liquidations": 0,
    "avg_forced_liq_cost": 0.0,
    "std_forced_liq_cost": 0.0,
    "taker_qty_hedge": 0.0,
    "taker_qty_cross": 0.0,
    "taker_trades_hedge": 0,
    "taker_trades_cross": 0,
    "taker_qty_total": 0.0,
    "notional_traded_btc": 0.04987832627424873,
    "notional_traded_usdt": 858.002103574129
  },
  "strategy": "skew_mid_spread",
  "strategy_kwargs": {
    "extra_spread_ticks": 36.0,
    "gamma": 0.08,
    "gamma_cap_factor": 5.0,
    "gamma_imb": 0.5,
    "gamma_inv_scale": 2.0,
    "gamma_vol_scale": 0.0,
    "gradient_penalty_ticks": 1.0,
    "gradient_threshold": 1.5,
    "k_vol": 6.0,
    "size_base": 0.005,
    "size_exp": 2.0,
    "size_min_factor": 0.3
  },
  "snapshots_processed": 10000,
  "sharpe_ratio": -0.04803373236375886,
  "capital_base": 10000.0,
  "sharpe_horizon_seconds": 60.0
}