{
  "final_pnl": -0.38216327704321884,
  "final_inventory": 0.08143918491683316,
  "fill_count": 867,
  "max_drawdown": 3.554193288409806,
  "pnl_attribution": {
    "inventory_moves": -0.06096264208109547,
    "fees": -0.8381226058444953,
    "spread_capture": 0.6580502277554551,
    "adverse_selection": -0.07722601748534125,
    "funding_rates": 0.0
  },
  "additional_metrics": {
    "orders_placed": 1587,
    "orders_placed_buy": 820,
    "orders_placed_sell": 767,
    "maker_qty_placed": 34.806972326678334,
    "maker_qty_filled": 0.502845786618392,
    "maker_fill_qty_rate": 0.014446697112836158,
    "avg_fill_latency_sec": 0.00805118963831947,
    "std_fill_latency_sec": 0.04417994125704092,
    "avg_queue_position": 0.0334752167998978,
    "std_queue_position": 0.26629745199943233,
    "avg_order_lifetime_sec": 0.00805118963831947,
    "std_order_lifetime_sec": 0.04417994125704092,
    "avg_competition_size": 0.35442806445025926,
    "std_competition_size": 0.07119158867710688,
    "forced_liquidations": 0,
    "avg_forced_liq_cost": 0.0,
    "std_forced_liq_cost": 0.0,
    "taker_qty_hedge": 0.2029802800051936,
    "taker_qty_cross": 0.0,
    "taker_trades_hedge": 813,
    "taker_trades_cross": 0,
    "taker_qty_total": 0.2029802800051936,
    "notional_traded_btc": 0.705826066623583,
    "notional_traded_usdt": 12141.348013842442
  },
  "strategy": "skew_mid_spread",
  "strategy_kwargs": {
    "extra_spread_ticks": 30.0,
    "gamma": 0.16,
    "gamma_cap_factor": 5.0,
    "gamma_imb": 0.5,
    "gamma_inv_scale": 1.0,
    "gamma_vol_scale": 2.0,
    "gradient_penalty_ticks": 1.0,
    "gradient_threshold": 1.5,
    "k_vol": 6.0,
    "size_base": 0.04,
    "size_exp": 2.0,
    "size_min_factor": 0.3
  },
  "snapshots_processed": 10000,
  "sharpe_ratio": -0.031052731015815346,
  "capital_base": 10000.0,
  "sharpe_horizon_seconds": 60.0
}