{
  "final_pnl": -0.531502568108408,
  "final_inventory": 0.0412945580699637,
  "fill_count": 1026,
  "max_drawdown": 3.1495238805109693,
  "pnl_attribution": {
    "inventory_moves": 0.26709911219541166,
    "fees": -1.353266719228879,
    "spread_capture": 0.6491804318670621,
    "adverse_selection": -0.08473924816687292,
    "funding_rates": 0.0
  },
  "additional_metrics": {
    "orders_placed": 1586,
    "orders_placed_buy": 820,
    "orders_placed_sell": 766,
    "maker_qty_placed": 34.81595374124671,
    "maker_qty_filled": 0.6017395033127401,
    "maker_fill_qty_rate": 0.017283441602228895,
    "avg_fill_latency_sec": 0.007804019247467194,
    "std_fill_latency_sec": 0.04351891369140079,
    "avg_queue_position": 0.02903362342488699,
    "std_queue_position": 0.2466112632934534,
    "avg_order_lifetime_sec": 0.007804019247467194,
    "std_order_lifetime_sec": 0.04351891369140079,
    "avg_competition_size": 0.35535067616497285,
    "std_competition_size": 0.06907469893523031,
    "forced_liquidations": 0,
    "avg_forced_liq_cost": 0.0,
    "std_forced_liq_cost": 0.0,
    "taker_qty_hedge": 0.3276806627449963,
    "taker_qty_cross": 0.0,
    "taker_trades_hedge": 964,
    "taker_trades_cross": 0,
    "taker_qty_total": 0.3276806627449963,
    "notional_traded_btc": 0.9294201660577369,
    "notional_traded_usdt": 15989.428383496996
  },
  "strategy": "skew_mid_spread",
  "strategy_kwargs": {
    "extra_spread_ticks": 10.0,
    "gamma": 0.12,
    "gamma_cap_factor": 5.0,
    "gamma_imb": 0.5,
    "gamma_inv_scale": 1.0,
    "gamma_vol_scale": 2.0,
    "gradient_penalty_ticks": 1.0,
    "gradient_threshold": 1.5,
    "k_vol": 4.0,
    "size_base": 0.04,
    "size_exp": 2.0,
    "size_min_factor": 0.3
  },
  "snapshots_processed": 10000,
  "sharpe_ratio": -0.04868938185590483,
  "capital_base": 10000.0,
  "sharpe_horizon_seconds": 60.0
}