{
  "final_pnl": -1.8147953015359235,
  "final_inventory": 0.0031622478105085027,
  "fill_count": 270,
  "max_drawdown": 1.8147953015359235,
  "pnl_attribution": {
    "inventory_moves": -0.15314664565739186,
    "fees": -1.8149577467371087,
    "spread_capture": 0.19603247207585214,
    "adverse_selection": -0.0458019783913066,
    "funding_rates": 0.0
  },
  "additional_metrics": {
    "orders_placed": 609,
    "orders_placed_buy": 303,
    "orders_placed_sell": 306,
    "maker_qty_placed": 1.7310677035784077,
    "maker_qty_filled": 0.3136328757136595,
    "maker_fill_qty_rate": 0.1811788614999446,
    "avg_fill_latency_sec": 0.18301922388565847,
    "std_fill_latency_sec": 0.11108961491295655,
    "avg_queue_position": 1.1082276905767936,
    "std_queue_position": 1.4139885174074924,
    "avg_order_lifetime_sec": 0.19589101809721726,
    "std_order_lifetime_sec": 0.1034146810767513,
    "avg_competition_size": 0.6305318554416524,
    "std_competition_size": 0.1194463719340923,
    "forced_liquidations": 0,
    "avg_forced_liq_cost": 0.0,
    "std_forced_liq_cost": 0.0
  },
  "strategy": "skew_mid_spread",
  "strategy_kwargs": {
    "gamma": 0.1,
    "gamma_cap_factor": 5.0,
    "gamma_imb": 0.5,
    "gamma_inv_scale": 4.0,
    "gamma_vol_scale": 2.0,
    "gradient_penalty_ticks": 1.0,
    "gradient_threshold": 1.5,
    "k_vol": 1.3,
    "size_base": 0.005,
    "size_exp": 2.0,
    "size_min_factor": 0.1
  },
  "snapshots_processed": 1000,
  "sharpe_ratio": -1.1966517489268684,
  "capital_base": 10000.0,
  "sharpe_horizon_seconds": 60.0
}