{
  "final_pnl": -1.5650021652600117,
  "final_inventory": 0.0016227027952790932,
  "fill_count": 261,
  "max_drawdown": 1.5650021652600117,
  "pnl_attribution": {
    "inventory_moves": -0.09433016952511607,
    "fees": -1.6676911887366932,
    "spread_capture": 0.24493249281599258,
    "adverse_selection": -0.046793105099054204,
    "funding_rates": 0.0
  },
  "additional_metrics": {
    "orders_placed": 533,
    "orders_placed_buy": 260,
    "orders_placed_sell": 273,
    "maker_qty_placed": 1.5313593164012673,
    "maker_qty_filled": 0.3160479711143081,
    "maker_fill_qty_rate": 0.20638394120135614,
    "avg_fill_latency_sec": 0.19292567066244176,
    "std_fill_latency_sec": 0.10932718509569063,
    "avg_queue_position": 1.124300063145967,
    "std_queue_position": 1.3659625870838652,
    "avg_order_lifetime_sec": 0.2064932359231485,
    "std_order_lifetime_sec": 0.10387612392902343,
    "avg_competition_size": 0.6370066164777123,
    "std_competition_size": 0.1193422236079558,
    "forced_liquidations": 0,
    "avg_forced_liq_cost": 0.0,
    "std_forced_liq_cost": 0.0
  },
  "strategy": "skew_mid_spread",
  "strategy_kwargs": {
    "gamma": 0.1,
    "gamma_cap_factor": 5.0,
    "gamma_imb": 0.5,
    "gamma_inv_scale": 4.0,
    "gamma_vol_scale": 2.0,
    "gradient_penalty_ticks": 1.0,
    "gradient_threshold": 1.5,
    "k_vol": 1.3,
    "size_base": 0.005,
    "size_exp": 1.0,
    "size_min_factor": 0.1
  },
  "snapshots_processed": 1000,
  "sharpe_ratio": -1.1382473725872286,
  "capital_base": 10000.0,
  "sharpe_horizon_seconds": 60.0
}