{
  "final_pnl": -3.6681642863441084,
  "final_inventory": 0.002326769739158575,
  "fill_count": 270,
  "max_drawdown": 3.6681642863441084,
  "pnl_attribution": {
    "inventory_moves": -0.27193561442164893,
    "fees": -3.6099580890269043,
    "spread_capture": 0.30827623835719986,
    "adverse_selection": -0.09919860667735673,
    "funding_rates": 0.0
  },
  "additional_metrics": {
    "orders_placed": 608,
    "orders_placed_buy": 303,
    "orders_placed_sell": 305,
    "maker_qty_placed": 3.4593897722069213,
    "maker_qty_filled": 0.6497386764641508,
    "maker_fill_qty_rate": 0.18781886958336277,
    "avg_fill_latency_sec": 0.18581934744311918,
    "std_fill_latency_sec": 0.10959146401503098,
    "avg_queue_position": 1.152798654892496,
    "std_queue_position": 1.4217514257651813,
    "avg_order_lifetime_sec": 0.1971548311171993,
    "std_order_lifetime_sec": 0.10253987914430142,
    "avg_competition_size": 0.6613541556599339,
    "std_competition_size": 0.12829752821794174,
    "forced_liquidations": 0,
    "avg_forced_liq_cost": 0.0,
    "std_forced_liq_cost": 0.0
  },
  "strategy": "skew_mid_spread",
  "strategy_kwargs": {
    "gamma": 0.1,
    "gamma_cap_factor": 5.0,
    "gamma_imb": 0.5,
    "gamma_inv_scale": 4.0,
    "gamma_vol_scale": 2.0,
    "gradient_penalty_ticks": 1.0,
    "gradient_threshold": 1.5,
    "k_vol": 1.3,
    "size_base": 0.01,
    "size_exp": 1.0,
    "size_min_factor": 0.3
  },
  "snapshots_processed": 1000,
  "sharpe_ratio": -1.1879033215164339,
  "capital_base": 10000.0,
  "sharpe_horizon_seconds": 60.0
}