{
  "final_pnl": -3.0898359963975963,
  "final_inventory": 0.0038542909979909076,
  "fill_count": 270,
  "max_drawdown": 3.0898359963975963,
  "pnl_attribution": {
    "inventory_moves": -0.1887496594847204,
    "fees": -3.317727473750972,
    "spread_capture": 0.5152384292268994,
    "adverse_selection": -0.097171635795412,
    "funding_rates": 0.0
  },
  "additional_metrics": {
    "orders_placed": 534,
    "orders_placed_buy": 261,
    "orders_placed_sell": 273,
    "maker_qty_placed": 3.0645520979387384,
    "maker_qty_filled": 0.6432990856434367,
    "maker_fill_qty_rate": 0.2099161851665465,
    "avg_fill_latency_sec": 0.19613157448015714,
    "std_fill_latency_sec": 0.10722410559731652,
    "avg_queue_position": 1.1531102755027134,
    "std_queue_position": 1.3776329569436931,
    "avg_order_lifetime_sec": 0.20934209854979263,
    "std_order_lifetime_sec": 0.10141706809835543,
    "avg_competition_size": 0.6634736115768226,
    "std_competition_size": 0.1274566555035823,
    "forced_liquidations": 0,
    "avg_forced_liq_cost": 0.0,
    "std_forced_liq_cost": 0.0
  },
  "strategy": "skew_mid_spread",
  "strategy_kwargs": {
    "gamma": 0.1,
    "gamma_cap_factor": 5.0,
    "gamma_imb": 0.5,
    "gamma_inv_scale": 4.0,
    "gamma_vol_scale": 2.0,
    "gradient_penalty_ticks": 1.0,
    "gradient_threshold": 1.5,
    "k_vol": 1.3,
    "size_base": 0.01,
    "size_exp": 3.0,
    "size_min_factor": 0.1
  },
  "snapshots_processed": 1000,
  "sharpe_ratio": -1.1700216333631597,
  "capital_base": 10000.0,
  "sharpe_horizon_seconds": 60.0
}