{
  "final_pnl": -15.998771908281924,
  "final_inventory": 0.049838646966551076,
  "fill_count": 291,
  "max_drawdown": 15.998771908281924,
  "pnl_attribution": {
    "inventory_moves": -1.2711515139601965,
    "fees": -15.527554340918797,
    "spread_capture": 1.7818589214863085,
    "adverse_selection": -0.9542616565159171,
    "funding_rates": 0.0
  },
  "additional_metrics": {
    "orders_placed": 608,
    "orders_placed_buy": 305,
    "orders_placed_sell": 303,
    "maker_qty_placed": 13.796220214654916,
    "maker_qty_filled": 2.6218377105233173,
    "maker_fill_qty_rate": 0.19004029145158852,
    "avg_fill_latency_sec": 0.18082247824358516,
    "std_fill_latency_sec": 0.11223539582905279,
    "avg_queue_position": 1.2113663023882695,
    "std_queue_position": 1.3994170130458652,
    "avg_order_lifetime_sec": 0.1912248444980418,
    "std_order_lifetime_sec": 0.10648569371479137,
    "avg_competition_size": 0.866050108652703,
    "std_competition_size": 0.16655185535700776,
    "forced_liquidations": 3,
    "avg_forced_liq_cost": 0.18988636350924817,
    "std_forced_liq_cost": 0.10432856397556269
  },
  "strategy": "skew_mid_spread",
  "strategy_kwargs": {
    "gamma": 0.1,
    "gamma_cap_factor": 5.0,
    "gamma_imb": 0.5,
    "gamma_inv_scale": 4.0,
    "gamma_vol_scale": 2.0,
    "gradient_penalty_ticks": 1.0,
    "gradient_threshold": 1.5,
    "k_vol": 1.3,
    "size_base": 0.04,
    "size_exp": 1.0,
    "size_min_factor": 0.2
  },
  "snapshots_processed": 1000,
  "sharpe_ratio": -1.2201728043163032,
  "capital_base": 10000.0,
  "sharpe_horizon_seconds": 60.0
}