{
  "final_pnl": -3.2444212917107507,
  "final_inventory": 0.004903763555802285,
  "fill_count": 262,
  "max_drawdown": 3.2444212917107507,
  "pnl_attribution": {
    "inventory_moves": -0.21254378304781468,
    "fees": -3.412985751859002,
    "spread_capture": 0.4758878796087643,
    "adverse_selection": -0.09850967054477251,
    "funding_rates": 0.0
  },
  "additional_metrics": {
    "orders_placed": 532,
    "orders_placed_buy": 261,
    "orders_placed_sell": 271,
    "maker_qty_placed": 3.0576483973828816,
    "maker_qty_filled": 0.6375951097831711,
    "maker_fill_qty_rate": 0.20852466566427483,
    "avg_fill_latency_sec": 0.19163757842659151,
    "std_fill_latency_sec": 0.11009612579347818,
    "avg_queue_position": 1.1418016911262214,
    "std_queue_position": 1.3863963178425467,
    "avg_order_lifetime_sec": 0.2067986510744031,
    "std_order_lifetime_sec": 0.10359367728104044,
    "avg_competition_size": 0.6652832399248569,
    "std_competition_size": 0.1285336456910833,
    "forced_liquidations": 0,
    "avg_forced_liq_cost": 0.0,
    "std_forced_liq_cost": 0.0
  },
  "strategy": "skew_mid_spread",
  "strategy_kwargs": {
    "gamma": 0.1,
    "gamma_cap_factor": 5.0,
    "gamma_imb": 0.5,
    "gamma_inv_scale": 4.0,
    "gamma_vol_scale": 2.0,
    "gradient_penalty_ticks": 1.0,
    "gradient_threshold": 1.5,
    "k_vol": 1.3,
    "size_base": 0.01,
    "size_exp": 1.0,
    "size_min_factor": 0.2
  },
  "snapshots_processed": 1000,
  "sharpe_ratio": -1.1456245786922101,
  "capital_base": 10000.0,
  "sharpe_horizon_seconds": 60.0
}