{
  "final_pnl": -6.326834508099637,
  "final_inventory": 0.014376196693768807,
  "fill_count": 270,
  "max_drawdown": 6.326834508099637,
  "pnl_attribution": {
    "inventory_moves": -0.4124372883860023,
    "fees": -6.680450491831395,
    "spread_capture": 0.9639174865215872,
    "adverse_selection": -0.1936587114875862,
    "funding_rates": 0.0
  },
  "additional_metrics": {
    "orders_placed": 535,
    "orders_placed_buy": 264,
    "orders_placed_sell": 271,
    "maker_qty_placed": 6.146574011367613,
    "maker_qty_filled": 1.282120863736177,
    "maker_fill_qty_rate": 0.20859113733357698,
    "avg_fill_latency_sec": 0.1977631512441133,
    "std_fill_latency_sec": 0.10992986330197844,
    "avg_queue_position": 1.2249476847038157,
    "std_queue_position": 1.4512426910860194,
    "avg_order_lifetime_sec": 0.2109736753137488,
    "std_order_lifetime_sec": 0.10406670821108087,
    "avg_competition_size": 0.7268599832203536,
    "std_competition_size": 0.13808830362402558,
    "forced_liquidations": 0,
    "avg_forced_liq_cost": 0.0,
    "std_forced_liq_cost": 0.0
  },
  "strategy": "skew_mid_spread",
  "strategy_kwargs": {
    "gamma": 0.1,
    "gamma_cap_factor": 5.0,
    "gamma_imb": 0.5,
    "gamma_inv_scale": 4.0,
    "gamma_vol_scale": 2.0,
    "gradient_penalty_ticks": 1.0,
    "gradient_threshold": 1.5,
    "k_vol": 1.3,
    "size_base": 0.02,
    "size_exp": 2.0,
    "size_min_factor": 0.3
  },
  "snapshots_processed": 1000,
  "sharpe_ratio": -1.1908871095097937,
  "capital_base": 10000.0,
  "sharpe_horizon_seconds": 60.0
}