{
  "final_pnl": -1.7160793554394331,
  "final_inventory": 0.0027443569560048763,
  "fill_count": 263,
  "max_drawdown": 1.7160793554394331,
  "pnl_attribution": {
    "inventory_moves": -0.12200367764732317,
    "fees": -1.7825520200189684,
    "spread_capture": 0.2331141786811188,
    "adverse_selection": -0.04783852695364862,
    "funding_rates": 0.0
  },
  "additional_metrics": {
    "orders_placed": 528,
    "orders_placed_buy": 255,
    "orders_placed_sell": 273,
    "maker_qty_placed": 1.51889607814166,
    "maker_qty_filled": 0.31323414083266876,
    "maker_fill_qty_rate": 0.2062248664279288,
    "avg_fill_latency_sec": 0.18455262560593455,
    "std_fill_latency_sec": 0.11398855856070984,
    "avg_queue_position": 1.1069599479643628,
    "std_queue_position": 1.3568370726195158,
    "avg_order_lifetime_sec": 0.2092894660799127,
    "std_order_lifetime_sec": 0.12337579167293802,
    "avg_competition_size": 0.6404656387664913,
    "std_competition_size": 0.12397851842801696,
    "forced_liquidations": 0,
    "avg_forced_liq_cost": 0.0,
    "std_forced_liq_cost": 0.0
  },
  "strategy": "skew_mid_spread",
  "strategy_kwargs": {
    "gamma": 0.1,
    "gamma_cap_factor": 5.0,
    "gamma_imb": 0.5,
    "gamma_inv_scale": 4.0,
    "gamma_vol_scale": 2.0,
    "gradient_penalty_ticks": 1.0,
    "gradient_threshold": 1.5,
    "k_vol": 1.3,
    "size_base": 0.005,
    "size_exp": 3.0,
    "size_min_factor": 0.3
  },
  "snapshots_processed": 1000,
  "sharpe_ratio": -1.1948356151428055,
  "capital_base": 10000.0,
  "sharpe_horizon_seconds": 60.0
}