{
  "final_pnl": -3.5247465310894768,
  "final_inventory": 0.009184139477145458,
  "fill_count": 275,
  "max_drawdown": 3.5247465310894768,
  "pnl_attribution": {
    "inventory_moves": -0.2683636718316078,
    "fees": -3.6170450695053282,
    "spread_capture": 0.46003781807722255,
    "adverse_selection": -0.09410345309185653,
    "funding_rates": 0.0
  },
  "additional_metrics": {
    "orders_placed": 611,
    "orders_placed_buy": 305,
    "orders_placed_sell": 306,
    "maker_qty_placed": 3.4776949933808075,
    "maker_qty_filled": 0.6349447029258769,
    "maker_fill_qty_rate": 0.18257630532130753,
    "avg_fill_latency_sec": 0.18546201911153673,
    "std_fill_latency_sec": 0.10978901353820134,
    "avg_queue_position": 1.132770717928364,
    "std_queue_position": 1.4190752101682187,
    "avg_order_lifetime_sec": 0.1949999936019318,
    "std_order_lifetime_sec": 0.1040217810122336,
    "avg_competition_size": 0.6697116377309926,
    "std_competition_size": 0.12821788233073048,
    "forced_liquidations": 0,
    "avg_forced_liq_cost": 0.0,
    "std_forced_liq_cost": 0.0
  },
  "strategy": "skew_mid_spread",
  "strategy_kwargs": {
    "gamma": 0.1,
    "gamma_cap_factor": 5.0,
    "gamma_imb": 0.5,
    "gamma_inv_scale": 4.0,
    "gamma_vol_scale": 2.0,
    "gradient_penalty_ticks": 1.0,
    "gradient_threshold": 1.5,
    "k_vol": 1.3,
    "size_base": 0.01,
    "size_exp": 2.0,
    "size_min_factor": 0.2
  },
  "snapshots_processed": 1000,
  "sharpe_ratio": -1.176468787944792,
  "capital_base": 10000.0,
  "sharpe_horizon_seconds": 60.0
}