{
  "final_pnl": -7.206861613778528,
  "final_inventory": 0.005639157429875296,
  "fill_count": 278,
  "max_drawdown": 7.206861613778528,
  "pnl_attribution": {
    "inventory_moves": -0.5546261314741223,
    "fees": -7.385671288544586,
    "spread_capture": 1.0191287727528275,
    "adverse_selection": -0.2855518373685898,
    "funding_rates": 0.0
  },
  "additional_metrics": {
    "orders_placed": 542,
    "orders_placed_buy": 267,
    "orders_placed_sell": 275,
    "maker_qty_placed": 6.22524461431644,
    "maker_qty_filled": 1.3055572226488794,
    "maker_fill_qty_rate": 0.20971982685570909,
    "avg_fill_latency_sec": 0.18946249634027482,
    "std_fill_latency_sec": 0.11799782078988763,
    "avg_queue_position": 1.1489489289786357,
    "std_queue_position": 1.3641182566237096,
    "avg_order_lifetime_sec": 0.20201249420642853,
    "std_order_lifetime_sec": 0.11378998806112965,
    "avg_competition_size": 0.7357330182026202,
    "std_competition_size": 0.14017419830593816,
    "forced_liquidations": 1,
    "avg_forced_liq_cost": 0.09184418867853664,
    "std_forced_liq_cost": 0.0
  },
  "strategy": "skew_mid_spread",
  "strategy_kwargs": {
    "gamma": 0.1,
    "gamma_cap_factor": 5.0,
    "gamma_imb": 0.5,
    "gamma_inv_scale": 4.0,
    "gamma_vol_scale": 2.0,
    "gradient_penalty_ticks": 1.0,
    "gradient_threshold": 1.5,
    "k_vol": 1.3,
    "size_base": 0.02,
    "size_exp": 3.0,
    "size_min_factor": 0.3
  },
  "snapshots_processed": 1000,
  "sharpe_ratio": -1.2135414711323773,
  "capital_base": 10000.0,
  "sharpe_horizon_seconds": 60.0
}