{
  "final_pnl": -14.596458842735956,
  "final_inventory": 0.0030665218279813077,
  "fill_count": 281,
  "max_drawdown": 14.596458842735956,
  "pnl_attribution": {
    "inventory_moves": -1.1028362564897434,
    "fees": -14.658105891523347,
    "spread_capture": 1.9602454144869002,
    "adverse_selection": -0.7678562201755562,
    "funding_rates": 0.0
  },
  "additional_metrics": {
    "orders_placed": 538,
    "orders_placed_buy": 264,
    "orders_placed_sell": 274,
    "maker_qty_placed": 12.343838870945218,
    "maker_qty_filled": 2.675886333625906,
    "maker_fill_qty_rate": 0.21677910426426383,
    "avg_fill_latency_sec": 0.1898260812581696,
    "std_fill_latency_sec": 0.11437529564446024,
    "avg_queue_position": 1.2629083115121178,
    "std_queue_position": 1.4058804354060777,
    "avg_order_lifetime_sec": 0.1991801173050211,
    "std_order_lifetime_sec": 0.10858598992905735,
    "avg_competition_size": 0.863883702992666,
    "std_competition_size": 0.1759176540949933,
    "forced_liquidations": 3,
    "avg_forced_liq_cost": 0.12259939743305108,
    "std_forced_liq_cost": 0.08347192785492437
  },
  "strategy": "skew_mid_spread",
  "strategy_kwargs": {
    "gamma": 0.1,
    "gamma_cap_factor": 5.0,
    "gamma_imb": 0.5,
    "gamma_inv_scale": 4.0,
    "gamma_vol_scale": 2.0,
    "gradient_penalty_ticks": 1.0,
    "gradient_threshold": 1.5,
    "k_vol": 1.3,
    "size_base": 0.04,
    "size_exp": 2.0,
    "size_min_factor": 0.2
  },
  "snapshots_processed": 1000,
  "sharpe_ratio": -1.2656616692008806,
  "capital_base": 10000.0,
  "sharpe_horizon_seconds": 60.0
}