{
  "final_pnl": -2.2963135412992415,
  "final_inventory": 0.0013976301206863363,
  "fill_count": 276,
  "max_drawdown": 2.2963135412992415,
  "pnl_attribution": {
    "inventory_moves": -0.25192108997827234,
    "fees": -2.1733403722222975,
    "spread_capture": 0.17531286189725281,
    "adverse_selection": -0.04797261762239487,
    "funding_rates": 0.0
  },
  "additional_metrics": {
    "orders_placed": 526,
    "orders_placed_buy": 265,
    "orders_placed_sell": 261,
    "maker_qty_placed": 1.5181485119270388,
    "maker_qty_filled": 0.31631947041769776,
    "maker_fill_qty_rate": 0.2083587132171822,
    "avg_fill_latency_sec": 0.16746385557105742,
    "std_fill_latency_sec": 0.12105801990789508,
    "avg_queue_position": 1.4433678628998294,
    "std_queue_position": 1.7398856429362406,
    "avg_order_lifetime_sec": 0.1749999997127487,
    "std_order_lifetime_sec": 0.11815132322944649,
    "avg_competition_size": 0.6284807920670648,
    "std_competition_size": 0.12459987882730084,
    "forced_liquidations": 0,
    "avg_forced_liq_cost": 0.0,
    "std_forced_liq_cost": 0.0
  },
  "strategy": "skew_mid_spread",
  "strategy_kwargs": {
    "gamma": 0.1,
    "gamma_cap_factor": 5.0,
    "gamma_imb": 0.5,
    "gamma_inv_scale": 2.0,
    "gamma_vol_scale": 0.0,
    "gradient_penalty_ticks": 1.0,
    "gradient_threshold": 1.5,
    "k_vol": 0.8,
    "size_base": 0.005,
    "size_exp": 2.0,
    "size_min_factor": 0.3
  },
  "snapshots_processed": 1000,
  "sharpe_ratio": -1.3355574651120543,
  "capital_base": 10000.0,
  "sharpe_horizon_seconds": 60.0
}