{
  "final_pnl": -7.733622824258418,
  "final_inventory": 0.010807071039228339,
  "fill_count": 279,
  "max_drawdown": 7.733622824258418,
  "pnl_attribution": {
    "inventory_moves": -0.2608818876811438,
    "fees": -7.443821852598669,
    "spread_capture": 1.053638988002039,
    "adverse_selection": -1.0528197164959805,
    "funding_rates": 0.0
  },
  "additional_metrics": {
    "orders_placed": 605,
    "orders_placed_buy": 301,
    "orders_placed_sell": 304,
    "maker_qty_placed": 6.879357632508548,
    "maker_qty_filled": 1.2905317267693346,
    "maker_fill_qty_rate": 0.18759480110045448,
    "avg_fill_latency_sec": 0.17823312326442975,
    "std_fill_latency_sec": 0.11345216038169703,
    "avg_queue_position": 1.110615449376055,
    "std_queue_position": 1.3936040230114393,
    "avg_order_lifetime_sec": 0.19054600651278816,
    "std_order_lifetime_sec": 0.106863375041272,
    "avg_competition_size": 0.7405625144020552,
    "std_competition_size": 0.14257656209866995,
    "forced_liquidations": 12,
    "avg_forced_liq_cost": 0.07165852559192577,
    "std_forced_liq_cost": 0.03682139398803397
  },
  "strategy": "skew_mid_spread",
  "strategy_kwargs": {
    "gamma": 0.1,
    "gamma_cap_factor": 5.0,
    "gamma_imb": 0.5,
    "gamma_inv_scale": 4.0,
    "gamma_vol_scale": 2.0,
    "gradient_penalty_ticks": 1.0,
    "gradient_threshold": 1.5,
    "k_vol": 1.3,
    "size_base": 0.02,
    "size_exp": 2.0,
    "size_min_factor": 0.3
  },
  "snapshots_processed": 1000,
  "sharpe_ratio": -1.1275104042413837,
  "capital_base": 10000.0,
  "sharpe_horizon_seconds": 60.0
}