{
  "final_pnl": -0.1726468531996943,
  "final_inventory": 0.042294557946002315,
  "fill_count": 1031,
  "max_drawdown": 3.0911805140276556,
  "pnl_attribution": {
    "inventory_moves": 0.2973476659418657,
    "fees": -1.1283195983014633,
    "spread_capture": 0.7568645217859498,
    "adverse_selection": -0.09933108250859449,
    "funding_rates": 0.0
  },
  "additional_metrics": {
    "orders_placed": 1586,
    "orders_placed_buy": 820,
    "orders_placed_sell": 766,
    "maker_qty_placed": 34.80453270348707,
    "maker_qty_filled": 0.6188263137336103,
    "maker_fill_qty_rate": 0.01778004948394581,
    "avg_fill_latency_sec": 0.008544633237863615,
    "std_fill_latency_sec": 0.04547463876028798,
    "avg_queue_position": 0.03636904961651814,
    "std_queue_position": 0.35688004945093194,
    "avg_order_lifetime_sec": 0.008544633237863615,
    "std_order_lifetime_sec": 0.04547463876028798,
    "avg_competition_size": 0.35535484143442975,
    "std_competition_size": 0.06999770920791394,
    "forced_liquidations": 0,
    "avg_forced_liq_cost": 0.0,
    "std_forced_liq_cost": 0.0,
    "taker_qty_hedge": 0.2731993557873329,
    "taker_qty_cross": 0.0,
    "taker_trades_hedge": 963,
    "taker_trades_cross": 0,
    "taker_qty_total": 0.2731993557873329,
    "notional_traded_btc": 0.892025669520943,
    "notional_traded_usdt": 15346.710670372535
  },
  "strategy": "skew_mid_spread",
  "strategy_kwargs": {
    "extra_spread_ticks": 10.0,
    "gamma": 0.12,
    "gamma_cap_factor": 5.0,
    "gamma_imb": 0.5,
    "gamma_inv_scale": 1.0,
    "gamma_vol_scale": 2.0,
    "gradient_penalty_ticks": 1.0,
    "gradient_threshold": 1.5,
    "k_vol": 4.0,
    "size_base": 0.04,
    "size_exp": 2.0,
    "size_min_factor": 0.3
  },
  "snapshots_processed": 10000,
  "sharpe_ratio": -0.01614072677473733,
  "capital_base": 10000.0,
  "sharpe_horizon_seconds": 60.0
}