{
  "final_pnl": -3.467965107753116,
  "final_inventory": 0.005755784451298728,
  "fill_count": 270,
  "max_drawdown": 3.467965107753116,
  "pnl_attribution": {
    "inventory_moves": -0.29470155397195286,
    "fees": -3.594046649861225,
    "spread_capture": 0.5136119302126955,
    "adverse_selection": -0.09796515829236238,
    "funding_rates": 0.0
  },
  "additional_metrics": {
    "orders_placed": 607,
    "orders_placed_buy": 301,
    "orders_placed_sell": 306,
    "maker_qty_placed": 3.4535150495688525,
    "maker_qty_filled": 0.6336407600244288,
    "maker_fill_qty_rate": 0.1834770519107871,
    "avg_fill_latency_sec": 0.18581934898130356,
    "std_fill_latency_sec": 0.10959152380503376,
    "avg_queue_position": 1.123788537006023,
    "std_queue_position": 1.4149202117366688,
    "avg_order_lifetime_sec": 0.1971548326553837,
    "std_order_lifetime_sec": 0.10253994287597036,
    "avg_competition_size": 0.6633063730808806,
    "std_competition_size": 0.1309472441560693,
    "forced_liquidations": 0,
    "avg_forced_liq_cost": 0.0,
    "std_forced_liq_cost": 0.0
  },
  "strategy": "skew_mid_spread",
  "strategy_kwargs": {
    "gamma": 0.1,
    "gamma_cap_factor": 5.0,
    "gamma_imb": 0.5,
    "gamma_inv_scale": 4.0,
    "gamma_vol_scale": 2.0,
    "gradient_penalty_ticks": 1.0,
    "gradient_threshold": 1.5,
    "k_vol": 1.3,
    "size_base": 0.01,
    "size_exp": 3.0,
    "size_min_factor": 0.1
  },
  "snapshots_processed": 1000,
  "sharpe_ratio": -1.2516925573871258,
  "capital_base": 10000.0,
  "sharpe_horizon_seconds": 60.0
}