{
  "final_pnl": -16.70115125542543,
  "final_inventory": 0.008070847813107535,
  "fill_count": 292,
  "max_drawdown": 16.70115125542543,
  "pnl_attribution": {
    "inventory_moves": -0.4095672271762089,
    "fees": -15.203336470815046,
    "spread_capture": 1.7901539426778281,
    "adverse_selection": -2.714605059320743,
    "funding_rates": 0.0
  },
  "additional_metrics": {
    "orders_placed": 535,
    "orders_placed_buy": 263,
    "orders_placed_sell": 272,
    "maker_qty_placed": 12.289952280869786,
    "maker_qty_filled": 2.6799380494088165,
    "maker_fill_qty_rate": 0.21805927217311796,
    "avg_fill_latency_sec": 0.18528401922192095,
    "std_fill_latency_sec": 0.11650284499560379,
    "avg_queue_position": 1.2048221912123784,
    "std_queue_position": 1.3881854841816048,
    "avg_order_lifetime_sec": 0.19568638406561675,
    "std_order_lifetime_sec": 0.11387749554804799,
    "avg_competition_size": 0.8722542212502072,
    "std_competition_size": 0.17286798640736584,
    "forced_liquidations": 13,
    "avg_forced_liq_cost": 0.17835971690228344,
    "std_forced_liq_cost": 0.11098339513146444
  },
  "strategy": "skew_mid_spread",
  "strategy_kwargs": {
    "gamma": 0.1,
    "gamma_cap_factor": 5.0,
    "gamma_imb": 0.5,
    "gamma_inv_scale": 4.0,
    "gamma_vol_scale": 2.0,
    "gradient_penalty_ticks": 1.0,
    "gradient_threshold": 1.5,
    "k_vol": 1.3,
    "size_base": 0.04,
    "size_exp": 2.0,
    "size_min_factor": 0.1
  },
  "snapshots_processed": 1000,
  "sharpe_ratio": -1.18912475940249,
  "capital_base": 10000.0,
  "sharpe_horizon_seconds": 60.0
}