{
  "final_pnl": -7.702921410656927,
  "final_inventory": 0.013049330836033678,
  "fill_count": 282,
  "max_drawdown": 7.702921410656927,
  "pnl_attribution": {
    "inventory_moves": -0.23571495553824534,
    "fees": -7.285455687039338,
    "spread_capture": 0.9756605201391394,
    "adverse_selection": -1.1185363425513903,
    "funding_rates": 0.0
  },
  "additional_metrics": {
    "orders_placed": 535,
    "orders_placed_buy": 263,
    "orders_placed_sell": 272,
    "maker_qty_placed": 6.14845513620476,
    "maker_qty_filled": 1.2955838876925698,
    "maker_fill_qty_rate": 0.21071697832901345,
    "avg_fill_latency_sec": 0.1844355782116849,
    "std_fill_latency_sec": 0.11385422873884551,
    "avg_queue_position": 1.1752349612106996,
    "std_queue_position": 1.4483731175906014,
    "avg_order_lifetime_sec": 0.19675459452201985,
    "std_order_lifetime_sec": 0.11014586086821888,
    "avg_competition_size": 0.7332843295417466,
    "std_competition_size": 0.14253140129743522,
    "forced_liquidations": 11,
    "avg_forced_liq_cost": 0.08368823855901035,
    "std_forced_liq_cost": 0.057593014457121054
  },
  "strategy": "skew_mid_spread",
  "strategy_kwargs": {
    "gamma": 0.1,
    "gamma_cap_factor": 5.0,
    "gamma_imb": 0.5,
    "gamma_inv_scale": 4.0,
    "gamma_vol_scale": 2.0,
    "gradient_penalty_ticks": 1.0,
    "gradient_threshold": 1.5,
    "k_vol": 1.3,
    "size_base": 0.02,
    "size_exp": 1.0,
    "size_min_factor": 0.3
  },
  "snapshots_processed": 1000,
  "sharpe_ratio": -1.279581530668355,
  "capital_base": 10000.0,
  "sharpe_horizon_seconds": 60.0
}