{
  "final_pnl": -7.7627273842008435,
  "final_inventory": 0.011949895473652423,
  "fill_count": 276,
  "max_drawdown": 7.7627273842008435,
  "pnl_attribution": {
    "inventory_moves": -0.6467089575345415,
    "fees": -7.515355217843882,
    "spread_capture": 0.8740839451844918,
    "adverse_selection": -0.47942938191370105,
    "funding_rates": 0.0
  },
  "additional_metrics": {
    "orders_placed": 610,
    "orders_placed_buy": 304,
    "orders_placed_sell": 306,
    "maker_qty_placed": 6.937148282427556,
    "maker_qty_filled": 1.2700528837329803,
    "maker_fill_qty_rate": 0.18307996773690752,
    "avg_fill_latency_sec": 0.17895030827255723,
    "std_fill_latency_sec": 0.11318054476390443,
    "avg_queue_position": 1.0912804532282907,
    "std_queue_position": 1.3296256873340155,
    "avg_order_lifetime_sec": 0.18986335156126793,
    "std_order_lifetime_sec": 0.10735107970184332,
    "avg_competition_size": 0.7340056689594485,
    "std_competition_size": 0.1472438083720869,
    "forced_liquidations": 4,
    "avg_forced_liq_cost": 0.0731182515700226,
    "std_forced_liq_cost": 0.06289706099519785
  },
  "strategy": "skew_mid_spread",
  "strategy_kwargs": {
    "gamma": 0.1,
    "gamma_cap_factor": 5.0,
    "gamma_imb": 0.5,
    "gamma_inv_scale": 4.0,
    "gamma_vol_scale": 2.0,
    "gradient_penalty_ticks": 1.0,
    "gradient_threshold": 1.5,
    "k_vol": 1.3,
    "size_base": 0.02,
    "size_exp": 1.0,
    "size_min_factor": 0.3
  },
  "snapshots_processed": 1000,
  "sharpe_ratio": -1.1620898993655522,
  "capital_base": 10000.0,
  "sharpe_horizon_seconds": 60.0
}