{
  "final_pnl": -3.571684884336719,
  "final_inventory": 0.015058735940784392,
  "fill_count": 273,
  "max_drawdown": 3.571684884336719,
  "pnl_attribution": {
    "inventory_moves": -0.30317755803397856,
    "fees": -3.6633171423388564,
    "spread_capture": 0.4745361588856452,
    "adverse_selection": -0.09193767735218927,
    "funding_rates": 0.0
  },
  "additional_metrics": {
    "orders_placed": 608,
    "orders_placed_buy": 302,
    "orders_placed_sell": 306,
    "maker_qty_placed": 3.4571496062579756,
    "maker_qty_filled": 0.6219353127326844,
    "maker_fill_qty_rate": 0.17989829297722185,
    "avg_fill_latency_sec": 0.18230379080470605,
    "std_fill_latency_sec": 0.11147722913646789,
    "avg_queue_position": 1.1180853981604817,
    "std_queue_position": 1.420747130823698,
    "avg_order_lifetime_sec": 0.19501265091232106,
    "std_order_lifetime_sec": 0.10402865490455544,
    "avg_competition_size": 0.6697567332630294,
    "std_competition_size": 0.12600312371203085,
    "forced_liquidations": 0,
    "avg_forced_liq_cost": 0.0,
    "std_forced_liq_cost": 0.0
  },
  "strategy": "skew_mid_spread",
  "strategy_kwargs": {
    "gamma": 0.1,
    "gamma_cap_factor": 5.0,
    "gamma_imb": 0.5,
    "gamma_inv_scale": 4.0,
    "gamma_vol_scale": 2.0,
    "gradient_penalty_ticks": 1.0,
    "gradient_threshold": 1.5,
    "k_vol": 1.3,
    "size_base": 0.01,
    "size_exp": 1.0,
    "size_min_factor": 0.2
  },
  "snapshots_processed": 1000,
  "sharpe_ratio": -1.1673751320935593,
  "capital_base": 10000.0,
  "sharpe_horizon_seconds": 60.0
}