{
  "final_pnl": -7.237212328818714,
  "final_inventory": 0.010594806756557587,
  "fill_count": 274,
  "max_drawdown": 7.237212328818714,
  "pnl_attribution": {
    "inventory_moves": -0.6012709321940826,
    "fees": -7.527997275700197,
    "spread_capture": 1.0637695212181415,
    "adverse_selection": -0.18938089543928813,
    "funding_rates": 0.0
  },
  "additional_metrics": {
    "orders_placed": 611,
    "orders_placed_buy": 305,
    "orders_placed_sell": 306,
    "maker_qty_placed": 6.940628637597053,
    "maker_qty_filled": 1.2723159374105177,
    "maker_fill_qty_rate": 0.18331422178654586,
    "avg_fill_latency_sec": 0.18118238599045472,
    "std_fill_latency_sec": 0.11207341548948908,
    "avg_queue_position": 1.1248229775908158,
    "std_queue_position": 1.3828278008222652,
    "avg_order_lifetime_sec": 0.19223270026392908,
    "std_order_lifetime_sec": 0.10586713851004309,
    "avg_competition_size": 0.7425628934461649,
    "std_competition_size": 0.1415043993806704,
    "forced_liquidations": 0,
    "avg_forced_liq_cost": 0.0,
    "std_forced_liq_cost": 0.0
  },
  "strategy": "skew_mid_spread",
  "strategy_kwargs": {
    "gamma": 0.1,
    "gamma_cap_factor": 5.0,
    "gamma_imb": 0.5,
    "gamma_inv_scale": 4.0,
    "gamma_vol_scale": 2.0,
    "gradient_penalty_ticks": 1.0,
    "gradient_threshold": 1.5,
    "k_vol": 1.3,
    "size_base": 0.02,
    "size_exp": 2.0,
    "size_min_factor": 0.1
  },
  "snapshots_processed": 1000,
  "sharpe_ratio": -1.1679839371452323,
  "capital_base": 10000.0,
  "sharpe_horizon_seconds": 60.0
}