{
  "final_pnl": -7.291684120269565,
  "final_inventory": 0.01029505645107665,
  "fill_count": 278,
  "max_drawdown": 7.291684120269565,
  "pnl_attribution": {
    "inventory_moves": -0.6845643893976903,
    "fees": -7.509932048379761,
    "spread_capture": 1.1086346393493849,
    "adverse_selection": -0.1971037231786762,
    "funding_rates": 0.0
  },
  "additional_metrics": {
    "orders_placed": 609,
    "orders_placed_buy": 303,
    "orders_placed_sell": 306,
    "maker_qty_placed": 6.918485327921641,
    "maker_qty_filled": 1.2766714250200786,
    "maker_fill_qty_rate": 0.184530480951905,
    "avg_fill_latency_sec": 0.1820124158207674,
    "std_fill_latency_sec": 0.11161935733797775,
    "avg_queue_position": 1.1148847325280036,
    "std_queue_position": 1.3191981301951077,
    "avg_order_lifetime_sec": 0.19293166983942067,
    "std_order_lifetime_sec": 0.10539061072510517,
    "avg_competition_size": 0.732691725168325,
    "std_competition_size": 0.14467877887757705,
    "forced_liquidations": 0,
    "avg_forced_liq_cost": 0.0,
    "std_forced_liq_cost": 0.0
  },
  "strategy": "skew_mid_spread",
  "strategy_kwargs": {
    "gamma": 0.1,
    "gamma_cap_factor": 5.0,
    "gamma_imb": 0.5,
    "gamma_inv_scale": 4.0,
    "gamma_vol_scale": 2.0,
    "gradient_penalty_ticks": 1.0,
    "gradient_threshold": 1.5,
    "k_vol": 1.3,
    "size_base": 0.02,
    "size_exp": 3.0,
    "size_min_factor": 0.3
  },
  "snapshots_processed": 1000,
  "sharpe_ratio": -1.145445757428646,
  "capital_base": 10000.0,
  "sharpe_horizon_seconds": 60.0
}