{
  "final_pnl": -3.500948657787376,
  "final_inventory": 0.004367099088129522,
  "fill_count": 270,
  "max_drawdown": 3.500948657787376,
  "pnl_attribution": {
    "inventory_moves": -0.253397607068775,
    "fees": -3.6118820413975703,
    "spread_capture": 0.4622657513807493,
    "adverse_selection": -0.09394420299850509,
    "funding_rates": 0.0
  },
  "additional_metrics": {
    "orders_placed": 538,
    "orders_placed_buy": 263,
    "orders_placed_sell": 275,
    "maker_qty_placed": 3.1009060915161637,
    "maker_qty_filled": 0.6453061419523078,
    "maker_fill_qty_rate": 0.20810244583601384,
    "avg_fill_latency_sec": 0.1890580577235068,
    "std_fill_latency_sec": 0.11502903862918779,
    "avg_queue_position": 1.1642750852851966,
    "std_queue_position": 1.4213748379589282,
    "avg_order_lifetime_sec": 0.2020128942305042,
    "std_order_lifetime_sec": 0.11058990721829928,
    "avg_competition_size": 0.6663164154621602,
    "std_competition_size": 0.12642338418177704,
    "forced_liquidations": 0,
    "avg_forced_liq_cost": 0.0,
    "std_forced_liq_cost": 0.0
  },
  "strategy": "skew_mid_spread",
  "strategy_kwargs": {
    "gamma": 0.1,
    "gamma_cap_factor": 5.0,
    "gamma_imb": 0.5,
    "gamma_inv_scale": 4.0,
    "gamma_vol_scale": 2.0,
    "gradient_penalty_ticks": 1.0,
    "gradient_threshold": 1.5,
    "k_vol": 1.3,
    "size_base": 0.01,
    "size_exp": 3.0,
    "size_min_factor": 0.1
  },
  "snapshots_processed": 1000,
  "sharpe_ratio": -1.231549361270558,
  "capital_base": 10000.0,
  "sharpe_horizon_seconds": 60.0
}