{
  "final_pnl": -2.1922155759457382,
  "final_inventory": 0.008172980397242817,
  "fill_count": 297,
  "max_drawdown": 2.1922155759457382,
  "pnl_attribution": {
    "inventory_moves": -0.25829966238121316,
    "fees": -2.029056317935407,
    "spread_capture": 0.15114135309354793,
    "adverse_selection": -0.05167891480866932,
    "funding_rates": 0.0
  },
  "additional_metrics": {
    "orders_placed": 527,
    "orders_placed_buy": 266,
    "orders_placed_sell": 261,
    "maker_qty_placed": 1.5152724460322438,
    "maker_qty_filled": 0.34517443923100644,
    "maker_fill_qty_rate": 0.22779694841996845,
    "avg_fill_latency_sec": 0.18351743526236955,
    "std_fill_latency_sec": 0.11414237439595559,
    "avg_queue_position": 1.5351267379521039,
    "std_queue_position": 1.7955192523398698,
    "avg_order_lifetime_sec": 0.19079069065493207,
    "std_order_lifetime_sec": 0.11011728330155184,
    "avg_competition_size": 0.6331147876444917,
    "std_competition_size": 0.11985205214738086,
    "forced_liquidations": 0,
    "avg_forced_liq_cost": 0.0,
    "std_forced_liq_cost": 0.0
  },
  "strategy": "skew_mid_spread",
  "strategy_kwargs": {
    "gamma": 0.05,
    "gamma_cap_factor": 5.0,
    "gamma_imb": 0.5,
    "gamma_inv_scale": 1.0,
    "gamma_vol_scale": 1.0,
    "gradient_penalty_ticks": 1.0,
    "gradient_threshold": 1.5,
    "k_vol": 1.0,
    "size_base": 0.005,
    "size_exp": 2.0,
    "size_min_factor": 0.3
  },
  "snapshots_processed": 1000,
  "sharpe_ratio": -1.44670602492658,
  "capital_base": 10000.0,
  "sharpe_horizon_seconds": 60.0
}