{
  "final_pnl": -1.7229646604173467,
  "final_inventory": 0.0032854905737465796,
  "fill_count": 271,
  "max_drawdown": 1.7229646604173467,
  "pnl_attribution": {
    "inventory_moves": -0.1450611836850627,
    "fees": -1.8023783998039558,
    "spread_capture": 0.26661350601892425,
    "adverse_selection": -0.04819072013849289,
    "funding_rates": 0.0
  },
  "additional_metrics": {
    "orders_placed": 607,
    "orders_placed_buy": 302,
    "orders_placed_sell": 305,
    "maker_qty_placed": 1.725119941662902,
    "maker_qty_filled": 0.31781017326531336,
    "maker_fill_qty_rate": 0.18422497218307343,
    "avg_fill_latency_sec": 0.1846346106284704,
    "std_fill_latency_sec": 0.11024559050250307,
    "avg_queue_position": 1.1238707316548664,
    "std_queue_position": 1.3907847420556707,
    "avg_order_lifetime_sec": 0.1975064048400292,
    "std_order_lifetime_sec": 0.1023044382932221,
    "avg_competition_size": 0.644468858931106,
    "std_competition_size": 0.12100941977914592,
    "forced_liquidations": 0,
    "avg_forced_liq_cost": 0.0,
    "std_forced_liq_cost": 0.0
  },
  "strategy": "skew_mid_spread",
  "strategy_kwargs": {
    "gamma": 0.1,
    "gamma_cap_factor": 5.0,
    "gamma_imb": 0.5,
    "gamma_inv_scale": 4.0,
    "gamma_vol_scale": 2.0,
    "gradient_penalty_ticks": 1.0,
    "gradient_threshold": 1.5,
    "k_vol": 1.3,
    "size_base": 0.005,
    "size_exp": 2.0,
    "size_min_factor": 0.3
  },
  "snapshots_processed": 1000,
  "sharpe_ratio": -1.2138266590171065,
  "capital_base": 10000.0,
  "sharpe_horizon_seconds": 60.0
}