{
  "final_pnl": -15.348671214685965,
  "final_inventory": 0.018723618774032943,
  "fill_count": 287,
  "max_drawdown": 15.348671214685965,
  "pnl_attribution": {
    "inventory_moves": -1.1821927210822882,
    "fees": -15.415519839432237,
    "spread_capture": 2.3158829426610326,
    "adverse_selection": -1.003885818714529,
    "funding_rates": 0.0
  },
  "additional_metrics": {
    "orders_placed": 541,
    "orders_placed_buy": 267,
    "orders_placed_sell": 274,
    "maker_qty_placed": 12.427048165241885,
    "maker_qty_filled": 2.646268218124144,
    "maker_fill_qty_rate": 0.21294423123953798,
    "avg_fill_latency_sec": 0.18710842908146869,
    "std_fill_latency_sec": 0.11885568752738393,
    "avg_queue_position": 1.2134550207563621,
    "std_queue_position": 1.3845378283561482,
    "avg_order_lifetime_sec": 0.19618071705461984,
    "std_order_lifetime_sec": 0.11369533590714681,
    "avg_competition_size": 0.8765733546603364,
    "std_competition_size": 0.17653178293181063,
    "forced_liquidations": 4,
    "avg_forced_liq_cost": 0.1541856654004197,
    "std_forced_liq_cost": 0.054481989660017056
  },
  "strategy": "skew_mid_spread",
  "strategy_kwargs": {
    "gamma": 0.1,
    "gamma_cap_factor": 5.0,
    "gamma_imb": 0.5,
    "gamma_inv_scale": 4.0,
    "gamma_vol_scale": 2.0,
    "gradient_penalty_ticks": 1.0,
    "gradient_threshold": 1.5,
    "k_vol": 1.3,
    "size_base": 0.04,
    "size_exp": 2.0,
    "size_min_factor": 0.3
  },
  "snapshots_processed": 1000,
  "sharpe_ratio": -1.0743357843904613,
  "capital_base": 10000.0,
  "sharpe_horizon_seconds": 60.0
}