{
  "final_pnl": -0.21425595811888343,
  "final_inventory": -0.035467642228499116,
  "fill_count": 151,
  "max_drawdown": 2.9761431927527155,
  "pnl_attribution": {
    "inventory_moves": 0.014992525621049833,
    "fees": -1.7270538730675378,
    "spread_capture": 1.7540996969835783,
    "adverse_selection": -0.17529374050083305,
    "funding_rates": 0.0
  },
  "additional_metrics": {
    "orders_placed": 2952,
    "orders_placed_buy": 1528,
    "orders_placed_sell": 1424,
    "maker_qty_placed": 64.60216105712007,
    "maker_qty_filled": 1.2789878817960947,
    "maker_fill_qty_rate": 0.01979791172411766,
    "avg_fill_latency_sec": 0.1794318123297258,
    "std_fill_latency_sec": 0.11303295565986943,
    "avg_queue_position": 0.9485498672313281,
    "std_queue_position": 1.6046185324276954,
    "avg_order_lifetime_sec": 0.1794318123297258,
    "std_order_lifetime_sec": 0.11303295565986943,
    "avg_competition_size": 0.3539416223150352,
    "std_competition_size": 0.06685665054542979,
    "forced_liquidations": 0,
    "avg_forced_liq_cost": 0.0,
    "std_forced_liq_cost": 0.0,
    "taker_qty_hedge": 0.4182333640057033,
    "taker_qty_cross": 0.0,
    "taker_trades_hedge": 25,
    "taker_trades_cross": 0,
    "taker_qty_total": 0.4182333640057033,
    "notional_traded_btc": 1.6972212458017975,
    "notional_traded_usdt": 29195.748100195127
  },
  "strategy": "skew_mid_spread",
  "strategy_kwargs": {
    "extra_spread_ticks": 10.0,
    "gamma": 0.08,
    "gamma_cap_factor": 5.0,
    "gamma_imb": 0.5,
    "gamma_inv_scale": 1.0,
    "gamma_vol_scale": 2.0,
    "gradient_penalty_ticks": 1.0,
    "gradient_threshold": 1.5,
    "k_vol": 6.0,
    "size_base": 0.04,
    "size_exp": 2.0,
    "size_min_factor": 0.3
  },
  "snapshots_processed": 10000,
  "sharpe_ratio": -0.022060485762464315,
  "capital_base": 10000.0,
  "sharpe_horizon_seconds": 60.0
}