{
  "final_pnl": -0.14371048791508656,
  "final_inventory": 0.03662256510496118,
  "fill_count": 76,
  "max_drawdown": 1.1517637205142819,
  "pnl_attribution": {
    "inventory_moves": -0.08747289610513212,
    "fees": -0.15393677520403207,
    "spread_capture": 0.11373311962268264,
    "adverse_selection": -0.01257733879517383,
    "funding_rates": 0.0
  },
  "additional_metrics": {
    "orders_placed": 2967,
    "orders_placed_buy": 1541,
    "orders_placed_sell": 1426,
    "maker_qty_placed": 8.12840609900309,
    "maker_qty_filled": 0.08949207444577932,
    "maker_fill_qty_rate": 0.011009793722874537,
    "avg_fill_latency_sec": 0.2506842111286364,
    "std_fill_latency_sec": 0.00152359807895549,
    "avg_queue_position": 1.4529887453762995,
    "std_queue_position": 1.8610642696705073,
    "avg_order_lifetime_sec": 0.2506842111286364,
    "std_order_lifetime_sec": 0.00152359807895549,
    "avg_competition_size": 0.25961633964302394,
    "std_competition_size": 0.04713618524873495,
    "forced_liquidations": 0,
    "avg_forced_liq_cost": 0.0,
    "std_forced_liq_cost": 0.0,
    "taker_qty_hedge": 0.0,
    "taker_qty_cross": 0.0,
    "taker_trades_hedge": 0,
    "taker_trades_cross": 0,
    "taker_qty_total": 0.0,
    "notional_traded_btc": 0.08949207444577932,
    "notional_traded_usdt": 1539.3677520403203
  },
  "strategy": "skew_mid_spread",
  "strategy_kwargs": {
    "extra_spread_ticks": 36.0,
    "gamma": 0.12,
    "gamma_cap_factor": 5.0,
    "gamma_imb": 0.5,
    "gamma_inv_scale": 4.0,
    "gamma_vol_scale": 1.0,
    "gradient_penalty_ticks": 1.0,
    "gradient_threshold": 1.5,
    "k_vol": 4.0,
    "size_base": 0.005,
    "size_exp": 2.0,
    "size_min_factor": 0.3
  },
  "snapshots_processed": 10000,
  "sharpe_ratio": -0.03554568052706436,
  "capital_base": 10000.0,
  "sharpe_horizon_seconds": 60.0
}