{
  "final_pnl": -1.7579271449176304,
  "final_inventory": 0.0034819819169527666,
  "fill_count": 264,
  "max_drawdown": 1.7579271449176304,
  "pnl_attribution": {
    "inventory_moves": -0.13844763099603466,
    "fees": -1.8163385904676577,
    "spread_capture": 0.23971074554013475,
    "adverse_selection": -0.047624587979168166,
    "funding_rates": 0.0
  },
  "additional_metrics": {
    "orders_placed": 607,
    "orders_placed_buy": 303,
    "orders_placed_sell": 304,
    "maker_qty_placed": 1.7281474553154765,
    "maker_qty_filled": 0.31154326030710594,
    "maker_fill_qty_rate": 0.18027585513542485,
    "avg_fill_latency_sec": 0.18173202034694697,
    "std_fill_latency_sec": 0.11178913070341716,
    "avg_queue_position": 1.0910169595677763,
    "std_queue_position": 1.41875829689874,
    "avg_order_lifetime_sec": 0.19321568027820463,
    "std_order_lifetime_sec": 0.1052310180630806,
    "avg_competition_size": 0.6338913014495616,
    "std_competition_size": 0.12094068122733934,
    "forced_liquidations": 0,
    "avg_forced_liq_cost": 0.0,
    "std_forced_liq_cost": 0.0
  },
  "strategy": "skew_mid_spread",
  "strategy_kwargs": {
    "gamma": 0.1,
    "gamma_cap_factor": 5.0,
    "gamma_imb": 0.5,
    "gamma_inv_scale": 4.0,
    "gamma_vol_scale": 2.0,
    "gradient_penalty_ticks": 1.0,
    "gradient_threshold": 1.5,
    "k_vol": 1.3,
    "size_base": 0.005,
    "size_exp": 3.0,
    "size_min_factor": 0.2
  },
  "snapshots_processed": 1000,
  "sharpe_ratio": -1.1407284596321838,
  "capital_base": 10000.0,
  "sharpe_horizon_seconds": 60.0
}