{
  "final_pnl": -1.5704268214558397,
  "final_inventory": 0.004597857446462034,
  "fill_count": 267,
  "max_drawdown": 1.5704268214558397,
  "pnl_attribution": {
    "inventory_moves": -0.08765079514429326,
    "fees": -1.6760150142641732,
    "spread_capture": 0.24288407838795864,
    "adverse_selection": -0.04857728603092637,
    "funding_rates": 0.0
  },
  "additional_metrics": {
    "orders_placed": 531,
    "orders_placed_buy": 258,
    "orders_placed_sell": 273,
    "maker_qty_placed": 1.5233014072331654,
    "maker_qty_filled": 0.32169635701559246,
    "maker_fill_qty_rate": 0.21118365379830029,
    "avg_fill_latency_sec": 0.19405959615644242,
    "std_fill_latency_sec": 0.10852833728330417,
    "avg_queue_position": 1.1691273608179944,
    "std_queue_position": 1.4259232856414163,
    "avg_order_lifetime_sec": 0.20735760714044635,
    "std_order_lifetime_sec": 0.10301811538418378,
    "avg_competition_size": 0.6280215874421221,
    "std_competition_size": 0.12139707164730464,
    "forced_liquidations": 0,
    "avg_forced_liq_cost": 0.0,
    "std_forced_liq_cost": 0.0
  },
  "strategy": "skew_mid_spread",
  "strategy_kwargs": {
    "gamma": 0.1,
    "gamma_cap_factor": 5.0,
    "gamma_imb": 0.5,
    "gamma_inv_scale": 4.0,
    "gamma_vol_scale": 2.0,
    "gradient_penalty_ticks": 1.0,
    "gradient_threshold": 1.5,
    "k_vol": 1.3,
    "size_base": 0.005,
    "size_exp": 1.0,
    "size_min_factor": 0.2
  },
  "snapshots_processed": 1000,
  "sharpe_ratio": -1.1511922809540882,
  "capital_base": 10000.0,
  "sharpe_horizon_seconds": 60.0
}