{
  "final_pnl": -2.5998718864011607,
  "final_inventory": -0.06623868657882262,
  "fill_count": 116,
  "max_drawdown": 3.436276472884856,
  "pnl_attribution": {
    "inventory_moves": -2.4160358250180733,
    "fees": -1.1390833617540348,
    "spread_capture": 1.1262881524673234,
    "adverse_selection": -0.13483146238075502,
    "funding_rates": 0.0
  },
  "additional_metrics": {
    "orders_placed": 2065,
    "orders_placed_buy": 1070,
    "orders_placed_sell": 995,
    "maker_qty_placed": 45.136167863605,
    "maker_qty_filled": 0.9281808590031153,
    "maker_fill_qty_rate": 0.020564015576332136,
    "avg_fill_latency_sec": 0.1898636601187966,
    "std_fill_latency_sec": 0.10740562920451428,
    "avg_queue_position": 0.7882783054937056,
    "std_queue_position": 1.1927785628507437,
    "avg_order_lifetime_sec": 0.1898636601187966,
    "std_order_lifetime_sec": 0.10740562920451428,
    "avg_competition_size": 0.35269916512075494,
    "std_competition_size": 0.06803083152431566,
    "forced_liquidations": 0,
    "avg_forced_liq_cost": 0.0,
    "std_forced_liq_cost": 0.0,
    "taker_qty_hedge": 0.2758094088785504,
    "taker_qty_cross": 0.0,
    "taker_trades_hedge": 16,
    "taker_trades_cross": 0,
    "taker_qty_total": 0.2758094088785504,
    "notional_traded_btc": 1.2039902678816652,
    "notional_traded_usdt": 20710.87594381506
  },
  "strategy": "skew_mid_spread",
  "strategy_kwargs": {
    "extra_spread_ticks": 15.0,
    "gamma": 0.16,
    "gamma_cap_factor": 5.0,
    "gamma_imb": 0.5,
    "gamma_inv_scale": 1.0,
    "gamma_vol_scale": 2.0,
    "gradient_penalty_ticks": 1.0,
    "gradient_threshold": 1.5,
    "k_vol": 2.0,
    "size_base": 0.04,
    "size_exp": 2.0,
    "size_min_factor": 0.3
  },
  "snapshots_processed": 10000,
  "sharpe_ratio": -0.3147642644022778,
  "capital_base": 10000.0,
  "sharpe_horizon_seconds": 60.0
}