{
  "final_pnl": -1.5429902742544073,
  "final_inventory": 0.0003816496052481697,
  "fill_count": 266,
  "max_drawdown": 1.5429902742544073,
  "pnl_attribution": {
    "inventory_moves": -0.07750269777973336,
    "fees": -1.6571960775228258,
    "spread_capture": 0.23851103854627437,
    "adverse_selection": -0.0487091560993595,
    "funding_rates": 0.0
  },
  "additional_metrics": {
    "orders_placed": 532,
    "orders_placed_buy": 259,
    "orders_placed_sell": 273,
    "maker_qty_placed": 1.5268155597974542,
    "maker_qty_filled": 0.3236059899338511,
    "maker_fill_qty_rate": 0.2119483180907459,
    "avg_fill_latency_sec": 0.19537332852681477,
    "std_fill_latency_sec": 0.10773309799627521,
    "avg_queue_position": 1.161496159229641,
    "std_queue_position": 1.4231243598670589,
    "avg_order_lifetime_sec": 0.20875999291737873,
    "std_order_lifetime_sec": 0.10196382508671654,
    "avg_competition_size": 0.644872077088648,
    "std_competition_size": 0.12143957833804125,
    "forced_liquidations": 0,
    "avg_forced_liq_cost": 0.0,
    "std_forced_liq_cost": 0.0
  },
  "strategy": "skew_mid_spread",
  "strategy_kwargs": {
    "gamma": 0.1,
    "gamma_cap_factor": 5.0,
    "gamma_imb": 0.5,
    "gamma_inv_scale": 4.0,
    "gamma_vol_scale": 2.0,
    "gradient_penalty_ticks": 1.0,
    "gradient_threshold": 1.5,
    "k_vol": 1.3,
    "size_base": 0.005,
    "size_exp": 1.0,
    "size_min_factor": 0.3
  },
  "snapshots_processed": 1000,
  "sharpe_ratio": -1.1434968113945534,
  "capital_base": 10000.0,
  "sharpe_horizon_seconds": 60.0
}