{
  "final_pnl": -1.9208308779707295,
  "final_inventory": -0.018240352016865004,
  "fill_count": 1713,
  "max_drawdown": 4.108140352205737,
  "pnl_attribution": {
    "inventory_moves": -0.8199639022453112,
    "fees": -2.486539809147925,
    "spread_capture": 1.6924778797073505,
    "adverse_selection": -0.2201756596414264,
    "funding_rates": 0.0
  },
  "additional_metrics": {
    "orders_placed": 2942,
    "orders_placed_buy": 1518,
    "orders_placed_sell": 1424,
    "maker_qty_placed": 64.38348495952418,
    "maker_qty_filled": 1.463307524758753,
    "maker_fill_qty_rate": 0.02272799500801622,
    "avg_fill_latency_sec": 0.011636530399031222,
    "std_fill_latency_sec": 0.052737572898361694,
    "avg_queue_position": 0.05083921455592644,
    "std_queue_position": 0.40960428631470897,
    "avg_order_lifetime_sec": 0.011636530399031222,
    "std_order_lifetime_sec": 0.052737572898361694,
    "avg_competition_size": 0.35492595672630933,
    "std_competition_size": 0.06721161947692375,
    "forced_liquidations": 0,
    "avg_forced_liq_cost": 0.0,
    "std_forced_liq_cost": 0.0,
    "taker_qty_hedge": 0.6020907923601562,
    "taker_qty_cross": 0.0,
    "taker_trades_hedge": 1561,
    "taker_trades_cross": 0,
    "taker_qty_total": 0.6020907923601562,
    "notional_traded_btc": 2.0653983171189148,
    "notional_traded_usdt": 35529.981913009644
  },
  "strategy": "skew_mid_spread",
  "strategy_kwargs": {
    "extra_spread_ticks": 10.0,
    "gamma": 0.16,
    "gamma_cap_factor": 5.0,
    "gamma_imb": 0.5,
    "gamma_inv_scale": 1.0,
    "gamma_vol_scale": 2.0,
    "gradient_penalty_ticks": 1.0,
    "gradient_threshold": 1.5,
    "k_vol": 2.0,
    "size_base": 0.04,
    "size_exp": 2.0,
    "size_min_factor": 0.3
  },
  "snapshots_processed": 10000,
  "sharpe_ratio": -0.18633592284628628,
  "capital_base": 10000.0,
  "sharpe_horizon_seconds": 60.0
}