{
  "final_pnl": -7.759023498687384,
  "final_inventory": 0.005207763877343544,
  "fill_count": 284,
  "max_drawdown": 7.759023498687384,
  "pnl_attribution": {
    "inventory_moves": -0.7375627590696228,
    "fees": -7.727550799923376,
    "spread_capture": 0.9076263969068062,
    "adverse_selection": -0.1970468897958436,
    "funding_rates": 0.0
  },
  "additional_metrics": {
    "orders_placed": 543,
    "orders_placed_buy": 268,
    "orders_placed_sell": 275,
    "maker_qty_placed": 6.242648062204463,
    "maker_qty_filled": 1.3339199792155427,
    "maker_fill_qty_rate": 0.21367854889844556,
    "avg_fill_latency_sec": 0.18629877450989513,
    "std_fill_latency_sec": 0.11608660027000028,
    "avg_queue_position": 1.1277901891432005,
    "std_queue_position": 1.375051869099089,
    "avg_order_lifetime_sec": 0.19548170014125546,
    "std_order_lifetime_sec": 0.11079383120909016,
    "avg_competition_size": 0.7374913916465078,
    "std_competition_size": 0.14337470740069264,
    "forced_liquidations": 0,
    "avg_forced_liq_cost": 0.0,
    "std_forced_liq_cost": 0.0
  },
  "strategy": "skew_mid_spread",
  "strategy_kwargs": {
    "gamma": 0.1,
    "gamma_cap_factor": 5.0,
    "gamma_imb": 0.5,
    "gamma_inv_scale": 4.0,
    "gamma_vol_scale": 2.0,
    "gradient_penalty_ticks": 1.0,
    "gradient_threshold": 1.5,
    "k_vol": 1.3,
    "size_base": 0.02,
    "size_exp": 1.0,
    "size_min_factor": 0.2
  },
  "snapshots_processed": 1000,
  "sharpe_ratio": -1.2582276503415801,
  "capital_base": 10000.0,
  "sharpe_horizon_seconds": 60.0
}