{
  "final_pnl": -23.226100858133577,
  "final_inventory": 0.030669757740268963,
  "fill_count": 327,
  "max_drawdown": 23.226100858133577,
  "pnl_attribution": {
    "inventory_moves": -0.12372976301243993,
    "fees": -18.684281348100686,
    "spread_capture": 2.117439413184906,
    "adverse_selection": -6.2345927690177305,
    "funding_rates": 0.0
  },
  "additional_metrics": {
    "orders_placed": 535,
    "orders_placed_buy": 263,
    "orders_placed_sell": 272,
    "maker_qty_placed": 12.27008566683725,
    "maker_qty_filled": 2.882742756316449,
    "maker_fill_qty_rate": 0.23494071961597865,
    "avg_fill_latency_sec": 0.16696969427243627,
    "std_fill_latency_sec": 0.12586191206339434,
    "avg_queue_position": 1.1070300310850325,
    "std_queue_position": 1.3462338667339258,
    "avg_order_lifetime_sec": 0.18342928934578945,
    "std_order_lifetime_sec": 0.1364899544495817,
    "avg_competition_size": 0.8646283279257607,
    "std_competition_size": 0.17000529036712497,
    "forced_liquidations": 36,
    "avg_forced_liq_cost": 0.16112896407757743,
    "std_forced_liq_cost": 0.09491328066448709
  },
  "strategy": "skew_mid_spread",
  "strategy_kwargs": {
    "gamma": 0.1,
    "gamma_cap_factor": 5.0,
    "gamma_imb": 0.5,
    "gamma_inv_scale": 4.0,
    "gamma_vol_scale": 2.0,
    "gradient_penalty_ticks": 1.0,
    "gradient_threshold": 1.5,
    "k_vol": 1.3,
    "size_base": 0.04,
    "size_exp": 1.0,
    "size_min_factor": 0.3
  },
  "snapshots_processed": 1000,
  "sharpe_ratio": -1.2792509029907357,
  "capital_base": 10000.0,
  "sharpe_horizon_seconds": 60.0
}