{
  "final_pnl": -7.6491497565148165,
  "final_inventory": 0.01565445247049907,
  "fill_count": 280,
  "max_drawdown": 7.6491497565148165,
  "pnl_attribution": {
    "inventory_moves": -0.6495626286866398,
    "fees": -7.732232870851379,
    "spread_capture": 1.102063550366461,
    "adverse_selection": -0.3475659670757556,
    "funding_rates": 0.0
  },
  "additional_metrics": {
    "orders_placed": 610,
    "orders_placed_buy": 305,
    "orders_placed_sell": 305,
    "maker_qty_placed": 6.941366354153223,
    "maker_qty_filled": 1.2974330948397512,
    "maker_fill_qty_rate": 0.1869132140048276,
    "avg_fill_latency_sec": 0.17977300158307596,
    "std_fill_latency_sec": 0.11272362901887811,
    "avg_queue_position": 1.132380503711489,
    "std_queue_position": 1.39704601902914,
    "avg_order_lifetime_sec": 0.18901840016885768,
    "std_order_lifetime_sec": 0.10779259932226819,
    "avg_competition_size": 0.7326146048604616,
    "std_competition_size": 0.13789703013627586,
    "forced_liquidations": 2,
    "avg_forced_liq_cost": 0.07864383977431323,
    "std_forced_liq_cost": 0.029283309887408803
  },
  "strategy": "skew_mid_spread",
  "strategy_kwargs": {
    "gamma": 0.1,
    "gamma_cap_factor": 5.0,
    "gamma_imb": 0.5,
    "gamma_inv_scale": 4.0,
    "gamma_vol_scale": 2.0,
    "gradient_penalty_ticks": 1.0,
    "gradient_threshold": 1.5,
    "k_vol": 1.3,
    "size_base": 0.02,
    "size_exp": 1.0,
    "size_min_factor": 0.3
  },
  "snapshots_processed": 1000,
  "sharpe_ratio": -1.1935884090475377,
  "capital_base": 10000.0,
  "sharpe_horizon_seconds": 60.0
}