{
  "final_pnl": -4.168074686493128,
  "final_inventory": 0.043302617119243186,
  "fill_count": 104,
  "max_drawdown": 4.896917413281699,
  "pnl_attribution": {
    "inventory_moves": -2.7215156950048827,
    "fees": -2.2399626673361386,
    "spread_capture": 0.9761145615429472,
    "adverse_selection": -0.14455423167829654,
    "funding_rates": 0.0
  },
  "additional_metrics": {
    "orders_placed": 2065,
    "orders_placed_buy": 1073,
    "orders_placed_sell": 992,
    "maker_qty_placed": 45.132270315792596,
    "maker_qty_filled": 0.9143459499474577,
    "maker_fill_qty_rate": 0.020259250056550146,
    "avg_fill_latency_sec": 0.21491071581840515,
    "std_fill_latency_sec": 0.08775458477158622,
    "avg_queue_position": 0.8840261497364098,
    "std_queue_position": 1.2448574858447294,
    "avg_order_lifetime_sec": 0.21491071581840515,
    "std_order_lifetime_sec": 0.08775458477158622,
    "avg_competition_size": 0.35412500350937465,
    "std_competition_size": 0.06877030674412353,
    "forced_liquidations": 0,
    "avg_forced_liq_cost": 0.0,
    "std_forced_liq_cost": 0.0,
    "taker_qty_hedge": 0.1292778544651595,
    "taker_qty_cross": 0.0,
    "taker_trades_hedge": 8,
    "taker_trades_cross": 0,
    "taker_qty_total": 0.1292778544651595,
    "notional_traded_btc": 1.0436238044126172,
    "notional_traded_usdt": 17951.21827501532
  },
  "strategy": "skew_mid_spread",
  "strategy_kwargs": {
    "extra_spread_ticks": 26.0,
    "gamma": 0.2,
    "gamma_cap_factor": 5.0,
    "gamma_imb": 0.5,
    "gamma_inv_scale": 1.0,
    "gamma_vol_scale": 2.0,
    "gradient_penalty_ticks": 1.0,
    "gradient_threshold": 1.5,
    "k_vol": 8.0,
    "size_base": 0.04,
    "size_exp": 2.0,
    "size_min_factor": 0.3
  },
  "snapshots_processed": 10000,
  "sharpe_ratio": -0.4383489512061084,
  "capital_base": 10000.0,
  "sharpe_horizon_seconds": 60.0
}