{
  "final_pnl": -2.797559383818225,
  "final_inventory": -0.0036626115321113616,
  "fill_count": 3443,
  "max_drawdown": 4.662457480240846,
  "pnl_attribution": {
    "inventory_moves": -0.2591081467110313,
    "fees": -3.6460538859787235,
    "spread_capture": 1.4038105361298236,
    "adverse_selection": -0.17985756797446398,
    "funding_rates": 0.0
  },
  "additional_metrics": {
    "orders_placed": 2960,
    "orders_placed_buy": 1539,
    "orders_placed_sell": 1421,
    "maker_qty_placed": 64.82498647082453,
    "maker_qty_filled": 1.1957137536303861,
    "maker_fill_qty_rate": 0.01844526036528423,
    "avg_fill_latency_sec": 0.004670118439127002,
    "std_fill_latency_sec": 0.03388732348704692,
    "avg_queue_position": 0.020237805559505974,
    "std_queue_position": 0.27187624009269007,
    "avg_order_lifetime_sec": 0.004670118439127002,
    "std_order_lifetime_sec": 0.03388732348704692,
    "avg_competition_size": 0.356109716990946,
    "std_competition_size": 0.06721616673228173,
    "forced_liquidations": 0,
    "avg_forced_liq_cost": 0.0,
    "std_forced_liq_cost": 0.0,
    "taker_qty_hedge": 0.3080067496033506,
    "taker_qty_cross": 0.0,
    "taker_trades_hedge": 3317,
    "taker_trades_cross": 0,
    "taker_qty_total": 0.3080067496033506,
    "notional_traded_btc": 1.503720503233737,
    "notional_traded_usdt": 25863.91543885756
  },
  "strategy": "skew_mid_spread",
  "strategy_kwargs": {
    "extra_spread_ticks": 34.0,
    "gamma": 0.16,
    "gamma_cap_factor": 5.0,
    "gamma_imb": 0.5,
    "gamma_inv_scale": 1.0,
    "gamma_vol_scale": 2.0,
    "gradient_penalty_ticks": 1.0,
    "gradient_threshold": 1.5,
    "k_vol": 4.0,
    "size_base": 0.04,
    "size_exp": 2.0,
    "size_min_factor": 0.3
  },
  "snapshots_processed": 10000,
  "sharpe_ratio": -0.23165732257500316,
  "capital_base": 10000.0,
  "sharpe_horizon_seconds": 60.0
}