{
  "final_pnl": -2.2768886249778006,
  "final_inventory": 0.03540869607121294,
  "fill_count": 3959,
  "max_drawdown": 4.74803379399782,
  "pnl_attribution": {
    "inventory_moves": 0.4864409639683067,
    "fees": -3.851336179221866,
    "spread_capture": 1.2977727848744374,
    "adverse_selection": -0.17991828066660395,
    "funding_rates": 0.0
  },
  "additional_metrics": {
    "orders_placed": 2958,
    "orders_placed_buy": 1535,
    "orders_placed_sell": 1423,
    "maker_qty_placed": 64.77754387567597,
    "maker_qty_filled": 1.099513000920137,
    "maker_fill_qty_rate": 0.016973675368587186,
    "avg_fill_latency_sec": 0.004116816392146883,
    "std_fill_latency_sec": 0.031851483717020436,
    "avg_queue_position": 0.015488231533736943,
    "std_queue_position": 0.1850315945062341,
    "avg_order_lifetime_sec": 0.004116816392146883,
    "std_order_lifetime_sec": 0.031851483717020436,
    "avg_competition_size": 0.3552750408762257,
    "std_competition_size": 0.06755505804285585,
    "forced_liquidations": 0,
    "avg_forced_liq_cost": 0.0,
    "std_forced_liq_cost": 0.0,
    "taker_qty_hedge": 0.37969252077473137,
    "taker_qty_cross": 0.0,
    "taker_trades_hedge": 3831,
    "taker_trades_cross": 0,
    "taker_qty_total": 0.37969252077473137,
    "notional_traded_btc": 1.479205521694871,
    "notional_traded_usdt": 25447.008397611717
  },
  "strategy": "skew_mid_spread",
  "strategy_kwargs": {
    "extra_spread_ticks": 38.0,
    "gamma": 0.16,
    "gamma_cap_factor": 5.0,
    "gamma_imb": 0.5,
    "gamma_inv_scale": 1.0,
    "gamma_vol_scale": 2.0,
    "gradient_penalty_ticks": 1.0,
    "gradient_threshold": 1.5,
    "k_vol": 8.0,
    "size_base": 0.04,
    "size_exp": 2.0,
    "size_min_factor": 0.3
  },
  "snapshots_processed": 10000,
  "sharpe_ratio": -0.15933426959580643,
  "capital_base": 10000.0,
  "sharpe_horizon_seconds": 60.0
}