{
  "final_pnl": -0.175588590438565,
  "final_inventory": 0.042294553928688895,
  "fill_count": 68,
  "max_drawdown": 3.3721126570726483,
  "pnl_attribution": {
    "inventory_moves": 0.2207421238232779,
    "fees": -0.8621811202340947,
    "spread_capture": 0.5463045159610445,
    "adverse_selection": -0.07526832626811639,
    "funding_rates": 0.0
  },
  "additional_metrics": {
    "orders_placed": 1587,
    "orders_placed_buy": 821,
    "orders_placed_sell": 766,
    "maker_qty_placed": 34.806229217062786,
    "maker_qty_filled": 0.53663838078637,
    "maker_fill_qty_rate": 0.015417883317371766,
    "avg_fill_latency_sec": 0.16502437940457973,
    "std_fill_latency_sec": 0.11883262460217085,
    "avg_queue_position": 0.9114099939982905,
    "std_queue_position": 1.4619043007326136,
    "avg_order_lifetime_sec": 0.16502437940457973,
    "std_order_lifetime_sec": 0.11883262460217085,
    "avg_competition_size": 0.35407379305347036,
    "std_competition_size": 0.07009662545554966,
    "forced_liquidations": 0,
    "avg_forced_liq_cost": 0.0,
    "std_forced_liq_cost": 0.0,
    "taker_qty_hedge": 0.208746997302948,
    "taker_qty_cross": 0.0,
    "taker_trades_hedge": 14,
    "taker_trades_cross": 0,
    "taker_qty_total": 0.208746997302948,
    "notional_traded_btc": 0.7453853780893182,
    "notional_traded_usdt": 12821.302693820646
  },
  "strategy": "skew_mid_spread",
  "strategy_kwargs": {
    "extra_spread_ticks": 25.0,
    "gamma": 0.08,
    "gamma_cap_factor": 5.0,
    "gamma_imb": 0.5,
    "gamma_inv_scale": 1.0,
    "gamma_vol_scale": 2.0,
    "gradient_penalty_ticks": 1.0,
    "gradient_threshold": 1.5,
    "k_vol": 6.0,
    "size_base": 0.04,
    "size_exp": 2.0,
    "size_min_factor": 0.3
  },
  "snapshots_processed": 10000,
  "sharpe_ratio": -0.014504207055290368,
  "capital_base": 10000.0,
  "sharpe_horizon_seconds": 60.0
}