{
  "final_pnl": -1.5317483819799236,
  "final_inventory": 0.002358688813449702,
  "fill_count": 258,
  "max_drawdown": 1.5317483819799236,
  "pnl_attribution": {
    "inventory_moves": -0.06748925468928944,
    "fees": -1.6367019313012408,
    "spread_capture": 0.22232731346685372,
    "adverse_selection": -0.04952185766307547,
    "funding_rates": 0.0
  },
  "additional_metrics": {
    "orders_placed": 530,
    "orders_placed_buy": 258,
    "orders_placed_sell": 272,
    "maker_qty_placed": 1.52296220754339,
    "maker_qty_filled": 0.31352277925123373,
    "maker_fill_qty_rate": 0.20586379471422392,
    "avg_fill_latency_sec": 0.19384930885001406,
    "std_fill_latency_sec": 0.1087992567788743,
    "avg_queue_position": 1.1185379747605384,
    "std_queue_position": 1.3599406096318165,
    "avg_order_lifetime_sec": 0.20760273116908662,
    "std_order_lifetime_sec": 0.10310776460520582,
    "avg_competition_size": 0.6425126600122846,
    "std_competition_size": 0.12367026029927809,
    "forced_liquidations": 0,
    "avg_forced_liq_cost": 0.0,
    "std_forced_liq_cost": 0.0
  },
  "strategy": "skew_mid_spread",
  "strategy_kwargs": {
    "gamma": 0.1,
    "gamma_cap_factor": 5.0,
    "gamma_imb": 0.5,
    "gamma_inv_scale": 4.0,
    "gamma_vol_scale": 2.0,
    "gradient_penalty_ticks": 1.0,
    "gradient_threshold": 1.5,
    "k_vol": 1.3,
    "size_base": 0.005,
    "size_exp": 1.0,
    "size_min_factor": 0.3
  },
  "snapshots_processed": 1000,
  "sharpe_ratio": -1.118170775482208,
  "capital_base": 10000.0,
  "sharpe_horizon_seconds": 60.0
}