{
  "final_pnl": -2.203648287591932,
  "final_inventory": 0.043294985182852894,
  "fill_count": 1874,
  "max_drawdown": 3.1517519074295706,
  "pnl_attribution": {
    "inventory_moves": -2.1038566719745253,
    "fees": -0.6298803687820335,
    "spread_capture": 0.6253897732537462,
    "adverse_selection": -0.1076444461924292,
    "funding_rates": 0.0
  },
  "additional_metrics": {
    "orders_placed": 1586,
    "orders_placed_buy": 818,
    "orders_placed_sell": 768,
    "maker_qty_placed": 34.83867305984989,
    "maker_qty_filled": 0.7106590852572303,
    "maker_fill_qty_rate": 0.020398569257686083,
    "avg_fill_latency_sec": 0.0051917207786460326,
    "std_fill_latency_sec": 0.03571220746328571,
    "avg_queue_position": 0.019210513903912506,
    "std_queue_position": 0.20486522045475267,
    "avg_order_lifetime_sec": 0.0051917207786460326,
    "std_order_lifetime_sec": 0.03571220746328571,
    "avg_competition_size": 0.3532299365691394,
    "std_competition_size": 0.06995099924896396,
    "forced_liquidations": 0,
    "avg_forced_liq_cost": 0.0,
    "std_forced_liq_cost": 0.0,
    "taker_qty_hedge": 0.15250920199399884,
    "taker_qty_cross": 0.0,
    "taker_trades_hedge": 1798,
    "taker_trades_cross": 0,
    "taker_qty_total": 0.15250920199399884,
    "notional_traded_btc": 0.8631682872512279,
    "notional_traded_usdt": 14848.38068626357
  },
  "strategy": "skew_mid_spread",
  "strategy_kwargs": {
    "extra_spread_ticks": 15.0,
    "gamma": 0.16,
    "gamma_cap_factor": 5.0,
    "gamma_imb": 0.5,
    "gamma_inv_scale": 1.0,
    "gamma_vol_scale": 2.0,
    "gradient_penalty_ticks": 1.0,
    "gradient_threshold": 1.5,
    "k_vol": 2.0,
    "size_base": 0.04,
    "size_exp": 2.0,
    "size_min_factor": 0.3
  },
  "snapshots_processed": 10000,
  "sharpe_ratio": -0.24962462197964533,
  "capital_base": 10000.0,
  "sharpe_horizon_seconds": 60.0
}