{
  "final_pnl": -17.003076438186326,
  "final_inventory": 0.04243160892739482,
  "fill_count": 281,
  "max_drawdown": 17.003076438186326,
  "pnl_attribution": {
    "inventory_moves": -0.5817494598157323,
    "fees": -15.400350715544826,
    "spread_capture": 1.8542873688711135,
    "adverse_selection": -2.776475080317599,
    "funding_rates": 0.0
  },
  "additional_metrics": {
    "orders_placed": 607,
    "orders_placed_buy": 303,
    "orders_placed_sell": 304,
    "maker_qty_placed": 13.792051015003091,
    "maker_qty_filled": 2.5565037353534747,
    "maker_fill_qty_rate": 0.18536066409357765,
    "avg_fill_latency_sec": 0.17873780174953183,
    "std_fill_latency_sec": 0.11328739763239451,
    "avg_queue_position": 1.194610827072212,
    "std_queue_position": 1.4106075288551316,
    "avg_order_lifetime_sec": 0.18792682595369292,
    "std_order_lifetime_sec": 0.10850269898716478,
    "avg_competition_size": 0.8719791719313936,
    "std_competition_size": 0.1771966423318688,
    "forced_liquidations": 11,
    "avg_forced_liq_cost": 0.21793476426784944,
    "std_forced_liq_cost": 0.09030967846589287
  },
  "strategy": "skew_mid_spread",
  "strategy_kwargs": {
    "gamma": 0.1,
    "gamma_cap_factor": 5.0,
    "gamma_imb": 0.5,
    "gamma_inv_scale": 4.0,
    "gamma_vol_scale": 2.0,
    "gradient_penalty_ticks": 1.0,
    "gradient_threshold": 1.5,
    "k_vol": 1.3,
    "size_base": 0.04,
    "size_exp": 2.0,
    "size_min_factor": 0.2
  },
  "snapshots_processed": 1000,
  "sharpe_ratio": -1.0714163606037914,
  "capital_base": 10000.0,
  "sharpe_horizon_seconds": 60.0
}