{
  "final_pnl": -0.16386729092846508,
  "final_inventory": 0.016527255986562503,
  "fill_count": 46,
  "max_drawdown": 0.571996388167463,
  "pnl_attribution": {
    "inventory_moves": -0.11106602482514488,
    "fees": -0.0911691252231713,
    "spread_capture": 0.04542377850535183,
    "adverse_selection": -0.00752095167394941,
    "funding_rates": 0.0
  },
  "additional_metrics": {
    "orders_placed": 1588,
    "orders_placed_buy": 819,
    "orders_placed_sell": 769,
    "maker_qty_placed": 4.360127893788563,
    "maker_qty_filled": 0.05301973495196532,
    "maker_fill_qty_rate": 0.012160132969378542,
    "avg_fill_latency_sec": 0.2507391183272652,
    "std_fill_latency_sec": 0.0008453023246777426,
    "avg_queue_position": 1.2048716752193196,
    "std_queue_position": 1.758161980288056,
    "avg_order_lifetime_sec": 0.2507391183272652,
    "std_order_lifetime_sec": 0.0008453023246777426,
    "avg_competition_size": 0.2596910120634532,
    "std_competition_size": 0.04919673267659521,
    "forced_liquidations": 0,
    "avg_forced_liq_cost": 0.0,
    "std_forced_liq_cost": 0.0,
    "taker_qty_hedge": 0.0,
    "taker_qty_cross": 0.0,
    "taker_trades_hedge": 0,
    "taker_trades_cross": 0,
    "taker_qty_total": 0.0,
    "notional_traded_btc": 0.05301973495196532,
    "notional_traded_usdt": 911.691252231713
  },
  "strategy": "skew_mid_spread",
  "strategy_kwargs": {
    "extra_spread_ticks": 24.0,
    "gamma": 0.12,
    "gamma_cap_factor": 5.0,
    "gamma_imb": 0.5,
    "gamma_inv_scale": 1.0,
    "gamma_vol_scale": 0.0,
    "gradient_penalty_ticks": 1.0,
    "gradient_threshold": 1.5,
    "k_vol": 8.0,
    "size_base": 0.005,
    "size_exp": 2.0,
    "size_min_factor": 0.3
  },
  "snapshots_processed": 10000,
  "sharpe_ratio": -0.08360723761505169,
  "capital_base": 10000.0,
  "sharpe_horizon_seconds": 60.0
}