{
  "final_pnl": -3.3281015183347336,
  "final_inventory": 0.0115114056388924,
  "fill_count": 268,
  "max_drawdown": 3.3281015183347336,
  "pnl_attribution": {
    "inventory_moves": -0.26795308269001916,
    "fees": -3.4808716192659577,
    "spread_capture": 0.5083482448107264,
    "adverse_selection": -0.09549840050496543,
    "funding_rates": 0.0
  },
  "additional_metrics": {
    "orders_placed": 607,
    "orders_placed_buy": 303,
    "orders_placed_sell": 304,
    "maker_qty_placed": 3.4519023151127146,
    "maker_qty_filled": 0.6273795952270015,
    "maker_fill_qty_rate": 0.18174894245421766,
    "avg_fill_latency_sec": 0.18826796961765663,
    "std_fill_latency_sec": 0.1082242869656388,
    "avg_queue_position": 1.1572292008728307,
    "std_queue_position": 1.450947858396432,
    "avg_order_lifetime_sec": 0.1997516295489143,
    "std_order_lifetime_sec": 0.1006932990366394,
    "avg_competition_size": 0.6587971236046676,
    "std_competition_size": 0.12726759425450163,
    "forced_liquidations": 0,
    "avg_forced_liq_cost": 0.0,
    "std_forced_liq_cost": 0.0
  },
  "strategy": "skew_mid_spread",
  "strategy_kwargs": {
    "gamma": 0.1,
    "gamma_cap_factor": 5.0,
    "gamma_imb": 0.5,
    "gamma_inv_scale": 4.0,
    "gamma_vol_scale": 2.0,
    "gradient_penalty_ticks": 1.0,
    "gradient_threshold": 1.5,
    "k_vol": 1.3,
    "size_base": 0.01,
    "size_exp": 2.0,
    "size_min_factor": 0.1
  },
  "snapshots_processed": 1000,
  "sharpe_ratio": -1.1801589473853367,
  "capital_base": 10000.0,
  "sharpe_horizon_seconds": 60.0
}