{
  "final_pnl": 0.0366895187580667,
  "final_inventory": 0.08143921962197691,
  "fill_count": 3632,
  "max_drawdown": 3.5159110426520783,
  "pnl_attribution": {
    "inventory_moves": 0.43138112903597214,
    "fees": -0.7669110909546022,
    "spread_capture": 0.44502473315763774,
    "adverse_selection": -0.06501147481528775,
    "funding_rates": 0.0
  },
  "additional_metrics": {
    "orders_placed": 1585,
    "orders_placed_buy": 818,
    "orders_placed_sell": 767,
    "maker_qty_placed": 34.75378516309545,
    "maker_qty_filled": 0.44967085755674374,
    "maker_fill_qty_rate": 0.012938759201234945,
    "avg_fill_latency_sec": 0.0016671285000185744,
    "std_fill_latency_sec": 0.020372766668484005,
    "avg_queue_position": 0.004391711597434591,
    "std_queue_position": 0.08510700527455982,
    "avg_order_lifetime_sec": 0.0016671285000185744,
    "std_order_lifetime_sec": 0.020372766668484005,
    "avg_competition_size": 0.3531085444018445,
    "std_competition_size": 0.0707933692794118,
    "forced_liquidations": 0,
    "avg_forced_liq_cost": 0.0,
    "std_forced_liq_cost": 0.0,
    "taker_qty_hedge": 0.1857443566273547,
    "taker_qty_cross": 0.0,
    "taker_trades_hedge": 3584,
    "taker_trades_cross": 0,
    "taker_qty_total": 0.1857443566273547,
    "notional_traded_btc": 0.6354152141840995,
    "notional_traded_usdt": 10928.485267470083
  },
  "strategy": "skew_mid_spread",
  "strategy_kwargs": {
    "extra_spread_ticks": 15.0,
    "gamma": 0.12,
    "gamma_cap_factor": 5.0,
    "gamma_imb": 0.5,
    "gamma_inv_scale": 1.0,
    "gamma_vol_scale": 2.0,
    "gradient_penalty_ticks": 1.0,
    "gradient_threshold": 1.5,
    "k_vol": 4.0,
    "size_base": 0.04,
    "size_exp": 2.0,
    "size_min_factor": 0.3
  },
  "snapshots_processed": 10000,
  "sharpe_ratio": 0.002714807082860824,
  "capital_base": 10000.0,
  "sharpe_horizon_seconds": 60.0
}