{
  "final_pnl": -2.2866335965100006,
  "final_inventory": 0.005677311429086544,
  "fill_count": 305,
  "max_drawdown": 2.2866335965100006,
  "pnl_attribution": {
    "inventory_moves": -0.27823962766544,
    "fees": -2.155292095161944,
    "spread_capture": 0.20683588789326388,
    "adverse_selection": -0.052431500167384876,
    "funding_rates": 0.0
  },
  "additional_metrics": {
    "orders_placed": 527,
    "orders_placed_buy": 267,
    "orders_placed_sell": 260,
    "maker_qty_placed": 1.5173522341758992,
    "maker_qty_filled": 0.36134814939584814,
    "maker_fill_qty_rate": 0.23814388067389158,
    "avg_fill_latency_sec": 0.18015167954262723,
    "std_fill_latency_sec": 0.11569785338444652,
    "avg_queue_position": 1.5021026158043154,
    "std_queue_position": 1.7606175774973956,
    "avg_order_lifetime_sec": 0.1871797690230809,
    "std_order_lifetime_sec": 0.11208384079842353,
    "avg_competition_size": 0.6369486513376476,
    "std_competition_size": 0.12401884966275904,
    "forced_liquidations": 0,
    "avg_forced_liq_cost": 0.0,
    "std_forced_liq_cost": 0.0
  },
  "strategy": "skew_mid_spread",
  "strategy_kwargs": {
    "gamma": 0.05,
    "gamma_cap_factor": 5.0,
    "gamma_imb": 0.5,
    "gamma_inv_scale": 2.0,
    "gamma_vol_scale": 0.0,
    "gradient_penalty_ticks": 1.0,
    "gradient_threshold": 1.5,
    "k_vol": 1.0,
    "size_base": 0.005,
    "size_exp": 2.0,
    "size_min_factor": 0.3
  },
  "snapshots_processed": 1000,
  "sharpe_ratio": -1.4192186975991203,
  "capital_base": 10000.0,
  "sharpe_horizon_seconds": 60.0
}