{
  "final_pnl": -0.0611116285672324,
  "final_inventory": 0.05148579909338398,
  "fill_count": 5251,
  "max_drawdown": 3.5054362563714676,
  "pnl_attribution": {
    "inventory_moves": 0.5281425957523138,
    "fees": -1.1795660230108962,
    "spread_capture": 0.6756413968063197,
    "adverse_selection": -0.088199593480509,
    "funding_rates": 0.0
  },
  "additional_metrics": {
    "orders_placed": 1585,
    "orders_placed_buy": 820,
    "orders_placed_sell": 765,
    "maker_qty_placed": 34.761657642567194,
    "maker_qty_filled": 0.588192961756746,
    "maker_fill_qty_rate": 0.016920739735854184,
    "avg_fill_latency_sec": 0.0016329306305791539,
    "std_fill_latency_sec": 0.02016139409902008,
    "avg_queue_position": 0.006243835540710791,
    "std_queue_position": 0.14063195163415265,
    "avg_order_lifetime_sec": 0.0016329306305791539,
    "std_order_lifetime_sec": 0.02016139409902008,
    "avg_competition_size": 0.35190061344438917,
    "std_competition_size": 0.07155939671689905,
    "forced_liquidations": 0,
    "avg_forced_liq_cost": 0.0,
    "std_forced_liq_cost": 0.0,
    "taker_qty_hedge": 0.2857001413163955,
    "taker_qty_cross": 0.0,
    "taker_trades_hedge": 5183,
    "taker_trades_cross": 0,
    "taker_qty_total": 0.2857001413163955,
    "notional_traded_btc": 0.8738931030731414,
    "notional_traded_usdt": 15031.779108655168
  },
  "strategy": "skew_mid_spread",
  "strategy_kwargs": {
    "extra_spread_ticks": 20.0,
    "gamma": 0.08,
    "gamma_cap_factor": 5.0,
    "gamma_imb": 0.5,
    "gamma_inv_scale": 1.0,
    "gamma_vol_scale": 2.0,
    "gradient_penalty_ticks": 1.0,
    "gradient_threshold": 1.5,
    "k_vol": 2.0,
    "size_base": 0.04,
    "size_exp": 2.0,
    "size_min_factor": 0.3
  },
  "snapshots_processed": 10000,
  "sharpe_ratio": -0.004405491593650918,
  "capital_base": 10000.0,
  "sharpe_horizon_seconds": 60.0
}