{
  "final_pnl": -1.8221437691427127,
  "final_inventory": 0.003557495669678942,
  "fill_count": 273,
  "max_drawdown": 1.8221437691427127,
  "pnl_attribution": {
    "inventory_moves": -0.13833456749461356,
    "fees": -1.8495454494011014,
    "spread_capture": 0.2086227638215732,
    "adverse_selection": -0.04859565909414699,
    "funding_rates": 0.0
  },
  "additional_metrics": {
    "orders_placed": 532,
    "orders_placed_buy": 259,
    "orders_placed_sell": 273,
    "maker_qty_placed": 1.5288931386645856,
    "maker_qty_filled": 0.3200678519384312,
    "maker_fill_qty_rate": 0.20934612357407464,
    "avg_fill_latency_sec": 0.18390505977823765,
    "std_fill_latency_sec": 0.11420738268184645,
    "avg_queue_position": 1.0974088175641157,
    "std_queue_position": 1.3878511938190123,
    "avg_order_lifetime_sec": 0.21086708352535585,
    "std_order_lifetime_sec": 0.1307148847142567,
    "avg_competition_size": 0.625104297666715,
    "std_competition_size": 0.12013906773408559,
    "forced_liquidations": 0,
    "avg_forced_liq_cost": 0.0,
    "std_forced_liq_cost": 0.0
  },
  "strategy": "skew_mid_spread",
  "strategy_kwargs": {
    "gamma": 0.1,
    "gamma_cap_factor": 5.0,
    "gamma_imb": 0.5,
    "gamma_inv_scale": 4.0,
    "gamma_vol_scale": 2.0,
    "gradient_penalty_ticks": 1.0,
    "gradient_threshold": 1.5,
    "k_vol": 1.3,
    "size_base": 0.005,
    "size_exp": 1.0,
    "size_min_factor": 0.3
  },
  "snapshots_processed": 1000,
  "sharpe_ratio": -1.1863382244694312,
  "capital_base": 10000.0,
  "sharpe_horizon_seconds": 60.0
}