{
  "final_pnl": -15.681353821173616,
  "final_inventory": 0.04584143440693868,
  "fill_count": 293,
  "max_drawdown": 15.681353821173616,
  "pnl_attribution": {
    "inventory_moves": -0.32398691509810856,
    "fees": -15.13794541707455,
    "spread_capture": 2.172617497924752,
    "adverse_selection": -2.2924237712118822,
    "funding_rates": 0.0
  },
  "additional_metrics": {
    "orders_placed": 532,
    "orders_placed_buy": 257,
    "orders_placed_sell": 275,
    "maker_qty_placed": 12.206045325709004,
    "maker_qty_filled": 2.6774374189511505,
    "maker_fill_qty_rate": 0.219353389857712,
    "avg_fill_latency_sec": 0.18527810390178973,
    "std_fill_latency_sec": 0.11326755041162603,
    "avg_queue_position": 1.2173839337185062,
    "std_queue_position": 1.3749648684076734,
    "avg_order_lifetime_sec": 0.1986449653580344,
    "std_order_lifetime_sec": 0.10862073918747346,
    "avg_competition_size": 0.8746427641273943,
    "std_competition_size": 0.1774323648120966,
    "forced_liquidations": 12,
    "avg_forced_liq_cost": 0.156959026800784,
    "std_forced_liq_cost": 0.08671758385879351
  },
  "strategy": "skew_mid_spread",
  "strategy_kwargs": {
    "gamma": 0.1,
    "gamma_cap_factor": 5.0,
    "gamma_imb": 0.5,
    "gamma_inv_scale": 4.0,
    "gamma_vol_scale": 2.0,
    "gradient_penalty_ticks": 1.0,
    "gradient_threshold": 1.5,
    "k_vol": 1.3,
    "size_base": 0.04,
    "size_exp": 2.0,
    "size_min_factor": 0.2
  },
  "snapshots_processed": 1000,
  "sharpe_ratio": -1.2373242132438333,
  "capital_base": 10000.0,
  "sharpe_horizon_seconds": 60.0
}