{
  "final_pnl": -3.5799959256128204,
  "final_inventory": 0.008288078493374044,
  "fill_count": 282,
  "max_drawdown": 3.5799959256128204,
  "pnl_attribution": {
    "inventory_moves": -0.32601337690218285,
    "fees": -3.693807797011166,
    "spread_capture": 0.5235911924087328,
    "adverse_selection": -0.09550965906954055,
    "funding_rates": 0.0
  },
  "additional_metrics": {
    "orders_placed": 609,
    "orders_placed_buy": 303,
    "orders_placed_sell": 306,
    "maker_qty_placed": 3.461088642016237,
    "maker_qty_filled": 0.6507371840718953,
    "maker_fill_qty_rate": 0.1880151742351251,
    "avg_fill_latency_sec": 0.18552468588322768,
    "std_fill_latency_sec": 0.10975917199600746,
    "avg_queue_position": 1.1752154682708056,
    "std_queue_position": 1.4388652428011115,
    "avg_order_lifetime_sec": 0.19791974697583986,
    "std_order_lifetime_sec": 0.10200755997312762,
    "avg_competition_size": 0.6628550947613723,
    "std_competition_size": 0.126297302364363,
    "forced_liquidations": 0,
    "avg_forced_liq_cost": 0.0,
    "std_forced_liq_cost": 0.0
  },
  "strategy": "skew_mid_spread",
  "strategy_kwargs": {
    "gamma": 0.1,
    "gamma_cap_factor": 5.0,
    "gamma_imb": 0.5,
    "gamma_inv_scale": 4.0,
    "gamma_vol_scale": 2.0,
    "gradient_penalty_ticks": 1.0,
    "gradient_threshold": 1.5,
    "k_vol": 1.3,
    "size_base": 0.01,
    "size_exp": 3.0,
    "size_min_factor": 0.3
  },
  "snapshots_processed": 1000,
  "sharpe_ratio": -1.140221551273307,
  "capital_base": 10000.0,
  "sharpe_horizon_seconds": 60.0
}