{
  "final_pnl": -3.4239048566341808,
  "final_inventory": 0.024711913632899013,
  "fill_count": 173,
  "max_drawdown": 5.735606743912285,
  "pnl_attribution": {
    "inventory_moves": 0.5477204265167482,
    "fees": -5.196311690059968,
    "spread_capture": 1.513116949510239,
    "adverse_selection": -0.21759809753180195,
    "funding_rates": 0.0
  },
  "additional_metrics": {
    "orders_placed": 2958,
    "orders_placed_buy": 1538,
    "orders_placed_sell": 1420,
    "maker_qty_placed": 64.78171179619252,
    "maker_qty_filled": 1.4394259971841263,
    "maker_fill_qty_rate": 0.02221963509875525,
    "avg_fill_latency_sec": 0.18277999639511108,
    "std_fill_latency_sec": 0.11116110429067295,
    "avg_queue_position": 0.7924126792785272,
    "std_queue_position": 1.2604357417052432,
    "avg_order_lifetime_sec": 0.18277999639511108,
    "std_order_lifetime_sec": 0.11116110429067295,
    "avg_competition_size": 0.3559222262310344,
    "std_competition_size": 0.06730302239710784,
    "forced_liquidations": 0,
    "avg_forced_liq_cost": 0.0,
    "std_forced_liq_cost": 0.0,
    "taker_qty_hedge": 0.5269708564433071,
    "taker_qty_cross": 0.0,
    "taker_trades_hedge": 27,
    "taker_trades_cross": 0,
    "taker_qty_total": 0.5269708564433071,
    "notional_traded_btc": 1.9663968536274323,
    "notional_traded_usdt": 33827.39538917974
  },
  "strategy": "skew_mid_spread",
  "strategy_kwargs": {
    "extra_spread_ticks": 34.0,
    "gamma": 0.2,
    "gamma_cap_factor": 5.0,
    "gamma_imb": 0.5,
    "gamma_inv_scale": 1.0,
    "gamma_vol_scale": 2.0,
    "gradient_penalty_ticks": 1.0,
    "gradient_threshold": 1.5,
    "k_vol": 8.0,
    "size_base": 0.04,
    "size_exp": 2.0,
    "size_min_factor": 0.3
  },
  "snapshots_processed": 10000,
  "sharpe_ratio": -0.2381989266546259,
  "capital_base": 10000.0,
  "sharpe_horizon_seconds": 60.0
}