{
  "final_pnl": -1.6154189947137638,
  "final_inventory": 0.00397390567844599,
  "fill_count": 262,
  "max_drawdown": 1.6154189947137638,
  "pnl_attribution": {
    "inventory_moves": -0.10284521276664488,
    "fees": -1.7140792535218898,
    "spread_capture": 0.24338492562994038,
    "adverse_selection": -0.04730035224679777,
    "funding_rates": 0.0
  },
  "additional_metrics": {
    "orders_placed": 527,
    "orders_placed_buy": 256,
    "orders_placed_sell": 271,
    "maker_qty_placed": 1.5132919015173807,
    "maker_qty_filled": 0.3119570058489134,
    "maker_fill_qty_rate": 0.2061446344463441,
    "avg_fill_latency_sec": 0.18869999567667642,
    "std_fill_latency_sec": 0.11180099780879066,
    "avg_queue_position": 1.0868375200719258,
    "std_queue_position": 1.3552047747365359,
    "avg_order_lifetime_sec": 0.20875999450683594,
    "std_order_lifetime_sec": 0.11356329407247764,
    "avg_competition_size": 0.6367668129948888,
    "std_competition_size": 0.12316780393508105,
    "forced_liquidations": 0,
    "avg_forced_liq_cost": 0.0,
    "std_forced_liq_cost": 0.0
  },
  "strategy": "skew_mid_spread",
  "strategy_kwargs": {
    "gamma": 0.1,
    "gamma_cap_factor": 5.0,
    "gamma_imb": 0.5,
    "gamma_inv_scale": 4.0,
    "gamma_vol_scale": 2.0,
    "gradient_penalty_ticks": 1.0,
    "gradient_threshold": 1.5,
    "k_vol": 1.3,
    "size_base": 0.005,
    "size_exp": 3.0,
    "size_min_factor": 0.2
  },
  "snapshots_processed": 1000,
  "sharpe_ratio": -1.1385441184635563,
  "capital_base": 10000.0,
  "sharpe_horizon_seconds": 60.0
}