{
  "final_pnl": -3.2589691861030587,
  "final_inventory": 0.0036783228269274956,
  "fill_count": 276,
  "max_drawdown": 3.2589691861030587,
  "pnl_attribution": {
    "inventory_moves": -0.2532479997092731,
    "fees": -3.4784835016677906,
    "spread_capture": 0.5768778930786699,
    "adverse_selection": -0.09732487407365734,
    "funding_rates": 0.0
  },
  "additional_metrics": {
    "orders_placed": 537,
    "orders_placed_buy": 262,
    "orders_placed_sell": 275,
    "maker_qty_placed": 3.081733975901545,
    "maker_qty_filled": 0.6667299931141604,
    "maker_fill_qty_rate": 0.2163489770135373,
    "avg_fill_latency_sec": 0.1975256357437525,
    "std_fill_latency_sec": 0.1134974533886424,
    "avg_queue_position": 1.2049933698313942,
    "std_queue_position": 1.4408898813693236,
    "avg_order_lifetime_sec": 0.21039742842698708,
    "std_order_lifetime_sec": 0.10802602967646968,
    "avg_competition_size": 0.6774013534580553,
    "std_competition_size": 0.1316629331031406,
    "forced_liquidations": 0,
    "avg_forced_liq_cost": 0.0,
    "std_forced_liq_cost": 0.0
  },
  "strategy": "skew_mid_spread",
  "strategy_kwargs": {
    "gamma": 0.1,
    "gamma_cap_factor": 5.0,
    "gamma_imb": 0.5,
    "gamma_inv_scale": 4.0,
    "gamma_vol_scale": 2.0,
    "gradient_penalty_ticks": 1.0,
    "gradient_threshold": 1.5,
    "k_vol": 1.3,
    "size_base": 0.01,
    "size_exp": 2.0,
    "size_min_factor": 0.3
  },
  "snapshots_processed": 1000,
  "sharpe_ratio": -1.2208596636200906,
  "capital_base": 10000.0,
  "sharpe_horizon_seconds": 60.0
}