{
  "final_pnl": -1.0389723238913575,
  "final_inventory": 0.04631107361857015,
  "fill_count": 211,
  "max_drawdown": 3.817268382590555,
  "pnl_attribution": {
    "inventory_moves": -0.14340025518980287,
    "fees": -2.4112182118195946,
    "spread_capture": 1.8872126113522414,
    "adverse_selection": -0.26351815134165085,
    "funding_rates": 0.0
  },
  "additional_metrics": {
    "orders_placed": 2937,
    "orders_placed_buy": 1514,
    "orders_placed_sell": 1423,
    "maker_qty_placed": 64.26388669390057,
    "maker_qty_filled": 1.715606686193894,
    "maker_fill_qty_rate": 0.02669627958180634,
    "avg_fill_latency_sec": 0.1864628102168564,
    "std_fill_latency_sec": 0.10943846488739972,
    "avg_queue_position": 0.7264948138122553,
    "std_queue_position": 1.243997939887991,
    "avg_order_lifetime_sec": 0.1864628102168564,
    "std_order_lifetime_sec": 0.10943846488739972,
    "avg_competition_size": 0.35567652743798434,
    "std_competition_size": 0.06530577493059539,
    "forced_liquidations": 0,
    "avg_forced_liq_cost": 0.0,
    "std_forced_liq_cost": 0.0,
    "taker_qty_hedge": 0.583816063018202,
    "taker_qty_cross": 0.0,
    "taker_trades_hedge": 31,
    "taker_trades_cross": 0,
    "taker_qty_total": 0.583816063018202,
    "notional_traded_btc": 2.2994227492120958,
    "notional_traded_usdt": 39557.99987938598
  },
  "strategy": "skew_mid_spread",
  "strategy_kwargs": {
    "extra_spread_ticks": 10.0,
    "gamma": 0.08,
    "gamma_cap_factor": 5.0,
    "gamma_imb": 0.5,
    "gamma_inv_scale": 1.0,
    "gamma_vol_scale": 2.0,
    "gradient_penalty_ticks": 1.0,
    "gradient_threshold": 1.5,
    "k_vol": 2.0,
    "size_base": 0.04,
    "size_exp": 2.0,
    "size_min_factor": 0.3
  },
  "snapshots_processed": 10000,
  "sharpe_ratio": -0.09349856248128151,
  "capital_base": 10000.0,
  "sharpe_horizon_seconds": 60.0
}