{
  "final_pnl": -1.9397791507180955,
  "final_inventory": 0.024713089359922998,
  "fill_count": 95,
  "max_drawdown": 3.235946652472194,
  "pnl_attribution": {
    "inventory_moves": -1.8993646270744944,
    "fees": -0.5515063131469237,
    "spread_capture": 0.6475466368075725,
    "adverse_selection": -0.11519899805038598,
    "funding_rates": 0.0
  },
  "additional_metrics": {
    "orders_placed": 2064,
    "orders_placed_buy": 1073,
    "orders_placed_sell": 991,
    "maker_qty_placed": 45.10340795960629,
    "maker_qty_filled": 0.7763533678383914,
    "maker_fill_qty_rate": 0.017212742960214404,
    "avg_fill_latency_sec": 0.20725001280124372,
    "std_fill_latency_sec": 0.09481924193598809,
    "avg_queue_position": 0.9980057249367789,
    "std_queue_position": 1.3941100039191043,
    "avg_order_lifetime_sec": 0.20725001280124372,
    "std_order_lifetime_sec": 0.09481924193598809,
    "avg_competition_size": 0.3528320203093819,
    "std_competition_size": 0.06892497085216914,
    "forced_liquidations": 0,
    "avg_forced_liq_cost": 0.0,
    "std_forced_liq_cost": 0.0,
    "taker_qty_hedge": 0.13356395989778386,
    "taker_qty_cross": 0.0,
    "taker_trades_hedge": 9,
    "taker_trades_cross": 0,
    "taker_qty_total": 0.13356395989778386,
    "notional_traded_btc": 0.9099173277361752,
    "notional_traded_usdt": 15652.005021878047
  },
  "strategy": "skew_mid_spread",
  "strategy_kwargs": {
    "extra_spread_ticks": 20.0,
    "gamma": 0.12,
    "gamma_cap_factor": 5.0,
    "gamma_imb": 0.5,
    "gamma_inv_scale": 1.0,
    "gamma_vol_scale": 2.0,
    "gradient_penalty_ticks": 1.0,
    "gradient_threshold": 1.5,
    "k_vol": 4.0,
    "size_base": 0.04,
    "size_exp": 2.0,
    "size_min_factor": 0.3
  },
  "snapshots_processed": 10000,
  "sharpe_ratio": -0.205742653701841,
  "capital_base": 10000.0,
  "sharpe_horizon_seconds": 60.0
}