{
  "final_pnl": -1.7027917306186282,
  "final_inventory": 0.003218918295537584,
  "fill_count": 266,
  "max_drawdown": 1.7027917306186282,
  "pnl_attribution": {
    "inventory_moves": -0.10007650469881964,
    "fees": -1.776920011518768,
    "spread_capture": 0.21957390360646759,
    "adverse_selection": -0.048867006866968696,
    "funding_rates": 0.0
  },
  "additional_metrics": {
    "orders_placed": 531,
    "orders_placed_buy": 259,
    "orders_placed_sell": 272,
    "maker_qty_placed": 1.5231911856473,
    "maker_qty_filled": 0.3199225412049756,
    "maker_fill_qty_rate": 0.21003439635125012,
    "avg_fill_latency_sec": 0.18662090862498565,
    "std_fill_latency_sec": 0.11286465762447517,
    "avg_queue_position": 1.0846245780510486,
    "std_queue_position": 1.396322804701335,
    "avg_order_lifetime_sec": 0.21119607040305544,
    "std_order_lifetime_sec": 0.1218785402222803,
    "avg_competition_size": 0.6358347682116852,
    "std_competition_size": 0.12435381610894604,
    "forced_liquidations": 0,
    "avg_forced_liq_cost": 0.0,
    "std_forced_liq_cost": 0.0
  },
  "strategy": "skew_mid_spread",
  "strategy_kwargs": {
    "gamma": 0.1,
    "gamma_cap_factor": 5.0,
    "gamma_imb": 0.5,
    "gamma_inv_scale": 4.0,
    "gamma_vol_scale": 2.0,
    "gradient_penalty_ticks": 1.0,
    "gradient_threshold": 1.5,
    "k_vol": 1.3,
    "size_base": 0.005,
    "size_exp": 2.0,
    "size_min_factor": 0.1
  },
  "snapshots_processed": 1000,
  "sharpe_ratio": -1.1230809226163474,
  "capital_base": 10000.0,
  "sharpe_horizon_seconds": 60.0
}