{
  "final_pnl": -0.3196748829068383,
  "final_inventory": 0.01588191492116627,
  "fill_count": 36,
  "max_drawdown": 0.5384875021591142,
  "pnl_attribution": {
    "inventory_moves": -0.29034946760457087,
    "fees": -0.07547458229800216,
    "spread_capture": 0.0586954341479701,
    "adverse_selection": -0.006596393728860787,
    "funding_rates": 0.0
  },
  "additional_metrics": {
    "orders_placed": 1586,
    "orders_placed_buy": 820,
    "orders_placed_sell": 766,
    "maker_qty_placed": 4.354670397718749,
    "maker_qty_filled": 0.04388140749251498,
    "maker_fill_qty_rate": 0.010076860814885744,
    "avg_fill_latency_sec": 0.2506110800637139,
    "std_fill_latency_sec": 0.0007556243578316234,
    "avg_queue_position": 0.9972655893163308,
    "std_queue_position": 0.952403510463701,
    "avg_order_lifetime_sec": 0.2506110800637139,
    "std_order_lifetime_sec": 0.0007556243578316234,
    "avg_competition_size": 0.2600298831424087,
    "std_competition_size": 0.050110060327210604,
    "forced_liquidations": 0,
    "avg_forced_liq_cost": 0.0,
    "std_forced_liq_cost": 0.0,
    "taker_qty_hedge": 0.0,
    "taker_qty_cross": 0.0,
    "taker_trades_hedge": 0,
    "taker_trades_cross": 0,
    "taker_qty_total": 0.0,
    "notional_traded_btc": 0.04388140749251498,
    "notional_traded_usdt": 754.7458229800214
  },
  "strategy": "skew_mid_spread",
  "strategy_kwargs": {
    "extra_spread_ticks": 24.0,
    "gamma": 0.08,
    "gamma_cap_factor": 5.0,
    "gamma_imb": 0.5,
    "gamma_inv_scale": 4.0,
    "gamma_vol_scale": 0.0,
    "gradient_penalty_ticks": 1.0,
    "gradient_threshold": 1.5,
    "k_vol": 8.0,
    "size_base": 0.005,
    "size_exp": 2.0,
    "size_min_factor": 0.3
  },
  "snapshots_processed": 10000,
  "sharpe_ratio": -0.22453241482783273,
  "capital_base": 10000.0,
  "sharpe_horizon_seconds": 60.0
}