{
  "final_pnl": -1.6685496324025735,
  "final_inventory": 0.0037045621095272924,
  "fill_count": 267,
  "max_drawdown": 1.6685496324025735,
  "pnl_attribution": {
    "inventory_moves": -0.10218255841101978,
    "fees": -1.751837548920852,
    "spread_capture": 0.22995318742442855,
    "adverse_selection": -0.04693206999530396,
    "funding_rates": 0.0
  },
  "additional_metrics": {
    "orders_placed": 531,
    "orders_placed_buy": 259,
    "orders_placed_sell": 272,
    "maker_qty_placed": 1.5243520693959027,
    "maker_qty_filled": 0.31690133371595375,
    "maker_fill_qty_rate": 0.20789248106019304,
    "avg_fill_latency_sec": 0.18825489555309022,
    "std_fill_latency_sec": 0.11195706993766172,
    "avg_queue_position": 1.134399158069145,
    "std_queue_position": 1.4108951481458418,
    "avg_order_lifetime_sec": 0.2111895349290636,
    "std_order_lifetime_sec": 0.12187643883518795,
    "avg_competition_size": 0.6370434781719648,
    "std_competition_size": 0.12036693426763274,
    "forced_liquidations": 0,
    "avg_forced_liq_cost": 0.0,
    "std_forced_liq_cost": 0.0
  },
  "strategy": "skew_mid_spread",
  "strategy_kwargs": {
    "gamma": 0.1,
    "gamma_cap_factor": 5.0,
    "gamma_imb": 0.5,
    "gamma_inv_scale": 4.0,
    "gamma_vol_scale": 2.0,
    "gradient_penalty_ticks": 1.0,
    "gradient_threshold": 1.5,
    "k_vol": 1.3,
    "size_base": 0.005,
    "size_exp": 1.0,
    "size_min_factor": 0.2
  },
  "snapshots_processed": 1000,
  "sharpe_ratio": -1.1256977225498561,
  "capital_base": 10000.0,
  "sharpe_horizon_seconds": 60.0
}