{
  "final_pnl": -0.4890161435796472,
  "final_inventory": 0.03600825658325976,
  "fill_count": 100,
  "max_drawdown": 3.249182947945883,
  "pnl_attribution": {
    "inventory_moves": -0.4013666638264249,
    "fees": -0.9111589574113859,
    "spread_capture": 0.9621745777827864,
    "adverse_selection": -0.11696796523876372,
    "funding_rates": 0.0
  },
  "additional_metrics": {
    "orders_placed": 2062,
    "orders_placed_buy": 1070,
    "orders_placed_sell": 992,
    "maker_qty_placed": 45.05498768902665,
    "maker_qty_filled": 0.7835932261372376,
    "maker_fill_qty_rate": 0.017391930756826848,
    "avg_fill_latency_sec": 0.19687499744551523,
    "std_fill_latency_sec": 0.10281676744446762,
    "avg_queue_position": 0.5901474786906361,
    "std_queue_position": 0.9218775240748193,
    "avg_order_lifetime_sec": 0.19687499744551523,
    "std_order_lifetime_sec": 0.10281676744446762,
    "avg_competition_size": 0.35397816718360897,
    "std_competition_size": 0.06785080164462381,
    "forced_liquidations": 0,
    "avg_forced_liq_cost": 0.0,
    "std_forced_liq_cost": 0.0,
    "taker_qty_hedge": 0.22063375514951364,
    "taker_qty_cross": 0.0,
    "taker_trades_hedge": 12,
    "taker_trades_cross": 0,
    "taker_qty_total": 0.22063375514951364,
    "notional_traded_btc": 1.0042269812867515,
    "notional_traded_usdt": 17275.828598025953
  },
  "strategy": "skew_mid_spread",
  "strategy_kwargs": {
    "extra_spread_ticks": 15.0,
    "gamma": 0.08,
    "gamma_cap_factor": 5.0,
    "gamma_imb": 0.5,
    "gamma_inv_scale": 1.0,
    "gamma_vol_scale": 2.0,
    "gradient_penalty_ticks": 1.0,
    "gradient_threshold": 1.5,
    "k_vol": 4.0,
    "size_base": 0.04,
    "size_exp": 2.0,
    "size_min_factor": 0.3
  },
  "snapshots_processed": 10000,
  "sharpe_ratio": -0.04248481583919217,
  "capital_base": 10000.0,
  "sharpe_horizon_seconds": 60.0
}