{
  "final_pnl": -0.12924055872099416,
  "final_inventory": 0.03806025041846557,
  "fill_count": 44,
  "max_drawdown": 1.0687516720045096,
  "pnl_attribution": {
    "inventory_moves": -0.0653111063309157,
    "fees": -0.09932141505367305,
    "spread_capture": 0.04819822333364342,
    "adverse_selection": -0.008154411175027904,
    "funding_rates": 0.0
  },
  "additional_metrics": {
    "orders_placed": 1585,
    "orders_placed_buy": 818,
    "orders_placed_sell": 767,
    "maker_qty_placed": 4.3508976292145825,
    "maker_qty_filled": 0.0577502777926127,
    "maker_fill_qty_rate": 0.01327318698671329,
    "avg_fill_latency_sec": 0.25059089877388696,
    "std_fill_latency_sec": 0.0005767535766801306,
    "avg_queue_position": 1.2325888169617862,
    "std_queue_position": 1.7963347280589872,
    "avg_order_lifetime_sec": 0.25059089877388696,
    "std_order_lifetime_sec": 0.0005767535766801306,
    "avg_competition_size": 0.2592810490629092,
    "std_competition_size": 0.04867236030138833,
    "forced_liquidations": 0,
    "avg_forced_liq_cost": 0.0,
    "std_forced_liq_cost": 0.0,
    "taker_qty_hedge": 0.0,
    "taker_qty_cross": 0.0,
    "taker_trades_hedge": 0,
    "taker_trades_cross": 0,
    "taker_qty_total": 0.0,
    "notional_traded_btc": 0.0577502777926127,
    "notional_traded_usdt": 993.2141505367306
  },
  "strategy": "skew_mid_spread",
  "strategy_kwargs": {
    "extra_spread_ticks": 24.0,
    "gamma": 0.12,
    "gamma_cap_factor": 5.0,
    "gamma_imb": 0.5,
    "gamma_inv_scale": 2.0,
    "gamma_vol_scale": 0.0,
    "gradient_penalty_ticks": 1.0,
    "gradient_threshold": 1.5,
    "k_vol": 8.0,
    "size_base": 0.005,
    "size_exp": 2.0,
    "size_min_factor": 0.3
  },
  "snapshots_processed": 10000,
  "sharpe_ratio": -0.03280658030588588,
  "capital_base": 10000.0,
  "sharpe_horizon_seconds": 60.0
}