{
  "final_pnl": -7.8997739408023335,
  "final_inventory": 0.010280396398072147,
  "fill_count": 287,
  "max_drawdown": 7.8997739408023335,
  "pnl_attribution": {
    "inventory_moves": -0.7319462889579068,
    "fees": -7.862855997665484,
    "spread_capture": 0.9017898293808022,
    "adverse_selection": -0.20275456345518136,
    "funding_rates": 0.0
  },
  "additional_metrics": {
    "orders_placed": 539,
    "orders_placed_buy": 265,
    "orders_placed_sell": 274,
    "maker_qty_placed": 6.190900045500135,
    "maker_qty_filled": 1.3097127891078058,
    "maker_fill_qty_rate": 0.21155450410797255,
    "avg_fill_latency_sec": 0.18299999636804273,
    "std_fill_latency_sec": 0.11772341299771048,
    "avg_queue_position": 1.130172260614947,
    "std_queue_position": 1.3961160519067417,
    "avg_order_lifetime_sec": 0.1995209534011201,
    "std_order_lifetime_sec": 0.12117378853065917,
    "avg_competition_size": 0.737436061667408,
    "std_competition_size": 0.14728303798965572,
    "forced_liquidations": 0,
    "avg_forced_liq_cost": 0.0,
    "std_forced_liq_cost": 0.0
  },
  "strategy": "skew_mid_spread",
  "strategy_kwargs": {
    "gamma": 0.1,
    "gamma_cap_factor": 5.0,
    "gamma_imb": 0.5,
    "gamma_inv_scale": 4.0,
    "gamma_vol_scale": 2.0,
    "gradient_penalty_ticks": 1.0,
    "gradient_threshold": 1.5,
    "k_vol": 1.3,
    "size_base": 0.02,
    "size_exp": 1.0,
    "size_min_factor": 0.3
  },
  "snapshots_processed": 1000,
  "sharpe_ratio": -1.2308010920765284,
  "capital_base": 10000.0,
  "sharpe_horizon_seconds": 60.0
}