{
  "final_pnl": -1.535858527298842,
  "final_inventory": 0.0004088460180031667,
  "fill_count": 256,
  "max_drawdown": 1.535858527298842,
  "pnl_attribution": {
    "inventory_moves": -0.09364104598854207,
    "fees": -1.6585707504469367,
    "spread_capture": 0.26442015001109925,
    "adverse_selection": -0.04696556887636277,
    "funding_rates": 0.0
  },
  "additional_metrics": {
    "orders_placed": 531,
    "orders_placed_buy": 258,
    "orders_placed_sell": 273,
    "maker_qty_placed": 1.5252369058543565,
    "maker_qty_filled": 0.30663029359352967,
    "maker_fill_qty_rate": 0.2010378141366647,
    "avg_fill_latency_sec": 0.19042465131576747,
    "std_fill_latency_sec": 0.11089238298896048,
    "avg_queue_position": 1.0847473222630117,
    "std_queue_position": 1.3544296063667955,
    "avg_order_lifetime_sec": 0.20417807363484003,
    "std_order_lifetime_sec": 0.10576036579905905,
    "avg_competition_size": 0.6358131299451668,
    "std_competition_size": 0.11955182232854183,
    "forced_liquidations": 0,
    "avg_forced_liq_cost": 0.0,
    "std_forced_liq_cost": 0.0
  },
  "strategy": "skew_mid_spread",
  "strategy_kwargs": {
    "gamma": 0.1,
    "gamma_cap_factor": 5.0,
    "gamma_imb": 0.5,
    "gamma_inv_scale": 4.0,
    "gamma_vol_scale": 2.0,
    "gradient_penalty_ticks": 1.0,
    "gradient_threshold": 1.5,
    "k_vol": 1.3,
    "size_base": 0.005,
    "size_exp": 3.0,
    "size_min_factor": 0.3
  },
  "snapshots_processed": 1000,
  "sharpe_ratio": -1.121077444296248,
  "capital_base": 10000.0,
  "sharpe_horizon_seconds": 60.0
}