{
  "final_pnl": -6.929218418270466,
  "final_inventory": 0.011532327858490229,
  "fill_count": 274,
  "max_drawdown": 6.929218418270466,
  "pnl_attribution": {
    "inventory_moves": -0.5210011276327651,
    "fees": -7.222128277888794,
    "spread_capture": 0.9899005777055602,
    "adverse_selection": -0.19603142619147162,
    "funding_rates": 0.0
  },
  "additional_metrics": {
    "orders_placed": 605,
    "orders_placed_buy": 300,
    "orders_placed_sell": 305,
    "maker_qty_placed": 6.882001753255597,
    "maker_qty_filled": 1.2799979158104051,
    "maker_fill_qty_rate": 0.1859920938271906,
    "avg_fill_latency_sec": 0.18670700310142177,
    "std_fill_latency_sec": 0.1091711814438372,
    "avg_queue_position": 1.1655506485602363,
    "std_queue_position": 1.4081084842015401,
    "avg_order_lifetime_sec": 0.19789808570959005,
    "std_order_lifetime_sec": 0.10209450820448808,
    "avg_competition_size": 0.7300131705066256,
    "std_competition_size": 0.14525118035356202,
    "forced_liquidations": 0,
    "avg_forced_liq_cost": 0.0,
    "std_forced_liq_cost": 0.0
  },
  "strategy": "skew_mid_spread",
  "strategy_kwargs": {
    "gamma": 0.1,
    "gamma_cap_factor": 5.0,
    "gamma_imb": 0.5,
    "gamma_inv_scale": 4.0,
    "gamma_vol_scale": 2.0,
    "gradient_penalty_ticks": 1.0,
    "gradient_threshold": 1.5,
    "k_vol": 1.3,
    "size_base": 0.02,
    "size_exp": 2.0,
    "size_min_factor": 0.1
  },
  "snapshots_processed": 1000,
  "sharpe_ratio": -1.1458919733143011,
  "capital_base": 10000.0,
  "sharpe_horizon_seconds": 60.0
}