{
  "final_pnl": -1.754983068223737,
  "final_inventory": 0.004491576153957788,
  "fill_count": 266,
  "max_drawdown": 1.754983068223737,
  "pnl_attribution": {
    "inventory_moves": -0.13759004624789967,
    "fees": -1.8156920129725038,
    "spread_capture": 0.24238860719959063,
    "adverse_selection": -0.047271983866167655,
    "funding_rates": 0.0
  },
  "additional_metrics": {
    "orders_placed": 606,
    "orders_placed_buy": 301,
    "orders_placed_sell": 305,
    "maker_qty_placed": 1.7227839745142346,
    "maker_qty_filled": 0.3138818968402294,
    "maker_fill_qty_rate": 0.1821945766176129,
    "avg_fill_latency_sec": 0.1821493436763813,
    "std_fill_latency_sec": 0.11154439501814797,
    "avg_queue_position": 1.1001268183227966,
    "std_queue_position": 1.4087002101925719,
    "avg_order_lifetime_sec": 0.19518830404653179,
    "std_order_lifetime_sec": 0.10389884587359913,
    "avg_competition_size": 0.6392213671160305,
    "std_competition_size": 0.12199060779195302,
    "forced_liquidations": 0,
    "avg_forced_liq_cost": 0.0,
    "std_forced_liq_cost": 0.0
  },
  "strategy": "skew_mid_spread",
  "strategy_kwargs": {
    "gamma": 0.1,
    "gamma_cap_factor": 5.0,
    "gamma_imb": 0.5,
    "gamma_inv_scale": 4.0,
    "gamma_vol_scale": 2.0,
    "gradient_penalty_ticks": 1.0,
    "gradient_threshold": 1.5,
    "k_vol": 1.3,
    "size_base": 0.005,
    "size_exp": 1.0,
    "size_min_factor": 0.2
  },
  "snapshots_processed": 1000,
  "sharpe_ratio": -1.0809274029405402,
  "capital_base": 10000.0,
  "sharpe_horizon_seconds": 60.0
}