{
  "final_pnl": 0.2144882956526999,
  "final_inventory": 0.06287109155933021,
  "fill_count": 64,
  "max_drawdown": 2.8390080936278537,
  "pnl_attribution": {
    "inventory_moves": 0.09409018392457079,
    "fees": -0.3866663314494998,
    "spread_capture": 0.6225122092181529,
    "adverse_selection": -0.07945088326046199,
    "funding_rates": 0.0
  },
  "additional_metrics": {
    "orders_placed": 1586,
    "orders_placed_buy": 819,
    "orders_placed_sell": 767,
    "maker_qty_placed": 34.80397922644977,
    "maker_qty_filled": 0.5328662017688213,
    "maker_fill_qty_rate": 0.015310496489546866,
    "avg_fill_latency_sec": 0.2076857089996338,
    "std_fill_latency_sec": 0.09446987835899848,
    "avg_queue_position": 0.871901816191769,
    "std_queue_position": 1.072547887668781,
    "avg_order_lifetime_sec": 0.2076857089996338,
    "std_order_lifetime_sec": 0.09446987835899848,
    "avg_competition_size": 0.35172403104302347,
    "std_competition_size": 0.06936162091805922,
    "forced_liquidations": 0,
    "avg_forced_liq_cost": 0.0,
    "std_forced_liq_cost": 0.0,
    "taker_qty_hedge": 0.09368317811917946,
    "taker_qty_cross": 0.0,
    "taker_trades_hedge": 6,
    "taker_trades_cross": 0,
    "taker_qty_total": 0.09368317811917946,
    "notional_traded_btc": 0.6265493798880006,
    "notional_traded_usdt": 10776.304241280523
  },
  "strategy": "skew_mid_spread",
  "strategy_kwargs": {
    "extra_spread_ticks": 25.0,
    "gamma": 0.08,
    "gamma_cap_factor": 5.0,
    "gamma_imb": 0.5,
    "gamma_inv_scale": 1.0,
    "gamma_vol_scale": 2.0,
    "gradient_penalty_ticks": 1.0,
    "gradient_threshold": 1.5,
    "k_vol": 6.0,
    "size_base": 0.04,
    "size_exp": 2.0,
    "size_min_factor": 0.3
  },
  "snapshots_processed": 10000,
  "sharpe_ratio": 0.016328099262724906,
  "capital_base": 10000.0,
  "sharpe_horizon_seconds": 60.0
}