{
  "final_pnl": -22.991128497387763,
  "final_inventory": 0.03104197900349999,
  "fill_count": 313,
  "max_drawdown": 22.991128497387763,
  "pnl_attribution": {
    "inventory_moves": -0.16120245711819317,
    "fees": -18.075649103528345,
    "spread_capture": 1.8823735740492273,
    "adverse_selection": -6.365354680214415,
    "funding_rates": 0.0
  },
  "additional_metrics": {
    "orders_placed": 606,
    "orders_placed_buy": 302,
    "orders_placed_sell": 304,
    "maker_qty_placed": 13.770395170522116,
    "maker_qty_filled": 2.7322633248984527,
    "maker_fill_qty_rate": 0.19841575285706609,
    "avg_fill_latency_sec": 0.16215262914958753,
    "std_fill_latency_sec": 0.11967760403816899,
    "avg_queue_position": 1.0675196967231573,
    "std_queue_position": 1.3622664948759915,
    "avg_order_lifetime_sec": 0.1700842079363371,
    "std_order_lifetime_sec": 0.11696073504249109,
    "avg_competition_size": 0.8775598834912757,
    "std_competition_size": 0.17868150789573312,
    "forced_liquidations": 34,
    "avg_forced_liq_cost": 0.17499157232549803,
    "std_forced_liq_cost": 0.09804614538252526
  },
  "strategy": "skew_mid_spread",
  "strategy_kwargs": {
    "gamma": 0.1,
    "gamma_cap_factor": 5.0,
    "gamma_imb": 0.5,
    "gamma_inv_scale": 4.0,
    "gamma_vol_scale": 2.0,
    "gradient_penalty_ticks": 1.0,
    "gradient_threshold": 1.5,
    "k_vol": 1.3,
    "size_base": 0.04,
    "size_exp": 3.0,
    "size_min_factor": 0.2
  },
  "snapshots_processed": 1000,
  "sharpe_ratio": -1.38018036732455,
  "capital_base": 10000.0,
  "sharpe_horizon_seconds": 60.0
}