{
  "final_pnl": -16.132462691948604,
  "final_inventory": 0.020737842939949673,
  "fill_count": 295,
  "max_drawdown": 16.132462691948604,
  "pnl_attribution": {
    "inventory_moves": -1.293129371560338,
    "fees": -16.047863791506867,
    "spread_capture": 2.350704340652397,
    "adverse_selection": -1.1122277892814776,
    "funding_rates": 0.0
  },
  "additional_metrics": {
    "orders_placed": 611,
    "orders_placed_buy": 306,
    "orders_placed_sell": 305,
    "maker_qty_placed": 13.881157442975411,
    "maker_qty_filled": 2.6930116824501407,
    "maker_fill_qty_rate": 0.19400483666532756,
    "avg_fill_latency_sec": 0.17915115938630216,
    "std_fill_latency_sec": 0.11307694401321575,
    "avg_queue_position": 1.213058794834961,
    "std_queue_position": 1.403042220416709,
    "avg_order_lifetime_sec": 0.1879127871158511,
    "std_order_lifetime_sec": 0.10849449706061198,
    "avg_competition_size": 0.8756436215293503,
    "std_competition_size": 0.17489179803087185,
    "forced_liquidations": 5,
    "avg_forced_liq_cost": 0.13915033438290988,
    "std_forced_liq_cost": 0.05959401640473612
  },
  "strategy": "skew_mid_spread",
  "strategy_kwargs": {
    "gamma": 0.1,
    "gamma_cap_factor": 5.0,
    "gamma_imb": 0.5,
    "gamma_inv_scale": 4.0,
    "gamma_vol_scale": 2.0,
    "gradient_penalty_ticks": 1.0,
    "gradient_threshold": 1.5,
    "k_vol": 1.3,
    "size_base": 0.04,
    "size_exp": 2.0,
    "size_min_factor": 0.1
  },
  "snapshots_processed": 1000,
  "sharpe_ratio": -1.1665058773726467,
  "capital_base": 10000.0,
  "sharpe_horizon_seconds": 60.0
}