{
  "final_pnl": -2.9237781437986996,
  "final_inventory": 0.021706500452922148,
  "fill_count": 1819,
  "max_drawdown": 3.758509001139828,
  "pnl_attribution": {
    "inventory_moves": -3.1149391952673655,
    "fees": -0.4897686941376556,
    "spread_capture": 0.8083597480601923,
    "adverse_selection": -0.11243760275011455,
    "funding_rates": 0.0
  },
  "additional_metrics": {
    "orders_placed": 2066,
    "orders_placed_buy": 1072,
    "orders_placed_sell": 994,
    "maker_qty_placed": 45.12841384676429,
    "maker_qty_filled": 0.7472814087013755,
    "maker_fill_qty_rate": 0.016559000084487917,
    "avg_fill_latency_sec": 0.005632377729582076,
    "std_fill_latency_sec": 0.03713758784035109,
    "avg_queue_position": 0.01840562231916682,
    "std_queue_position": 0.21511237220739135,
    "avg_order_lifetime_sec": 0.005632377729582076,
    "std_order_lifetime_sec": 0.03713758784035109,
    "avg_competition_size": 0.353185678942491,
    "std_competition_size": 0.06779074988441586,
    "forced_liquidations": 0,
    "avg_forced_liq_cost": 0.0,
    "std_forced_liq_cost": 0.0,
    "taker_qty_hedge": 0.11861999358187221,
    "taker_qty_cross": 0.0,
    "taker_trades_hedge": 1739,
    "taker_trades_cross": 0,
    "taker_qty_total": 0.11861999358187221,
    "notional_traded_btc": 0.8659014022832481,
    "notional_traded_usdt": 14894.21775469635
  },
  "strategy": "skew_mid_spread",
  "strategy_kwargs": {
    "extra_spread_ticks": 15.0,
    "gamma": 0.12,
    "gamma_cap_factor": 5.0,
    "gamma_imb": 0.5,
    "gamma_inv_scale": 1.0,
    "gamma_vol_scale": 2.0,
    "gradient_penalty_ticks": 1.0,
    "gradient_threshold": 1.5,
    "k_vol": 6.0,
    "size_base": 0.04,
    "size_exp": 2.0,
    "size_min_factor": 0.3
  },
  "snapshots_processed": 10000,
  "sharpe_ratio": -0.3148126086736197,
  "capital_base": 10000.0,
  "sharpe_horizon_seconds": 60.0
}