{
  "final_pnl": -3.1030686957692524,
  "final_inventory": 0.007015708178197139,
  "fill_count": 259,
  "max_drawdown": 3.1030686957692524,
  "pnl_attribution": {
    "inventory_moves": -0.19286478361368825,
    "fees": -3.365663932551709,
    "spread_capture": 0.5429996974067479,
    "adverse_selection": -0.09292270656855783,
    "funding_rates": 0.0
  },
  "additional_metrics": {
    "orders_placed": 530,
    "orders_placed_buy": 259,
    "orders_placed_sell": 271,
    "maker_qty_placed": 3.0428781621891474,
    "maker_qty_filled": 0.6082724469195762,
    "maker_fill_qty_rate": 0.199900362255045,
    "avg_fill_latency_sec": 0.1895540485510955,
    "std_fill_latency_sec": 0.11135997492047842,
    "avg_queue_position": 1.1039140518481565,
    "std_queue_position": 1.34437550270843,
    "avg_order_lifetime_sec": 0.20988512844652743,
    "std_order_lifetime_sec": 0.11297491167233747,
    "avg_competition_size": 0.6660693172005804,
    "std_competition_size": 0.13006394330424345,
    "forced_liquidations": 0,
    "avg_forced_liq_cost": 0.0,
    "std_forced_liq_cost": 0.0
  },
  "strategy": "skew_mid_spread",
  "strategy_kwargs": {
    "gamma": 0.1,
    "gamma_cap_factor": 5.0,
    "gamma_imb": 0.5,
    "gamma_inv_scale": 4.0,
    "gamma_vol_scale": 2.0,
    "gradient_penalty_ticks": 1.0,
    "gradient_threshold": 1.5,
    "k_vol": 1.3,
    "size_base": 0.01,
    "size_exp": 3.0,
    "size_min_factor": 0.2
  },
  "snapshots_processed": 1000,
  "sharpe_ratio": -1.079856514129057,
  "capital_base": 10000.0,
  "sharpe_horizon_seconds": 60.0
}