{
  "final_pnl": -1.752158782324841,
  "final_inventory": 0.06287109155933021,
  "fill_count": 84,
  "max_drawdown": 3.3348296661606582,
  "pnl_attribution": {
    "inventory_moves": -0.8109474851389391,
    "fees": -1.6754258350985298,
    "spread_capture": 0.8999579905070423,
    "adverse_selection": -0.11979931639437957,
    "funding_rates": 0.0
  },
  "additional_metrics": {
    "orders_placed": 2065,
    "orders_placed_buy": 1071,
    "orders_placed_sell": 994,
    "maker_qty_placed": 45.11855842480802,
    "maker_qty_filled": 0.7366126438735026,
    "maker_fill_qty_rate": 0.016326156455133613,
    "avg_fill_latency_sec": 0.2172222137451172,
    "std_fill_latency_sec": 0.08520507975678625,
    "avg_queue_position": 0.6131251085443234,
    "std_queue_position": 0.7208891773685053,
    "avg_order_lifetime_sec": 0.2172222137451172,
    "std_order_lifetime_sec": 0.08520507975678625,
    "avg_competition_size": 0.3526438220551565,
    "std_competition_size": 0.06702062511530849,
    "forced_liquidations": 0,
    "avg_forced_liq_cost": 0.0,
    "std_forced_liq_cost": 0.0,
    "taker_qty_hedge": 0.07913609136659203,
    "taker_qty_cross": 0.0,
    "taker_trades_hedge": 6,
    "taker_trades_cross": 0,
    "taker_qty_total": 0.07913609136659203,
    "notional_traded_btc": 0.8157487352400945,
    "notional_traded_usdt": 14030.997843170317
  },
  "strategy": "skew_mid_spread",
  "strategy_kwargs": {
    "extra_spread_ticks": 34.0,
    "gamma": 0.16,
    "gamma_cap_factor": 5.0,
    "gamma_imb": 0.5,
    "gamma_inv_scale": 1.0,
    "gamma_vol_scale": 2.0,
    "gradient_penalty_ticks": 1.0,
    "gradient_threshold": 1.5,
    "k_vol": 4.0,
    "size_base": 0.04,
    "size_exp": 2.0,
    "size_min_factor": 0.3
  },
  "snapshots_processed": 10000,
  "sharpe_ratio": -0.18239650256385567,
  "capital_base": 10000.0,
  "sharpe_horizon_seconds": 60.0
}