{
  "final_pnl": -1.778268964317249,
  "final_inventory": 0.0036352843545093033,
  "fill_count": 269,
  "max_drawdown": 1.778268964317249,
  "pnl_attribution": {
    "inventory_moves": -0.1333752389929162,
    "fees": -1.7953576796843824,
    "spread_capture": 0.1955359424285944,
    "adverse_selection": -0.0482739677780643,
    "funding_rates": 0.0
  },
  "additional_metrics": {
    "orders_placed": 531,
    "orders_placed_buy": 258,
    "orders_placed_sell": 273,
    "maker_qty_placed": 1.5243553969746402,
    "maker_qty_filled": 0.31785450650832925,
    "maker_fill_qty_rate": 0.20851732288885463,
    "avg_fill_latency_sec": 0.185812896297824,
    "std_fill_latency_sec": 0.11323585095950778,
    "avg_queue_position": 1.1428411877129467,
    "std_queue_position": 1.439876661608052,
    "avg_order_lifetime_sec": 0.21007095921424127,
    "std_order_lifetime_sec": 0.12230248096588384,
    "avg_competition_size": 0.6275455001549499,
    "std_competition_size": 0.12301229132258835,
    "forced_liquidations": 0,
    "avg_forced_liq_cost": 0.0,
    "std_forced_liq_cost": 0.0
  },
  "strategy": "skew_mid_spread",
  "strategy_kwargs": {
    "gamma": 0.1,
    "gamma_cap_factor": 5.0,
    "gamma_imb": 0.5,
    "gamma_inv_scale": 4.0,
    "gamma_vol_scale": 2.0,
    "gradient_penalty_ticks": 1.0,
    "gradient_threshold": 1.5,
    "k_vol": 1.3,
    "size_base": 0.005,
    "size_exp": 1.0,
    "size_min_factor": 0.3
  },
  "snapshots_processed": 1000,
  "sharpe_ratio": -1.227938275862657,
  "capital_base": 10000.0,
  "sharpe_horizon_seconds": 60.0
}