{
  "final_pnl": -2.276385553588625,
  "final_inventory": 0.0019270101579072088,
  "fill_count": 275,
  "max_drawdown": 2.276385553588625,
  "pnl_attribution": {
    "inventory_moves": -0.24315689806800794,
    "fees": -2.106523498754256,
    "spread_capture": 0.1264918747819245,
    "adverse_selection": -0.050780890553630914,
    "funding_rates": 0.0
  },
  "additional_metrics": {
    "orders_placed": 523,
    "orders_placed_buy": 266,
    "orders_placed_sell": 257,
    "maker_qty_placed": 1.5066133781283044,
    "maker_qty_filled": 0.3182509280417225,
    "maker_fill_qty_rate": 0.21123596316202364,
    "avg_fill_latency_sec": 0.17104877931315723,
    "std_fill_latency_sec": 0.11980191033164898,
    "avg_queue_position": 1.4612742681390798,
    "std_queue_position": 1.7457798276886454,
    "avg_order_lifetime_sec": 0.17867682765169843,
    "std_order_lifetime_sec": 0.11659037844105552,
    "avg_competition_size": 0.6353197551796848,
    "std_competition_size": 0.12153535618182135,
    "forced_liquidations": 0,
    "avg_forced_liq_cost": 0.0,
    "std_forced_liq_cost": 0.0
  },
  "strategy": "skew_mid_spread",
  "strategy_kwargs": {
    "gamma": 0.1,
    "gamma_cap_factor": 5.0,
    "gamma_imb": 0.5,
    "gamma_inv_scale": 4.0,
    "gamma_vol_scale": 0.0,
    "gradient_penalty_ticks": 1.0,
    "gradient_threshold": 1.5,
    "k_vol": 0.8,
    "size_base": 0.005,
    "size_exp": 2.0,
    "size_min_factor": 0.3
  },
  "snapshots_processed": 1000,
  "sharpe_ratio": -1.3714084901661223,
  "capital_base": 10000.0,
  "sharpe_horizon_seconds": 60.0
}