{
  "final_pnl": -18.228637810405417,
  "final_inventory": 0.07282117494430651,
  "fill_count": 301,
  "max_drawdown": 18.228637810405417,
  "pnl_attribution": {
    "inventory_moves": -0.5351648824501858,
    "fees": -16.155646378662894,
    "spread_capture": 1.7534347510917732,
    "adverse_selection": -3.1598818161867173,
    "funding_rates": 0.0
  },
  "additional_metrics": {
    "orders_placed": 606,
    "orders_placed_buy": 302,
    "orders_placed_sell": 304,
    "maker_qty_placed": 13.748062844901282,
    "maker_qty_filled": 2.673624676202511,
    "maker_fill_qty_rate": 0.1944728291079985,
    "avg_fill_latency_sec": 0.1754745709694038,
    "std_fill_latency_sec": 0.11472270655886171,
    "avg_queue_position": 1.1585030406320673,
    "std_queue_position": 1.3730071804697486,
    "avg_order_lifetime_sec": 0.18540677377733134,
    "std_order_lifetime_sec": 0.10987020010642684,
    "avg_competition_size": 0.8592144594442799,
    "std_competition_size": 0.1679367488716813,
    "forced_liquidations": 17,
    "avg_forced_liq_cost": 0.1616424973565271,
    "std_forced_liq_cost": 0.09779046918782835
  },
  "strategy": "skew_mid_spread",
  "strategy_kwargs": {
    "gamma": 0.1,
    "gamma_cap_factor": 5.0,
    "gamma_imb": 0.5,
    "gamma_inv_scale": 4.0,
    "gamma_vol_scale": 2.0,
    "gradient_penalty_ticks": 1.0,
    "gradient_threshold": 1.5,
    "k_vol": 1.3,
    "size_base": 0.04,
    "size_exp": 3.0,
    "size_min_factor": 0.3
  },
  "snapshots_processed": 1000,
  "sharpe_ratio": -1.157687973877287,
  "capital_base": 10000.0,
  "sharpe_horizon_seconds": 60.0
}