{
  "final_pnl": -7.716369029887574,
  "final_inventory": 0.011065060765404429,
  "fill_count": 277,
  "max_drawdown": 7.716369029887574,
  "pnl_attribution": {
    "inventory_moves": -0.25700362417069883,
    "fees": -7.286459107487203,
    "spread_capture": 0.9031228384333275,
    "adverse_selection": -1.0632986341568098,
    "funding_rates": 0.0
  },
  "additional_metrics": {
    "orders_placed": 603,
    "orders_placed_buy": 299,
    "orders_placed_sell": 304,
    "maker_qty_placed": 6.854526115796711,
    "maker_qty_filled": 1.2849906042470656,
    "maker_fill_qty_rate": 0.18746600166650754,
    "avg_fill_latency_sec": 0.1832062467932701,
    "std_fill_latency_sec": 0.11106861968356765,
    "avg_queue_position": 1.1436877350991088,
    "std_queue_position": 1.4100195018667767,
    "avg_order_lifetime_sec": 0.19418749660253526,
    "std_order_lifetime_sec": 0.10463461164348278,
    "avg_competition_size": 0.733944885490208,
    "std_competition_size": 0.1442096838699508,
    "forced_liquidations": 10,
    "avg_forced_liq_cost": 0.0869453171781886,
    "std_forced_liq_cost": 0.05286558315200909
  },
  "strategy": "skew_mid_spread",
  "strategy_kwargs": {
    "gamma": 0.1,
    "gamma_cap_factor": 5.0,
    "gamma_imb": 0.5,
    "gamma_inv_scale": 4.0,
    "gamma_vol_scale": 2.0,
    "gradient_penalty_ticks": 1.0,
    "gradient_threshold": 1.5,
    "k_vol": 1.3,
    "size_base": 0.02,
    "size_exp": 3.0,
    "size_min_factor": 0.3
  },
  "snapshots_processed": 1000,
  "sharpe_ratio": -1.1568693466183002,
  "capital_base": 10000.0,
  "sharpe_horizon_seconds": 60.0
}