{
  "final_pnl": -1.3054782935960247,
  "final_inventory": -0.06433974496207262,
  "fill_count": 135,
  "max_drawdown": 2.978927115247643,
  "pnl_attribution": {
    "inventory_moves": -1.453951949457194,
    "fees": -1.06342938964506,
    "spread_capture": 1.4420776845166081,
    "adverse_selection": -0.18081242284121063,
    "funding_rates": 0.0
  },
  "additional_metrics": {
    "orders_placed": 2963,
    "orders_placed_buy": 1540,
    "orders_placed_sell": 1423,
    "maker_qty_placed": 64.90515790746493,
    "maker_qty_filled": 1.204301234269741,
    "maker_fill_qty_rate": 0.018554784752033256,
    "avg_fill_latency_sec": 0.20042666753133137,
    "std_fill_latency_sec": 0.10021565767138751,
    "avg_queue_position": 0.8353933370724358,
    "std_queue_position": 1.0860408160684458,
    "avg_order_lifetime_sec": 0.20042666753133137,
    "std_order_lifetime_sec": 0.10021565767138751,
    "avg_competition_size": 0.35524322948807413,
    "std_competition_size": 0.06733689690875291,
    "forced_liquidations": 0,
    "avg_forced_liq_cost": 0.0,
    "std_forced_liq_cost": 0.0,
    "taker_qty_hedge": 0.25747887269377145,
    "taker_qty_cross": 0.0,
    "taker_trades_hedge": 15,
    "taker_trades_cross": 0,
    "taker_qty_total": 0.25747887269377145,
    "notional_traded_btc": 1.461780106963512,
    "notional_traded_usdt": 25146.820515802396
  },
  "strategy": "skew_mid_spread",
  "strategy_kwargs": {
    "extra_spread_ticks": 30.0,
    "gamma": 0.12,
    "gamma_cap_factor": 5.0,
    "gamma_imb": 0.5,
    "gamma_inv_scale": 1.0,
    "gamma_vol_scale": 2.0,
    "gradient_penalty_ticks": 1.0,
    "gradient_threshold": 1.5,
    "k_vol": 6.0,
    "size_base": 0.04,
    "size_exp": 2.0,
    "size_min_factor": 0.3
  },
  "snapshots_processed": 10000,
  "sharpe_ratio": -0.15206020162422396,
  "capital_base": 10000.0,
  "sharpe_horizon_seconds": 60.0
}