{
  "final_pnl": -15.971160255789073,
  "final_inventory": 0.05985029473671795,
  "fill_count": 297,
  "max_drawdown": 15.971160255789073,
  "pnl_attribution": {
    "inventory_moves": -1.34349375573077,
    "fees": -15.596646055779068,
    "spread_capture": 1.7875949572569096,
    "adverse_selection": -0.8075987356690587,
    "funding_rates": 0.0
  },
  "additional_metrics": {
    "orders_placed": 538,
    "orders_placed_buy": 266,
    "orders_placed_sell": 272,
    "maker_qty_placed": 12.358603577594396,
    "maker_qty_filled": 2.7019856468507,
    "maker_fill_qty_rate": 0.21863195383572956,
    "avg_fill_latency_sec": 0.18894736529790868,
    "std_fill_latency_sec": 0.11758263167490231,
    "avg_queue_position": 1.3043159337984704,
    "std_queue_position": 1.4215731612449263,
    "avg_order_lifetime_sec": 0.2109356679414448,
    "std_order_lifetime_sec": 0.12519370566266097,
    "avg_competition_size": 0.8884049441342836,
    "std_competition_size": 0.17694354517527783,
    "forced_liquidations": 3,
    "avg_forced_liq_cost": 0.13728343764566195,
    "std_forced_liq_cost": 0.024124552323567913
  },
  "strategy": "skew_mid_spread",
  "strategy_kwargs": {
    "gamma": 0.1,
    "gamma_cap_factor": 5.0,
    "gamma_imb": 0.5,
    "gamma_inv_scale": 4.0,
    "gamma_vol_scale": 2.0,
    "gradient_penalty_ticks": 1.0,
    "gradient_threshold": 1.5,
    "k_vol": 1.3,
    "size_base": 0.04,
    "size_exp": 1.0,
    "size_min_factor": 0.3
  },
  "snapshots_processed": 1000,
  "sharpe_ratio": -1.185217555958025,
  "capital_base": 10000.0,
  "sharpe_horizon_seconds": 60.0
}