{
  "final_pnl": -1.5783763691360946,
  "final_inventory": 0.0008700314118339982,
  "fill_count": 260,
  "max_drawdown": 1.5783763691360946,
  "pnl_attribution": {
    "inventory_moves": -0.07591029057437122,
    "fees": -1.6817644327167192,
    "spread_capture": 0.22317700708022414,
    "adverse_selection": -0.04469770850795943,
    "funding_rates": 0.0
  },
  "additional_metrics": {
    "orders_placed": 532,
    "orders_placed_buy": 260,
    "orders_placed_sell": 272,
    "maker_qty_placed": 1.528914236259972,
    "maker_qty_filled": 0.3124127827494174,
    "maker_fill_qty_rate": 0.20433636847652173,
    "avg_fill_latency_sec": 0.19123647986231623,
    "std_fill_latency_sec": 0.11035877158333528,
    "avg_queue_position": 1.0913701455939377,
    "std_queue_position": 1.3931733318698085,
    "avg_order_lifetime_sec": 0.20480404512302294,
    "std_order_lifetime_sec": 0.105179420989993,
    "avg_competition_size": 0.6318083790472201,
    "std_competition_size": 0.12000568564784656,
    "forced_liquidations": 0,
    "avg_forced_liq_cost": 0.0,
    "std_forced_liq_cost": 0.0
  },
  "strategy": "skew_mid_spread",
  "strategy_kwargs": {
    "gamma": 0.1,
    "gamma_cap_factor": 5.0,
    "gamma_imb": 0.5,
    "gamma_inv_scale": 4.0,
    "gamma_vol_scale": 2.0,
    "gradient_penalty_ticks": 1.0,
    "gradient_threshold": 1.5,
    "k_vol": 1.3,
    "size_base": 0.005,
    "size_exp": 1.0,
    "size_min_factor": 0.2
  },
  "snapshots_processed": 1000,
  "sharpe_ratio": -1.115312169258565,
  "capital_base": 10000.0,
  "sharpe_horizon_seconds": 60.0
}