{
  "final_pnl": -1.626419615740815,
  "final_inventory": 0.001071516572139785,
  "fill_count": 259,
  "max_drawdown": 1.626419615740815,
  "pnl_attribution": {
    "inventory_moves": -0.09570889439578671,
    "fees": -1.7041236755945888,
    "spread_capture": 0.21882934365022333,
    "adverse_selection": -0.04394598547193291,
    "funding_rates": 0.0
  },
  "additional_metrics": {
    "orders_placed": 532,
    "orders_placed_buy": 260,
    "orders_placed_sell": 272,
    "maker_qty_placed": 1.528817422411476,
    "maker_qty_filled": 0.31181101386403853,
    "maker_fill_qty_rate": 0.20395569104138303,
    "avg_fill_latency_sec": 0.18954053440609495,
    "std_fill_latency_sec": 0.11135148551309991,
    "avg_queue_position": 1.0955825677629714,
    "std_queue_position": 1.3567877325706443,
    "avg_order_lifetime_sec": 0.20310809966680166,
    "std_order_lifetime_sec": 0.10643695392904325,
    "avg_competition_size": 0.6451955430523696,
    "std_competition_size": 0.12092873287540319,
    "forced_liquidations": 0,
    "avg_forced_liq_cost": 0.0,
    "std_forced_liq_cost": 0.0
  },
  "strategy": "skew_mid_spread",
  "strategy_kwargs": {
    "gamma": 0.05,
    "gamma_cap_factor": 5.0,
    "gamma_imb": 0.5,
    "gamma_inv_scale": 4.0,
    "gamma_vol_scale": 1.0,
    "gradient_penalty_ticks": 1.0,
    "gradient_threshold": 1.5,
    "k_vol": 1.3,
    "size_base": 0.005,
    "size_exp": 2.0,
    "size_min_factor": 0.3
  },
  "snapshots_processed": 1000,
  "sharpe_ratio": -1.1245648044836485,
  "capital_base": 10000.0,
  "sharpe_horizon_seconds": 60.0
}