{
  "final_pnl": -8.322635460101083,
  "final_inventory": 0.0032992928869895796,
  "fill_count": 286,
  "max_drawdown": 8.322635460101083,
  "pnl_attribution": {
    "inventory_moves": -0.26166409036528304,
    "fees": -7.591336973223793,
    "spread_capture": 0.8696281102664687,
    "adverse_selection": -1.289223890716717,
    "funding_rates": 0.0
  },
  "additional_metrics": {
    "orders_placed": 606,
    "orders_placed_buy": 302,
    "orders_placed_sell": 304,
    "maker_qty_placed": 6.880744047701853,
    "maker_qty_filled": 1.2929991656741735,
    "maker_fill_qty_rate": 0.18791560283455555,
    "avg_fill_latency_sec": 0.1785089769763147,
    "std_fill_latency_sec": 0.11337467992942186,
    "avg_queue_position": 1.1147317831318908,
    "std_queue_position": 1.4021812399582252,
    "avg_order_lifetime_sec": 0.1890299334497509,
    "std_order_lifetime_sec": 0.10783244685796224,
    "avg_competition_size": 0.7429057016287365,
    "std_competition_size": 0.14814826908971201,
    "forced_liquidations": 13,
    "avg_forced_liq_cost": 0.08430826791753737,
    "std_forced_liq_cost": 0.04100037987493476
  },
  "strategy": "skew_mid_spread",
  "strategy_kwargs": {
    "gamma": 0.1,
    "gamma_cap_factor": 5.0,
    "gamma_imb": 0.5,
    "gamma_inv_scale": 4.0,
    "gamma_vol_scale": 2.0,
    "gradient_penalty_ticks": 1.0,
    "gradient_threshold": 1.5,
    "k_vol": 1.3,
    "size_base": 0.02,
    "size_exp": 2.0,
    "size_min_factor": 0.1
  },
  "snapshots_processed": 1000,
  "sharpe_ratio": -1.1390242935294965,
  "capital_base": 10000.0,
  "sharpe_horizon_seconds": 60.0
}