{
  "final_pnl": -1.7734131879751658,
  "final_inventory": 0.004308550131221698,
  "fill_count": 268,
  "max_drawdown": 1.7734131879751658,
  "pnl_attribution": {
    "inventory_moves": -0.14409307077486974,
    "fees": -1.8362533852740253,
    "spread_capture": 0.24855218868348541,
    "adverse_selection": -0.0463938886781295,
    "funding_rates": 0.0
  },
  "additional_metrics": {
    "orders_placed": 609,
    "orders_placed_buy": 304,
    "orders_placed_sell": 305,
    "maker_qty_placed": 1.7331724933743606,
    "maker_qty_filled": 0.31875669488604913,
    "maker_fill_qty_rate": 0.1839151591111702,
    "avg_fill_latency_sec": 0.18260644635846537,
    "std_fill_latency_sec": 0.1113285426313726,
    "avg_queue_position": 1.119883343644289,
    "std_queue_position": 1.4206146377800954,
    "avg_order_lifetime_sec": 0.19394193003254553,
    "std_order_lifetime_sec": 0.10474264561284727,
    "avg_competition_size": 0.6336100834586594,
    "std_competition_size": 0.11855441350937862,
    "forced_liquidations": 0,
    "avg_forced_liq_cost": 0.0,
    "std_forced_liq_cost": 0.0
  },
  "strategy": "skew_mid_spread",
  "strategy_kwargs": {
    "gamma": 0.1,
    "gamma_cap_factor": 5.0,
    "gamma_imb": 0.5,
    "gamma_inv_scale": 4.0,
    "gamma_vol_scale": 2.0,
    "gradient_penalty_ticks": 1.0,
    "gradient_threshold": 1.5,
    "k_vol": 1.3,
    "size_base": 0.005,
    "size_exp": 2.0,
    "size_min_factor": 0.3
  },
  "snapshots_processed": 1000,
  "sharpe_ratio": -1.1537773047827262,
  "capital_base": 10000.0,
  "sharpe_horizon_seconds": 60.0
}