{
  "final_pnl": -1.7463393864527461,
  "final_inventory": 0.0058407290689850965,
  "fill_count": 269,
  "max_drawdown": 1.7463393864527461,
  "pnl_attribution": {
    "inventory_moves": -0.13754577546523514,
    "fees": -1.8152606846260293,
    "spread_capture": 0.2494272888602034,
    "adverse_selection": -0.04511197347649412,
    "funding_rates": 0.0
  },
  "additional_metrics": {
    "orders_placed": 609,
    "orders_placed_buy": 305,
    "orders_placed_sell": 304,
    "maker_qty_placed": 1.7322291468725945,
    "maker_qty_filled": 0.3198424769558101,
    "maker_fill_qty_rate": 0.18464212863134238,
    "avg_fill_latency_sec": 0.1842064457554971,
    "std_fill_latency_sec": 0.11047116898534505,
    "avg_queue_position": 1.1214114042027339,
    "std_queue_position": 1.4235605090823085,
    "avg_order_lifetime_sec": 0.19554192942957724,
    "std_order_lifetime_sec": 0.10365608061495789,
    "avg_competition_size": 0.6331235559579884,
    "std_competition_size": 0.12173339620980864,
    "forced_liquidations": 0,
    "avg_forced_liq_cost": 0.0,
    "std_forced_liq_cost": 0.0
  },
  "strategy": "skew_mid_spread",
  "strategy_kwargs": {
    "gamma": 0.1,
    "gamma_cap_factor": 5.0,
    "gamma_imb": 0.5,
    "gamma_inv_scale": 4.0,
    "gamma_vol_scale": 2.0,
    "gradient_penalty_ticks": 1.0,
    "gradient_threshold": 1.5,
    "k_vol": 1.3,
    "size_base": 0.005,
    "size_exp": 1.0,
    "size_min_factor": 0.1
  },
  "snapshots_processed": 1000,
  "sharpe_ratio": -1.1669790777616567,
  "capital_base": 10000.0,
  "sharpe_horizon_seconds": 60.0
}