{
  "final_pnl": -16.840830006225588,
  "final_inventory": 0.019966201550345057,
  "fill_count": 284,
  "max_drawdown": 16.840830006225588,
  "pnl_attribution": {
    "inventory_moves": -0.5243087263194841,
    "fees": -15.561573350648644,
    "spread_capture": 1.946163138887319,
    "adverse_selection": -2.598817309750415,
    "funding_rates": 0.0
  },
  "additional_metrics": {
    "orders_placed": 533,
    "orders_placed_buy": 261,
    "orders_placed_sell": 272,
    "maker_qty_placed": 12.224514471332038,
    "maker_qty_filled": 2.5933375320000307,
    "maker_fill_qty_rate": 0.2121423749042729,
    "avg_fill_latency_sec": 0.1785209535838601,
    "std_fill_latency_sec": 0.11983960284249787,
    "avg_queue_position": 1.1474700744555417,
    "std_queue_position": 1.3472514054731217,
    "avg_order_lifetime_sec": 0.19803592259298541,
    "std_order_lifetime_sec": 0.13098447567847052,
    "avg_competition_size": 0.8700258537106372,
    "std_competition_size": 0.1769882209443916,
    "forced_liquidations": 13,
    "avg_forced_liq_cost": 0.16951009739423858,
    "std_forced_liq_cost": 0.10695371999765103
  },
  "strategy": "skew_mid_spread",
  "strategy_kwargs": {
    "gamma": 0.1,
    "gamma_cap_factor": 5.0,
    "gamma_imb": 0.5,
    "gamma_inv_scale": 4.0,
    "gamma_vol_scale": 2.0,
    "gradient_penalty_ticks": 1.0,
    "gradient_threshold": 1.5,
    "k_vol": 1.3,
    "size_base": 0.04,
    "size_exp": 2.0,
    "size_min_factor": 0.3
  },
  "snapshots_processed": 1000,
  "sharpe_ratio": -1.15738678698479,
  "capital_base": 10000.0,
  "sharpe_horizon_seconds": 60.0
}