{
  "final_pnl": -3.2585350876779557,
  "final_inventory": 0.004665548004972279,
  "fill_count": 273,
  "max_drawdown": 3.2585350876779557,
  "pnl_attribution": {
    "inventory_moves": -0.24754534996508615,
    "fees": -3.459308716106247,
    "spread_capture": 0.5439212742093299,
    "adverse_selection": -0.09554275795288085,
    "funding_rates": 0.0
  },
  "additional_metrics": {
    "orders_placed": 537,
    "orders_placed_buy": 266,
    "orders_placed_sell": 271,
    "maker_qty_placed": 3.083804632280421,
    "maker_qty_filled": 0.6475057945998979,
    "maker_fill_qty_rate": 0.2099697846685827,
    "avg_fill_latency_sec": 0.19552257445550733,
    "std_fill_latency_sec": 0.11476676419668808,
    "avg_queue_position": 1.122536799209689,
    "std_queue_position": 1.3658002425333187,
    "avg_order_lifetime_sec": 0.20847741096250472,
    "std_order_lifetime_sec": 0.10955530338625988,
    "avg_competition_size": 0.6602399086541713,
    "std_competition_size": 0.12832648560927873,
    "forced_liquidations": 0,
    "avg_forced_liq_cost": 0.0,
    "std_forced_liq_cost": 0.0
  },
  "strategy": "skew_mid_spread",
  "strategy_kwargs": {
    "gamma": 0.1,
    "gamma_cap_factor": 5.0,
    "gamma_imb": 0.5,
    "gamma_inv_scale": 4.0,
    "gamma_vol_scale": 2.0,
    "gradient_penalty_ticks": 1.0,
    "gradient_threshold": 1.5,
    "k_vol": 1.3,
    "size_base": 0.01,
    "size_exp": 2.0,
    "size_min_factor": 0.2
  },
  "snapshots_processed": 1000,
  "sharpe_ratio": -1.1004581006138658,
  "capital_base": 10000.0,
  "sharpe_horizon_seconds": 60.0
}