{
  "final_pnl": -7.183159934415016,
  "final_inventory": 0.0013830785425039457,
  "fill_count": 278,
  "max_drawdown": 7.183159934415016,
  "pnl_attribution": {
    "inventory_moves": -0.6035660319863813,
    "fees": -7.295179434606807,
    "spread_capture": 0.924822576327594,
    "adverse_selection": -0.2012567079703701,
    "funding_rates": 0.0
  },
  "additional_metrics": {
    "orders_placed": 542,
    "orders_placed_buy": 267,
    "orders_placed_sell": 275,
    "maker_qty_placed": 6.2290650810921395,
    "maker_qty_filled": 1.3165379009060747,
    "maker_fill_qty_rate": 0.21135401280399635,
    "avg_fill_latency_sec": 0.19060376755096628,
    "std_fill_latency_sec": 0.11397985954938117,
    "avg_queue_position": 1.2093519463471103,
    "std_queue_position": 1.4186133578052467,
    "avg_order_lifetime_sec": 0.20323269622130963,
    "std_order_lifetime_sec": 0.10945376678073625,
    "avg_competition_size": 0.743803879752418,
    "std_competition_size": 0.13908537634825743,
    "forced_liquidations": 0,
    "avg_forced_liq_cost": 0.0,
    "std_forced_liq_cost": 0.0
  },
  "strategy": "skew_mid_spread",
  "strategy_kwargs": {
    "gamma": 0.1,
    "gamma_cap_factor": 5.0,
    "gamma_imb": 0.5,
    "gamma_inv_scale": 4.0,
    "gamma_vol_scale": 2.0,
    "gradient_penalty_ticks": 1.0,
    "gradient_threshold": 1.5,
    "k_vol": 1.3,
    "size_base": 0.02,
    "size_exp": 1.0,
    "size_min_factor": 0.2
  },
  "snapshots_processed": 1000,
  "sharpe_ratio": -1.2520203781969048,
  "capital_base": 10000.0,
  "sharpe_horizon_seconds": 60.0
}