{
  "final_pnl": -17.59844337710274,
  "final_inventory": 0.05323773230521894,
  "fill_count": 299,
  "max_drawdown": 17.59844337710274,
  "pnl_attribution": {
    "inventory_moves": -0.5298999367570398,
    "fees": -15.725034765975003,
    "spread_capture": 1.7043874120173466,
    "adverse_selection": -2.9154787815166623,
    "funding_rates": 0.0
  },
  "additional_metrics": {
    "orders_placed": 534,
    "orders_placed_buy": 262,
    "orders_placed_sell": 272,
    "maker_qty_placed": 12.249033408449097,
    "maker_qty_filled": 2.7170812343368826,
    "maker_fill_qty_rate": 0.22182005254902018,
    "avg_fill_latency_sec": 0.18283907572428384,
    "std_fill_latency_sec": 0.11754875224310307,
    "avg_queue_position": 1.210423996574406,
    "std_queue_position": 1.399748522579581,
    "avg_order_lifetime_sec": 0.20156895977327194,
    "std_order_lifetime_sec": 0.1278812010808154,
    "avg_competition_size": 0.8885670097668936,
    "std_competition_size": 0.1759969230038683,
    "forced_liquidations": 13,
    "avg_forced_liq_cost": 0.1921267167141436,
    "std_forced_liq_cost": 0.11546189586435866
  },
  "strategy": "skew_mid_spread",
  "strategy_kwargs": {
    "gamma": 0.1,
    "gamma_cap_factor": 5.0,
    "gamma_imb": 0.5,
    "gamma_inv_scale": 4.0,
    "gamma_vol_scale": 2.0,
    "gradient_penalty_ticks": 1.0,
    "gradient_threshold": 1.5,
    "k_vol": 1.3,
    "size_base": 0.04,
    "size_exp": 1.0,
    "size_min_factor": 0.1
  },
  "snapshots_processed": 1000,
  "sharpe_ratio": -1.143612006835827,
  "capital_base": 10000.0,
  "sharpe_horizon_seconds": 60.0
}