{
  "final_pnl": -3.3419074323173845,
  "final_inventory": 0.003269337876879912,
  "fill_count": 266,
  "max_drawdown": 3.3419074323173845,
  "pnl_attribution": {
    "inventory_moves": -0.2248458539052216,
    "fees": -3.5370760587423096,
    "spread_capture": 0.5019925023019662,
    "adverse_selection": -0.09212279887208374,
    "funding_rates": 0.0
  },
  "additional_metrics": {
    "orders_placed": 531,
    "orders_placed_buy": 260,
    "orders_placed_sell": 271,
    "maker_qty_placed": 3.052692791746416,
    "maker_qty_filled": 0.6285025719719751,
    "maker_fill_qty_rate": 0.2058846450816346,
    "avg_fill_latency_sec": 0.19154247894785761,
    "std_fill_latency_sec": 0.13044087972537705,
    "avg_queue_position": 1.0952271056725926,
    "std_queue_position": 1.3408991397094945,
    "avg_order_lifetime_sec": 0.21120914446762185,
    "std_order_lifetime_sec": 0.13152994163974127,
    "avg_competition_size": 0.6686095069070764,
    "std_competition_size": 0.1267228415254187,
    "forced_liquidations": 0,
    "avg_forced_liq_cost": 0.0,
    "std_forced_liq_cost": 0.0
  },
  "strategy": "skew_mid_spread",
  "strategy_kwargs": {
    "gamma": 0.1,
    "gamma_cap_factor": 5.0,
    "gamma_imb": 0.5,
    "gamma_inv_scale": 4.0,
    "gamma_vol_scale": 2.0,
    "gradient_penalty_ticks": 1.0,
    "gradient_threshold": 1.5,
    "k_vol": 1.3,
    "size_base": 0.01,
    "size_exp": 1.0,
    "size_min_factor": 0.1
  },
  "snapshots_processed": 1000,
  "sharpe_ratio": -1.1044242958670043,
  "capital_base": 10000.0,
  "sharpe_horizon_seconds": 60.0
}