{
  "final_pnl": -16.337646061816486,
  "final_inventory": 0.06778633387590428,
  "fill_count": 300,
  "max_drawdown": 16.337646061816486,
  "pnl_attribution": {
    "inventory_moves": -1.3204653873780106,
    "fees": -15.886374727065578,
    "spread_capture": 2.1092353475660013,
    "adverse_selection": -1.1797549586061875,
    "funding_rates": 0.0
  },
  "additional_metrics": {
    "orders_placed": 538,
    "orders_placed_buy": 266,
    "orders_placed_sell": 272,
    "maker_qty_placed": 12.332225833952036,
    "maker_qty_filled": 2.766616076232574,
    "maker_fill_qty_rate": 0.22434036754466188,
    "avg_fill_latency_sec": 0.19110404273678114,
    "std_fill_latency_sec": 0.1308926239046839,
    "avg_queue_position": 1.2330756642601437,
    "std_queue_position": 1.3748696988081042,
    "avg_order_lifetime_sec": 0.20415028533494542,
    "std_order_lifetime_sec": 0.13196877461776269,
    "avg_competition_size": 0.8710139294728947,
    "std_competition_size": 0.181468289315632,
    "forced_liquidations": 4,
    "avg_forced_liq_cost": 0.1929274432945024,
    "std_forced_liq_cost": 0.09575960331370056
  },
  "strategy": "skew_mid_spread",
  "strategy_kwargs": {
    "gamma": 0.1,
    "gamma_cap_factor": 5.0,
    "gamma_imb": 0.5,
    "gamma_inv_scale": 4.0,
    "gamma_vol_scale": 2.0,
    "gradient_penalty_ticks": 1.0,
    "gradient_threshold": 1.5,
    "k_vol": 1.3,
    "size_base": 0.04,
    "size_exp": 3.0,
    "size_min_factor": 0.2
  },
  "snapshots_processed": 1000,
  "sharpe_ratio": -1.1692079873925945,
  "capital_base": 10000.0,
  "sharpe_horizon_seconds": 60.0
}