{
  "final_pnl": -0.7029860233469662,
  "final_inventory": 0.03367781054996441,
  "fill_count": 770,
  "max_drawdown": 2.9917715162337117,
  "pnl_attribution": {
    "inventory_moves": -0.6268745070608674,
    "fees": -0.8690987213791052,
    "spread_capture": 0.9130274692164203,
    "adverse_selection": -0.10942099600964403,
    "funding_rates": 0.0
  },
  "additional_metrics": {
    "orders_placed": 1589,
    "orders_placed_buy": 822,
    "orders_placed_sell": 767,
    "maker_qty_placed": 34.858608647326164,
    "maker_qty_filled": 0.733893398991865,
    "maker_fill_qty_rate": 0.021053433498073894,
    "avg_fill_latency_sec": 0.013015026603240132,
    "std_fill_latency_sec": 0.055620525662626236,
    "avg_queue_position": 0.05066815422623138,
    "std_queue_position": 0.3177406834216942,
    "avg_order_lifetime_sec": 0.013015026603240132,
    "std_order_lifetime_sec": 0.055620525662626236,
    "avg_competition_size": 0.35284898916300017,
    "std_competition_size": 0.06948185004804647,
    "forced_liquidations": 0,
    "avg_forced_liq_cost": 0.0,
    "std_forced_liq_cost": 0.0,
    "taker_qty_hedge": 0.21043535795930138,
    "taker_qty_cross": 0.0,
    "taker_trades_hedge": 694,
    "taker_trades_cross": 0,
    "taker_qty_total": 0.21043535795930138,
    "notional_traded_btc": 0.9443287569511645,
    "notional_traded_usdt": 16244.089041678304
  },
  "strategy": "skew_mid_spread",
  "strategy_kwargs": {
    "extra_spread_ticks": 25.0,
    "gamma": 0.16,
    "gamma_cap_factor": 5.0,
    "gamma_imb": 0.5,
    "gamma_inv_scale": 1.0,
    "gamma_vol_scale": 2.0,
    "gradient_penalty_ticks": 1.0,
    "gradient_threshold": 1.5,
    "k_vol": 4.0,
    "size_base": 0.04,
    "size_exp": 2.0,
    "size_min_factor": 0.3
  },
  "snapshots_processed": 10000,
  "sharpe_ratio": -0.06845459779547308,
  "capital_base": 10000.0,
  "sharpe_horizon_seconds": 60.0
}