{
  "final_pnl": -8.277757939935327,
  "final_inventory": 0.012856246746151444,
  "fill_count": 289,
  "max_drawdown": 8.277757939935327,
  "pnl_attribution": {
    "inventory_moves": -0.2358928967567262,
    "fees": -7.722565359032018,
    "spread_capture": 1.1109845161906207,
    "adverse_selection": -1.3774322306827353,
    "funding_rates": 0.0
  },
  "additional_metrics": {
    "orders_placed": 529,
    "orders_placed_buy": 259,
    "orders_placed_sell": 270,
    "maker_qty_placed": 6.067458089196253,
    "maker_qty_filled": 1.3019236897908306,
    "maker_fill_qty_rate": 0.21457481381025814,
    "avg_fill_latency_sec": 0.18530177223611866,
    "std_fill_latency_sec": 0.13421297117729278,
    "avg_queue_position": 1.113024347876562,
    "std_queue_position": 1.3888352063870628,
    "avg_order_lifetime_sec": 0.20310650492560933,
    "std_order_lifetime_sec": 0.13611316115676617,
    "avg_competition_size": 0.7437005842357777,
    "std_competition_size": 0.14462091525681028,
    "forced_liquidations": 13,
    "avg_forced_liq_cost": 0.0909689459159144,
    "std_forced_liq_cost": 0.036203554064613695
  },
  "strategy": "skew_mid_spread",
  "strategy_kwargs": {
    "gamma": 0.1,
    "gamma_cap_factor": 5.0,
    "gamma_imb": 0.5,
    "gamma_inv_scale": 4.0,
    "gamma_vol_scale": 2.0,
    "gradient_penalty_ticks": 1.0,
    "gradient_threshold": 1.5,
    "k_vol": 1.3,
    "size_base": 0.02,
    "size_exp": 2.0,
    "size_min_factor": 0.3
  },
  "snapshots_processed": 1000,
  "sharpe_ratio": -1.0867811385274304,
  "capital_base": 10000.0,
  "sharpe_horizon_seconds": 60.0
}