{
  "final_pnl": -3.4163710871489457,
  "final_inventory": 0.00950346032199417,
  "fill_count": 269,
  "max_drawdown": 3.4163710871489457,
  "pnl_attribution": {
    "inventory_moves": -0.20223337669817457,
    "fees": -3.603923955661697,
    "spread_capture": 0.49030065737877493,
    "adverse_selection": -0.0949096426078165,
    "funding_rates": 0.0
  },
  "additional_metrics": {
    "orders_placed": 538,
    "orders_placed_buy": 264,
    "orders_placed_sell": 274,
    "maker_qty_placed": 3.097040809138982,
    "maker_qty_filled": 0.6353679327187854,
    "maker_fill_qty_rate": 0.2051532323513122,
    "avg_fill_latency_sec": 0.18582580012659872,
    "std_fill_latency_sec": 0.11324327840393018,
    "avg_queue_position": 1.148646437984822,
    "std_queue_position": 1.4145318803801064,
    "avg_order_lifetime_sec": 0.20685160544610792,
    "std_order_lifetime_sec": 0.12448660050453725,
    "avg_competition_size": 0.6701537027417788,
    "std_competition_size": 0.1337440814234562,
    "forced_liquidations": 0,
    "avg_forced_liq_cost": 0.0,
    "std_forced_liq_cost": 0.0
  },
  "strategy": "skew_mid_spread",
  "strategy_kwargs": {
    "gamma": 0.1,
    "gamma_cap_factor": 5.0,
    "gamma_imb": 0.5,
    "gamma_inv_scale": 4.0,
    "gamma_vol_scale": 2.0,
    "gradient_penalty_ticks": 1.0,
    "gradient_threshold": 1.5,
    "k_vol": 1.3,
    "size_base": 0.01,
    "size_exp": 2.0,
    "size_min_factor": 0.2
  },
  "snapshots_processed": 1000,
  "sharpe_ratio": -1.1398095801639907,
  "capital_base": 10000.0,
  "sharpe_horizon_seconds": 60.0
}