{
  "final_pnl": -2.0027471927533043,
  "final_inventory": 0.042294553928688895,
  "fill_count": 122,
  "max_drawdown": 3.3446372608705133,
  "pnl_attribution": {
    "inventory_moves": -1.5142760866640035,
    "fees": -1.4072496310437552,
    "spread_capture": 1.146595372555428,
    "adverse_selection": -0.15682620196650213,
    "funding_rates": 0.0
  },
  "additional_metrics": {
    "orders_placed": 2068,
    "orders_placed_buy": 1071,
    "orders_placed_sell": 997,
    "maker_qty_placed": 45.18849989505623,
    "maker_qty_filled": 1.0392845970662807,
    "maker_fill_qty_rate": 0.02299887359571283,
    "avg_fill_latency_sec": 0.18620000907352993,
    "std_fill_latency_sec": 0.10955333240216114,
    "avg_queue_position": 0.5403907103208929,
    "std_queue_position": 0.8027738365412316,
    "avg_order_lifetime_sec": 0.18620000907352993,
    "std_order_lifetime_sec": 0.10955333240216114,
    "avg_competition_size": 0.3533380440030267,
    "std_competition_size": 0.06932831891607223,
    "forced_liquidations": 0,
    "avg_forced_liq_cost": 0.0,
    "std_forced_liq_cost": 0.0,
    "taker_qty_hedge": 0.34075485302591224,
    "taker_qty_cross": 0.0,
    "taker_trades_hedge": 18,
    "taker_trades_cross": 0,
    "taker_qty_total": 0.34075485302591224,
    "notional_traded_btc": 1.380039450092192,
    "notional_traded_usdt": 23739.98991125688
  },
  "strategy": "skew_mid_spread",
  "strategy_kwargs": {
    "extra_spread_ticks": 25.0,
    "gamma": 0.12,
    "gamma_cap_factor": 5.0,
    "gamma_imb": 0.5,
    "gamma_inv_scale": 1.0,
    "gamma_vol_scale": 2.0,
    "gradient_penalty_ticks": 1.0,
    "gradient_threshold": 1.5,
    "k_vol": 2.0,
    "size_base": 0.04,
    "size_exp": 2.0,
    "size_min_factor": 0.3
  },
  "snapshots_processed": 10000,
  "sharpe_ratio": -0.2277824284222106,
  "capital_base": 10000.0,
  "sharpe_horizon_seconds": 60.0
}