{
  "final_pnl": -15.035007919175769,
  "final_inventory": 0.046844876480828496,
  "fill_count": 274,
  "max_drawdown": 15.035007919175769,
  "pnl_attribution": {
    "inventory_moves": -1.1400579190453106,
    "fees": -14.940052637988213,
    "spread_capture": 1.671501325398629,
    "adverse_selection": -0.6030827368922447,
    "funding_rates": 0.0
  },
  "additional_metrics": {
    "orders_placed": 613,
    "orders_placed_buy": 307,
    "orders_placed_sell": 306,
    "maker_qty_placed": 13.927048833749453,
    "maker_qty_filled": 2.5349651208340216,
    "maker_fill_qty_rate": 0.18201739299506398,
    "avg_fill_latency_sec": 0.17848749458789825,
    "std_fill_latency_sec": 0.11338176246112565,
    "avg_queue_position": 1.2035797742618168,
    "std_queue_position": 1.3877997782477807,
    "avg_order_lifetime_sec": 0.18790624439716339,
    "std_order_lifetime_sec": 0.10849076802964457,
    "avg_competition_size": 0.8738965106200545,
    "std_competition_size": 0.1725709989685272,
    "forced_liquidations": 3,
    "avg_forced_liq_cost": 0.0743710430964222,
    "std_forced_liq_cost": 0.061935304412492134
  },
  "strategy": "skew_mid_spread",
  "strategy_kwargs": {
    "gamma": 0.1,
    "gamma_cap_factor": 5.0,
    "gamma_imb": 0.5,
    "gamma_inv_scale": 4.0,
    "gamma_vol_scale": 2.0,
    "gradient_penalty_ticks": 1.0,
    "gradient_threshold": 1.5,
    "k_vol": 1.3,
    "size_base": 0.04,
    "size_exp": 3.0,
    "size_min_factor": 0.3
  },
  "snapshots_processed": 1000,
  "sharpe_ratio": -1.186548671579331,
  "capital_base": 10000.0,
  "sharpe_horizon_seconds": 60.0
}