{
  "final_pnl": -1.3125634265106783,
  "final_inventory": -0.04665971585920399,
  "fill_count": 161,
  "max_drawdown": 3.417851841839365,
  "pnl_attribution": {
    "inventory_moves": -1.308026946288204,
    "fees": -1.222575020020393,
    "spread_capture": 1.450997370681204,
    "adverse_selection": -0.2009510925927428,
    "funding_rates": 0.0
  },
  "additional_metrics": {
    "orders_placed": 2959,
    "orders_placed_buy": 1537,
    "orders_placed_sell": 1422,
    "maker_qty_placed": 64.82148789791556,
    "maker_qty_filled": 1.3006427845862647,
    "maker_fill_qty_rate": 0.02006499429069861,
    "avg_fill_latency_sec": 0.2026516909009955,
    "std_fill_latency_sec": 0.09847261925404455,
    "avg_queue_position": 0.7982366281764902,
    "std_queue_position": 1.3832428422050145,
    "avg_order_lifetime_sec": 0.2026516909009955,
    "std_order_lifetime_sec": 0.09847261925404455,
    "avg_competition_size": 0.3563263995757058,
    "std_competition_size": 0.06619845930344478,
    "forced_liquidations": 0,
    "avg_forced_liq_cost": 0.0,
    "std_forced_liq_cost": 0.0,
    "taker_qty_hedge": 0.29608293809170305,
    "taker_qty_cross": 0.0,
    "taker_trades_hedge": 17,
    "taker_trades_cross": 0,
    "taker_qty_total": 0.29608293809170305,
    "notional_traded_btc": 1.5967257226779679,
    "notional_traded_usdt": 27464.850928576856
  },
  "strategy": "skew_mid_spread",
  "strategy_kwargs": {
    "extra_spread_ticks": 15.0,
    "gamma": 0.16,
    "gamma_cap_factor": 5.0,
    "gamma_imb": 0.5,
    "gamma_inv_scale": 1.0,
    "gamma_vol_scale": 2.0,
    "gradient_penalty_ticks": 1.0,
    "gradient_threshold": 1.5,
    "k_vol": 4.0,
    "size_base": 0.04,
    "size_exp": 2.0,
    "size_min_factor": 0.3
  },
  "snapshots_processed": 10000,
  "sharpe_ratio": -0.12685722795168494,
  "capital_base": 10000.0,
  "sharpe_horizon_seconds": 60.0
}