{
  "final_pnl": -17.775638135819463,
  "final_inventory": 0.04053519554481165,
  "fill_count": 290,
  "max_drawdown": 17.775638135819463,
  "pnl_attribution": {
    "inventory_moves": -0.4516011051348543,
    "fees": -15.758492475175276,
    "spread_capture": 2.039011779137809,
    "adverse_selection": -3.495205484040959,
    "funding_rates": 0.0
  },
  "additional_metrics": {
    "orders_placed": 610,
    "orders_placed_buy": 304,
    "orders_placed_sell": 306,
    "maker_qty_placed": 13.864630078760513,
    "maker_qty_filled": 2.608949364223701,
    "maker_fill_qty_rate": 0.18817302368711586,
    "avg_fill_latency_sec": 0.17434502763357776,
    "std_fill_latency_sec": 0.11525143125622225,
    "avg_queue_position": 1.1493908233091956,
    "std_queue_position": 1.3747618041350174,
    "avg_order_lifetime_sec": 0.1831578929521884,
    "std_order_lifetime_sec": 0.1111119948890328,
    "avg_competition_size": 0.8821934048866937,
    "std_competition_size": 0.1800911148943289,
    "forced_liquidations": 16,
    "avg_forced_liq_cost": 0.19353910349227277,
    "std_forced_liq_cost": 0.12379546052794857
  },
  "strategy": "skew_mid_spread",
  "strategy_kwargs": {
    "gamma": 0.1,
    "gamma_cap_factor": 5.0,
    "gamma_imb": 0.5,
    "gamma_inv_scale": 4.0,
    "gamma_vol_scale": 2.0,
    "gradient_penalty_ticks": 1.0,
    "gradient_threshold": 1.5,
    "k_vol": 1.3,
    "size_base": 0.04,
    "size_exp": 1.0,
    "size_min_factor": 0.2
  },
  "snapshots_processed": 1000,
  "sharpe_ratio": -1.0896520721380978,
  "capital_base": 10000.0,
  "sharpe_horizon_seconds": 60.0
}