{
  "final_pnl": -1.7398267716944247,
  "final_inventory": 0.003592835921534288,
  "fill_count": 267,
  "max_drawdown": 1.7398267716944247,
  "pnl_attribution": {
    "inventory_moves": -0.12605210774208367,
    "fees": -1.792162562746072,
    "spread_capture": 0.21992944242795873,
    "adverse_selection": -0.045408109776640976,
    "funding_rates": 0.0
  },
  "additional_metrics": {
    "orders_placed": 608,
    "orders_placed_buy": 303,
    "orders_placed_sell": 305,
    "maker_qty_placed": 1.7274718907784625,
    "maker_qty_filled": 0.3141068642015887,
    "maker_fill_qty_rate": 0.1818303764468437,
    "avg_fill_latency_sec": 0.18376622726390887,
    "std_fill_latency_sec": 0.11069372305711328,
    "avg_queue_position": 1.1036498156804888,
    "std_queue_position": 1.3804754899775138,
    "avg_order_lifetime_sec": 0.19680518763405935,
    "std_order_lifetime_sec": 0.10278012198914889,
    "avg_competition_size": 0.6373424002829362,
    "std_competition_size": 0.12155285165204968,
    "forced_liquidations": 0,
    "avg_forced_liq_cost": 0.0,
    "std_forced_liq_cost": 0.0
  },
  "strategy": "skew_mid_spread",
  "strategy_kwargs": {
    "gamma": 0.1,
    "gamma_cap_factor": 5.0,
    "gamma_imb": 0.5,
    "gamma_inv_scale": 4.0,
    "gamma_vol_scale": 2.0,
    "gradient_penalty_ticks": 1.0,
    "gradient_threshold": 1.5,
    "k_vol": 1.3,
    "size_base": 0.005,
    "size_exp": 3.0,
    "size_min_factor": 0.2
  },
  "snapshots_processed": 1000,
  "sharpe_ratio": -1.1471065937815583,
  "capital_base": 10000.0,
  "sharpe_horizon_seconds": 60.0
}