{
  "final_pnl": -1.53725551291609,
  "final_inventory": 0.0005753382301694476,
  "fill_count": 149,
  "max_drawdown": 3.3620889311368956,
  "pnl_attribution": {
    "inventory_moves": -1.3458222147426362,
    "fees": -1.133924174040977,
    "spread_capture": 1.1870159019415045,
    "adverse_selection": -0.18517278869730297,
    "funding_rates": 0.0
  },
  "additional_metrics": {
    "orders_placed": 2962,
    "orders_placed_buy": 1539,
    "orders_placed_sell": 1423,
    "maker_qty_placed": 64.90774659325855,
    "maker_qty_filled": 1.2162297793085828,
    "maker_fill_qty_rate": 0.018737821649086533,
    "avg_fill_latency_sec": 0.19938553959490304,
    "std_fill_latency_sec": 0.10119941196610438,
    "avg_queue_position": 0.8715694278931232,
    "std_queue_position": 1.708290914041078,
    "avg_order_lifetime_sec": 0.19938553959490304,
    "std_order_lifetime_sec": 0.10119941196610438,
    "avg_competition_size": 0.3542414451796023,
    "std_competition_size": 0.06646592884776957,
    "forced_liquidations": 0,
    "avg_forced_liq_cost": 0.0,
    "std_forced_liq_cost": 0.0,
    "taker_qty_hedge": 0.2746053277651713,
    "taker_qty_cross": 0.0,
    "taker_trades_hedge": 17,
    "taker_trades_cross": 0,
    "taker_qty_total": 0.2746053277651713,
    "notional_traded_btc": 1.4908351070737544,
    "notional_traded_usdt": 25646.496844766298
  },
  "strategy": "skew_mid_spread",
  "strategy_kwargs": {
    "extra_spread_ticks": 20.0,
    "gamma": 0.12,
    "gamma_cap_factor": 5.0,
    "gamma_imb": 0.5,
    "gamma_inv_scale": 1.0,
    "gamma_vol_scale": 2.0,
    "gradient_penalty_ticks": 1.0,
    "gradient_threshold": 1.5,
    "k_vol": 6.0,
    "size_base": 0.04,
    "size_exp": 2.0,
    "size_min_factor": 0.3
  },
  "snapshots_processed": 10000,
  "sharpe_ratio": -0.16246966234217364,
  "capital_base": 10000.0,
  "sharpe_horizon_seconds": 60.0
}