{
  "final_pnl": 8.098288113138047,
  "final_inventory": -0.002,
  "fill_count": 2404,
  "max_drawdown": 0.010399999999997078,
  "pnl_attribution": {
    "spread_capture": 0.0,
    "inventory_moves": 0.0,
    "fees": 0.0,
    "rebates": 8.26929091313997,
    "adverse_selection": -0.2734029000016556
  },
  "strategy": "skew_mid_spread",
  "strategy_kwargs": {
    "gamma": 0.1,
    "size": 0.001
  },
  "snapshots_processed": 5000,
  "sharpe_ratio": 4005.6597423814087,
  "sharpe_horizon_seconds": 60.0
}