{
  "final_pnl": -1.4808290670553106,
  "final_inventory": 0.04377391120995111,
  "fill_count": 1761,
  "max_drawdown": 3.372873534410246,
  "pnl_attribution": {
    "inventory_moves": -0.45290501263206173,
    "fees": -1.844180305296097,
    "spread_capture": 0.994065968075307,
    "adverse_selection": -0.1100340320738132,
    "funding_rates": 0.0
  },
  "additional_metrics": {
    "orders_placed": 1584,
    "orders_placed_buy": 817,
    "orders_placed_sell": 767,
    "maker_qty_placed": 34.76728053156419,
    "maker_qty_filled": 0.7472869284089184,
    "maker_fill_qty_rate": 0.021493971256408125,
    "avg_fill_latency_sec": 0.0058274255250512965,
    "std_fill_latency_sec": 0.03777745636466868,
    "avg_queue_position": 0.02506241495400121,
    "std_queue_position": 0.2785657779928367,
    "avg_order_lifetime_sec": 0.0058274255250512965,
    "std_order_lifetime_sec": 0.03777745636466868,
    "avg_competition_size": 0.3548078406544815,
    "std_competition_size": 0.06870916932075079,
    "forced_liquidations": 0,
    "avg_forced_liq_cost": 0.0,
    "std_forced_liq_cost": 0.0,
    "taker_qty_hedge": 0.108292183956456,
    "taker_qty_cross": 0.0,
    "taker_trades_hedge": 1681,
    "taker_trades_cross": 0,
    "taker_qty_total": 0.108292183956456,
    "notional_traded_btc": 0.8555791123653748,
    "notional_traded_usdt": 14715.819929804511
  },
  "strategy": "skew_mid_spread",
  "strategy_kwargs": {
    "extra_spread_ticks": 26.0,
    "gamma": 0.2,
    "gamma_cap_factor": 5.0,
    "gamma_imb": 0.5,
    "gamma_inv_scale": 1.0,
    "gamma_vol_scale": 2.0,
    "gradient_penalty_ticks": 1.0,
    "gradient_threshold": 1.5,
    "k_vol": 4.0,
    "size_base": 0.04,
    "size_exp": 2.0,
    "size_min_factor": 0.3
  },
  "snapshots_processed": 10000,
  "sharpe_ratio": -0.14664756875448406,
  "capital_base": 10000.0,
  "sharpe_horizon_seconds": 60.0
}