{
  "final_pnl": -0.26325824802188436,
  "final_inventory": 0.014728621809760367,
  "fill_count": 52,
  "max_drawdown": 0.5054097039392218,
  "pnl_attribution": {
    "inventory_moves": -0.2112876919280658,
    "fees": -0.10693270369852584,
    "spread_capture": 0.07493081422649972,
    "adverse_selection": -0.009551290874251652,
    "funding_rates": 0.0
  },
  "additional_metrics": {
    "orders_placed": 1589,
    "orders_placed_buy": 821,
    "orders_placed_sell": 768,
    "maker_qty_placed": 4.362981263158146,
    "maker_qty_filled": 0.06216244935418004,
    "maker_fill_qty_rate": 0.014247700277581233,
    "avg_fill_latency_sec": 0.2506538171034593,
    "std_fill_latency_sec": 0.0005506736952864659,
    "avg_queue_position": 1.1169181464279672,
    "std_queue_position": 1.2980066989591523,
    "avg_order_lifetime_sec": 0.2506538171034593,
    "std_order_lifetime_sec": 0.0005506736952864659,
    "avg_competition_size": 0.25987334590867023,
    "std_competition_size": 0.05040452661210638,
    "forced_liquidations": 0,
    "avg_forced_liq_cost": 0.0,
    "std_forced_liq_cost": 0.0,
    "taker_qty_hedge": 0.0,
    "taker_qty_cross": 0.0,
    "taker_trades_hedge": 0,
    "taker_trades_cross": 0,
    "taker_qty_total": 0.0,
    "notional_traded_btc": 0.06216244935418004,
    "notional_traded_usdt": 1069.3270369852585
  },
  "strategy": "skew_mid_spread",
  "strategy_kwargs": {
    "extra_spread_ticks": 28.0,
    "gamma": 0.08,
    "gamma_cap_factor": 5.0,
    "gamma_imb": 0.5,
    "gamma_inv_scale": 2.0,
    "gamma_vol_scale": 0.0,
    "gradient_penalty_ticks": 1.0,
    "gradient_threshold": 1.5,
    "k_vol": 8.0,
    "size_base": 0.005,
    "size_exp": 2.0,
    "size_min_factor": 0.3
  },
  "snapshots_processed": 10000,
  "sharpe_ratio": -0.1654556994947086,
  "capital_base": 10000.0,
  "sharpe_horizon_seconds": 60.0
}