{
  "final_pnl": -2.8650168865951855,
  "final_inventory": 0.016319532063811953,
  "fill_count": 2973,
  "max_drawdown": 3.904240256837511,
  "pnl_attribution": {
    "inventory_moves": -2.978230804018897,
    "fees": -1.1566768938827658,
    "spread_capture": 1.4708204068109887,
    "adverse_selection": -0.16636477407989997,
    "funding_rates": 0.0
  },
  "additional_metrics": {
    "orders_placed": 2961,
    "orders_placed_buy": 1538,
    "orders_placed_sell": 1423,
    "maker_qty_placed": 64.86040875342324,
    "maker_qty_filled": 1.1122423560059356,
    "maker_fill_qty_rate": 0.017148247712010185,
    "avg_fill_latency_sec": 0.005249999709181733,
    "std_fill_latency_sec": 0.03589189155147866,
    "avg_queue_position": 0.019878776459441746,
    "std_queue_position": 0.24729569578270477,
    "avg_order_lifetime_sec": 0.005249999709181733,
    "std_order_lifetime_sec": 0.03589189155147866,
    "avg_competition_size": 0.3535659543981918,
    "std_competition_size": 0.06692613642361617,
    "forced_liquidations": 0,
    "avg_forced_liq_cost": 0.0,
    "std_forced_liq_cost": 0.0,
    "taker_qty_hedge": 0.2801373206541432,
    "taker_qty_cross": 0.0,
    "taker_trades_hedge": 2851,
    "taker_trades_cross": 0,
    "taker_qty_total": 0.2801373206541432,
    "notional_traded_btc": 1.3923796766600813,
    "notional_traded_usdt": 23949.004008896438
  },
  "strategy": "skew_mid_spread",
  "strategy_kwargs": {
    "extra_spread_ticks": 15.0,
    "gamma": 0.16,
    "gamma_cap_factor": 5.0,
    "gamma_imb": 0.5,
    "gamma_inv_scale": 1.0,
    "gamma_vol_scale": 2.0,
    "gradient_penalty_ticks": 1.0,
    "gradient_threshold": 1.5,
    "k_vol": 2.0,
    "size_base": 0.04,
    "size_exp": 2.0,
    "size_min_factor": 0.3
  },
  "snapshots_processed": 10000,
  "sharpe_ratio": -0.2995236210528116,
  "capital_base": 10000.0,
  "sharpe_horizon_seconds": 60.0
}