{
  "final_pnl": -1.542099744638108,
  "final_inventory": 0.1,
  "fill_count": 97,
  "max_drawdown": 4.179818148177219,
  "pnl_attribution": {
    "inventory_moves": 0.6017137777846346,
    "fees": -2.9183035118075185,
    "spread_capture": 0.9639147168127044,
    "adverse_selection": -0.10051509390835553,
    "funding_rates": 0.0
  },
  "additional_metrics": {
    "orders_placed": 1589,
    "orders_placed_buy": 822,
    "orders_placed_sell": 767,
    "maker_qty_placed": 34.842823052762334,
    "maker_qty_filled": 0.6641417452761222,
    "maker_fill_qty_rate": 0.019061077349284108,
    "avg_fill_latency_sec": 0.154449987411499,
    "std_fill_latency_sec": 0.12177415598446517,
    "avg_queue_position": 0.6574112699599296,
    "std_queue_position": 1.060337435236741,
    "avg_order_lifetime_sec": 0.154449987411499,
    "std_order_lifetime_sec": 0.12177415598446517,
    "avg_competition_size": 0.3549368457592927,
    "std_competition_size": 0.07116350837609643,
    "forced_liquidations": 0,
    "avg_forced_liq_cost": 0.0,
    "std_forced_liq_cost": 0.0,
    "taker_qty_hedge": 0.344032670336519,
    "taker_qty_cross": 0.0,
    "taker_trades_hedge": 23,
    "taker_trades_cross": 0,
    "taker_qty_total": 0.344032670336519,
    "notional_traded_btc": 1.0081744156126409,
    "notional_traded_usdt": 17344.408280949767
  },
  "strategy": "skew_mid_spread",
  "strategy_kwargs": {
    "extra_spread_ticks": 26.0,
    "gamma": 0.12,
    "gamma_cap_factor": 5.0,
    "gamma_imb": 0.5,
    "gamma_inv_scale": 1.0,
    "gamma_vol_scale": 2.0,
    "gradient_penalty_ticks": 1.0,
    "gradient_threshold": 1.5,
    "k_vol": 4.0,
    "size_base": 0.04,
    "size_exp": 2.0,
    "size_min_factor": 0.3
  },
  "snapshots_processed": 10000,
  "sharpe_ratio": -0.10241309532857258,
  "capital_base": 10000.0,
  "sharpe_horizon_seconds": 60.0
}