{
  "final_pnl": -7.681014989493633,
  "final_inventory": -0.0009142647555689665,
  "fill_count": 278,
  "max_drawdown": 7.681014989493633,
  "pnl_attribution": {
    "inventory_moves": -0.633228070950168,
    "fees": -7.710507720319638,
    "spread_capture": 0.9456773876022111,
    "adverse_selection": -0.28277792944225766,
    "funding_rates": 0.0
  },
  "additional_metrics": {
    "orders_placed": 608,
    "orders_placed_buy": 303,
    "orders_placed_sell": 305,
    "maker_qty_placed": 6.917573899924415,
    "maker_qty_filled": 1.2904676024797905,
    "maker_fill_qty_rate": 0.18654916031961594,
    "avg_fill_latency_sec": 0.179333327729025,
    "std_fill_latency_sec": 0.11293152820161548,
    "avg_queue_position": 1.1310295514940132,
    "std_queue_position": 1.4005379762797263,
    "avg_order_lifetime_sec": 0.19017900655299058,
    "std_order_lifetime_sec": 0.10709018046037527,
    "avg_competition_size": 0.7362734455428321,
    "std_competition_size": 0.14481472567992593,
    "forced_liquidations": 2,
    "avg_forced_liq_cost": 0.0475158288241134,
    "std_forced_liq_cost": 0.009310066823002259
  },
  "strategy": "skew_mid_spread",
  "strategy_kwargs": {
    "gamma": 0.05,
    "gamma_cap_factor": 5.0,
    "gamma_imb": 0.5,
    "gamma_inv_scale": 4.0,
    "gamma_vol_scale": 2.0,
    "gradient_penalty_ticks": 1.0,
    "gradient_threshold": 1.5,
    "k_vol": 1.3,
    "size_base": 0.02,
    "size_exp": 1.0,
    "size_min_factor": 0.2
  },
  "snapshots_processed": 1000,
  "sharpe_ratio": -1.1598419078744586,
  "capital_base": 10000.0,
  "sharpe_horizon_seconds": 60.0
}