{
  "final_pnl": -3.6465261078719777,
  "final_inventory": 0.007502247482809972,
  "fill_count": 282,
  "max_drawdown": 3.6465261078719777,
  "pnl_attribution": {
    "inventory_moves": -0.2834937995500897,
    "fees": -3.725172506667667,
    "spread_capture": 0.461500946846534,
    "adverse_selection": -0.1032057667469726,
    "funding_rates": 0.0
  },
  "additional_metrics": {
    "orders_placed": 536,
    "orders_placed_buy": 262,
    "orders_placed_sell": 274,
    "maker_qty_placed": 3.078457105718001,
    "maker_qty_filled": 0.6620380080525362,
    "maker_fill_qty_rate": 0.21505513486702504,
    "avg_fill_latency_sec": 0.19324690765804714,
    "std_fill_latency_sec": 0.13128717048434269,
    "avg_queue_position": 1.1489726675498315,
    "std_queue_position": 1.4255576529219132,
    "avg_order_lifetime_sec": 0.21182098064893556,
    "std_order_lifetime_sec": 0.13214670245245289,
    "avg_competition_size": 0.6641189313846928,
    "std_competition_size": 0.1299593739300375,
    "forced_liquidations": 0,
    "avg_forced_liq_cost": 0.0,
    "std_forced_liq_cost": 0.0
  },
  "strategy": "skew_mid_spread",
  "strategy_kwargs": {
    "gamma": 0.1,
    "gamma_cap_factor": 5.0,
    "gamma_imb": 0.5,
    "gamma_inv_scale": 4.0,
    "gamma_vol_scale": 2.0,
    "gradient_penalty_ticks": 1.0,
    "gradient_threshold": 1.5,
    "k_vol": 1.3,
    "size_base": 0.01,
    "size_exp": 3.0,
    "size_min_factor": 0.3
  },
  "snapshots_processed": 1000,
  "sharpe_ratio": -1.2408747270672562,
  "capital_base": 10000.0,
  "sharpe_horizon_seconds": 60.0
}