{
  "final_pnl": -4.246936574303618,
  "final_inventory": 0.08743918040000001,
  "fill_count": 87,
  "max_drawdown": 5.517846475329861,
  "pnl_attribution": {
    "inventory_moves": -3.0946156610185778,
    "fees": -2.026287232764781,
    "spread_capture": 1.0264513571669982,
    "adverse_selection": -0.10870686508414763,
    "funding_rates": 0.0
  },
  "additional_metrics": {
    "orders_placed": 2066,
    "orders_placed_buy": 1072,
    "orders_placed_sell": 994,
    "maker_qty_placed": 45.14051456740773,
    "maker_qty_filled": 0.7509406522848031,
    "maker_fill_qty_rate": 0.016635624548839236,
    "avg_fill_latency_sec": 0.19424491025963608,
    "std_fill_latency_sec": 0.1045108264981167,
    "avg_queue_position": 0.7765437732731494,
    "std_queue_position": 1.0735532028437254,
    "avg_order_lifetime_sec": 0.19424491025963608,
    "std_order_lifetime_sec": 0.1045108264981167,
    "avg_competition_size": 0.35450228371910136,
    "std_competition_size": 0.06719512822164078,
    "forced_liquidations": 0,
    "avg_forced_liq_cost": 0.0,
    "std_forced_liq_cost": 0.0,
    "taker_qty_hedge": 0.14230270133814546,
    "taker_qty_cross": 0.0,
    "taker_trades_hedge": 11,
    "taker_trades_cross": 0,
    "taker_qty_total": 0.14230270133814546,
    "notional_traded_btc": 0.8932433536229485,
    "notional_traded_usdt": 15365.897821179156
  },
  "strategy": "skew_mid_spread",
  "strategy_kwargs": {
    "extra_spread_ticks": 34.0,
    "gamma": 0.2,
    "gamma_cap_factor": 5.0,
    "gamma_imb": 0.5,
    "gamma_inv_scale": 1.0,
    "gamma_vol_scale": 2.0,
    "gradient_penalty_ticks": 1.0,
    "gradient_threshold": 1.5,
    "k_vol": 8.0,
    "size_base": 0.04,
    "size_exp": 2.0,
    "size_min_factor": 0.3
  },
  "snapshots_processed": 10000,
  "sharpe_ratio": -0.3476774515820991,
  "capital_base": 10000.0,
  "sharpe_horizon_seconds": 60.0
}