{
  "final_pnl": -7.520461174086449,
  "final_inventory": 0.018199537385096998,
  "fill_count": 280,
  "max_drawdown": 7.520461174086449,
  "pnl_attribution": {
    "inventory_moves": -0.6675499472852495,
    "fees": -7.624156920515812,
    "spread_capture": 1.0803841705600625,
    "adverse_selection": -0.2931368676614097,
    "funding_rates": 0.0
  },
  "additional_metrics": {
    "orders_placed": 540,
    "orders_placed_buy": 266,
    "orders_placed_sell": 274,
    "maker_qty_placed": 6.200870129207727,
    "maker_qty_filled": 1.3182769252799489,
    "maker_fill_qty_rate": 0.21259547415297705,
    "avg_fill_latency_sec": 0.1839814774784041,
    "std_fill_latency_sec": 0.11405821842412472,
    "avg_queue_position": 1.1628445729676202,
    "std_queue_position": 1.3802557382746206,
    "avg_order_lifetime_sec": 0.20256172433311556,
    "std_order_lifetime_sec": 0.11653537036525767,
    "avg_competition_size": 0.722817406514917,
    "std_competition_size": 0.1443690995636218,
    "forced_liquidations": 1,
    "avg_forced_liq_cost": 0.08954233299173492,
    "std_forced_liq_cost": 0.0
  },
  "strategy": "skew_mid_spread",
  "strategy_kwargs": {
    "gamma": 0.1,
    "gamma_cap_factor": 5.0,
    "gamma_imb": 0.5,
    "gamma_inv_scale": 4.0,
    "gamma_vol_scale": 2.0,
    "gradient_penalty_ticks": 1.0,
    "gradient_threshold": 1.5,
    "k_vol": 1.3,
    "size_base": 0.02,
    "size_exp": 1.0,
    "size_min_factor": 0.3
  },
  "snapshots_processed": 1000,
  "sharpe_ratio": -1.2616954168266126,
  "capital_base": 10000.0,
  "sharpe_horizon_seconds": 60.0
}