{
  "final_pnl": -2.127821008760293,
  "final_inventory": 0.0013535110935515944,
  "fill_count": 268,
  "max_drawdown": 2.127821008760293,
  "pnl_attribution": {
    "inventory_moves": -0.2213692719011301,
    "fees": -1.986857832725556,
    "spread_capture": 0.13143127922200296,
    "adverse_selection": -0.04603791614864538,
    "funding_rates": 0.0
  },
  "additional_metrics": {
    "orders_placed": 521,
    "orders_placed_buy": 261,
    "orders_placed_sell": 260,
    "maker_qty_placed": 1.5038437338815285,
    "maker_qty_filled": 0.3035796592120016,
    "maker_fill_qty_rate": 0.20186915194203106,
    "avg_fill_latency_sec": 0.1732578562490595,
    "std_fill_latency_sec": 0.1190146743535269,
    "avg_queue_position": 1.478561548601898,
    "std_queue_position": 1.760741262735874,
    "avg_order_lifetime_sec": 0.18112578032151708,
    "std_order_lifetime_sec": 0.11551964632049053,
    "avg_competition_size": 0.6377638301058979,
    "std_competition_size": 0.12024631327425088,
    "forced_liquidations": 0,
    "avg_forced_liq_cost": 0.0,
    "std_forced_liq_cost": 0.0
  },
  "strategy": "skew_mid_spread",
  "strategy_kwargs": {
    "gamma": 0.05,
    "gamma_cap_factor": 5.0,
    "gamma_imb": 0.5,
    "gamma_inv_scale": 1.0,
    "gamma_vol_scale": 1.0,
    "gradient_penalty_ticks": 1.0,
    "gradient_threshold": 1.5,
    "k_vol": 0.8,
    "size_base": 0.005,
    "size_exp": 2.0,
    "size_min_factor": 0.3
  },
  "snapshots_processed": 1000,
  "sharpe_ratio": -1.372287427462478,
  "capital_base": 10000.0,
  "sharpe_horizon_seconds": 60.0
}