{
  "final_pnl": -4.263031588352533,
  "final_inventory": 0.06787440579690741,
  "fill_count": 2176,
  "max_drawdown": 5.272443318752266,
  "pnl_attribution": {
    "inventory_moves": -1.9739973002158904,
    "fees": -3.1214938363585594,
    "spread_capture": 1.0580165047525183,
    "adverse_selection": -0.14188551891949794,
    "funding_rates": 0.0
  },
  "additional_metrics": {
    "orders_placed": 2061,
    "orders_placed_buy": 1070,
    "orders_placed_sell": 991,
    "maker_qty_placed": 45.05942436063747,
    "maker_qty_filled": 0.9322164350012911,
    "maker_fill_qty_rate": 0.020688600625258916,
    "avg_fill_latency_sec": 0.00601882407244514,
    "std_fill_latency_sec": 0.03838338987009041,
    "avg_queue_position": 0.020186900901829754,
    "std_queue_position": 0.1989030219164778,
    "avg_order_lifetime_sec": 0.00601882407244514,
    "std_order_lifetime_sec": 0.03838338987009041,
    "avg_competition_size": 0.3554975453973957,
    "std_competition_size": 0.06975595179971983,
    "forced_liquidations": 0,
    "avg_forced_liq_cost": 0.0,
    "std_forced_liq_cost": 0.0,
    "taker_qty_hedge": 0.2940495533722088,
    "taker_qty_cross": 0.0,
    "taker_trades_hedge": 2074,
    "taker_trades_cross": 0,
    "taker_qty_total": 0.2940495533722088,
    "notional_traded_btc": 1.2262659883734974,
    "notional_traded_usdt": 21094.772609896805
  },
  "strategy": "skew_mid_spread",
  "strategy_kwargs": {
    "extra_spread_ticks": 30.0,
    "gamma": 0.16,
    "gamma_cap_factor": 5.0,
    "gamma_imb": 0.5,
    "gamma_inv_scale": 1.0,
    "gamma_vol_scale": 2.0,
    "gradient_penalty_ticks": 1.0,
    "gradient_threshold": 1.5,
    "k_vol": 4.0,
    "size_base": 0.04,
    "size_exp": 2.0,
    "size_min_factor": 0.3
  },
  "snapshots_processed": 10000,
  "sharpe_ratio": -0.42278334106961063,
  "capital_base": 10000.0,
  "sharpe_horizon_seconds": 60.0
}