{
  "final_pnl": -4.203569957962827,
  "final_inventory": -0.0002682536014469161,
  "fill_count": 97,
  "max_drawdown": 4.459632167021482,
  "pnl_attribution": {
    "inventory_moves": -2.5699248388113354,
    "fees": -2.2736810332212958,
    "spread_capture": 0.784841790423326,
    "adverse_selection": -0.10421701163094638,
    "funding_rates": 0.0
  },
  "additional_metrics": {
    "orders_placed": 2067,
    "orders_placed_buy": 1072,
    "orders_placed_sell": 995,
    "maker_qty_placed": 45.181476742993866,
    "maker_qty_filled": 0.7771952163189029,
    "maker_fill_qty_rate": 0.017201633774385647,
    "avg_fill_latency_sec": 0.19944445733670835,
    "std_fill_latency_sec": 0.10087702502216668,
    "avg_queue_position": 0.5866498418226184,
    "std_queue_position": 0.813034435648837,
    "avg_order_lifetime_sec": 0.19944445733670835,
    "std_order_lifetime_sec": 0.10087702502216668,
    "avg_competition_size": 0.3542029426208464,
    "std_competition_size": 0.0672269089659148,
    "forced_liquidations": 0,
    "avg_forced_liq_cost": 0.0,
    "std_forced_liq_cost": 0.0,
    "taker_qty_hedge": 0.18149298018241972,
    "taker_qty_cross": 0.0,
    "taker_trades_hedge": 11,
    "taker_trades_cross": 0,
    "taker_qty_total": 0.18149298018241972,
    "notional_traded_btc": 0.9586881965013225,
    "notional_traded_usdt": 16490.60956156219
  },
  "strategy": "skew_mid_spread",
  "strategy_kwargs": {
    "extra_spread_ticks": 30.0,
    "gamma": 0.12,
    "gamma_cap_factor": 5.0,
    "gamma_imb": 0.5,
    "gamma_inv_scale": 1.0,
    "gamma_vol_scale": 2.0,
    "gradient_penalty_ticks": 1.0,
    "gradient_threshold": 1.5,
    "k_vol": 4.0,
    "size_base": 0.04,
    "size_exp": 2.0,
    "size_min_factor": 0.3
  },
  "snapshots_processed": 10000,
  "sharpe_ratio": -0.47810709482196917,
  "capital_base": 10000.0,
  "sharpe_horizon_seconds": 60.0
}