{
  "final_pnl": -3.370362767991537,
  "final_inventory": 0.00946160250102869,
  "fill_count": 277,
  "max_drawdown": 3.370362767991537,
  "pnl_attribution": {
    "inventory_moves": -0.23225120822109954,
    "fees": -3.6293298992734164,
    "spread_capture": 0.5825937800442789,
    "adverse_selection": -0.09147642480846677,
    "funding_rates": 0.0
  },
  "additional_metrics": {
    "orders_placed": 538,
    "orders_placed_buy": 264,
    "orders_placed_sell": 274,
    "maker_qty_placed": 3.089081125247863,
    "maker_qty_filled": 0.6497966420633973,
    "maker_fill_qty_rate": 0.2103527281146618,
    "avg_fill_latency_sec": 0.18905031156240018,
    "std_fill_latency_sec": 0.11486704340239079,
    "avg_queue_position": 1.1520336169443226,
    "std_queue_position": 1.4130716177641722,
    "avg_order_lifetime_sec": 0.20640251171663873,
    "std_order_lifetime_sec": 0.11762567629402901,
    "avg_competition_size": 0.6669791093717575,
    "std_competition_size": 0.1343192762573238,
    "forced_liquidations": 0,
    "avg_forced_liq_cost": 0.0,
    "std_forced_liq_cost": 0.0
  },
  "strategy": "skew_mid_spread",
  "strategy_kwargs": {
    "gamma": 0.1,
    "gamma_cap_factor": 5.0,
    "gamma_imb": 0.5,
    "gamma_inv_scale": 4.0,
    "gamma_vol_scale": 2.0,
    "gradient_penalty_ticks": 1.0,
    "gradient_threshold": 1.5,
    "k_vol": 1.3,
    "size_base": 0.01,
    "size_exp": 1.0,
    "size_min_factor": 0.3
  },
  "snapshots_processed": 1000,
  "sharpe_ratio": -1.1894275150413596,
  "capital_base": 10000.0,
  "sharpe_horizon_seconds": 60.0
}