{
  "final_pnl": -7.556049884868116,
  "final_inventory": 0.013372414681454623,
  "fill_count": 276,
  "max_drawdown": 7.556049884868116,
  "pnl_attribution": {
    "inventory_moves": -0.672353798822354,
    "fees": -7.6648074017162235,
    "spread_capture": 0.9577543310509085,
    "adverse_selection": -0.18681570359875346,
    "funding_rates": 0.0
  },
  "additional_metrics": {
    "orders_placed": 612,
    "orders_placed_buy": 304,
    "orders_placed_sell": 308,
    "maker_qty_placed": 6.955932447970955,
    "maker_qty_filled": 1.2630941914248868,
    "maker_fill_qty_rate": 0.18158517220697437,
    "avg_fill_latency_sec": 0.17893788385095064,
    "std_fill_latency_sec": 0.11317257964061944,
    "avg_queue_position": 1.07173037271092,
    "std_queue_position": 1.335070354580702,
    "avg_order_lifetime_sec": 0.18985092713966134,
    "std_order_lifetime_sec": 0.10734394514415495,
    "avg_competition_size": 0.7499148924246017,
    "std_competition_size": 0.14364613540153096,
    "forced_liquidations": 0,
    "avg_forced_liq_cost": 0.0,
    "std_forced_liq_cost": 0.0
  },
  "strategy": "skew_mid_spread",
  "strategy_kwargs": {
    "gamma": 0.1,
    "gamma_cap_factor": 5.0,
    "gamma_imb": 0.5,
    "gamma_inv_scale": 4.0,
    "gamma_vol_scale": 2.0,
    "gradient_penalty_ticks": 1.0,
    "gradient_threshold": 1.5,
    "k_vol": 1.3,
    "size_base": 0.02,
    "size_exp": 3.0,
    "size_min_factor": 0.3
  },
  "snapshots_processed": 1000,
  "sharpe_ratio": -1.1581575527616728,
  "capital_base": 10000.0,
  "sharpe_horizon_seconds": 60.0
}