{
  "final_pnl": -3.4360902598164103,
  "final_inventory": 0.00713500080803659,
  "fill_count": 272,
  "max_drawdown": 3.4360902598164103,
  "pnl_attribution": {
    "inventory_moves": -0.25657733041886593,
    "fees": -3.5379381036546476,
    "spread_capture": 0.44082792405620363,
    "adverse_selection": -0.09047680978022463,
    "funding_rates": 0.0
  },
  "additional_metrics": {
    "orders_placed": 608,
    "orders_placed_buy": 303,
    "orders_placed_sell": 305,
    "maker_qty_placed": 3.453054301504697,
    "maker_qty_filled": 0.6288035272935594,
    "maker_fill_qty_rate": 0.18210067736830926,
    "avg_fill_latency_sec": 0.18622435209078667,
    "std_fill_latency_sec": 0.10935589418438554,
    "avg_queue_position": 1.1329454645976609,
    "std_queue_position": 1.425598848017146,
    "avg_order_lifetime_sec": 0.19909614630234548,
    "std_order_lifetime_sec": 0.10114293753004994,
    "avg_competition_size": 0.6631106503691659,
    "std_competition_size": 0.1264157965747006,
    "forced_liquidations": 0,
    "avg_forced_liq_cost": 0.0,
    "std_forced_liq_cost": 0.0
  },
  "strategy": "skew_mid_spread",
  "strategy_kwargs": {
    "gamma": 0.1,
    "gamma_cap_factor": 5.0,
    "gamma_imb": 0.5,
    "gamma_inv_scale": 4.0,
    "gamma_vol_scale": 2.0,
    "gradient_penalty_ticks": 1.0,
    "gradient_threshold": 1.5,
    "k_vol": 1.3,
    "size_base": 0.01,
    "size_exp": 1.0,
    "size_min_factor": 0.1
  },
  "snapshots_processed": 1000,
  "sharpe_ratio": -1.2013832837101812,
  "capital_base": 10000.0,
  "sharpe_horizon_seconds": 60.0
}