{
  "final_pnl": -1.2455507531267358,
  "final_inventory": 0.05730332960344066,
  "fill_count": 3744,
  "max_drawdown": 3.5172989671737014,
  "pnl_attribution": {
    "inventory_moves": -0.8054765853889153,
    "fees": -1.2465318862487662,
    "spread_capture": 0.9745744548624804,
    "adverse_selection": -0.12972299030975118,
    "funding_rates": 0.0
  },
  "additional_metrics": {
    "orders_placed": 2065,
    "orders_placed_buy": 1073,
    "orders_placed_sell": 992,
    "maker_qty_placed": 45.13598668230128,
    "maker_qty_filled": 0.8968185223056009,
    "maker_fill_qty_rate": 0.01986925706572094,
    "avg_fill_latency_sec": 0.0034584349614961213,
    "std_fill_latency_sec": 0.029225775583579836,
    "avg_queue_position": 0.014458160893044674,
    "std_queue_position": 0.1871545220614348,
    "avg_order_lifetime_sec": 0.0034584349614961213,
    "std_order_lifetime_sec": 0.029225775583579836,
    "avg_competition_size": 0.3546374121541856,
    "std_competition_size": 0.06949452381213113,
    "forced_liquidations": 0,
    "avg_forced_liq_cost": 0.0,
    "std_forced_liq_cost": 0.0,
    "taker_qty_hedge": 0.30184524788747014,
    "taker_qty_cross": 0.0,
    "taker_trades_hedge": 3642,
    "taker_trades_cross": 0,
    "taker_qty_total": 0.30184524788747014,
    "notional_traded_btc": 1.1986637701930718,
    "notional_traded_usdt": 20618.76310623724
  },
  "strategy": "skew_mid_spread",
  "strategy_kwargs": {
    "extra_spread_ticks": 20.0,
    "gamma": 0.08,
    "gamma_cap_factor": 5.0,
    "gamma_imb": 0.5,
    "gamma_inv_scale": 1.0,
    "gamma_vol_scale": 2.0,
    "gradient_penalty_ticks": 1.0,
    "gradient_threshold": 1.5,
    "k_vol": 6.0,
    "size_base": 0.04,
    "size_exp": 2.0,
    "size_min_factor": 0.3
  },
  "snapshots_processed": 10000,
  "sharpe_ratio": -0.11639976491989035,
  "capital_base": 10000.0,
  "sharpe_horizon_seconds": 60.0
}