{
  "final_pnl": -1.7068664246744447,
  "final_inventory": 0.003982626917033473,
  "fill_count": 263,
  "max_drawdown": 1.7068664246744447,
  "pnl_attribution": {
    "inventory_moves": -0.0985491652919643,
    "fees": -1.7852066873383903,
    "spread_capture": 0.21972466164591772,
    "adverse_selection": -0.04848548277128658,
    "funding_rates": 0.0
  },
  "additional_metrics": {
    "orders_placed": 532,
    "orders_placed_buy": 259,
    "orders_placed_sell": 273,
    "maker_qty_placed": 1.5266937837757841,
    "maker_qty_filled": 0.31418346784670276,
    "maker_fill_qty_rate": 0.20579337597725156,
    "avg_fill_latency_sec": 0.18455262560593455,
    "std_fill_latency_sec": 0.11398855856070986,
    "avg_queue_position": 1.1053619001199375,
    "std_queue_position": 1.3959509770326766,
    "avg_order_lifetime_sec": 0.2092894660799127,
    "std_order_lifetime_sec": 0.12337579802970876,
    "avg_competition_size": 0.6422483193501117,
    "std_competition_size": 0.12041406399183183,
    "forced_liquidations": 0,
    "avg_forced_liq_cost": 0.0,
    "std_forced_liq_cost": 0.0
  },
  "strategy": "skew_mid_spread",
  "strategy_kwargs": {
    "gamma": 0.1,
    "gamma_cap_factor": 5.0,
    "gamma_imb": 0.5,
    "gamma_inv_scale": 4.0,
    "gamma_vol_scale": 2.0,
    "gradient_penalty_ticks": 1.0,
    "gradient_threshold": 1.5,
    "k_vol": 1.3,
    "size_base": 0.005,
    "size_exp": 2.0,
    "size_min_factor": 0.2
  },
  "snapshots_processed": 1000,
  "sharpe_ratio": -1.132716368640763,
  "capital_base": 10000.0,
  "sharpe_horizon_seconds": 60.0
}