{
  "final_pnl": -20.65380915037349,
  "final_inventory": 0.03102799299999999,
  "fill_count": 305,
  "max_drawdown": 20.65380915037349,
  "pnl_attribution": {
    "inventory_moves": -0.1401516059968706,
    "fees": -16.869941888732324,
    "spread_capture": 1.8800815977220244,
    "adverse_selection": -5.3041940161457015,
    "funding_rates": 0.0
  },
  "additional_metrics": {
    "orders_placed": 605,
    "orders_placed_buy": 301,
    "orders_placed_sell": 304,
    "maker_qty_placed": 13.738426735264863,
    "maker_qty_filled": 2.6527786033377043,
    "maker_fill_qty_rate": 0.19309187685430865,
    "avg_fill_latency_sec": 0.16469021206316742,
    "std_fill_latency_sec": 0.1188363227140665,
    "avg_queue_position": 1.1297406926818465,
    "std_queue_position": 1.4106176413200202,
    "avg_order_lifetime_sec": 0.17288042928861536,
    "std_order_lifetime_sec": 0.11582101097153585,
    "avg_competition_size": 0.8772101757058471,
    "std_competition_size": 0.16957024575885232,
    "forced_liquidations": 32,
    "avg_forced_liq_cost": 0.15312312449008658,
    "std_forced_liq_cost": 0.10993655598044921
  },
  "strategy": "skew_mid_spread",
  "strategy_kwargs": {
    "gamma": 0.1,
    "gamma_cap_factor": 5.0,
    "gamma_imb": 0.5,
    "gamma_inv_scale": 4.0,
    "gamma_vol_scale": 2.0,
    "gradient_penalty_ticks": 1.0,
    "gradient_threshold": 1.5,
    "k_vol": 1.3,
    "size_base": 0.04,
    "size_exp": 2.0,
    "size_min_factor": 0.2
  },
  "snapshots_processed": 1000,
  "sharpe_ratio": -1.3605253275656604,
  "capital_base": 10000.0,
  "sharpe_horizon_seconds": 60.0
}