{
  "final_pnl": -3.6309402567021607,
  "final_inventory": 0.009070475800720984,
  "fill_count": 274,
  "max_drawdown": 3.6309402567021607,
  "pnl_attribution": {
    "inventory_moves": -0.2868837782556902,
    "fees": -3.6616852379418896,
    "spread_capture": 0.40851499765023225,
    "adverse_selection": -0.09659419346310977,
    "funding_rates": 0.0
  },
  "additional_metrics": {
    "orders_placed": 536,
    "orders_placed_buy": 262,
    "orders_placed_sell": 274,
    "maker_qty_placed": 3.083004427846084,
    "maker_qty_filled": 0.6389047711684327,
    "maker_fill_qty_rate": 0.20723446434191412,
    "avg_fill_latency_sec": 0.18708227405065223,
    "std_fill_latency_sec": 0.1160017964805713,
    "avg_queue_position": 1.137986138499324,
    "std_queue_position": 1.419218046293513,
    "avg_order_lifetime_sec": 0.20770885521852517,
    "std_order_lifetime_sec": 0.12662914644839404,
    "avg_competition_size": 0.6695084641443542,
    "std_competition_size": 0.13025338816867546,
    "forced_liquidations": 0,
    "avg_forced_liq_cost": 0.0,
    "std_forced_liq_cost": 0.0
  },
  "strategy": "skew_mid_spread",
  "strategy_kwargs": {
    "gamma": 0.1,
    "gamma_cap_factor": 5.0,
    "gamma_imb": 0.5,
    "gamma_inv_scale": 4.0,
    "gamma_vol_scale": 2.0,
    "gradient_penalty_ticks": 1.0,
    "gradient_threshold": 1.5,
    "k_vol": 1.3,
    "size_base": 0.01,
    "size_exp": 2.0,
    "size_min_factor": 0.3
  },
  "snapshots_processed": 1000,
  "sharpe_ratio": -1.176013854868771,
  "capital_base": 10000.0,
  "sharpe_horizon_seconds": 60.0
}