{
  "final_pnl": -2.245440467115259,
  "final_inventory": 0.005860619556344715,
  "fill_count": 281,
  "max_drawdown": 2.245440467115259,
  "pnl_attribution": {
    "inventory_moves": -0.23832961156149937,
    "fees": -2.1057114162475825,
    "spread_capture": 0.14995061905645418,
    "adverse_selection": -0.04893506214401269,
    "funding_rates": 0.0
  },
  "additional_metrics": {
    "orders_placed": 525,
    "orders_placed_buy": 265,
    "orders_placed_sell": 260,
    "maker_qty_placed": 1.5114868474706429,
    "maker_qty_filled": 0.3232009572766778,
    "maker_fill_qty_rate": 0.21382981784957625,
    "avg_fill_latency_sec": 0.1724550881071719,
    "std_fill_latency_sec": 0.11917524495887657,
    "avg_queue_position": 1.5013185917413285,
    "std_queue_position": 1.7533357979206836,
    "avg_order_lifetime_sec": 0.17994610563723626,
    "std_order_lifetime_sec": 0.11591873342221903,
    "avg_competition_size": 0.6376379873834047,
    "std_competition_size": 0.12712302101116363,
    "forced_liquidations": 0,
    "avg_forced_liq_cost": 0.0,
    "std_forced_liq_cost": 0.0
  },
  "strategy": "skew_mid_spread",
  "strategy_kwargs": {
    "gamma": 0.1,
    "gamma_cap_factor": 5.0,
    "gamma_imb": 0.5,
    "gamma_inv_scale": 2.0,
    "gamma_vol_scale": 1.0,
    "gradient_penalty_ticks": 1.0,
    "gradient_threshold": 1.5,
    "k_vol": 0.8,
    "size_base": 0.005,
    "size_exp": 2.0,
    "size_min_factor": 0.3
  },
  "snapshots_processed": 1000,
  "sharpe_ratio": -1.4129720073546201,
  "capital_base": 10000.0,
  "sharpe_horizon_seconds": 60.0
}