{
  "final_pnl": -15.615540104685351,
  "final_inventory": 0.02057801526809258,
  "fill_count": 279,
  "max_drawdown": 15.615540104685351,
  "pnl_attribution": {
    "inventory_moves": -1.2247710984754026,
    "fees": -15.041251788118169,
    "spread_capture": 1.4230542313178385,
    "adverse_selection": -0.742364084177464,
    "funding_rates": 0.0
  },
  "additional_metrics": {
    "orders_placed": 612,
    "orders_placed_buy": 305,
    "orders_placed_sell": 307,
    "maker_qty_placed": 13.925372487983404,
    "maker_qty_filled": 2.4973093853889425,
    "maker_fill_qty_rate": 0.1793351946272131,
    "avg_fill_latency_sec": 0.17828220384983928,
    "std_fill_latency_sec": 0.11348454412340998,
    "avg_queue_position": 1.134672380899703,
    "std_queue_position": 1.347753873536953,
    "avg_order_lifetime_sec": 0.18752760243562103,
    "std_order_lifetime_sec": 0.10871492870288185,
    "avg_competition_size": 0.8735719413806414,
    "std_competition_size": 0.166849427920804,
    "forced_liquidations": 4,
    "avg_forced_liq_cost": 0.09203425545217814,
    "std_forced_liq_cost": 0.069168163774363
  },
  "strategy": "skew_mid_spread",
  "strategy_kwargs": {
    "gamma": 0.1,
    "gamma_cap_factor": 5.0,
    "gamma_imb": 0.5,
    "gamma_inv_scale": 4.0,
    "gamma_vol_scale": 2.0,
    "gradient_penalty_ticks": 1.0,
    "gradient_threshold": 1.5,
    "k_vol": 1.3,
    "size_base": 0.04,
    "size_exp": 2.0,
    "size_min_factor": 0.2
  },
  "snapshots_processed": 1000,
  "sharpe_ratio": -1.168965686885988,
  "capital_base": 10000.0,
  "sharpe_horizon_seconds": 60.0
}