{
  "final_pnl": -1.8419399375889043,
  "final_inventory": 0.06187073891071469,
  "fill_count": 1926,
  "max_drawdown": 3.585579418722773,
  "pnl_attribution": {
    "inventory_moves": -2.0515705731958547,
    "fees": -0.5097108736531204,
    "spread_capture": 0.8520245150514343,
    "adverse_selection": -0.11838988007014631,
    "funding_rates": 0.0
  },
  "additional_metrics": {
    "orders_placed": 2066,
    "orders_placed_buy": 1071,
    "orders_placed_sell": 995,
    "maker_qty_placed": 45.138617581092724,
    "maker_qty_filled": 0.737127560424077,
    "maker_fill_qty_rate": 0.01633030872289803,
    "avg_fill_latency_sec": 0.005186539828366682,
    "std_fill_latency_sec": 0.03570360722125526,
    "avg_queue_position": 0.01848292751990225,
    "std_queue_position": 0.2055049874564707,
    "avg_order_lifetime_sec": 0.005186539828366682,
    "std_order_lifetime_sec": 0.03570360722125526,
    "avg_competition_size": 0.35652203759267054,
    "std_competition_size": 0.06842950784044045,
    "forced_liquidations": 0,
    "avg_forced_liq_cost": 0.0,
    "std_forced_liq_cost": 0.0,
    "taker_qty_hedge": 0.1234654155319531,
    "taker_qty_cross": 0.0,
    "taker_trades_hedge": 1848,
    "taker_trades_cross": 0,
    "taker_qty_total": 0.1234654155319531,
    "notional_traded_btc": 0.8605929759560302,
    "notional_traded_usdt": 14801.763014251246
  },
  "strategy": "skew_mid_spread",
  "strategy_kwargs": {
    "extra_spread_ticks": 20.0,
    "gamma": 0.16,
    "gamma_cap_factor": 5.0,
    "gamma_imb": 0.5,
    "gamma_inv_scale": 1.0,
    "gamma_vol_scale": 2.0,
    "gradient_penalty_ticks": 1.0,
    "gradient_threshold": 1.5,
    "k_vol": 6.0,
    "size_base": 0.04,
    "size_exp": 2.0,
    "size_min_factor": 0.3
  },
  "snapshots_processed": 10000,
  "sharpe_ratio": -0.17619610083513126,
  "capital_base": 10000.0,
  "sharpe_horizon_seconds": 60.0
}