{
  "final_pnl": -22.326002830866855,
  "final_inventory": 0.02360533202223615,
  "fill_count": 316,
  "max_drawdown": 22.326002830866855,
  "pnl_attribution": {
    "inventory_moves": -0.12938545341057356,
    "fees": -17.87135521557528,
    "spread_capture": 1.9794796602521623,
    "adverse_selection": -6.067436013488718,
    "funding_rates": 0.0
  },
  "additional_metrics": {
    "orders_placed": 538,
    "orders_placed_buy": 266,
    "orders_placed_sell": 272,
    "maker_qty_placed": 12.35136098074695,
    "maker_qty_filled": 2.76096008065466,
    "maker_fill_qty_rate": 0.22353488696171933,
    "avg_fill_latency_sec": 0.1678429286517398,
    "std_fill_latency_sec": 0.1258451469861316,
    "avg_queue_position": 1.1240012217465687,
    "std_queue_position": 1.4054960640866863,
    "avg_order_lifetime_sec": 0.17835601586946018,
    "std_order_lifetime_sec": 0.12448279570063454,
    "avg_competition_size": 0.8673944947857082,
    "std_competition_size": 0.17446351761375165,
    "forced_liquidations": 34,
    "avg_forced_liq_cost": 0.16605277369317037,
    "std_forced_liq_cost": 0.09964277070551995
  },
  "strategy": "skew_mid_spread",
  "strategy_kwargs": {
    "gamma": 0.1,
    "gamma_cap_factor": 5.0,
    "gamma_imb": 0.5,
    "gamma_inv_scale": 4.0,
    "gamma_vol_scale": 2.0,
    "gradient_penalty_ticks": 1.0,
    "gradient_threshold": 1.5,
    "k_vol": 1.3,
    "size_base": 0.04,
    "size_exp": 2.0,
    "size_min_factor": 0.2
  },
  "snapshots_processed": 1000,
  "sharpe_ratio": -1.3054598021915391,
  "capital_base": 10000.0,
  "sharpe_horizon_seconds": 60.0
}