{
  "final_pnl": -0.9245811940381827,
  "final_inventory": 0.06187109155933049,
  "fill_count": 89,
  "max_drawdown": 2.9312146663141903,
  "pnl_attribution": {
    "inventory_moves": -0.8305241132926067,
    "fees": -0.6545637276752335,
    "spread_capture": 0.6399111480301067,
    "adverse_selection": -0.08918885995268078,
    "funding_rates": 0.0
  },
  "additional_metrics": {
    "orders_placed": 2064,
    "orders_placed_buy": 1072,
    "orders_placed_sell": 992,
    "maker_qty_placed": 45.10865948664515,
    "maker_qty_filled": 0.6442606985328984,
    "maker_fill_qty_rate": 0.014282417297805931,
    "avg_fill_latency_sec": 0.1955200242996216,
    "std_fill_latency_sec": 0.10384109174769474,
    "avg_queue_position": 0.6576701007742141,
    "std_queue_position": 0.931330846398871,
    "avg_order_lifetime_sec": 0.1955200242996216,
    "std_order_lifetime_sec": 0.10384109174769474,
    "avg_competition_size": 0.3522981028714162,
    "std_competition_size": 0.06906033800282455,
    "forced_liquidations": 0,
    "avg_forced_liq_cost": 0.0,
    "std_forced_liq_cost": 0.0,
    "taker_qty_hedge": 0.15851059032421155,
    "taker_qty_cross": 0.0,
    "taker_trades_hedge": 11,
    "taker_trades_cross": 0,
    "taker_qty_total": 0.15851059032421155,
    "notional_traded_btc": 0.8027712888571099,
    "notional_traded_usdt": 13810.751647503499
  },
  "strategy": "skew_mid_spread",
  "strategy_kwargs": {
    "extra_spread_ticks": 25.0,
    "gamma": 0.16,
    "gamma_cap_factor": 5.0,
    "gamma_imb": 0.5,
    "gamma_inv_scale": 1.0,
    "gamma_vol_scale": 2.0,
    "gradient_penalty_ticks": 1.0,
    "gradient_threshold": 1.5,
    "k_vol": 2.0,
    "size_base": 0.04,
    "size_exp": 2.0,
    "size_min_factor": 0.3
  },
  "snapshots_processed": 10000,
  "sharpe_ratio": -0.10229436001084105,
  "capital_base": 10000.0,
  "sharpe_horizon_seconds": 60.0
}