{
  "final_pnl": -1.7862614491350541,
  "final_inventory": 0.003016297916922211,
  "fill_count": 271,
  "max_drawdown": 1.7862614491350541,
  "pnl_attribution": {
    "inventory_moves": -0.15821513885485977,
    "fees": -1.819596662196664,
    "spread_capture": 0.23812576540462652,
    "adverse_selection": -0.04872636851202884,
    "funding_rates": 0.0
  },
  "additional_metrics": {
    "orders_placed": 609,
    "orders_placed_buy": 304,
    "orders_placed_sell": 305,
    "maker_qty_placed": 1.7320296791204393,
    "maker_qty_filled": 0.3214579846742572,
    "maker_fill_qty_rate": 0.18559611798193912,
    "avg_fill_latency_sec": 0.18462819778002226,
    "std_fill_latency_sec": 0.11024170076355536,
    "avg_queue_position": 1.1809287072260424,
    "std_queue_position": 1.4896702370318575,
    "avg_order_lifetime_sec": 0.19589101809721726,
    "std_order_lifetime_sec": 0.10341474305368951,
    "avg_competition_size": 0.6332473496176451,
    "std_competition_size": 0.11931761889613958,
    "forced_liquidations": 0,
    "avg_forced_liq_cost": 0.0,
    "std_forced_liq_cost": 0.0
  },
  "strategy": "skew_mid_spread",
  "strategy_kwargs": {
    "gamma": 0.1,
    "gamma_cap_factor": 5.0,
    "gamma_imb": 0.5,
    "gamma_inv_scale": 4.0,
    "gamma_vol_scale": 2.0,
    "gradient_penalty_ticks": 1.0,
    "gradient_threshold": 1.5,
    "k_vol": 1.3,
    "size_base": 0.005,
    "size_exp": 3.0,
    "size_min_factor": 0.3
  },
  "snapshots_processed": 1000,
  "sharpe_ratio": -1.180236094310252,
  "capital_base": 10000.0,
  "sharpe_horizon_seconds": 60.0
}