{
  "final_pnl": -0.17841476552712265,
  "final_inventory": 0.02209643326346955,
  "fill_count": 38,
  "max_drawdown": 0.6795563546093035,
  "pnl_attribution": {
    "inventory_moves": -0.1468122858549533,
    "fees": -0.07686557639217739,
    "spread_capture": 0.052886066125759267,
    "adverse_selection": -0.006583391192175742,
    "funding_rates": 0.0
  },
  "additional_metrics": {
    "orders_placed": 1586,
    "orders_placed_buy": 820,
    "orders_placed_sell": 766,
    "maker_qty_placed": 4.354113137618072,
    "maker_qty_filled": 0.04468940363417029,
    "maker_fill_qty_rate": 0.010263721272667189,
    "avg_fill_latency_sec": 0.25078945410879033,
    "std_fill_latency_sec": 0.0008321727789730264,
    "avg_queue_position": 1.3308053798105233,
    "std_queue_position": 1.3717369469179639,
    "avg_order_lifetime_sec": 0.25078945410879033,
    "std_order_lifetime_sec": 0.0008321727789730264,
    "avg_competition_size": 0.26005769303705983,
    "std_competition_size": 0.04939243562258323,
    "forced_liquidations": 0,
    "avg_forced_liq_cost": 0.0,
    "std_forced_liq_cost": 0.0,
    "taker_qty_hedge": 0.0,
    "taker_qty_cross": 0.0,
    "taker_trades_hedge": 0,
    "taker_trades_cross": 0,
    "taker_qty_total": 0.0,
    "notional_traded_btc": 0.04468940363417029,
    "notional_traded_usdt": 768.6557639217738
  },
  "strategy": "skew_mid_spread",
  "strategy_kwargs": {
    "extra_spread_ticks": 36.0,
    "gamma": 0.08,
    "gamma_cap_factor": 5.0,
    "gamma_imb": 0.5,
    "gamma_inv_scale": 4.0,
    "gamma_vol_scale": 0.0,
    "gradient_penalty_ticks": 1.0,
    "gradient_threshold": 1.5,
    "k_vol": 4.0,
    "size_base": 0.005,
    "size_exp": 2.0,
    "size_min_factor": 0.3
  },
  "snapshots_processed": 10000,
  "sharpe_ratio": -0.07552731771738269,
  "capital_base": 10000.0,
  "sharpe_horizon_seconds": 60.0
}