{
  "final_pnl": -7.404703752881687,
  "final_inventory": 0.008303065505912623,
  "fill_count": 279,
  "max_drawdown": 7.404703752881687,
  "pnl_attribution": {
    "inventory_moves": -0.6264635912950752,
    "fees": -7.363610388242574,
    "spread_capture": 0.773620450640891,
    "adverse_selection": -0.19717440706149686,
    "funding_rates": 0.0
  },
  "additional_metrics": {
    "orders_placed": 539,
    "orders_placed_buy": 264,
    "orders_placed_sell": 275,
    "maker_qty_placed": 6.19117811806981,
    "maker_qty_filled": 1.306499155195901,
    "maker_fill_qty_rate": 0.21102593565878885,
    "avg_fill_latency_sec": 0.18941249400377275,
    "std_fill_latency_sec": 0.11461175408359389,
    "avg_queue_position": 1.1999264233808193,
    "std_queue_position": 1.3879967991897695,
    "avg_order_lifetime_sec": 0.21134374290704727,
    "std_order_lifetime_sec": 0.12379454013988765,
    "avg_competition_size": 0.7382967033336898,
    "std_competition_size": 0.1417295739367805,
    "forced_liquidations": 0,
    "avg_forced_liq_cost": 0.0,
    "std_forced_liq_cost": 0.0
  },
  "strategy": "skew_mid_spread",
  "strategy_kwargs": {
    "gamma": 0.1,
    "gamma_cap_factor": 5.0,
    "gamma_imb": 0.5,
    "gamma_inv_scale": 4.0,
    "gamma_vol_scale": 2.0,
    "gradient_penalty_ticks": 1.0,
    "gradient_threshold": 1.5,
    "k_vol": 1.3,
    "size_base": 0.02,
    "size_exp": 1.0,
    "size_min_factor": 0.3
  },
  "snapshots_processed": 1000,
  "sharpe_ratio": -1.2234897044487252,
  "capital_base": 10000.0,
  "sharpe_horizon_seconds": 60.0
}