{
  "final_pnl": -3.3314450334473804,
  "final_inventory": 0.007044781628907483,
  "fill_count": 275,
  "max_drawdown": 3.3314450334473804,
  "pnl_attribution": {
    "inventory_moves": -0.2467020735257452,
    "fees": -3.4791497730888605,
    "spread_capture": 0.4913263626255588,
    "adverse_selection": -0.09947296035052246,
    "funding_rates": 0.0
  },
  "additional_metrics": {
    "orders_placed": 534,
    "orders_placed_buy": 260,
    "orders_placed_sell": 274,
    "maker_qty_placed": 3.064896983661355,
    "maker_qty_filled": 0.6547117763420801,
    "maker_fill_qty_rate": 0.2136162421876755,
    "avg_fill_latency_sec": 0.19426281329913017,
    "std_fill_latency_sec": 0.11193049890325013,
    "avg_queue_position": 1.209403879378473,
    "std_queue_position": 1.4189352090085552,
    "avg_order_lifetime_sec": 0.20874358140505278,
    "std_order_lifetime_sec": 0.10552298238095956,
    "avg_competition_size": 0.6724639979231606,
    "std_competition_size": 0.13114416894845932,
    "forced_liquidations": 0,
    "avg_forced_liq_cost": 0.0,
    "std_forced_liq_cost": 0.0
  },
  "strategy": "skew_mid_spread",
  "strategy_kwargs": {
    "gamma": 0.1,
    "gamma_cap_factor": 5.0,
    "gamma_imb": 0.5,
    "gamma_inv_scale": 4.0,
    "gamma_vol_scale": 2.0,
    "gradient_penalty_ticks": 1.0,
    "gradient_threshold": 1.5,
    "k_vol": 1.3,
    "size_base": 0.01,
    "size_exp": 2.0,
    "size_min_factor": 0.2
  },
  "snapshots_processed": 1000,
  "sharpe_ratio": -1.2386986877728365,
  "capital_base": 10000.0,
  "sharpe_horizon_seconds": 60.0
}