{
  "final_pnl": -3.112418506485483,
  "final_inventory": 0.0608706998766119,
  "fill_count": 79,
  "max_drawdown": 4.076144485734403,
  "pnl_attribution": {
    "inventory_moves": -2.413747844401544,
    "fees": -1.3170344064895074,
    "spread_capture": 0.717052840672727,
    "adverse_selection": -0.09307404236613785,
    "funding_rates": 0.0
  },
  "additional_metrics": {
    "orders_placed": 2063,
    "orders_placed_buy": 1071,
    "orders_placed_sell": 992,
    "maker_qty_placed": 45.08521186942463,
    "maker_qty_filled": 0.6588308241657541,
    "maker_fill_qty_rate": 0.014613013820892175,
    "avg_fill_latency_sec": 0.23273171448126073,
    "std_fill_latency_sec": 0.06542805783819179,
    "avg_queue_position": 0.9726254784072776,
    "std_queue_position": 1.269238018257643,
    "avg_order_lifetime_sec": 0.23273171448126073,
    "std_order_lifetime_sec": 0.06542805783819179,
    "avg_competition_size": 0.35440486875169536,
    "std_competition_size": 0.06832276505734072,
    "forced_liquidations": 0,
    "avg_forced_liq_cost": 0.0,
    "std_forced_liq_cost": 0.0,
    "taker_qty_hedge": 0.03560178382991107,
    "taker_qty_cross": 0.0,
    "taker_trades_hedge": 3,
    "taker_trades_cross": 0,
    "taker_qty_total": 0.03560178382991107,
    "notional_traded_btc": 0.6944326079956651,
    "notional_traded_usdt": 11945.707493953134
  },
  "strategy": "skew_mid_spread",
  "strategy_kwargs": {
    "extra_spread_ticks": 26.0,
    "gamma": 0.2,
    "gamma_cap_factor": 5.0,
    "gamma_imb": 0.5,
    "gamma_inv_scale": 1.0,
    "gamma_vol_scale": 2.0,
    "gradient_penalty_ticks": 1.0,
    "gradient_threshold": 1.5,
    "k_vol": 8.0,
    "size_base": 0.04,
    "size_exp": 2.0,
    "size_min_factor": 0.3
  },
  "snapshots_processed": 10000,
  "sharpe_ratio": -0.3328775362061989,
  "capital_base": 10000.0,
  "sharpe_horizon_seconds": 60.0
}