{
  "final_pnl": -1.088160631552455,
  "final_inventory": 0.1,
  "fill_count": 94,
  "max_drawdown": 3.6626474301083363,
  "pnl_attribution": {
    "inventory_moves": -0.49525805136703394,
    "fees": -1.0904768776386748,
    "spread_capture": 0.6818401658926299,
    "adverse_selection": -0.1178968373424487,
    "funding_rates": 0.0
  },
  "additional_metrics": {
    "orders_placed": 2060,
    "orders_placed_buy": 1069,
    "orders_placed_sell": 991,
    "maker_qty_placed": 44.98797994514721,
    "maker_qty_filled": 0.7485000435399101,
    "maker_fill_qty_rate": 0.016637778456657502,
    "avg_fill_latency_sec": 0.18596297723275643,
    "std_fill_latency_sec": 0.1100328257010795,
    "avg_queue_position": 0.6896115963528017,
    "std_queue_position": 1.0588874982594287,
    "avg_order_lifetime_sec": 0.18596297723275643,
    "std_order_lifetime_sec": 0.1100328257010795,
    "avg_competition_size": 0.3544016280753901,
    "std_competition_size": 0.06805445976703997,
    "forced_liquidations": 0,
    "avg_forced_liq_cost": 0.0,
    "std_forced_liq_cost": 0.0,
    "taker_qty_hedge": 0.26410517083708074,
    "taker_qty_cross": 0.0,
    "taker_trades_hedge": 14,
    "taker_trades_cross": 0,
    "taker_qty_total": 0.26410517083708074,
    "notional_traded_btc": 1.0126052143769908,
    "notional_traded_usdt": 17418.521687645414
  },
  "strategy": "skew_mid_spread",
  "strategy_kwargs": {
    "extra_spread_ticks": 10.0,
    "gamma": 0.12,
    "gamma_cap_factor": 5.0,
    "gamma_imb": 0.5,
    "gamma_inv_scale": 1.0,
    "gamma_vol_scale": 2.0,
    "gradient_penalty_ticks": 1.0,
    "gradient_threshold": 1.5,
    "k_vol": 6.0,
    "size_base": 0.04,
    "size_exp": 2.0,
    "size_min_factor": 0.3
  },
  "snapshots_processed": 10000,
  "sharpe_ratio": -0.0957586346740828,
  "capital_base": 10000.0,
  "sharpe_horizon_seconds": 60.0
}