{
  "final_pnl": -3.6035956138948677,
  "final_inventory": 0.0057432368150479515,
  "fill_count": 4355,
  "max_drawdown": 5.216216316581267,
  "pnl_attribution": {
    "inventory_moves": -0.013869039936236312,
    "fees": -4.654852175914759,
    "spread_capture": 1.4056992700988529,
    "adverse_selection": -0.20275485964872658,
    "funding_rates": 0.0
  },
  "additional_metrics": {
    "orders_placed": 2962,
    "orders_placed_buy": 1538,
    "orders_placed_sell": 1424,
    "maker_qty_placed": 64.85559133803137,
    "maker_qty_filled": 1.3308534981754911,
    "maker_fill_qty_rate": 0.020520258480706776,
    "avg_fill_latency_sec": 0.004031964400857061,
    "std_fill_latency_sec": 0.031520669009305426,
    "avg_queue_position": 0.01626134791202873,
    "std_queue_position": 0.2138402644557763,
    "avg_order_lifetime_sec": 0.004031964400857061,
    "std_order_lifetime_sec": 0.031520669009305426,
    "avg_competition_size": 0.35411468895060916,
    "std_competition_size": 0.0672080562516507,
    "forced_liquidations": 0,
    "avg_forced_liq_cost": 0.0,
    "std_forced_liq_cost": 0.0,
    "taker_qty_hedge": 0.4583304645604368,
    "taker_qty_cross": 0.0,
    "taker_trades_hedge": 4217,
    "taker_trades_cross": 0,
    "taker_qty_total": 0.4583304645604368,
    "notional_traded_btc": 1.7891839627359287,
    "notional_traded_usdt": 30775.736392127365
  },
  "strategy": "skew_mid_spread",
  "strategy_kwargs": {
    "extra_spread_ticks": 38.0,
    "gamma": 0.12,
    "gamma_cap_factor": 5.0,
    "gamma_imb": 0.5,
    "gamma_inv_scale": 1.0,
    "gamma_vol_scale": 2.0,
    "gradient_penalty_ticks": 1.0,
    "gradient_threshold": 1.5,
    "k_vol": 8.0,
    "size_base": 0.04,
    "size_exp": 2.0,
    "size_min_factor": 0.3
  },
  "snapshots_processed": 10000,
  "sharpe_ratio": -0.2895374449833475,
  "capital_base": 10000.0,
  "sharpe_horizon_seconds": 60.0
}