{
  "final_pnl": -2.2056053407904983,
  "final_inventory": 0.0017562380871356253,
  "fill_count": 274,
  "max_drawdown": 2.2056053407904983,
  "pnl_attribution": {
    "inventory_moves": -0.2288328265171439,
    "fees": -2.0614725039226487,
    "spread_capture": 0.13556297233477255,
    "adverse_selection": -0.045875625297359106,
    "funding_rates": 0.0
  },
  "additional_metrics": {
    "orders_placed": 525,
    "orders_placed_buy": 265,
    "orders_placed_sell": 260,
    "maker_qty_placed": 1.5136214705733435,
    "maker_qty_filled": 0.31323147152913144,
    "maker_fill_qty_rate": 0.20694174707397797,
    "avg_fill_latency_sec": 0.17208588781532336,
    "std_fill_latency_sec": 0.1194068879999696,
    "avg_queue_position": 1.4705725145687805,
    "std_queue_position": 1.7531446420659031,
    "avg_order_lifetime_sec": 0.17976073399643225,
    "std_order_lifetime_sec": 0.1160943043848979,
    "avg_competition_size": 0.6286056205189945,
    "std_competition_size": 0.12100459528430124,
    "forced_liquidations": 0,
    "avg_forced_liq_cost": 0.0,
    "std_forced_liq_cost": 0.0
  },
  "strategy": "skew_mid_spread",
  "strategy_kwargs": {
    "gamma": 0.1,
    "gamma_cap_factor": 5.0,
    "gamma_imb": 0.5,
    "gamma_inv_scale": 4.0,
    "gamma_vol_scale": 1.0,
    "gradient_penalty_ticks": 1.0,
    "gradient_threshold": 1.5,
    "k_vol": 0.8,
    "size_base": 0.005,
    "size_exp": 2.0,
    "size_min_factor": 0.3
  },
  "snapshots_processed": 1000,
  "sharpe_ratio": -1.3562932949631248,
  "capital_base": 10000.0,
  "sharpe_horizon_seconds": 60.0
}