{
  "final_pnl": -7.793802605681776,
  "final_inventory": 0.018009576122500842,
  "fill_count": 276,
  "max_drawdown": 7.793802605681776,
  "pnl_attribution": {
    "inventory_moves": -0.7667649841769392,
    "fees": -7.712670050455543,
    "spread_capture": 0.8702736439432861,
    "adverse_selection": -0.18570188892438935,
    "funding_rates": 0.0
  },
  "additional_metrics": {
    "orders_placed": 609,
    "orders_placed_buy": 304,
    "orders_placed_sell": 305,
    "maker_qty_placed": 6.9226293655469044,
    "maker_qty_filled": 1.2805196638474865,
    "maker_fill_qty_rate": 0.18497590961903568,
    "avg_fill_latency_sec": 0.17893788385095064,
    "std_fill_latency_sec": 0.1131717015287156,
    "avg_queue_position": 1.1860756132013364,
    "std_queue_position": 1.4717609607821622,
    "avg_order_lifetime_sec": 0.1898571378696039,
    "std_order_lifetime_sec": 0.1073465281902772,
    "avg_competition_size": 0.7408161563984782,
    "std_competition_size": 0.14564892634814203,
    "forced_liquidations": 0,
    "avg_forced_liq_cost": 0.0,
    "std_forced_liq_cost": 0.0
  },
  "strategy": "skew_mid_spread",
  "strategy_kwargs": {
    "gamma": 0.1,
    "gamma_cap_factor": 5.0,
    "gamma_imb": 0.5,
    "gamma_inv_scale": 4.0,
    "gamma_vol_scale": 2.0,
    "gradient_penalty_ticks": 1.0,
    "gradient_threshold": 1.5,
    "k_vol": 1.3,
    "size_base": 0.02,
    "size_exp": 3.0,
    "size_min_factor": 0.3
  },
  "snapshots_processed": 1000,
  "sharpe_ratio": -1.2192866099593764,
  "capital_base": 10000.0,
  "sharpe_horizon_seconds": 60.0
}