{
  "final_pnl": -1.7087536548915523,
  "final_inventory": 0.004299373779183939,
  "fill_count": 273,
  "max_drawdown": 1.7087536548915523,
  "pnl_attribution": {
    "inventory_moves": -0.13295932442181835,
    "fees": -1.824788745698391,
    "spread_capture": 0.29639530456821517,
    "adverse_selection": -0.04950044980111407,
    "funding_rates": 0.0
  },
  "additional_metrics": {
    "orders_placed": 532,
    "orders_placed_buy": 260,
    "orders_placed_sell": 272,
    "maker_qty_placed": 1.5288979197318322,
    "maker_qty_filled": 0.325933469648156,
    "maker_fill_qty_rate": 0.21318196947074436,
    "avg_fill_latency_sec": 0.18663693689236974,
    "std_fill_latency_sec": 0.1127459868634182,
    "avg_queue_position": 1.1162257383448986,
    "std_queue_position": 1.3746576296355386,
    "avg_order_lifetime_sec": 0.20898725424602532,
    "std_order_lifetime_sec": 0.12270870750084614,
    "avg_competition_size": 0.6364175997484626,
    "std_competition_size": 0.12521366371743356,
    "forced_liquidations": 0,
    "avg_forced_liq_cost": 0.0,
    "std_forced_liq_cost": 0.0
  },
  "strategy": "skew_mid_spread",
  "strategy_kwargs": {
    "gamma": 0.1,
    "gamma_cap_factor": 5.0,
    "gamma_imb": 0.5,
    "gamma_inv_scale": 4.0,
    "gamma_vol_scale": 2.0,
    "gradient_penalty_ticks": 1.0,
    "gradient_threshold": 1.5,
    "k_vol": 1.3,
    "size_base": 0.005,
    "size_exp": 1.0,
    "size_min_factor": 0.2
  },
  "snapshots_processed": 1000,
  "sharpe_ratio": -1.1545950501670652,
  "capital_base": 10000.0,
  "sharpe_horizon_seconds": 60.0
}