{
  "final_pnl": -0.3801481156478985,
  "final_inventory": 0.01828989787373994,
  "fill_count": 68,
  "max_drawdown": 0.6161263524300011,
  "pnl_attribution": {
    "inventory_moves": -0.3012429927454549,
    "fees": -0.15227684861990293,
    "spread_capture": 0.09473697165860803,
    "adverse_selection": -0.01573097139556735,
    "funding_rates": 0.0
  },
  "additional_metrics": {
    "orders_placed": 2960,
    "orders_placed_buy": 1537,
    "orders_placed_sell": 1423,
    "maker_qty_placed": 8.113047554509903,
    "maker_qty_filled": 0.08852816490600805,
    "maker_fill_qty_rate": 0.010911826204789934,
    "avg_fill_latency_sec": 0.2504705751643461,
    "std_fill_latency_sec": 0.0006523757874107989,
    "avg_queue_position": 1.3553688666737267,
    "std_queue_position": 1.8197161673495594,
    "avg_order_lifetime_sec": 0.2504705751643461,
    "std_order_lifetime_sec": 0.0006523757874107989,
    "avg_competition_size": 0.2606611288685626,
    "std_competition_size": 0.04667921676137982,
    "forced_liquidations": 0,
    "avg_forced_liq_cost": 0.0,
    "std_forced_liq_cost": 0.0,
    "taker_qty_hedge": 0.0,
    "taker_qty_cross": 0.0,
    "taker_trades_hedge": 0,
    "taker_trades_cross": 0,
    "taker_qty_total": 0.0,
    "notional_traded_btc": 0.08852816490600805,
    "notional_traded_usdt": 1522.768486199029
  },
  "strategy": "skew_mid_spread",
  "strategy_kwargs": {
    "extra_spread_ticks": 32.0,
    "gamma": 0.16,
    "gamma_cap_factor": 5.0,
    "gamma_imb": 0.5,
    "gamma_inv_scale": 1.0,
    "gamma_vol_scale": 0.0,
    "gradient_penalty_ticks": 1.0,
    "gradient_threshold": 1.5,
    "k_vol": 8.0,
    "size_base": 0.005,
    "size_exp": 2.0,
    "size_min_factor": 0.3
  },
  "snapshots_processed": 10000,
  "sharpe_ratio": -0.2283445570857231,
  "capital_base": 10000.0,
  "sharpe_horizon_seconds": 60.0
}