{
  "final_pnl": -7.69270095954198,
  "final_inventory": 0.02070557023050749,
  "fill_count": 276,
  "max_drawdown": 7.69270095954198,
  "pnl_attribution": {
    "inventory_moves": -0.644075559610705,
    "fees": -7.636897236287112,
    "spread_capture": 0.8619747758479809,
    "adverse_selection": -0.25646422187860757,
    "funding_rates": 0.0
  },
  "additional_metrics": {
    "orders_placed": 607,
    "orders_placed_buy": 302,
    "orders_placed_sell": 305,
    "maker_qty_placed": 6.913853190276014,
    "maker_qty_filled": 1.2822674467189787,
    "maker_fill_qty_rate": 0.18546350514390778,
    "avg_fill_latency_sec": 0.17888819356882793,
    "std_fill_latency_sec": 0.11313999099246387,
    "avg_queue_position": 1.1113517756661402,
    "std_queue_position": 1.3884900348575293,
    "avg_order_lifetime_sec": 0.18824844182648273,
    "std_order_lifetime_sec": 0.10823708600827317,
    "avg_competition_size": 0.7354397944742546,
    "std_competition_size": 0.13942296149807354,
    "forced_liquidations": 2,
    "avg_forced_liq_cost": 0.03515460873485879,
    "std_forced_liq_cost": 0.00329868013308204
  },
  "strategy": "skew_mid_spread",
  "strategy_kwargs": {
    "gamma": 0.1,
    "gamma_cap_factor": 5.0,
    "gamma_imb": 0.5,
    "gamma_inv_scale": 4.0,
    "gamma_vol_scale": 2.0,
    "gradient_penalty_ticks": 1.0,
    "gradient_threshold": 1.5,
    "k_vol": 1.3,
    "size_base": 0.02,
    "size_exp": 2.0,
    "size_min_factor": 0.1
  },
  "snapshots_processed": 1000,
  "sharpe_ratio": -1.276718550828829,
  "capital_base": 10000.0,
  "sharpe_horizon_seconds": 60.0
}