{
  "final_pnl": -3.7117007171091245,
  "final_inventory": -0.013326066826497035,
  "fill_count": 2028,
  "max_drawdown": 4.4272338985738315,
  "pnl_attribution": {
    "inventory_moves": -1.1185858916033768,
    "fees": -4.323736676683864,
    "spread_capture": 2.0299026631145285,
    "adverse_selection": -0.23676642552241356,
    "funding_rates": 0.0
  },
  "additional_metrics": {
    "orders_placed": 2965,
    "orders_placed_buy": 1541,
    "orders_placed_sell": 1424,
    "maker_qty_placed": 64.9466386344484,
    "maker_qty_filled": 1.4943541407936956,
    "maker_fill_qty_rate": 0.02300895276820491,
    "avg_fill_latency_sec": 0.010029231218191293,
    "std_fill_latency_sec": 0.049133787831423276,
    "avg_queue_position": 0.047841337378074125,
    "std_queue_position": 0.40716851323470754,
    "avg_order_lifetime_sec": 0.010029231218191293,
    "std_order_lifetime_sec": 0.049133787831423276,
    "avg_competition_size": 0.3529504733765523,
    "std_competition_size": 0.06695228131451714,
    "forced_liquidations": 0,
    "avg_forced_liq_cost": 0.0,
    "std_forced_liq_cost": 0.0,
    "taker_qty_hedge": 0.3396493122346452,
    "taker_qty_cross": 0.0,
    "taker_trades_hedge": 1872,
    "taker_trades_cross": 0,
    "taker_qty_total": 0.3396493122346452,
    "notional_traded_btc": 1.8340034530283384,
    "notional_traded_usdt": 31548.032596398538
  },
  "strategy": "skew_mid_spread",
  "strategy_kwargs": {
    "extra_spread_ticks": 26.0,
    "gamma": 0.2,
    "gamma_cap_factor": 5.0,
    "gamma_imb": 0.5,
    "gamma_inv_scale": 1.0,
    "gamma_vol_scale": 2.0,
    "gradient_penalty_ticks": 1.0,
    "gradient_threshold": 1.5,
    "k_vol": 4.0,
    "size_base": 0.04,
    "size_exp": 2.0,
    "size_min_factor": 0.3
  },
  "snapshots_processed": 10000,
  "sharpe_ratio": -0.3854476689254745,
  "capital_base": 10000.0,
  "sharpe_horizon_seconds": 60.0
}