{
  "final_pnl": -0.18146374956995714,
  "final_inventory": 0.015027270993370517,
  "fill_count": 16,
  "max_drawdown": 0.4273166627117462,
  "pnl_attribution": {
    "inventory_moves": -0.1614655450464822,
    "fees": -0.034278544921509606,
    "spread_capture": 0.017943743818439748,
    "adverse_selection": -0.003390483451429011,
    "funding_rates": 0.0
  },
  "additional_metrics": {
    "orders_placed": 1586,
    "orders_placed_buy": 821,
    "orders_placed_sell": 765,
    "maker_qty_placed": 4.354517716225349,
    "maker_qty_filled": 0.019927270993370515,
    "maker_fill_qty_rate": 0.004576229169792926,
    "avg_fill_latency_sec": 0.25062498450279236,
    "std_fill_latency_sec": 0.0006959789831141967,
    "avg_queue_position": 1.5465861915863703,
    "std_queue_position": 1.432018873247025,
    "avg_order_lifetime_sec": 0.25062498450279236,
    "std_order_lifetime_sec": 0.0006959789831141967,
    "avg_competition_size": 0.25984945816489247,
    "std_competition_size": 0.04923247751764962,
    "forced_liquidations": 0,
    "avg_forced_liq_cost": 0.0,
    "std_forced_liq_cost": 0.0,
    "taker_qty_hedge": 0.0,
    "taker_qty_cross": 0.0,
    "taker_trades_hedge": 0,
    "taker_trades_cross": 0,
    "taker_qty_total": 0.0,
    "notional_traded_btc": 0.019927270993370515,
    "notional_traded_usdt": 342.78544921509604
  },
  "strategy": "skew_mid_spread",
  "strategy_kwargs": {
    "extra_spread_ticks": 28.0,
    "gamma": 0.08,
    "gamma_cap_factor": 5.0,
    "gamma_imb": 0.5,
    "gamma_inv_scale": 4.0,
    "gamma_vol_scale": 0.0,
    "gradient_penalty_ticks": 1.0,
    "gradient_threshold": 1.5,
    "k_vol": 6.0,
    "size_base": 0.005,
    "size_exp": 2.0,
    "size_min_factor": 0.3
  },
  "snapshots_processed": 10000,
  "sharpe_ratio": -0.12603481328505467,
  "capital_base": 10000.0,
  "sharpe_horizon_seconds": 60.0
}