{
  "final_pnl": -1.6818954381651565,
  "final_inventory": 0.002544913554288977,
  "fill_count": 262,
  "max_drawdown": 1.6818954381651565,
  "pnl_attribution": {
    "inventory_moves": -0.10319128480797918,
    "fees": -1.7673616251920088,
    "spread_capture": 0.22989253214158614,
    "adverse_selection": -0.046307362800263444,
    "funding_rates": 0.0
  },
  "additional_metrics": {
    "orders_placed": 533,
    "orders_placed_buy": 259,
    "orders_placed_sell": 274,
    "maker_qty_placed": 1.531254979042779,
    "maker_qty_filled": 0.3138180141356272,
    "maker_fill_qty_rate": 0.20494171018585142,
    "avg_fill_latency_sec": 0.1857946976920627,
    "std_fill_latency_sec": 0.11337982226576858,
    "avg_queue_position": 1.0535947106926387,
    "std_queue_position": 1.3312348331861594,
    "avg_order_lifetime_sec": 0.20570860477472772,
    "std_order_lifetime_sec": 0.12256581769374633,
    "avg_competition_size": 0.6342842310090947,
    "std_competition_size": 0.12355012133323466,
    "forced_liquidations": 0,
    "avg_forced_liq_cost": 0.0,
    "std_forced_liq_cost": 0.0
  },
  "strategy": "skew_mid_spread",
  "strategy_kwargs": {
    "gamma": 0.1,
    "gamma_cap_factor": 5.0,
    "gamma_imb": 0.5,
    "gamma_inv_scale": 4.0,
    "gamma_vol_scale": 2.0,
    "gradient_penalty_ticks": 1.0,
    "gradient_threshold": 1.5,
    "k_vol": 1.3,
    "size_base": 0.005,
    "size_exp": 2.0,
    "size_min_factor": 0.1
  },
  "snapshots_processed": 1000,
  "sharpe_ratio": -1.1228515189315758,
  "capital_base": 10000.0,
  "sharpe_horizon_seconds": 60.0
}