{
  "final_pnl": -7.5401554806467175,
  "final_inventory": 0.011328976861046296,
  "fill_count": 281,
  "max_drawdown": 7.5401554806467175,
  "pnl_attribution": {
    "inventory_moves": -0.2986212734792303,
    "fees": -7.348706368366354,
    "spread_capture": 1.1456419936653803,
    "adverse_selection": -1.010680463613237,
    "funding_rates": 0.0
  },
  "additional_metrics": {
    "orders_placed": 533,
    "orders_placed_buy": 261,
    "orders_placed_sell": 272,
    "maker_qty_placed": 6.127738490785672,
    "maker_qty_filled": 1.3016125354528372,
    "maker_fill_qty_rate": 0.21241319899830616,
    "avg_fill_latency_sec": 0.18712962556768348,
    "std_fill_latency_sec": 0.11583812153066657,
    "avg_queue_position": 1.1669646833182274,
    "std_queue_position": 1.4045426413736275,
    "avg_order_lifetime_sec": 0.19952468518857602,
    "std_order_lifetime_sec": 0.11187019140972214,
    "avg_competition_size": 0.743460319904531,
    "std_competition_size": 0.14439594351034332,
    "forced_liquidations": 9,
    "avg_forced_liq_cost": 0.09057053601473666,
    "std_forced_liq_cost": 0.043228356576809915
  },
  "strategy": "skew_mid_spread",
  "strategy_kwargs": {
    "gamma": 0.1,
    "gamma_cap_factor": 5.0,
    "gamma_imb": 0.5,
    "gamma_inv_scale": 4.0,
    "gamma_vol_scale": 2.0,
    "gradient_penalty_ticks": 1.0,
    "gradient_threshold": 1.5,
    "k_vol": 1.3,
    "size_base": 0.02,
    "size_exp": 2.0,
    "size_min_factor": 0.1
  },
  "snapshots_processed": 1000,
  "sharpe_ratio": -1.116832545643415,
  "capital_base": 10000.0,
  "sharpe_horizon_seconds": 60.0
}