{
  "final_pnl": -3.342671732283634,
  "final_inventory": 0.004628409850917709,
  "fill_count": 271,
  "max_drawdown": 3.342671732283634,
  "pnl_attribution": {
    "inventory_moves": -0.24109015341709666,
    "fees": -3.555312299462813,
    "spread_capture": 0.5521060899458269,
    "adverse_selection": -0.09483966079493543,
    "funding_rates": 0.0
  },
  "additional_metrics": {
    "orders_placed": 536,
    "orders_placed_buy": 262,
    "orders_placed_sell": 274,
    "maker_qty_placed": 3.0814080070788603,
    "maker_qty_filled": 0.6473613914439295,
    "maker_fill_qty_rate": 0.21008623004702992,
    "avg_fill_latency_sec": 0.19067096094931327,
    "std_fill_latency_sec": 0.11411590325303952,
    "avg_queue_position": 1.1587093556375319,
    "std_queue_position": 1.420883545381943,
    "avg_order_lifetime_sec": 0.20362579745631065,
    "std_order_lifetime_sec": 0.1094490631785859,
    "avg_competition_size": 0.66412458845144,
    "std_competition_size": 0.13375992068620193,
    "forced_liquidations": 0,
    "avg_forced_liq_cost": 0.0,
    "std_forced_liq_cost": 0.0
  },
  "strategy": "skew_mid_spread",
  "strategy_kwargs": {
    "gamma": 0.1,
    "gamma_cap_factor": 5.0,
    "gamma_imb": 0.5,
    "gamma_inv_scale": 4.0,
    "gamma_vol_scale": 2.0,
    "gradient_penalty_ticks": 1.0,
    "gradient_threshold": 1.5,
    "k_vol": 1.3,
    "size_base": 0.01,
    "size_exp": 1.0,
    "size_min_factor": 0.2
  },
  "snapshots_processed": 1000,
  "sharpe_ratio": -1.174759778323599,
  "capital_base": 10000.0,
  "sharpe_horizon_seconds": 60.0
}