{
  "final_pnl": -0.14334344444614544,
  "final_inventory": 0.013849789370191247,
  "fill_count": 28,
  "max_drawdown": 0.37369979994400637,
  "pnl_attribution": {
    "inventory_moves": -0.1370277917108428,
    "fees": -0.06115449505139162,
    "spread_capture": 0.06583347429115863,
    "adverse_selection": -0.005919766025035852,
    "funding_rates": 0.0
  },
  "additional_metrics": {
    "orders_placed": 1589,
    "orders_placed_buy": 820,
    "orders_placed_sell": 769,
    "maker_qty_placed": 4.364182013198343,
    "maker_qty_filled": 0.0355484761157455,
    "maker_fill_qty_rate": 0.008145507224088798,
    "avg_fill_latency_sec": 0.25071425097329275,
    "std_fill_latency_sec": 0.000699834775232347,
    "avg_queue_position": 1.357813332453073,
    "std_queue_position": 2.0782560716937453,
    "avg_order_lifetime_sec": 0.25071425097329275,
    "std_order_lifetime_sec": 0.000699834775232347,
    "avg_competition_size": 0.261561693932364,
    "std_competition_size": 0.0487659767647992,
    "forced_liquidations": 0,
    "avg_forced_liq_cost": 0.0,
    "std_forced_liq_cost": 0.0,
    "taker_qty_hedge": 0.0,
    "taker_qty_cross": 0.0,
    "taker_trades_hedge": 0,
    "taker_trades_cross": 0,
    "taker_qty_total": 0.0,
    "notional_traded_btc": 0.0355484761157455,
    "notional_traded_usdt": 611.5449505139163
  },
  "strategy": "skew_mid_spread",
  "strategy_kwargs": {
    "extra_spread_ticks": 24.0,
    "gamma": 0.08,
    "gamma_cap_factor": 5.0,
    "gamma_imb": 0.5,
    "gamma_inv_scale": 2.0,
    "gamma_vol_scale": 1.0,
    "gradient_penalty_ticks": 1.0,
    "gradient_threshold": 1.5,
    "k_vol": 8.0,
    "size_base": 0.005,
    "size_exp": 2.0,
    "size_min_factor": 0.3
  },
  "snapshots_processed": 10000,
  "sharpe_ratio": -0.1119831537265256,
  "capital_base": 10000.0,
  "sharpe_horizon_seconds": 60.0
}