{
  "final_pnl": -2.9245385049598553,
  "final_inventory": 0.005120423548692889,
  "fill_count": 91,
  "max_drawdown": 3.6362501519070065,
  "pnl_attribution": {
    "inventory_moves": -1.223552897884312,
    "fees": -2.1939887350391114,
    "spread_capture": 0.6328076628532698,
    "adverse_selection": -0.1062211694829904,
    "funding_rates": 0.0
  },
  "additional_metrics": {
    "orders_placed": 1586,
    "orders_placed_buy": 820,
    "orders_placed_sell": 766,
    "maker_qty_placed": 34.80813272338745,
    "maker_qty_filled": 0.7578064870241896,
    "maker_fill_qty_rate": 0.021770960627112937,
    "avg_fill_latency_sec": 0.2055199909210205,
    "std_fill_latency_sec": 0.0962929321460028,
    "avg_queue_position": 0.8725995314662882,
    "std_queue_position": 1.1648098089354781,
    "avg_order_lifetime_sec": 0.2055199909210205,
    "std_order_lifetime_sec": 0.0962929321460028,
    "avg_competition_size": 0.3544110510506889,
    "std_competition_size": 0.07049298745245904,
    "forced_liquidations": 0,
    "avg_forced_liq_cost": 0.0,
    "std_forced_liq_cost": 0.0,
    "taker_qty_hedge": 0.172494133762145,
    "taker_qty_cross": 0.0,
    "taker_trades_hedge": 9,
    "taker_trades_cross": 0,
    "taker_qty_total": 0.172494133762145,
    "notional_traded_btc": 0.9303006207863342,
    "notional_traded_usdt": 16002.75482280762
  },
  "strategy": "skew_mid_spread",
  "strategy_kwargs": {
    "extra_spread_ticks": 30.0,
    "gamma": 0.08,
    "gamma_cap_factor": 5.0,
    "gamma_imb": 0.5,
    "gamma_inv_scale": 1.0,
    "gamma_vol_scale": 2.0,
    "gradient_penalty_ticks": 1.0,
    "gradient_threshold": 1.5,
    "k_vol": 4.0,
    "size_base": 0.04,
    "size_exp": 2.0,
    "size_min_factor": 0.3
  },
  "snapshots_processed": 10000,
  "sharpe_ratio": -0.32316386164337957,
  "capital_base": 10000.0,
  "sharpe_horizon_seconds": 60.0
}