{
  "final_pnl": -4.05576879842738,
  "final_inventory": -0.01647577276275572,
  "fill_count": 104,
  "max_drawdown": 4.521119430921317,
  "pnl_attribution": {
    "inventory_moves": -2.512835191112714,
    "fees": -2.1434226076919525,
    "spread_capture": 0.7981168250139081,
    "adverse_selection": -0.14121732735998796,
    "funding_rates": 0.0
  },
  "additional_metrics": {
    "orders_placed": 2062,
    "orders_placed_buy": 1070,
    "orders_placed_sell": 992,
    "maker_qty_placed": 45.08068741391776,
    "maker_qty_filled": 0.8774365725839307,
    "maker_fill_qty_rate": 0.01946369105971174,
    "avg_fill_latency_sec": 0.215071439743042,
    "std_fill_latency_sec": 0.0878216293629166,
    "avg_queue_position": 0.6878959818312096,
    "std_queue_position": 0.9246557257506564,
    "avg_order_lifetime_sec": 0.215071439743042,
    "std_order_lifetime_sec": 0.0878216293629166,
    "avg_competition_size": 0.3553166558251165,
    "std_competition_size": 0.06845038789045972,
    "forced_liquidations": 0,
    "avg_forced_liq_cost": 0.0,
    "std_forced_liq_cost": 0.0,
    "taker_qty_hedge": 0.12289213105875979,
    "taker_qty_cross": 0.0,
    "taker_trades_hedge": 8,
    "taker_trades_cross": 0,
    "taker_qty_total": 0.12289213105875979,
    "notional_traded_btc": 1.0003287036426904,
    "notional_traded_usdt": 17206.23070961186
  },
  "strategy": "skew_mid_spread",
  "strategy_kwargs": {
    "extra_spread_ticks": 26.0,
    "gamma": 0.2,
    "gamma_cap_factor": 5.0,
    "gamma_imb": 0.5,
    "gamma_inv_scale": 1.0,
    "gamma_vol_scale": 2.0,
    "gradient_penalty_ticks": 1.0,
    "gradient_threshold": 1.5,
    "k_vol": 8.0,
    "size_base": 0.04,
    "size_exp": 2.0,
    "size_min_factor": 0.3
  },
  "snapshots_processed": 10000,
  "sharpe_ratio": -0.4456846807368286,
  "capital_base": 10000.0,
  "sharpe_horizon_seconds": 60.0
}