{
  "final_pnl": -0.5559759094903711,
  "final_inventory": 0.01646166195262623,
  "fill_count": 66,
  "max_drawdown": 0.8300942640926223,
  "pnl_attribution": {
    "inventory_moves": -0.49273218309452294,
    "fees": -0.14179113981679703,
    "spread_capture": 0.10122233009829668,
    "adverse_selection": -0.013077250970042866,
    "funding_rates": 0.0
  },
  "additional_metrics": {
    "orders_placed": 2960,
    "orders_placed_buy": 1539,
    "orders_placed_sell": 1421,
    "maker_qty_placed": 8.112281994696573,
    "maker_qty_filled": 0.082438922674687,
    "maker_fill_qty_rate": 0.010162235820769257,
    "avg_fill_latency_sec": 0.25039393974073004,
    "std_fill_latency_sec": 0.0005999791839837685,
    "avg_queue_position": 1.2983645664977772,
    "std_queue_position": 1.2837790629664043,
    "avg_order_lifetime_sec": 0.25039393974073004,
    "std_order_lifetime_sec": 0.0005999791839837685,
    "avg_competition_size": 0.26017798500247724,
    "std_competition_size": 0.047378517165458524,
    "forced_liquidations": 0,
    "avg_forced_liq_cost": 0.0,
    "std_forced_liq_cost": 0.0,
    "taker_qty_hedge": 0.0,
    "taker_qty_cross": 0.0,
    "taker_trades_hedge": 0,
    "taker_trades_cross": 0,
    "taker_qty_total": 0.0,
    "notional_traded_btc": 0.082438922674687,
    "notional_traded_usdt": 1417.9113981679704
  },
  "strategy": "skew_mid_spread",
  "strategy_kwargs": {
    "extra_spread_ticks": 32.0,
    "gamma": 0.16,
    "gamma_cap_factor": 5.0,
    "gamma_imb": 0.5,
    "gamma_inv_scale": 2.0,
    "gamma_vol_scale": 1.0,
    "gradient_penalty_ticks": 1.0,
    "gradient_threshold": 1.5,
    "k_vol": 8.0,
    "size_base": 0.005,
    "size_exp": 2.0,
    "size_min_factor": 0.3
  },
  "snapshots_processed": 10000,
  "sharpe_ratio": -0.22658691854998966,
  "capital_base": 10000.0,
  "sharpe_horizon_seconds": 60.0
}