{
  "final_pnl": -15.25424948991349,
  "final_inventory": 0.015330157058894713,
  "fill_count": 282,
  "max_drawdown": 15.25424948991349,
  "pnl_attribution": {
    "inventory_moves": -1.3349109406439674,
    "fees": -15.274882834938676,
    "spread_capture": 2.1273521133429463,
    "adverse_selection": -0.7361850317112206,
    "funding_rates": 0.0
  },
  "additional_metrics": {
    "orders_placed": 610,
    "orders_placed_buy": 306,
    "orders_placed_sell": 304,
    "maker_qty_placed": 13.869900073398663,
    "maker_qty_filled": 2.5999036083580016,
    "maker_fill_qty_rate": 0.18744933954819218,
    "avg_fill_latency_sec": 0.18020731065331436,
    "std_fill_latency_sec": 0.11251614525083801,
    "avg_queue_position": 1.2555529184291054,
    "std_queue_position": 1.4317308983498835,
    "avg_order_lifetime_sec": 0.18939633485747548,
    "std_order_lifetime_sec": 0.10757173170269466,
    "avg_competition_size": 0.8731205526518356,
    "std_competition_size": 0.16908743029612114,
    "forced_liquidations": 3,
    "avg_forced_liq_cost": 0.11650339525772897,
    "std_forced_liq_cost": 0.05526288090184862
  },
  "strategy": "skew_mid_spread",
  "strategy_kwargs": {
    "gamma": 0.1,
    "gamma_cap_factor": 5.0,
    "gamma_imb": 0.5,
    "gamma_inv_scale": 4.0,
    "gamma_vol_scale": 2.0,
    "gradient_penalty_ticks": 1.0,
    "gradient_threshold": 1.5,
    "k_vol": 1.3,
    "size_base": 0.04,
    "size_exp": 2.0,
    "size_min_factor": 0.3
  },
  "snapshots_processed": 1000,
  "sharpe_ratio": -1.207746905734967,
  "capital_base": 10000.0,
  "sharpe_horizon_seconds": 60.0
}