{
  "final_pnl": -0.688046364357433,
  "final_inventory": 0.03171308935992298,
  "fill_count": 187,
  "max_drawdown": 3.817649830449227,
  "pnl_attribution": {
    "inventory_moves": 0.298611315672748,
    "fees": -2.3481633430272257,
    "spread_capture": 1.6348557714580516,
    "adverse_selection": -0.20565606557012625,
    "funding_rates": 0.0
  },
  "additional_metrics": {
    "orders_placed": 2961,
    "orders_placed_buy": 1538,
    "orders_placed_sell": 1423,
    "maker_qty_placed": 64.83578308612717,
    "maker_qty_filled": 1.4349577810661378,
    "maker_fill_qty_rate": 0.022132188627381196,
    "avg_fill_latency_sec": 0.1715044996759913,
    "std_fill_latency_sec": 0.1163875810814309,
    "avg_queue_position": 0.7087037450817067,
    "std_queue_position": 1.3215723038469533,
    "avg_order_lifetime_sec": 0.1715044996759913,
    "std_order_lifetime_sec": 0.1163875810814309,
    "avg_competition_size": 0.35456332423173514,
    "std_competition_size": 0.0669093553586435,
    "forced_liquidations": 0,
    "avg_forced_liq_cost": 0.0,
    "std_forced_liq_cost": 0.0,
    "taker_qty_hedge": 0.5686206979020035,
    "taker_qty_cross": 0.0,
    "taker_trades_hedge": 35,
    "taker_trades_cross": 0,
    "taker_qty_total": 0.5686206979020035,
    "notional_traded_btc": 2.0035784789681403,
    "notional_traded_usdt": 34464.799605368615
  },
  "strategy": "skew_mid_spread",
  "strategy_kwargs": {
    "extra_spread_ticks": 25.0,
    "gamma": 0.08,
    "gamma_cap_factor": 5.0,
    "gamma_imb": 0.5,
    "gamma_inv_scale": 1.0,
    "gamma_vol_scale": 2.0,
    "gradient_penalty_ticks": 1.0,
    "gradient_threshold": 1.5,
    "k_vol": 2.0,
    "size_base": 0.04,
    "size_exp": 2.0,
    "size_min_factor": 0.3
  },
  "snapshots_processed": 10000,
  "sharpe_ratio": -0.05552115719803842,
  "capital_base": 10000.0,
  "sharpe_horizon_seconds": 60.0
}