{
  "final_pnl": -3.483916485003647,
  "final_inventory": 0.008788752459611233,
  "fill_count": 275,
  "max_drawdown": 3.483916485003647,
  "pnl_attribution": {
    "inventory_moves": -0.2736879082548105,
    "fees": -3.637651866666264,
    "spread_capture": 0.5244069279588315,
    "adverse_selection": -0.09368413684325258,
    "funding_rates": 0.0
  },
  "additional_metrics": {
    "orders_placed": 608,
    "orders_placed_buy": 303,
    "orders_placed_sell": 305,
    "maker_qty_placed": 3.4583843041619367,
    "maker_qty_filled": 0.6477437687052517,
    "maker_fill_qty_rate": 0.18729664251764472,
    "avg_fill_latency_sec": 0.1854493602921691,
    "std_fill_latency_sec": 0.10978145592648599,
    "avg_queue_position": 1.1403798913633953,
    "std_queue_position": 1.4400935531874544,
    "avg_order_lifetime_sec": 0.19657594191877148,
    "std_order_lifetime_sec": 0.10293596570683956,
    "avg_competition_size": 0.6692993600623222,
    "std_competition_size": 0.1254092730417838,
    "forced_liquidations": 0,
    "avg_forced_liq_cost": 0.0,
    "std_forced_liq_cost": 0.0
  },
  "strategy": "skew_mid_spread",
  "strategy_kwargs": {
    "gamma": 0.1,
    "gamma_cap_factor": 5.0,
    "gamma_imb": 0.5,
    "gamma_inv_scale": 4.0,
    "gamma_vol_scale": 2.0,
    "gradient_penalty_ticks": 1.0,
    "gradient_threshold": 1.5,
    "k_vol": 1.3,
    "size_base": 0.01,
    "size_exp": 3.0,
    "size_min_factor": 0.2
  },
  "snapshots_processed": 1000,
  "sharpe_ratio": -1.153442754885881,
  "capital_base": 10000.0,
  "sharpe_horizon_seconds": 60.0
}