{
  "final_pnl": -3.2046798819992546,
  "final_inventory": 0.008504302230613981,
  "fill_count": 267,
  "max_drawdown": 3.2046798819992546,
  "pnl_attribution": {
    "inventory_moves": -0.1901504587854091,
    "fees": -3.463970284763616,
    "spread_capture": 0.53951228581691,
    "adverse_selection": -0.09564937471181334,
    "funding_rates": 0.0
  },
  "additional_metrics": {
    "orders_placed": 532,
    "orders_placed_buy": 260,
    "orders_placed_sell": 272,
    "maker_qty_placed": 3.0593153113938536,
    "maker_qty_filled": 0.6439596163892302,
    "maker_fill_qty_rate": 0.21049141747204733,
    "avg_fill_latency_sec": 0.19283552075687208,
    "std_fill_latency_sec": 0.11304449521419993,
    "avg_queue_position": 1.1115711530025632,
    "std_queue_position": 1.3443110788497004,
    "avg_order_lifetime_sec": 0.2159210459182137,
    "std_order_lifetime_sec": 0.1220607345557779,
    "avg_competition_size": 0.6608786466862758,
    "std_competition_size": 0.12952866339017371,
    "forced_liquidations": 0,
    "avg_forced_liq_cost": 0.0,
    "std_forced_liq_cost": 0.0
  },
  "strategy": "skew_mid_spread",
  "strategy_kwargs": {
    "gamma": 0.1,
    "gamma_cap_factor": 5.0,
    "gamma_imb": 0.5,
    "gamma_inv_scale": 4.0,
    "gamma_vol_scale": 2.0,
    "gradient_penalty_ticks": 1.0,
    "gradient_threshold": 1.5,
    "k_vol": 1.3,
    "size_base": 0.01,
    "size_exp": 2.0,
    "size_min_factor": 0.1
  },
  "snapshots_processed": 1000,
  "sharpe_ratio": -1.0979653312279003,
  "capital_base": 10000.0,
  "sharpe_horizon_seconds": 60.0
}