{
  "final_pnl": -3.614344860330675,
  "final_inventory": 0.007723558934771829,
  "fill_count": 274,
  "max_drawdown": 3.614344860330675,
  "pnl_attribution": {
    "inventory_moves": -0.277715456285264,
    "fees": -3.6874179902154416,
    "spread_capture": 0.43973618197756786,
    "adverse_selection": -0.09289617078422463,
    "funding_rates": 0.0
  },
  "additional_metrics": {
    "orders_placed": 608,
    "orders_placed_buy": 304,
    "orders_placed_sell": 304,
    "maker_qty_placed": 3.456700692042047,
    "maker_qty_filled": 0.6430336065736851,
    "maker_fill_qty_rate": 0.18602524888951633,
    "avg_fill_latency_sec": 0.18386708181115646,
    "std_fill_latency_sec": 0.11063796773309816,
    "avg_queue_position": 1.1352656038380768,
    "std_queue_position": 1.4078310645747394,
    "avg_order_lifetime_sec": 0.1949873347825642,
    "std_order_lifetime_sec": 0.10401496515212184,
    "avg_competition_size": 0.6673699927473209,
    "std_competition_size": 0.12848708469630468,
    "forced_liquidations": 0,
    "avg_forced_liq_cost": 0.0,
    "std_forced_liq_cost": 0.0
  },
  "strategy": "skew_mid_spread",
  "strategy_kwargs": {
    "gamma": 0.1,
    "gamma_cap_factor": 5.0,
    "gamma_imb": 0.5,
    "gamma_inv_scale": 4.0,
    "gamma_vol_scale": 2.0,
    "gradient_penalty_ticks": 1.0,
    "gradient_threshold": 1.5,
    "k_vol": 1.3,
    "size_base": 0.01,
    "size_exp": 2.0,
    "size_min_factor": 0.2
  },
  "snapshots_processed": 1000,
  "sharpe_ratio": -1.1969190710119033,
  "capital_base": 10000.0,
  "sharpe_horizon_seconds": 60.0
}