{
  "final_pnl": -2.6739386914268835,
  "final_inventory": 0.04239803574250314,
  "fill_count": 109,
  "max_drawdown": 3.645838760518018,
  "pnl_attribution": {
    "inventory_moves": -2.90129621273326,
    "fees": -0.49508679337991596,
    "spread_capture": 0.8926985827149972,
    "adverse_selection": -0.1340935279170497,
    "funding_rates": 0.0
  },
  "additional_metrics": {
    "orders_placed": 2061,
    "orders_placed_buy": 1070,
    "orders_placed_sell": 991,
    "maker_qty_placed": 45.039419188556984,
    "maker_qty_filled": 0.9261592261264,
    "maker_fill_qty_rate": 0.020563303053466243,
    "avg_fill_latency_sec": 0.21228814933259607,
    "std_fill_latency_sec": 0.09006835111083215,
    "avg_queue_position": 0.7160175831345341,
    "std_queue_position": 0.9227622535638484,
    "avg_order_lifetime_sec": 0.21228814933259607,
    "std_order_lifetime_sec": 0.09006835111083215,
    "avg_competition_size": 0.35462927508411884,
    "std_competition_size": 0.06819875348537383,
    "forced_liquidations": 0,
    "avg_forced_liq_cost": 0.0,
    "std_forced_liq_cost": 0.0,
    "taker_qty_hedge": 0.1199149613725671,
    "taker_qty_cross": 0.0,
    "taker_trades_hedge": 9,
    "taker_trades_cross": 0,
    "taker_qty_total": 0.1199149613725671,
    "notional_traded_btc": 1.0460741874989665,
    "notional_traded_usdt": 17993.922814376376
  },
  "strategy": "skew_mid_spread",
  "strategy_kwargs": {
    "extra_spread_ticks": 20.0,
    "gamma": 0.16,
    "gamma_cap_factor": 5.0,
    "gamma_imb": 0.5,
    "gamma_inv_scale": 1.0,
    "gamma_vol_scale": 2.0,
    "gradient_penalty_ticks": 1.0,
    "gradient_threshold": 1.5,
    "k_vol": 6.0,
    "size_base": 0.04,
    "size_exp": 2.0,
    "size_min_factor": 0.3
  },
  "snapshots_processed": 10000,
  "sharpe_ratio": -0.23395093966082506,
  "capital_base": 10000.0,
  "sharpe_horizon_seconds": 60.0
}