{
  "final_pnl": -1.7349418237063219,
  "final_inventory": 0.044295768637400396,
  "fill_count": 2538,
  "max_drawdown": 3.6563153646748106,
  "pnl_attribution": {
    "inventory_moves": -0.41579555904030047,
    "fees": -2.064415888779359,
    "spread_capture": 0.8610973049931061,
    "adverse_selection": -0.09190713640943013,
    "funding_rates": 0.0
  },
  "additional_metrics": {
    "orders_placed": 1589,
    "orders_placed_buy": 821,
    "orders_placed_sell": 768,
    "maker_qty_placed": 34.85449545655565,
    "maker_qty_filled": 0.649856974938742,
    "maker_fill_qty_rate": 0.018644853882586125,
    "avg_fill_latency_sec": 0.003504194834210422,
    "std_fill_latency_sec": 0.029425784014855884,
    "avg_queue_position": 0.015953739773698964,
    "std_queue_position": 0.23632119144760566,
    "avg_order_lifetime_sec": 0.003504194834210422,
    "std_order_lifetime_sec": 0.029425784014855884,
    "avg_competition_size": 0.353853066637764,
    "std_competition_size": 0.07121431421889732,
    "forced_liquidations": 0,
    "avg_forced_liq_cost": 0.0,
    "std_forced_liq_cost": 0.0,
    "taker_qty_hedge": 0.1833796084660581,
    "taker_qty_cross": 0.0,
    "taker_trades_hedge": 2468,
    "taker_trades_cross": 0,
    "taker_qty_total": 0.1833796084660581,
    "notional_traded_btc": 0.8332365834047999,
    "notional_traded_usdt": 14332.573014602338
  },
  "strategy": "skew_mid_spread",
  "strategy_kwargs": {
    "extra_spread_ticks": 30.0,
    "gamma": 0.08,
    "gamma_cap_factor": 5.0,
    "gamma_imb": 0.5,
    "gamma_inv_scale": 1.0,
    "gamma_vol_scale": 2.0,
    "gradient_penalty_ticks": 1.0,
    "gradient_threshold": 1.5,
    "k_vol": 8.0,
    "size_base": 0.04,
    "size_exp": 2.0,
    "size_min_factor": 0.3
  },
  "snapshots_processed": 10000,
  "sharpe_ratio": -0.16892975591870008,
  "capital_base": 10000.0,
  "sharpe_horizon_seconds": 60.0
}