{
  "final_pnl": -3.642613121706745,
  "final_inventory": 0.006176361946522452,
  "fill_count": 270,
  "max_drawdown": 3.642613121706745,
  "pnl_attribution": {
    "inventory_moves": -0.28957545786358985,
    "fees": -3.676425473213447,
    "spread_capture": 0.4141605567008628,
    "adverse_selection": -0.09472490451284303,
    "funding_rates": 0.0
  },
  "additional_metrics": {
    "orders_placed": 609,
    "orders_placed_buy": 302,
    "orders_placed_sell": 307,
    "maker_qty_placed": 3.466349165325957,
    "maker_qty_filled": 0.6389284006245719,
    "maker_fill_qty_rate": 0.18432315100157848,
    "avg_fill_latency_sec": 0.18303204499758208,
    "std_fill_latency_sec": 0.11109745972165502,
    "avg_queue_position": 1.1369378609906762,
    "std_queue_position": 1.4296921607759474,
    "avg_order_lifetime_sec": 0.19429486531477708,
    "std_order_lifetime_sec": 0.10449869096882952,
    "avg_competition_size": 0.6674360204938397,
    "std_competition_size": 0.13394626835919118,
    "forced_liquidations": 0,
    "avg_forced_liq_cost": 0.0,
    "std_forced_liq_cost": 0.0
  },
  "strategy": "skew_mid_spread",
  "strategy_kwargs": {
    "gamma": 0.1,
    "gamma_cap_factor": 5.0,
    "gamma_imb": 0.5,
    "gamma_inv_scale": 4.0,
    "gamma_vol_scale": 2.0,
    "gradient_penalty_ticks": 1.0,
    "gradient_threshold": 1.5,
    "k_vol": 1.3,
    "size_base": 0.01,
    "size_exp": 1.0,
    "size_min_factor": 0.3
  },
  "snapshots_processed": 1000,
  "sharpe_ratio": -1.2064588727880485,
  "capital_base": 10000.0,
  "sharpe_horizon_seconds": 60.0
}