{
  "final_pnl": -16.001760285445926,
  "final_inventory": 0.05355795181344331,
  "fill_count": 287,
  "max_drawdown": 16.001760285445926,
  "pnl_attribution": {
    "inventory_moves": -1.3712246203224452,
    "fees": -15.458124147725352,
    "spread_capture": 1.7211413753487603,
    "adverse_selection": -0.8821563829447118,
    "funding_rates": 0.0
  },
  "additional_metrics": {
    "orders_placed": 608,
    "orders_placed_buy": 303,
    "orders_placed_sell": 305,
    "maker_qty_placed": 13.804582782665959,
    "maker_qty_filled": 2.5803192892389695,
    "maker_fill_qty_rate": 0.18691758598304084,
    "avg_fill_latency_sec": 0.18003592662468643,
    "std_fill_latency_sec": 0.11267482089329192,
    "avg_queue_position": 1.2324175817834582,
    "std_queue_position": 1.407758558858189,
    "avg_order_lifetime_sec": 0.1890598785377548,
    "std_order_lifetime_sec": 0.10784962267469932,
    "avg_competition_size": 0.8702539564520373,
    "std_competition_size": 0.17106131314616005,
    "forced_liquidations": 3,
    "avg_forced_liq_cost": 0.16626365494066989,
    "std_forced_liq_cost": 0.10020311152106585
  },
  "strategy": "skew_mid_spread",
  "strategy_kwargs": {
    "gamma": 0.1,
    "gamma_cap_factor": 5.0,
    "gamma_imb": 0.5,
    "gamma_inv_scale": 4.0,
    "gamma_vol_scale": 2.0,
    "gradient_penalty_ticks": 1.0,
    "gradient_threshold": 1.5,
    "k_vol": 1.3,
    "size_base": 0.04,
    "size_exp": 3.0,
    "size_min_factor": 0.2
  },
  "snapshots_processed": 1000,
  "sharpe_ratio": -1.2560653827820996,
  "capital_base": 10000.0,
  "sharpe_horizon_seconds": 60.0
}