{
  "final_pnl": -22.29798197560376,
  "final_inventory": 0.05,
  "fill_count": 324,
  "max_drawdown": 22.29798197560376,
  "pnl_attribution": {
    "inventory_moves": -0.16366269369648084,
    "fees": -18.023971047373603,
    "spread_capture": 2.1808644538041064,
    "adverse_selection": -6.0537568094904195,
    "funding_rates": 0.0
  },
  "additional_metrics": {
    "orders_placed": 607,
    "orders_placed_buy": 303,
    "orders_placed_sell": 304,
    "maker_qty_placed": 13.773359971757081,
    "maker_qty_filled": 2.7864617164746512,
    "maker_fill_qty_rate": 0.20230805861376028,
    "avg_fill_latency_sec": 0.1614517729899605,
    "std_fill_latency_sec": 0.11986546314820772,
    "avg_queue_position": 1.1109767014180794,
    "std_queue_position": 1.3630309184271319,
    "avg_order_lifetime_sec": 0.17037563033515427,
    "std_order_lifetime_sec": 0.1168238308779095,
    "avg_competition_size": 0.8800452369772607,
    "std_competition_size": 0.1758505867763186,
    "forced_liquidations": 38,
    "avg_forced_liq_cost": 0.14780077807960815,
    "std_forced_liq_cost": 0.09369254579546345
  },
  "strategy": "skew_mid_spread",
  "strategy_kwargs": {
    "gamma": 0.1,
    "gamma_cap_factor": 5.0,
    "gamma_imb": 0.5,
    "gamma_inv_scale": 4.0,
    "gamma_vol_scale": 2.0,
    "gradient_penalty_ticks": 1.0,
    "gradient_threshold": 1.5,
    "k_vol": 1.3,
    "size_base": 0.04,
    "size_exp": 3.0,
    "size_min_factor": 0.1
  },
  "snapshots_processed": 1000,
  "sharpe_ratio": -1.2969803778837048,
  "capital_base": 10000.0,
  "sharpe_horizon_seconds": 60.0
}