{
  "final_pnl": -3.484285588199782,
  "final_inventory": 0.006240430156268482,
  "fill_count": 277,
  "max_drawdown": 3.484285588199782,
  "pnl_attribution": {
    "inventory_moves": -0.2768688042922628,
    "fees": -3.660714360467537,
    "spread_capture": 0.5468404035327339,
    "adverse_selection": -0.0977410542423689,
    "funding_rates": 0.0
  },
  "additional_metrics": {
    "orders_placed": 535,
    "orders_placed_buy": 262,
    "orders_placed_sell": 273,
    "maker_qty_placed": 3.0743961707890892,
    "maker_qty_filled": 0.6559609810730544,
    "maker_fill_qty_rate": 0.21336254166121094,
    "avg_fill_latency_sec": 0.19216980574265966,
    "std_fill_latency_sec": 0.12926551968212088,
    "avg_queue_position": 1.1589716907437742,
    "std_queue_position": 1.398884362448366,
    "avg_order_lifetime_sec": 0.21109433294092333,
    "std_order_lifetime_sec": 0.13028588482184397,
    "avg_competition_size": 0.6692252775000023,
    "std_competition_size": 0.12730897607327865,
    "forced_liquidations": 0,
    "avg_forced_liq_cost": 0.0,
    "std_forced_liq_cost": 0.0
  },
  "strategy": "skew_mid_spread",
  "strategy_kwargs": {
    "gamma": 0.1,
    "gamma_cap_factor": 5.0,
    "gamma_imb": 0.5,
    "gamma_inv_scale": 4.0,
    "gamma_vol_scale": 2.0,
    "gradient_penalty_ticks": 1.0,
    "gradient_threshold": 1.5,
    "k_vol": 1.3,
    "size_base": 0.01,
    "size_exp": 1.0,
    "size_min_factor": 0.2
  },
  "snapshots_processed": 1000,
  "sharpe_ratio": -1.1692624095507422,
  "capital_base": 10000.0,
  "sharpe_horizon_seconds": 60.0
}