{
  "final_pnl": -3.5325197129277512,
  "final_inventory": 0.008400448709548262,
  "fill_count": 275,
  "max_drawdown": 3.5325197129277512,
  "pnl_attribution": {
    "inventory_moves": -0.299123242420783,
    "fees": -3.673796627039507,
    "spread_capture": 0.5382984656867271,
    "adverse_selection": -0.10489645914005097,
    "funding_rates": 0.0
  },
  "additional_metrics": {
    "orders_placed": 538,
    "orders_placed_buy": 264,
    "orders_placed_sell": 274,
    "maker_qty_placed": 3.0953993228975603,
    "maker_qty_filled": 0.6607141649017476,
    "maker_fill_qty_rate": 0.21345038102653013,
    "avg_fill_latency_sec": 0.1886772083330758,
    "std_fill_latency_sec": 0.1151480723487657,
    "avg_queue_position": 1.1826211963881863,
    "std_queue_position": 1.4505782627801582,
    "avg_order_lifetime_sec": 0.2108860679819614,
    "std_order_lifetime_sec": 0.12450911081971486,
    "avg_competition_size": 0.673600835859497,
    "std_competition_size": 0.12700779197427955,
    "forced_liquidations": 0,
    "avg_forced_liq_cost": 0.0,
    "std_forced_liq_cost": 0.0
  },
  "strategy": "skew_mid_spread",
  "strategy_kwargs": {
    "gamma": 0.1,
    "gamma_cap_factor": 5.0,
    "gamma_imb": 0.5,
    "gamma_inv_scale": 4.0,
    "gamma_vol_scale": 2.0,
    "gradient_penalty_ticks": 1.0,
    "gradient_threshold": 1.5,
    "k_vol": 1.3,
    "size_base": 0.01,
    "size_exp": 1.0,
    "size_min_factor": 0.1
  },
  "snapshots_processed": 1000,
  "sharpe_ratio": -1.2130888747881114,
  "capital_base": 10000.0,
  "sharpe_horizon_seconds": 60.0
}