{
  "final_pnl": -8.314429251489855,
  "final_inventory": 0.008742207599086544,
  "fill_count": 284,
  "max_drawdown": 8.314429251489855,
  "pnl_attribution": {
    "inventory_moves": -0.25401149761457487,
    "fees": -7.662413307760462,
    "spread_capture": 0.9924378600364436,
    "adverse_selection": -1.3319850563113649,
    "funding_rates": 0.0
  },
  "additional_metrics": {
    "orders_placed": 607,
    "orders_placed_buy": 303,
    "orders_placed_sell": 304,
    "maker_qty_placed": 6.893366513440466,
    "maker_qty_filled": 1.303992718147963,
    "maker_fill_qty_rate": 0.189166311642574,
    "avg_fill_latency_sec": 0.17806625940713539,
    "std_fill_latency_sec": 0.11357164646449755,
    "avg_queue_position": 1.1083238727582354,
    "std_queue_position": 1.4034806856600672,
    "avg_order_lifetime_sec": 0.1871445724763066,
    "std_order_lifetime_sec": 0.10891879381830281,
    "avg_competition_size": 0.7355363197943091,
    "std_competition_size": 0.14131749252874704,
    "forced_liquidations": 12,
    "avg_forced_liq_cost": 0.09529409364928397,
    "std_forced_liq_cost": 0.05420097135975269
  },
  "strategy": "skew_mid_spread",
  "strategy_kwargs": {
    "gamma": 0.1,
    "gamma_cap_factor": 5.0,
    "gamma_imb": 0.5,
    "gamma_inv_scale": 4.0,
    "gamma_vol_scale": 2.0,
    "gradient_penalty_ticks": 1.0,
    "gradient_threshold": 1.5,
    "k_vol": 1.3,
    "size_base": 0.02,
    "size_exp": 3.0,
    "size_min_factor": 0.1
  },
  "snapshots_processed": 1000,
  "sharpe_ratio": -1.118098124361974,
  "capital_base": 10000.0,
  "sharpe_horizon_seconds": 60.0
}