{
  "final_pnl": -3.564309386225432,
  "final_inventory": 0.007703045877664638,
  "fill_count": 276,
  "max_drawdown": 3.564309386225432,
  "pnl_attribution": {
    "inventory_moves": -0.28587429472160764,
    "fees": -3.601401513882983,
    "spread_capture": 0.41799779021339817,
    "adverse_selection": -0.0955387988329617,
    "funding_rates": 0.0
  },
  "additional_metrics": {
    "orders_placed": 541,
    "orders_placed_buy": 267,
    "orders_placed_sell": 274,
    "maker_qty_placed": 3.109695667084458,
    "maker_qty_filled": 0.646674509601967,
    "maker_fill_qty_rate": 0.20795427554113885,
    "avg_fill_latency_sec": 0.188639236401908,
    "std_fill_latency_sec": 0.11162432482677694,
    "avg_queue_position": 1.1662062341692052,
    "std_queue_position": 1.447851152663876,
    "avg_order_lifetime_sec": 0.20134809500054468,
    "std_order_lifetime_sec": 0.10719713679459152,
    "avg_competition_size": 0.6700599927284022,
    "std_competition_size": 0.1287059389791064,
    "forced_liquidations": 0,
    "avg_forced_liq_cost": 0.0,
    "std_forced_liq_cost": 0.0
  },
  "strategy": "skew_mid_spread",
  "strategy_kwargs": {
    "gamma": 0.1,
    "gamma_cap_factor": 5.0,
    "gamma_imb": 0.5,
    "gamma_inv_scale": 4.0,
    "gamma_vol_scale": 2.0,
    "gradient_penalty_ticks": 1.0,
    "gradient_threshold": 1.5,
    "k_vol": 1.3,
    "size_base": 0.01,
    "size_exp": 2.0,
    "size_min_factor": 0.2
  },
  "snapshots_processed": 1000,
  "sharpe_ratio": -1.2214558850858612,
  "capital_base": 10000.0,
  "sharpe_horizon_seconds": 60.0
}