{
  "final_pnl": -1.5855303628140973,
  "final_inventory": 0.0016649789745773287,
  "fill_count": 258,
  "max_drawdown": 1.5855303628140973,
  "pnl_attribution": {
    "inventory_moves": -0.09184712738625417,
    "fees": -1.6697227863380004,
    "spread_capture": 0.22362416394145201,
    "adverse_selection": -0.046289101544742965,
    "funding_rates": 0.0
  },
  "additional_metrics": {
    "orders_placed": 530,
    "orders_placed_buy": 258,
    "orders_placed_sell": 272,
    "maker_qty_placed": 1.5239249062842113,
    "maker_qty_filled": 0.308044497503998,
    "maker_fill_qty_rate": 0.20213889558055942,
    "avg_fill_latency_sec": 0.19082312194668516,
    "std_fill_latency_sec": 0.11061932392003981,
    "avg_queue_position": 1.111309986449963,
    "std_queue_position": 1.3767761653480226,
    "avg_order_lifetime_sec": 0.20448298356970962,
    "std_order_lifetime_sec": 0.1054643296289596,
    "avg_competition_size": 0.6378776552100206,
    "std_competition_size": 0.12570661541043196,
    "forced_liquidations": 0,
    "avg_forced_liq_cost": 0.0,
    "std_forced_liq_cost": 0.0
  },
  "strategy": "skew_mid_spread",
  "strategy_kwargs": {
    "gamma": 0.05,
    "gamma_cap_factor": 5.0,
    "gamma_imb": 0.5,
    "gamma_inv_scale": 1.0,
    "gamma_vol_scale": 0.0,
    "gradient_penalty_ticks": 1.0,
    "gradient_threshold": 1.5,
    "k_vol": 1.3,
    "size_base": 0.005,
    "size_exp": 2.0,
    "size_min_factor": 0.3
  },
  "snapshots_processed": 1000,
  "sharpe_ratio": -1.1347071558416657,
  "capital_base": 10000.0,
  "sharpe_horizon_seconds": 60.0
}