{
  "final_pnl": -14.693210660212571,
  "final_inventory": 0.0036359674196710136,
  "fill_count": 291,
  "max_drawdown": 14.693210660212571,
  "pnl_attribution": {
    "inventory_moves": -1.0731751492314583,
    "fees": -14.942723918073911,
    "spread_capture": 2.384032844469736,
    "adverse_selection": -0.9771023423672601,
    "funding_rates": 0.0
  },
  "additional_metrics": {
    "orders_placed": 537,
    "orders_placed_buy": 263,
    "orders_placed_sell": 274,
    "maker_qty_placed": 12.322810021579496,
    "maker_qty_filled": 2.718492115596493,
    "maker_fill_qty_rate": 0.2206065102712706,
    "avg_fill_latency_sec": 0.193144572786538,
    "std_fill_latency_sec": 0.11551394935956134,
    "avg_queue_position": 1.2911031591902873,
    "std_queue_position": 1.4336468009401226,
    "avg_order_lifetime_sec": 0.2007108366633036,
    "std_order_lifetime_sec": 0.11074392523077503,
    "avg_competition_size": 0.873641367050892,
    "std_competition_size": 0.17817168828156685,
    "forced_liquidations": 3,
    "avg_forced_liq_cost": 0.18867596955109311,
    "std_forced_liq_cost": 0.11406475558981607
  },
  "strategy": "skew_mid_spread",
  "strategy_kwargs": {
    "gamma": 0.1,
    "gamma_cap_factor": 5.0,
    "gamma_imb": 0.5,
    "gamma_inv_scale": 4.0,
    "gamma_vol_scale": 2.0,
    "gradient_penalty_ticks": 1.0,
    "gradient_threshold": 1.5,
    "k_vol": 1.3,
    "size_base": 0.04,
    "size_exp": 1.0,
    "size_min_factor": 0.3
  },
  "snapshots_processed": 1000,
  "sharpe_ratio": -1.2023821167685438,
  "capital_base": 10000.0,
  "sharpe_horizon_seconds": 60.0
}