{
  "final_pnl": 15.21409482071644,
  "final_inventory": -0.002,
  "fill_count": 2261,
  "max_drawdown": 0.010399999999997078,
  "pnl_attribution": {
    "spread_capture": 0.0,
    "inventory_moves": 0.0,
    "fees": 0.0,
    "rebates": 15.554802020719968,
    "adverse_selection": -0.5172068000037029
  },
  "strategy": "skew_mid_spread",
  "strategy_kwargs": {
    "gamma": 0.1,
    "size": 0.002
  },
  "snapshots_processed": 5000,
  "sharpe_ratio": 2491.019757779409,
  "sharpe_horizon_seconds": 60.0
}