{
  "final_pnl": -15.748495080433713,
  "final_inventory": 0.011221682733157816,
  "fill_count": 286,
  "max_drawdown": 15.748495080433713,
  "pnl_attribution": {
    "inventory_moves": -1.124353564493149,
    "fees": -15.277176957149175,
    "spread_capture": 1.7452793341573398,
    "adverse_selection": -1.0351834755612155,
    "funding_rates": 0.0
  },
  "additional_metrics": {
    "orders_placed": 539,
    "orders_placed_buy": 265,
    "orders_placed_sell": 274,
    "maker_qty_placed": 12.363891936846176,
    "maker_qty_filled": 2.624478337984934,
    "maker_fill_qty_rate": 0.21226959531760475,
    "avg_fill_latency_sec": 0.18675151015772964,
    "std_fill_latency_sec": 0.11590384512431898,
    "avg_queue_position": 1.2401677760717262,
    "std_queue_position": 1.4182530239698194,
    "avg_order_lifetime_sec": 0.19587878169435444,
    "std_order_lifetime_sec": 0.11060016639083617,
    "avg_competition_size": 0.8702189126654007,
    "std_competition_size": 0.17747741344494825,
    "forced_liquidations": 3,
    "avg_forced_liq_cost": 0.21050765773200406,
    "std_forced_liq_cost": 0.06094672116972991
  },
  "strategy": "skew_mid_spread",
  "strategy_kwargs": {
    "gamma": 0.1,
    "gamma_cap_factor": 5.0,
    "gamma_imb": 0.5,
    "gamma_inv_scale": 4.0,
    "gamma_vol_scale": 2.0,
    "gradient_penalty_ticks": 1.0,
    "gradient_threshold": 1.5,
    "k_vol": 1.3,
    "size_base": 0.04,
    "size_exp": 3.0,
    "size_min_factor": 0.1
  },
  "snapshots_processed": 1000,
  "sharpe_ratio": -1.2286019342763494,
  "capital_base": 10000.0,
  "sharpe_horizon_seconds": 60.0
}