{
  "final_pnl": -21.6677616475572,
  "final_inventory": 0.042950833357517995,
  "fill_count": 310,
  "max_drawdown": 21.6677616475572,
  "pnl_attribution": {
    "inventory_moves": -0.1267917816757302,
    "fees": -17.832442763417163,
    "spread_capture": 2.248323020910986,
    "adverse_selection": -5.713854694743961,
    "funding_rates": 0.0
  },
  "additional_metrics": {
    "orders_placed": 607,
    "orders_placed_buy": 303,
    "orders_placed_sell": 304,
    "maker_qty_placed": 13.786223866766251,
    "maker_qty_filled": 2.7295933418832243,
    "maker_fill_qty_rate": 0.19799427082156384,
    "avg_fill_latency_sec": 0.16252659229522057,
    "std_fill_latency_sec": 0.11954196167483183,
    "avg_queue_position": 1.1004437015867516,
    "std_queue_position": 1.3677378608362205,
    "avg_order_lifetime_sec": 0.17054254957970152,
    "std_order_lifetime_sec": 0.11676409546438812,
    "avg_competition_size": 0.8840583678412783,
    "std_competition_size": 0.18104246804588767,
    "forced_liquidations": 34,
    "avg_forced_liq_cost": 0.15590086700772054,
    "std_forced_liq_cost": 0.10295603685458324
  },
  "strategy": "skew_mid_spread",
  "strategy_kwargs": {
    "gamma": 0.1,
    "gamma_cap_factor": 5.0,
    "gamma_imb": 0.5,
    "gamma_inv_scale": 4.0,
    "gamma_vol_scale": 2.0,
    "gradient_penalty_ticks": 1.0,
    "gradient_threshold": 1.5,
    "k_vol": 1.3,
    "size_base": 0.04,
    "size_exp": 2.0,
    "size_min_factor": 0.3
  },
  "snapshots_processed": 1000,
  "sharpe_ratio": -1.333528635542735,
  "capital_base": 10000.0,
  "sharpe_horizon_seconds": 60.0
}