{
  "final_pnl": -1.6602001968567492,
  "final_inventory": 0.0039017508501738326,
  "fill_count": 266,
  "max_drawdown": 1.6602001968567492,
  "pnl_attribution": {
    "inventory_moves": -0.10085839885790501,
    "fees": -1.7346303872091202,
    "spread_capture": 0.21776566034685,
    "adverse_selection": -0.045100018204506855,
    "funding_rates": 0.0
  },
  "additional_metrics": {
    "orders_placed": 527,
    "orders_placed_buy": 255,
    "orders_placed_sell": 272,
    "maker_qty_placed": 1.514347641231086,
    "maker_qty_filled": 0.31942706402388216,
    "maker_fill_qty_rate": 0.21093377460158658,
    "avg_fill_latency_sec": 0.18948025766171908,
    "std_fill_latency_sec": 0.11126792833319386,
    "avg_queue_position": 1.1005791257083424,
    "std_queue_position": 1.3707620780752157,
    "avg_order_lifetime_sec": 0.21256578282306068,
    "std_order_lifetime_sec": 0.12105879942753323,
    "avg_competition_size": 0.6300789281554409,
    "std_competition_size": 0.12325247359136901,
    "forced_liquidations": 0,
    "avg_forced_liq_cost": 0.0,
    "std_forced_liq_cost": 0.0
  },
  "strategy": "skew_mid_spread",
  "strategy_kwargs": {
    "gamma": 0.1,
    "gamma_cap_factor": 5.0,
    "gamma_imb": 0.5,
    "gamma_inv_scale": 4.0,
    "gamma_vol_scale": 2.0,
    "gradient_penalty_ticks": 1.0,
    "gradient_threshold": 1.5,
    "k_vol": 1.3,
    "size_base": 0.005,
    "size_exp": 3.0,
    "size_min_factor": 0.3
  },
  "snapshots_processed": 1000,
  "sharpe_ratio": -1.1508105572110683,
  "capital_base": 10000.0,
  "sharpe_horizon_seconds": 60.0
}