{
  "final_pnl": -0.8356968569005403,
  "final_inventory": 0.0622096105907808,
  "fill_count": 2338,
  "max_drawdown": 3.299362616349754,
  "pnl_attribution": {
    "inventory_moves": -0.6837550982639904,
    "fees": -0.7205513199084709,
    "spread_capture": 0.6482961833542862,
    "adverse_selection": -0.09095681761088627,
    "funding_rates": 0.0
  },
  "additional_metrics": {
    "orders_placed": 1588,
    "orders_placed_buy": 821,
    "orders_placed_sell": 767,
    "maker_qty_placed": 34.84698598660032,
    "maker_qty_filled": 0.5686043414629822,
    "maker_fill_qty_rate": 0.016317174222230498,
    "avg_fill_latency_sec": 0.0035887198955014575,
    "std_fill_latency_sec": 0.029777554107538174,
    "avg_queue_position": 0.01017381668326561,
    "std_queue_position": 0.13009966031656786,
    "avg_order_lifetime_sec": 0.0035887198955014575,
    "std_order_lifetime_sec": 0.029777554107538174,
    "avg_competition_size": 0.35411702325143896,
    "std_competition_size": 0.07173511028000552,
    "forced_liquidations": 0,
    "avg_forced_liq_cost": 0.0,
    "std_forced_liq_cost": 0.0,
    "taker_qty_hedge": 0.17449787460958407,
    "taker_qty_cross": 0.0,
    "taker_trades_hedge": 2272,
    "taker_trades_cross": 0,
    "taker_qty_total": 0.17449787460958407,
    "notional_traded_btc": 0.7431022160725658,
    "notional_traded_usdt": 12781.835409623627
  },
  "strategy": "skew_mid_spread",
  "strategy_kwargs": {
    "extra_spread_ticks": 20.0,
    "gamma": 0.08,
    "gamma_cap_factor": 5.0,
    "gamma_imb": 0.5,
    "gamma_inv_scale": 1.0,
    "gamma_vol_scale": 2.0,
    "gradient_penalty_ticks": 1.0,
    "gradient_threshold": 1.5,
    "k_vol": 4.0,
    "size_base": 0.04,
    "size_exp": 2.0,
    "size_min_factor": 0.3
  },
  "snapshots_processed": 10000,
  "sharpe_ratio": -0.0833340291299523,
  "capital_base": 10000.0,
  "sharpe_horizon_seconds": 60.0
}