{
  "final_pnl": -0.11673699121456593,
  "final_inventory": 0.010939263612202205,
  "fill_count": 42,
  "max_drawdown": 0.3052618151305069,
  "pnl_attribution": {
    "inventory_moves": -0.052698608540256396,
    "fees": -0.0970648311427576,
    "spread_capture": 0.05011276978952492,
    "adverse_selection": -0.008767350975501806,
    "funding_rates": 0.0
  },
  "additional_metrics": {
    "orders_placed": 1586,
    "orders_placed_buy": 822,
    "orders_placed_sell": 764,
    "maker_qty_placed": 4.353735017604659,
    "maker_qty_filled": 0.05643585916218381,
    "maker_fill_qty_rate": 0.012962630691574273,
    "avg_fill_latency_sec": 0.25076188359941753,
    "std_fill_latency_sec": 0.0007499073945366582,
    "avg_queue_position": 1.636156260125881,
    "std_queue_position": 1.9341134024254172,
    "avg_order_lifetime_sec": 0.25076188359941753,
    "std_order_lifetime_sec": 0.0007499073945366582,
    "avg_competition_size": 0.2588761905075234,
    "std_competition_size": 0.0488498390502488,
    "forced_liquidations": 0,
    "avg_forced_liq_cost": 0.0,
    "std_forced_liq_cost": 0.0,
    "taker_qty_hedge": 0.0,
    "taker_qty_cross": 0.0,
    "taker_trades_hedge": 0,
    "taker_trades_cross": 0,
    "taker_qty_total": 0.0,
    "notional_traded_btc": 0.05643585916218381,
    "notional_traded_usdt": 970.6483114275761
  },
  "strategy": "skew_mid_spread",
  "strategy_kwargs": {
    "extra_spread_ticks": 32.0,
    "gamma": 0.08,
    "gamma_cap_factor": 5.0,
    "gamma_imb": 0.5,
    "gamma_inv_scale": 1.0,
    "gamma_vol_scale": 1.0,
    "gradient_penalty_ticks": 1.0,
    "gradient_threshold": 1.5,
    "k_vol": 8.0,
    "size_base": 0.005,
    "size_exp": 2.0,
    "size_min_factor": 0.3
  },
  "snapshots_processed": 10000,
  "sharpe_ratio": -0.11434508780401603,
  "capital_base": 10000.0,
  "sharpe_horizon_seconds": 60.0
}