{
  "final_pnl": -8.450395562109406,
  "final_inventory": 0.013113758413940732,
  "fill_count": 317,
  "max_drawdown": 8.450395562109406,
  "pnl_attribution": {
    "inventory_moves": -0.9258096248897995,
    "fees": -7.967843039915328,
    "spread_capture": 1.202033588054122,
    "adverse_selection": -0.7445055763818162,
    "funding_rates": 0.0
  },
  "additional_metrics": {
    "orders_placed": 633,
    "orders_placed_buy": 319,
    "orders_placed_sell": 314,
    "maker_qty_placed": 7.232917631240127,
    "maker_qty_filled": 1.4639821098452475,
    "maker_fill_qty_rate": 0.2024054723811695,
    "avg_fill_latency_sec": 0.18826518532979555,
    "std_fill_latency_sec": 0.10829729610669937,
    "avg_queue_position": 1.279624583078215,
    "std_queue_position": 1.5437247582951164,
    "avg_order_lifetime_sec": 0.19380109744835955,
    "std_order_lifetime_sec": 0.10488074475098479,
    "avg_competition_size": 0.7363034275687352,
    "std_competition_size": 0.14331208886985955,
    "forced_liquidations": 6,
    "avg_forced_liq_cost": 0.08905562169877856,
    "std_forced_liq_cost": 0.041371543495807565
  },
  "strategy": "skew_mid_spread",
  "strategy_kwargs": {
    "gamma": 0.05,
    "gamma_cap_factor": 5.0,
    "gamma_imb": 0.5,
    "gamma_inv_scale": 4.0,
    "gamma_vol_scale": 2.0,
    "gradient_penalty_ticks": 1.0,
    "gradient_threshold": 1.5,
    "k_vol": 2.0,
    "size_base": 0.02,
    "size_exp": 1.0,
    "size_min_factor": 0.2
  },
  "snapshots_processed": 1000,
  "sharpe_ratio": -1.4877770401280097,
  "capital_base": 10000.0,
  "sharpe_horizon_seconds": 60.0
}