{
  "final_pnl": -22.56140199030233,
  "final_inventory": 0.03102799299999988,
  "fill_count": 320,
  "max_drawdown": 22.56140199030233,
  "pnl_attribution": {
    "inventory_moves": -0.13198888650391366,
    "fees": -18.23384551863573,
    "spread_capture": 2.200821543907727,
    "adverse_selection": -6.124457141229111,
    "funding_rates": 0.0
  },
  "additional_metrics": {
    "orders_placed": 533,
    "orders_placed_buy": 262,
    "orders_placed_sell": 271,
    "maker_qty_placed": 12.22733615047273,
    "maker_qty_filled": 2.8168821398972534,
    "maker_fill_qty_rate": 0.23037578301863793,
    "avg_fill_latency_sec": 0.16910824333269572,
    "std_fill_latency_sec": 0.13753426204937502,
    "avg_queue_position": 1.0896830544673122,
    "std_queue_position": 1.3321580260601908,
    "avg_order_lifetime_sec": 0.18332989191271595,
    "std_order_lifetime_sec": 0.141608846571912,
    "avg_competition_size": 0.8684211958639524,
    "std_competition_size": 0.1731428031560636,
    "forced_liquidations": 35,
    "avg_forced_liq_cost": 0.16378086082822035,
    "std_forced_liq_cost": 0.10116474417189467
  },
  "strategy": "skew_mid_spread",
  "strategy_kwargs": {
    "gamma": 0.1,
    "gamma_cap_factor": 5.0,
    "gamma_imb": 0.5,
    "gamma_inv_scale": 4.0,
    "gamma_vol_scale": 2.0,
    "gradient_penalty_ticks": 1.0,
    "gradient_threshold": 1.5,
    "k_vol": 1.3,
    "size_base": 0.04,
    "size_exp": 2.0,
    "size_min_factor": 0.1
  },
  "snapshots_processed": 1000,
  "sharpe_ratio": -1.3497606098048476,
  "capital_base": 10000.0,
  "sharpe_horizon_seconds": 60.0
}