{
  "final_pnl": -22.27351656778592,
  "final_inventory": 0.03102799299999999,
  "fill_count": 321,
  "max_drawdown": 22.27351656778592,
  "pnl_attribution": {
    "inventory_moves": -0.13527511728058006,
    "fees": -17.973002144703695,
    "spread_capture": 1.9039782556018854,
    "adverse_selection": -5.812555283057751,
    "funding_rates": 0.0
  },
  "additional_metrics": {
    "orders_placed": 536,
    "orders_placed_buy": 265,
    "orders_placed_sell": 271,
    "maker_qty_placed": 12.302917300484902,
    "maker_qty_filled": 2.80588042996153,
    "maker_fill_qty_rate": 0.2280662676527087,
    "avg_fill_latency_sec": 0.16655154326527388,
    "std_fill_latency_sec": 0.12358760600971486,
    "avg_queue_position": 1.0888982953242357,
    "std_queue_position": 1.336277003900217,
    "avg_order_lifetime_sec": 0.18077319184529414,
    "std_order_lifetime_sec": 0.128390067874974,
    "avg_competition_size": 0.8755392665290915,
    "std_competition_size": 0.17399844827160793,
    "forced_liquidations": 34,
    "avg_forced_liq_cost": 0.15813745391403336,
    "std_forced_liq_cost": 0.10286737001326555
  },
  "strategy": "skew_mid_spread",
  "strategy_kwargs": {
    "gamma": 0.1,
    "gamma_cap_factor": 5.0,
    "gamma_imb": 0.5,
    "gamma_inv_scale": 4.0,
    "gamma_vol_scale": 2.0,
    "gradient_penalty_ticks": 1.0,
    "gradient_threshold": 1.5,
    "k_vol": 1.3,
    "size_base": 0.04,
    "size_exp": 2.0,
    "size_min_factor": 0.2
  },
  "snapshots_processed": 1000,
  "sharpe_ratio": -1.3930813240472344,
  "capital_base": 10000.0,
  "sharpe_horizon_seconds": 60.0
}