{
  "final_pnl": -1.613079214363097,
  "final_inventory": 0.003705183190191609,
  "fill_count": 263,
  "max_drawdown": 1.613079214363097,
  "pnl_attribution": {
    "inventory_moves": -0.10752344822726957,
    "fees": -1.7245920396601957,
    "spread_capture": 0.2582549632301833,
    "adverse_selection": -0.043487600879200144,
    "funding_rates": 0.0
  },
  "additional_metrics": {
    "orders_placed": 530,
    "orders_placed_buy": 258,
    "orders_placed_sell": 272,
    "maker_qty_placed": 1.5206546234476417,
    "maker_qty_filled": 0.30965428881412904,
    "maker_fill_qty_rate": 0.20363222788359273,
    "avg_fill_latency_sec": 0.18743707960015102,
    "std_fill_latency_sec": 0.11246883526459209,
    "avg_queue_position": 1.1111580344519956,
    "std_queue_position": 1.3845457275879443,
    "avg_order_lifetime_sec": 0.2123377402097184,
    "std_order_lifetime_sec": 0.12142677134525667,
    "avg_competition_size": 0.6298715611489442,
    "std_competition_size": 0.12083059865468776,
    "forced_liquidations": 0,
    "avg_forced_liq_cost": 0.0,
    "std_forced_liq_cost": 0.0
  },
  "strategy": "skew_mid_spread",
  "strategy_kwargs": {
    "gamma": 0.1,
    "gamma_cap_factor": 5.0,
    "gamma_imb": 0.5,
    "gamma_inv_scale": 4.0,
    "gamma_vol_scale": 2.0,
    "gradient_penalty_ticks": 1.0,
    "gradient_threshold": 1.5,
    "k_vol": 1.3,
    "size_base": 0.005,
    "size_exp": 3.0,
    "size_min_factor": 0.2
  },
  "snapshots_processed": 1000,
  "sharpe_ratio": -1.069126791035397,
  "capital_base": 10000.0,
  "sharpe_horizon_seconds": 60.0
}