{
  "final_pnl": -1.6095028629279113,
  "final_inventory": 0.037049419548023016,
  "fill_count": 140,
  "max_drawdown": 3.4438037289983185,
  "pnl_attribution": {
    "inventory_moves": -1.750759515630981,
    "fees": -1.1015052961496303,
    "spread_capture": 1.441206777263828,
    "adverse_selection": -0.17061156955125983,
    "funding_rates": 0.0
  },
  "additional_metrics": {
    "orders_placed": 2960,
    "orders_placed_buy": 1538,
    "orders_placed_sell": 1422,
    "maker_qty_placed": 64.84694689320779,
    "maker_qty_filled": 1.18402723960534,
    "maker_fill_qty_rate": 0.018258797003276612,
    "avg_fill_latency_sec": 0.19340506082848657,
    "std_fill_latency_sec": 0.10506218869151941,
    "avg_queue_position": 0.9059691288198889,
    "std_queue_position": 1.5898473081086735,
    "avg_order_lifetime_sec": 0.19340506082848657,
    "std_order_lifetime_sec": 0.10506218869151941,
    "avg_competition_size": 0.3536261346741543,
    "std_competition_size": 0.06800812024463598,
    "forced_liquidations": 0,
    "avg_forced_liq_cost": 0.0,
    "std_forced_liq_cost": 0.0,
    "taker_qty_hedge": 0.2667434427868256,
    "taker_qty_cross": 0.0,
    "taker_trades_hedge": 18,
    "taker_trades_cross": 0,
    "taker_qty_total": 0.2667434427868256,
    "notional_traded_btc": 1.450770682392165,
    "notional_traded_usdt": 24957.111011730583
  },
  "strategy": "skew_mid_spread",
  "strategy_kwargs": {
    "extra_spread_ticks": 20.0,
    "gamma": 0.08,
    "gamma_cap_factor": 5.0,
    "gamma_imb": 0.5,
    "gamma_inv_scale": 1.0,
    "gamma_vol_scale": 2.0,
    "gradient_penalty_ticks": 1.0,
    "gradient_threshold": 1.5,
    "k_vol": 6.0,
    "size_base": 0.04,
    "size_exp": 2.0,
    "size_min_factor": 0.3
  },
  "snapshots_processed": 10000,
  "sharpe_ratio": -0.16587993966540715,
  "capital_base": 10000.0,
  "sharpe_horizon_seconds": 60.0
}