{
  "final_pnl": -0.05754701933983597,
  "final_inventory": 0.0804391804,
  "fill_count": 58,
  "max_drawdown": 3.0782691759486625,
  "pnl_attribution": {
    "inventory_moves": 0.23569275309764462,
    "fees": -0.6909959269884659,
    "spread_capture": 0.4575581493153084,
    "adverse_selection": -0.07005843353715972,
    "funding_rates": 0.0
  },
  "additional_metrics": {
    "orders_placed": 1588,
    "orders_placed_buy": 821,
    "orders_placed_sell": 767,
    "maker_qty_placed": 34.83570060823456,
    "maker_qty_filled": 0.4502521400896123,
    "maker_fill_qty_rate": 0.012925020373587101,
    "avg_fill_latency_sec": 0.17694117742426255,
    "std_fill_latency_sec": 0.114216240610523,
    "avg_queue_position": 0.7904693452971867,
    "std_queue_position": 1.4079044274268206,
    "avg_order_lifetime_sec": 0.17694117742426255,
    "std_order_lifetime_sec": 0.114216240610523,
    "avg_competition_size": 0.35528887586329855,
    "std_competition_size": 0.07019939368181081,
    "forced_liquidations": 0,
    "avg_forced_liq_cost": 0.0,
    "std_forced_liq_cost": 0.0,
    "taker_qty_hedge": 0.16730817283986224,
    "taker_qty_cross": 0.0,
    "taker_trades_hedge": 10,
    "taker_trades_cross": 0,
    "taker_qty_total": 0.16730817283986224,
    "notional_traded_btc": 0.6175603129294746,
    "notional_traded_usdt": 10623.34699817107
  },
  "strategy": "skew_mid_spread",
  "strategy_kwargs": {
    "extra_spread_ticks": 25.0,
    "gamma": 0.08,
    "gamma_cap_factor": 5.0,
    "gamma_imb": 0.5,
    "gamma_inv_scale": 1.0,
    "gamma_vol_scale": 2.0,
    "gradient_penalty_ticks": 1.0,
    "gradient_threshold": 1.5,
    "k_vol": 2.0,
    "size_base": 0.04,
    "size_exp": 2.0,
    "size_min_factor": 0.3
  },
  "snapshots_processed": 10000,
  "sharpe_ratio": -0.005076207790165862,
  "capital_base": 10000.0,
  "sharpe_horizon_seconds": 60.0
}