{
  "final_pnl": -3.616915597320258,
  "final_inventory": 0.006107278997316573,
  "fill_count": 273,
  "max_drawdown": 3.616915597320258,
  "pnl_attribution": {
    "inventory_moves": -0.2804437824374197,
    "fees": -3.62286862179948,
    "spread_capture": 0.3741041522012865,
    "adverse_selection": -0.09760105286587413,
    "funding_rates": 0.0
  },
  "additional_metrics": {
    "orders_placed": 609,
    "orders_placed_buy": 304,
    "orders_placed_sell": 305,
    "maker_qty_placed": 3.4637699460790627,
    "maker_qty_filled": 0.6370767651303436,
    "maker_fill_qty_rate": 0.18392583082820071,
    "avg_fill_latency_sec": 0.18507642958574233,
    "std_fill_latency_sec": 0.11003210331625977,
    "avg_queue_position": 1.1426587679653486,
    "std_queue_position": 1.4299801919929827,
    "avg_order_lifetime_sec": 0.19626751219391064,
    "std_order_lifetime_sec": 0.10319157559461162,
    "avg_competition_size": 0.68008688592489,
    "std_competition_size": 0.126853660602272,
    "forced_liquidations": 0,
    "avg_forced_liq_cost": 0.0,
    "std_forced_liq_cost": 0.0
  },
  "strategy": "skew_mid_spread",
  "strategy_kwargs": {
    "gamma": 0.1,
    "gamma_cap_factor": 5.0,
    "gamma_imb": 0.5,
    "gamma_inv_scale": 4.0,
    "gamma_vol_scale": 2.0,
    "gradient_penalty_ticks": 1.0,
    "gradient_threshold": 1.5,
    "k_vol": 1.3,
    "size_base": 0.01,
    "size_exp": 2.0,
    "size_min_factor": 0.1
  },
  "snapshots_processed": 1000,
  "sharpe_ratio": -1.161138968467156,
  "capital_base": 10000.0,
  "sharpe_horizon_seconds": 60.0
}