{
  "final_pnl": -1.7026280408681487,
  "final_inventory": 0.005527217110556051,
  "fill_count": 655,
  "max_drawdown": 2.638011192533668,
  "pnl_attribution": {
    "inventory_moves": -1.0668282447918707,
    "fees": -1.2909526380747975,
    "spread_capture": 0.7777306558127057,
    "adverse_selection": -0.10399899097750881,
    "funding_rates": 0.0
  },
  "additional_metrics": {
    "orders_placed": 1586,
    "orders_placed_buy": 821,
    "orders_placed_sell": 765,
    "maker_qty_placed": 34.827635515140564,
    "maker_qty_filled": 0.6605594904391338,
    "maker_fill_qty_rate": 0.01896653277400844,
    "avg_fill_latency_sec": 0.015431117393209251,
    "std_fill_latency_sec": 0.06023477910596079,
    "avg_queue_position": 0.06413727664037039,
    "std_queue_position": 0.3718865482204349,
    "avg_order_lifetime_sec": 0.015431117393209251,
    "std_order_lifetime_sec": 0.06023477910596079,
    "avg_competition_size": 0.35375195487241684,
    "std_competition_size": 0.06966988134518674,
    "forced_liquidations": 0,
    "avg_forced_liq_cost": 0.0,
    "std_forced_liq_cost": 0.0,
    "taker_qty_hedge": 0.030006429057582693,
    "taker_qty_cross": 0.0,
    "taker_trades_hedge": 579,
    "taker_trades_cross": 0,
    "taker_qty_total": 0.030006429057582693,
    "notional_traded_btc": 0.6905659194967159,
    "notional_traded_usdt": 11876.81303086001
  },
  "strategy": "skew_mid_spread",
  "strategy_kwargs": {
    "extra_spread_ticks": 26.0,
    "gamma": 0.12,
    "gamma_cap_factor": 5.0,
    "gamma_imb": 0.5,
    "gamma_inv_scale": 1.0,
    "gamma_vol_scale": 2.0,
    "gradient_penalty_ticks": 1.0,
    "gradient_threshold": 1.5,
    "k_vol": 8.0,
    "size_base": 0.04,
    "size_exp": 2.0,
    "size_min_factor": 0.3
  },
  "snapshots_processed": 10000,
  "sharpe_ratio": -0.20019882126385358,
  "capital_base": 10000.0,
  "sharpe_horizon_seconds": 60.0
}