{
  "final_pnl": -3.4567734768534137,
  "final_inventory": 0.007853691091803292,
  "fill_count": 275,
  "max_drawdown": 3.4567734768534137,
  "pnl_attribution": {
    "inventory_moves": -0.28096182951487875,
    "fees": -3.5260143656233494,
    "spread_capture": 0.44929245989475325,
    "adverse_selection": -0.09703898687135828,
    "funding_rates": 0.0
  },
  "additional_metrics": {
    "orders_placed": 540,
    "orders_placed_buy": 265,
    "orders_placed_sell": 275,
    "maker_qty_placed": 3.102352632325639,
    "maker_qty_filled": 0.6420596403763129,
    "maker_fill_qty_rate": 0.20695894905248122,
    "avg_fill_latency_sec": 0.19142674488626468,
    "std_fill_latency_sec": 0.1135817641752033,
    "avg_queue_position": 1.2173772978404405,
    "std_queue_position": 1.4440237062683803,
    "avg_order_lifetime_sec": 0.20421655162884172,
    "std_order_lifetime_sec": 0.10887398324006763,
    "avg_competition_size": 0.6704452257161694,
    "std_competition_size": 0.1318383294327491,
    "forced_liquidations": 0,
    "avg_forced_liq_cost": 0.0,
    "std_forced_liq_cost": 0.0
  },
  "strategy": "skew_mid_spread",
  "strategy_kwargs": {
    "gamma": 0.1,
    "gamma_cap_factor": 5.0,
    "gamma_imb": 0.5,
    "gamma_inv_scale": 4.0,
    "gamma_vol_scale": 2.0,
    "gradient_penalty_ticks": 1.0,
    "gradient_threshold": 1.5,
    "k_vol": 1.3,
    "size_base": 0.01,
    "size_exp": 3.0,
    "size_min_factor": 0.2
  },
  "snapshots_processed": 1000,
  "sharpe_ratio": -1.2066361259241527,
  "capital_base": 10000.0,
  "sharpe_horizon_seconds": 60.0
}