{
  "final_pnl": -1.5280678339222504,
  "final_inventory": 0.0024808370965600074,
  "fill_count": 260,
  "max_drawdown": 1.5280678339222504,
  "pnl_attribution": {
    "inventory_moves": -0.06640051533064534,
    "fees": -1.663171027108722,
    "spread_capture": 0.25349717908985175,
    "adverse_selection": -0.050943214825447426,
    "funding_rates": 0.0
  },
  "additional_metrics": {
    "orders_placed": 535,
    "orders_placed_buy": 262,
    "orders_placed_sell": 273,
    "maker_qty_placed": 1.539416740259801,
    "maker_qty_filled": 0.31790119335291794,
    "maker_fill_qty_rate": 0.20650755902476875,
    "avg_fill_latency_sec": 0.1942312847189352,
    "std_fill_latency_sec": 0.10852674685184158,
    "avg_queue_position": 1.1248397473346872,
    "std_queue_position": 1.4074227146045668,
    "avg_order_lifetime_sec": 0.20789114634195963,
    "std_order_lifetime_sec": 0.10281553733793108,
    "avg_competition_size": 0.6241651608696502,
    "std_competition_size": 0.12224408076718679,
    "forced_liquidations": 0,
    "avg_forced_liq_cost": 0.0,
    "std_forced_liq_cost": 0.0
  },
  "strategy": "skew_mid_spread",
  "strategy_kwargs": {
    "gamma": 0.1,
    "gamma_cap_factor": 5.0,
    "gamma_imb": 0.5,
    "gamma_inv_scale": 4.0,
    "gamma_vol_scale": 2.0,
    "gradient_penalty_ticks": 1.0,
    "gradient_threshold": 1.5,
    "k_vol": 1.3,
    "size_base": 0.005,
    "size_exp": 1.0,
    "size_min_factor": 0.3
  },
  "snapshots_processed": 1000,
  "sharpe_ratio": -1.1252387257738414,
  "capital_base": 10000.0,
  "sharpe_horizon_seconds": 60.0
}