{
  "final_pnl": 0.4625554278372874,
  "final_inventory": 0.003125790015724446,
  "fill_count": 1987,
  "max_drawdown": 2.324518504436128,
  "pnl_attribution": {
    "inventory_moves": 0.21081045073832483,
    "fees": -0.7966178941603125,
    "spread_capture": 1.3280525023021255,
    "adverse_selection": -0.18302689062881652,
    "funding_rates": 0.0
  },
  "additional_metrics": {
    "orders_placed": 2963,
    "orders_placed_buy": 1541,
    "orders_placed_sell": 1422,
    "maker_qty_placed": 64.9057208315528,
    "maker_qty_filled": 1.1286007283220651,
    "maker_fill_qty_rate": 0.017388308978973935,
    "avg_fill_latency_sec": 0.007663381792203025,
    "std_fill_latency_sec": 0.043132122248591274,
    "avg_queue_position": 0.028617783245103622,
    "std_queue_position": 0.2777035380128364,
    "avg_order_lifetime_sec": 0.007663381792203025,
    "std_order_lifetime_sec": 0.043132122248591274,
    "avg_competition_size": 0.35230688780617664,
    "std_competition_size": 0.06697940444324264,
    "forced_liquidations": 0,
    "avg_forced_liq_cost": 0.0,
    "std_forced_liq_cost": 0.0,
    "taker_qty_hedge": 0.19289802199278658,
    "taker_qty_cross": 0.0,
    "taker_trades_hedge": 1869,
    "taker_trades_cross": 0,
    "taker_qty_total": 0.19289802199278658,
    "notional_traded_btc": 1.3214987503148505,
    "notional_traded_usdt": 22731.10638733327
  },
  "strategy": "skew_mid_spread",
  "strategy_kwargs": {
    "extra_spread_ticks": 15.0,
    "gamma": 0.16,
    "gamma_cap_factor": 5.0,
    "gamma_imb": 0.5,
    "gamma_inv_scale": 1.0,
    "gamma_vol_scale": 2.0,
    "gradient_penalty_ticks": 1.0,
    "gradient_threshold": 1.5,
    "k_vol": 2.0,
    "size_base": 0.04,
    "size_exp": 2.0,
    "size_min_factor": 0.3
  },
  "snapshots_processed": 10000,
  "sharpe_ratio": 0.04916978689283079,
  "capital_base": 10000.0,
  "sharpe_horizon_seconds": 60.0
}