{
  "final_pnl": -0.14580594102153555,
  "final_inventory": 0.010299674951254743,
  "fill_count": 46,
  "max_drawdown": 0.34952721104127704,
  "pnl_attribution": {
    "inventory_moves": -0.09884983457998,
    "fees": -0.0973537295172429,
    "spread_capture": 0.06762660700209326,
    "adverse_selection": -0.009109314179328616,
    "funding_rates": 0.0
  },
  "additional_metrics": {
    "orders_placed": 1586,
    "orders_placed_buy": 819,
    "orders_placed_sell": 767,
    "maker_qty_placed": 4.355824071670757,
    "maker_qty_filled": 0.05659600005608064,
    "maker_fill_qty_rate": 0.012993178586841365,
    "avg_fill_latency_sec": 0.2506956328516421,
    "std_fill_latency_sec": 0.0008040461733246583,
    "avg_queue_position": 1.543955747794061,
    "std_queue_position": 1.7667933478201743,
    "avg_order_lifetime_sec": 0.2506956328516421,
    "std_order_lifetime_sec": 0.0008040461733246583,
    "avg_competition_size": 0.2601692577440621,
    "std_competition_size": 0.04889091341333764,
    "forced_liquidations": 0,
    "avg_forced_liq_cost": 0.0,
    "std_forced_liq_cost": 0.0,
    "taker_qty_hedge": 0.0,
    "taker_qty_cross": 0.0,
    "taker_trades_hedge": 0,
    "taker_trades_cross": 0,
    "taker_qty_total": 0.0,
    "notional_traded_btc": 0.05659600005608064,
    "notional_traded_usdt": 973.5372951724291
  },
  "strategy": "skew_mid_spread",
  "strategy_kwargs": {
    "extra_spread_ticks": 32.0,
    "gamma": 0.16,
    "gamma_cap_factor": 5.0,
    "gamma_imb": 0.5,
    "gamma_inv_scale": 1.0,
    "gamma_vol_scale": 1.0,
    "gradient_penalty_ticks": 1.0,
    "gradient_threshold": 1.5,
    "k_vol": 6.0,
    "size_base": 0.005,
    "size_exp": 2.0,
    "size_min_factor": 0.3
  },
  "snapshots_processed": 10000,
  "sharpe_ratio": -0.12941492519416856,
  "capital_base": 10000.0,
  "sharpe_horizon_seconds": 60.0
}