{
  "final_pnl": -4.727139862867261,
  "final_inventory": 0.006121599506112657,
  "fill_count": 181,
  "max_drawdown": 5.592918717104112,
  "pnl_attribution": {
    "inventory_moves": -1.7148282964446797,
    "fees": -4.210860124383078,
    "spread_capture": 1.5500528995433878,
    "adverse_selection": -0.21964060029421653,
    "funding_rates": 0.0
  },
  "additional_metrics": {
    "orders_placed": 2959,
    "orders_placed_buy": 1538,
    "orders_placed_sell": 1421,
    "maker_qty_placed": 64.82210903317738,
    "maker_qty_filled": 1.5360721364332743,
    "maker_fill_qty_rate": 0.02369673186114754,
    "avg_fill_latency_sec": 0.20302000761032105,
    "std_fill_latency_sec": 0.0983327023159058,
    "avg_queue_position": 0.801854477899782,
    "std_queue_position": 1.306792334363663,
    "avg_order_lifetime_sec": 0.20302000761032105,
    "std_order_lifetime_sec": 0.0983327023159058,
    "avg_competition_size": 0.35519902670962444,
    "std_competition_size": 0.066740146102712,
    "forced_liquidations": 0,
    "avg_forced_liq_cost": 0.0,
    "std_forced_liq_cost": 0.0,
    "taker_qty_hedge": 0.303913929467189,
    "taker_qty_cross": 0.0,
    "taker_trades_hedge": 19,
    "taker_trades_cross": 0,
    "taker_qty_total": 0.303913929467189,
    "notional_traded_btc": 1.8399860659004634,
    "notional_traded_usdt": 31650.512918783374
  },
  "strategy": "skew_mid_spread",
  "strategy_kwargs": {
    "extra_spread_ticks": 30.0,
    "gamma": 0.08,
    "gamma_cap_factor": 5.0,
    "gamma_imb": 0.5,
    "gamma_inv_scale": 1.0,
    "gamma_vol_scale": 2.0,
    "gradient_penalty_ticks": 1.0,
    "gradient_threshold": 1.5,
    "k_vol": 4.0,
    "size_base": 0.04,
    "size_exp": 2.0,
    "size_min_factor": 0.3
  },
  "snapshots_processed": 10000,
  "sharpe_ratio": -0.47125900287897177,
  "capital_base": 10000.0,
  "sharpe_horizon_seconds": 60.0
}