{
  "final_pnl": 0.49007990982499905,
  "final_inventory": 0.1,
  "fill_count": 86,
  "max_drawdown": 3.387200780731291,
  "pnl_attribution": {
    "inventory_moves": 0.8061650542064399,
    "fees": -1.002977983877143,
    "spread_capture": 0.8105100489429148,
    "adverse_selection": -0.09759927691566733,
    "funding_rates": 0.0
  },
  "additional_metrics": {
    "orders_placed": 1588,
    "orders_placed_buy": 820,
    "orders_placed_sell": 768,
    "maker_qty_placed": 34.83218234445079,
    "maker_qty_filled": 0.6670516244644136,
    "maker_fill_qty_rate": 0.019150440183966347,
    "avg_fill_latency_sec": 0.1719999827590643,
    "std_fill_latency_sec": 0.11629491422154957,
    "avg_queue_position": 0.7191200558283866,
    "std_queue_position": 0.9519331462254531,
    "avg_order_lifetime_sec": 0.1719999827590643,
    "std_order_lifetime_sec": 0.11629491422154957,
    "avg_competition_size": 0.3525721873321837,
    "std_competition_size": 0.06893667731794399,
    "forced_liquidations": 0,
    "avg_forced_liq_cost": 0.0,
    "std_forced_liq_cost": 0.0,
    "taker_qty_hedge": 0.24290035629604084,
    "taker_qty_cross": 0.0,
    "taker_trades_hedge": 16,
    "taker_trades_cross": 0,
    "taker_qty_total": 0.24290035629604084,
    "notional_traded_btc": 0.9099519807604542,
    "notional_traded_usdt": 15650.938013064386
  },
  "strategy": "skew_mid_spread",
  "strategy_kwargs": {
    "extra_spread_ticks": 30.0,
    "gamma": 0.16,
    "gamma_cap_factor": 5.0,
    "gamma_imb": 0.5,
    "gamma_inv_scale": 1.0,
    "gamma_vol_scale": 2.0,
    "gradient_penalty_ticks": 1.0,
    "gradient_threshold": 1.5,
    "k_vol": 4.0,
    "size_base": 0.04,
    "size_exp": 2.0,
    "size_min_factor": 0.3
  },
  "snapshots_processed": 10000,
  "sharpe_ratio": 0.03519401134087888,
  "capital_base": 10000.0,
  "sharpe_horizon_seconds": 60.0
}