{
  "final_pnl": -23.01825536595061,
  "final_inventory": 0.05,
  "fill_count": 326,
  "max_drawdown": 23.01825536595061,
  "pnl_attribution": {
    "inventory_moves": -0.14422692734301087,
    "fees": -18.222214353720066,
    "spread_capture": 1.862223913418069,
    "adverse_selection": -6.231285608745576,
    "funding_rates": 0.0
  },
  "additional_metrics": {
    "orders_placed": 534,
    "orders_placed_buy": 263,
    "orders_placed_sell": 271,
    "maker_qty_placed": 12.242127589366483,
    "maker_qty_filled": 2.809885468213721,
    "maker_fill_qty_rate": 0.2295259094223449,
    "avg_fill_latency_sec": 0.1656969665276884,
    "std_fill_latency_sec": 0.1262691474135106,
    "avg_queue_position": 1.1001977645402636,
    "std_queue_position": 1.375445402877953,
    "avg_order_lifetime_sec": 0.17963130907578903,
    "std_order_lifetime_sec": 0.13098619537270498,
    "avg_competition_size": 0.8717099772802055,
    "std_competition_size": 0.17882180305189133,
    "forced_liquidations": 37,
    "avg_forced_liq_cost": 0.15634897834954498,
    "std_forced_liq_cost": 0.10431577148822462
  },
  "strategy": "skew_mid_spread",
  "strategy_kwargs": {
    "gamma": 0.1,
    "gamma_cap_factor": 5.0,
    "gamma_imb": 0.5,
    "gamma_inv_scale": 4.0,
    "gamma_vol_scale": 2.0,
    "gradient_penalty_ticks": 1.0,
    "gradient_threshold": 1.5,
    "k_vol": 1.3,
    "size_base": 0.04,
    "size_exp": 1.0,
    "size_min_factor": 0.2
  },
  "snapshots_processed": 1000,
  "sharpe_ratio": -1.329665693569612,
  "capital_base": 10000.0,
  "sharpe_horizon_seconds": 60.0
}