{
  "final_pnl": -3.6060258011348196,
  "final_inventory": 0.007170856590879835,
  "fill_count": 272,
  "max_drawdown": 3.6060258011348196,
  "pnl_attribution": {
    "inventory_moves": -0.28289128904326133,
    "fees": -3.6704788269756814,
    "spread_capture": 0.44081402360248184,
    "adverse_selection": -0.09962646070026682,
    "funding_rates": 0.0
  },
  "additional_metrics": {
    "orders_placed": 608,
    "orders_placed_buy": 302,
    "orders_placed_sell": 306,
    "maker_qty_placed": 3.4572458112024766,
    "maker_qty_filled": 0.6420170943486366,
    "maker_fill_qty_rate": 0.18570189376419677,
    "avg_fill_latency_sec": 0.1834522219979839,
    "std_fill_latency_sec": 0.1108672453689798,
    "avg_queue_position": 1.1315718410715148,
    "std_queue_position": 1.4264740574007,
    "avg_order_lifetime_sec": 0.1962420302591506,
    "std_order_lifetime_sec": 0.10317799427483033,
    "avg_competition_size": 0.6678436655253887,
    "std_competition_size": 0.12561623867245908,
    "forced_liquidations": 0,
    "avg_forced_liq_cost": 0.0,
    "std_forced_liq_cost": 0.0
  },
  "strategy": "skew_mid_spread",
  "strategy_kwargs": {
    "gamma": 0.1,
    "gamma_cap_factor": 5.0,
    "gamma_imb": 0.5,
    "gamma_inv_scale": 4.0,
    "gamma_vol_scale": 2.0,
    "gradient_penalty_ticks": 1.0,
    "gradient_threshold": 1.5,
    "k_vol": 1.3,
    "size_base": 0.01,
    "size_exp": 1.0,
    "size_min_factor": 0.2
  },
  "snapshots_processed": 1000,
  "sharpe_ratio": -1.2054087816299335,
  "capital_base": 10000.0,
  "sharpe_horizon_seconds": 60.0
}