{
  "final_pnl": -2.3719440568856953,
  "final_inventory": -0.05278831257447286,
  "fill_count": 165,
  "max_drawdown": 3.933387410465002,
  "pnl_attribution": {
    "inventory_moves": -1.8756090354887751,
    "fees": -1.814479985524669,
    "spread_capture": 1.6417842810973728,
    "adverse_selection": -0.2097667172750696,
    "funding_rates": 0.0
  },
  "additional_metrics": {
    "orders_placed": 2960,
    "orders_placed_buy": 1537,
    "orders_placed_sell": 1423,
    "maker_qty_placed": 64.84733719609639,
    "maker_qty_filled": 1.3358010891136325,
    "maker_fill_qty_rate": 0.020599166394052702,
    "avg_fill_latency_sec": 0.1846421015890021,
    "std_fill_latency_sec": 0.11034642984378097,
    "avg_queue_position": 0.8521917209864721,
    "std_queue_position": 1.5727817785701528,
    "avg_order_lifetime_sec": 0.1846421015890021,
    "std_order_lifetime_sec": 0.11034642984378097,
    "avg_competition_size": 0.35434631536534095,
    "std_competition_size": 0.06838329510494548,
    "forced_liquidations": 0,
    "avg_forced_liq_cost": 0.0,
    "std_forced_liq_cost": 0.0,
    "taker_qty_hedge": 0.43932684955759527,
    "taker_qty_cross": 0.0,
    "taker_trades_hedge": 25,
    "taker_trades_cross": 0,
    "taker_qty_total": 0.43932684955759527,
    "notional_traded_btc": 1.7751279386712269,
    "notional_traded_usdt": 30537.05231757966
  },
  "strategy": "skew_mid_spread",
  "strategy_kwargs": {
    "extra_spread_ticks": 20.0,
    "gamma": 0.08,
    "gamma_cap_factor": 5.0,
    "gamma_imb": 0.5,
    "gamma_inv_scale": 1.0,
    "gamma_vol_scale": 2.0,
    "gradient_penalty_ticks": 1.0,
    "gradient_threshold": 1.5,
    "k_vol": 2.0,
    "size_base": 0.04,
    "size_exp": 2.0,
    "size_min_factor": 0.3
  },
  "snapshots_processed": 10000,
  "sharpe_ratio": -0.2514512622006398,
  "capital_base": 10000.0,
  "sharpe_horizon_seconds": 60.0
}