{
  "final_pnl": -1.6070320426260878,
  "final_inventory": 0.0035159140462716434,
  "fill_count": 266,
  "max_drawdown": 1.6070320426260878,
  "pnl_attribution": {
    "inventory_moves": -0.10471757150664153,
    "fees": -1.7023767141528559,
    "spread_capture": 0.24738496905022145,
    "adverse_selection": -0.050191806333191404,
    "funding_rates": 0.0
  },
  "additional_metrics": {
    "orders_placed": 528,
    "orders_placed_buy": 258,
    "orders_placed_sell": 270,
    "maker_qty_placed": 1.5158780714124842,
    "maker_qty_filled": 0.3199187084777527,
    "maker_fill_qty_rate": 0.21104514572181574,
    "avg_fill_latency_sec": 0.19241721266942308,
    "std_fill_latency_sec": 0.10957137014845965,
    "avg_queue_position": 1.1597602995887162,
    "std_queue_position": 1.431781785785788,
    "avg_order_lifetime_sec": 0.21234436382521069,
    "std_order_lifetime_sec": 0.11070191417464607,
    "avg_competition_size": 0.6335361312499544,
    "std_competition_size": 0.12215003232375836,
    "forced_liquidations": 0,
    "avg_forced_liq_cost": 0.0,
    "std_forced_liq_cost": 0.0
  },
  "strategy": "skew_mid_spread",
  "strategy_kwargs": {
    "gamma": 0.1,
    "gamma_cap_factor": 5.0,
    "gamma_imb": 0.5,
    "gamma_inv_scale": 4.0,
    "gamma_vol_scale": 2.0,
    "gradient_penalty_ticks": 1.0,
    "gradient_threshold": 1.5,
    "k_vol": 1.3,
    "size_base": 0.005,
    "size_exp": 2.0,
    "size_min_factor": 0.3
  },
  "snapshots_processed": 1000,
  "sharpe_ratio": -1.1962406784927198,
  "capital_base": 10000.0,
  "sharpe_horizon_seconds": 60.0
}