{
  "final_pnl": -1.7130556507763686,
  "final_inventory": 0.007130852924546977,
  "fill_count": 1300,
  "max_drawdown": 3.660300993857163,
  "pnl_attribution": {
    "inventory_moves": -1.375047375239419,
    "fees": -1.7726769973550913,
    "spread_capture": 1.8111684285061018,
    "adverse_selection": -0.22667078676270005,
    "funding_rates": 0.0
  },
  "additional_metrics": {
    "orders_placed": 2965,
    "orders_placed_buy": 1540,
    "orders_placed_sell": 1425,
    "maker_qty_placed": 64.93554059966874,
    "maker_qty_filled": 1.5397337794808157,
    "maker_fill_qty_rate": 0.023711726510038025,
    "avg_fill_latency_sec": 0.01555800671670951,
    "std_fill_latency_sec": 0.060467662636656344,
    "avg_queue_position": 0.06292481234360056,
    "std_queue_position": 0.4232108767108135,
    "avg_order_lifetime_sec": 0.01555800671670951,
    "std_order_lifetime_sec": 0.060467662636656344,
    "avg_competition_size": 0.35643910355303315,
    "std_competition_size": 0.06685676247119057,
    "forced_liquidations": 0,
    "avg_forced_liq_cost": 0.0,
    "std_forced_liq_cost": 0.0,
    "taker_qty_hedge": 0.4292239573515291,
    "taker_qty_cross": 0.0,
    "taker_trades_hedge": 1148,
    "taker_trades_cross": 0,
    "taker_qty_total": 0.4292239573515291,
    "notional_traded_btc": 1.9689577368323483,
    "notional_traded_usdt": 33872.315721664076
  },
  "strategy": "skew_mid_spread",
  "strategy_kwargs": {
    "extra_spread_ticks": 30.0,
    "gamma": 0.16,
    "gamma_cap_factor": 5.0,
    "gamma_imb": 0.5,
    "gamma_inv_scale": 1.0,
    "gamma_vol_scale": 2.0,
    "gradient_penalty_ticks": 1.0,
    "gradient_threshold": 1.5,
    "k_vol": 6.0,
    "size_base": 0.04,
    "size_exp": 2.0,
    "size_min_factor": 0.3
  },
  "snapshots_processed": 10000,
  "sharpe_ratio": -0.17648798059444815,
  "capital_base": 10000.0,
  "sharpe_horizon_seconds": 60.0
}