{
  "final_pnl": -6.068497935963023,
  "final_inventory": 0.06448616630328327,
  "fill_count": 119,
  "max_drawdown": 7.091570029349896,
  "pnl_attribution": {
    "inventory_moves": -3.7239549547587525,
    "fees": -3.221432868176322,
    "spread_capture": 1.0289258636291807,
    "adverse_selection": -0.12702106051421783,
    "funding_rates": 0.0
  },
  "additional_metrics": {
    "orders_placed": 2063,
    "orders_placed_buy": 1071,
    "orders_placed_sell": 992,
    "maker_qty_placed": 45.08544484712896,
    "maker_qty_filled": 0.9070190434055696,
    "maker_fill_qty_rate": 0.020117779617812255,
    "avg_fill_latency_sec": 0.16946478964577258,
    "std_fill_latency_sec": 0.11730864981029694,
    "avg_queue_position": 0.6818831846722712,
    "std_queue_position": 1.0993056988749288,
    "avg_order_lifetime_sec": 0.16946478964577258,
    "std_order_lifetime_sec": 0.11730864981029694,
    "avg_competition_size": 0.35473570245267816,
    "std_competition_size": 0.06922049237757111,
    "forced_liquidations": 0,
    "avg_forced_liq_cost": 0.0,
    "std_forced_liq_cost": 0.0,
    "taker_qty_hedge": 0.32179252126337693,
    "taker_qty_cross": 0.0,
    "taker_trades_hedge": 23,
    "taker_trades_cross": 0,
    "taker_qty_total": 0.32179252126337693,
    "notional_traded_btc": 1.2288115646689468,
    "notional_traded_usdt": 21139.67674471119
  },
  "strategy": "skew_mid_spread",
  "strategy_kwargs": {
    "extra_spread_ticks": 30.0,
    "gamma": 0.12,
    "gamma_cap_factor": 5.0,
    "gamma_imb": 0.5,
    "gamma_inv_scale": 1.0,
    "gamma_vol_scale": 2.0,
    "gradient_penalty_ticks": 1.0,
    "gradient_threshold": 1.5,
    "k_vol": 4.0,
    "size_base": 0.04,
    "size_exp": 2.0,
    "size_min_factor": 0.3
  },
  "snapshots_processed": 10000,
  "sharpe_ratio": -0.47598834538828605,
  "capital_base": 10000.0,
  "sharpe_horizon_seconds": 60.0
}