{
  "final_pnl": -1.6301590370294434,
  "final_inventory": -0.0074031473675629615,
  "fill_count": 1246,
  "max_drawdown": 3.9600757266216533,
  "pnl_attribution": {
    "inventory_moves": -0.759004706200826,
    "fees": -1.677190837665884,
    "spread_capture": 0.9866178709096426,
    "adverse_selection": -0.15698938332180837,
    "funding_rates": 0.0
  },
  "additional_metrics": {
    "orders_placed": 2064,
    "orders_placed_buy": 1070,
    "orders_placed_sell": 994,
    "maker_qty_placed": 45.109969465701205,
    "maker_qty_filled": 0.9741494933715309,
    "maker_fill_qty_rate": 0.02159499341076285,
    "avg_fill_latency_sec": 0.010476588206147669,
    "std_fill_latency_sec": 0.05015672845391416,
    "avg_queue_position": 0.034522631307807757,
    "std_queue_position": 0.29131164850961866,
    "avg_order_lifetime_sec": 0.010476588206147669,
    "std_order_lifetime_sec": 0.05015672845391416,
    "avg_competition_size": 0.3540999419598378,
    "std_competition_size": 0.06783555913089405,
    "forced_liquidations": 0,
    "avg_forced_liq_cost": 0.0,
    "std_forced_liq_cost": 0.0,
    "taker_qty_hedge": 0.40613508868213666,
    "taker_qty_cross": 0.0,
    "taker_trades_hedge": 1146,
    "taker_trades_cross": 0,
    "taker_qty_total": 0.40613508868213666,
    "notional_traded_btc": 1.3802845820536689,
    "notional_traded_usdt": 23744.7374895375
  },
  "strategy": "skew_mid_spread",
  "strategy_kwargs": {
    "extra_spread_ticks": 30.0,
    "gamma": 0.08,
    "gamma_cap_factor": 5.0,
    "gamma_imb": 0.5,
    "gamma_inv_scale": 1.0,
    "gamma_vol_scale": 2.0,
    "gradient_penalty_ticks": 1.0,
    "gradient_threshold": 1.5,
    "k_vol": 6.0,
    "size_base": 0.04,
    "size_exp": 2.0,
    "size_min_factor": 0.3
  },
  "snapshots_processed": 10000,
  "sharpe_ratio": -0.14453404503120645,
  "capital_base": 10000.0,
  "sharpe_horizon_seconds": 60.0
}