{
  "final_pnl": -1.5730196551630797,
  "final_inventory": 0.04329576931152332,
  "fill_count": 5112,
  "max_drawdown": 4.303663592016164,
  "pnl_attribution": {
    "inventory_moves": -0.5783418099610239,
    "fees": -2.0211907692312168,
    "spread_capture": 1.164771707869878,
    "adverse_selection": -0.12761241595964679,
    "funding_rates": 0.0
  },
  "additional_metrics": {
    "orders_placed": 2068,
    "orders_placed_buy": 1074,
    "orders_placed_sell": 994,
    "maker_qty_placed": 45.17447744640954,
    "maker_qty_filled": 0.8405765852510514,
    "maker_fill_qty_rate": 0.018607333892201122,
    "avg_fill_latency_sec": 0.0021264551188682848,
    "std_fill_latency_sec": 0.02298984843084267,
    "avg_queue_position": 0.005487392403520233,
    "std_queue_position": 0.09447803739852029,
    "avg_order_lifetime_sec": 0.0021264551188682848,
    "std_order_lifetime_sec": 0.02298984843084267,
    "avg_competition_size": 0.35425846701163416,
    "std_competition_size": 0.0681655557148037,
    "forced_liquidations": 0,
    "avg_forced_liq_cost": 0.0,
    "std_forced_liq_cost": 0.0,
    "taker_qty_hedge": 0.48940937400669154,
    "taker_qty_cross": 0.0,
    "taker_trades_hedge": 5026,
    "taker_trades_cross": 0,
    "taker_qty_total": 0.48940937400669154,
    "notional_traded_btc": 1.3299859592577423,
    "notional_traded_usdt": 22880.442451768005
  },
  "strategy": "skew_mid_spread",
  "strategy_kwargs": {
    "extra_spread_ticks": 15.0,
    "gamma": 0.16,
    "gamma_cap_factor": 5.0,
    "gamma_imb": 0.5,
    "gamma_inv_scale": 1.0,
    "gamma_vol_scale": 2.0,
    "gradient_penalty_ticks": 1.0,
    "gradient_threshold": 1.5,
    "k_vol": 6.0,
    "size_base": 0.04,
    "size_exp": 2.0,
    "size_min_factor": 0.3
  },
  "snapshots_processed": 10000,
  "sharpe_ratio": -0.12491796052344294,
  "capital_base": 10000.0,
  "sharpe_horizon_seconds": 60.0
}