{
  "final_pnl": -2.1558796147492103,
  "final_inventory": 0.03560938124400497,
  "fill_count": 979,
  "max_drawdown": 3.1300705058820313,
  "pnl_attribution": {
    "inventory_moves": -2.4922007535258097,
    "fees": -0.407540005036615,
    "spread_capture": 0.8805586821124198,
    "adverse_selection": -0.11058729453471701,
    "funding_rates": 0.0
  },
  "additional_metrics": {
    "orders_placed": 2065,
    "orders_placed_buy": 1074,
    "orders_placed_sell": 991,
    "maker_qty_placed": 45.15305054280221,
    "maker_qty_filled": 0.7233382288327467,
    "maker_fill_qty_rate": 0.016019697897201167,
    "avg_fill_latency_sec": 0.010679446597195788,
    "std_fill_latency_sec": 0.050629337378589864,
    "avg_queue_position": 0.036291216905404725,
    "std_queue_position": 0.2864888481367921,
    "avg_order_lifetime_sec": 0.010679446597195788,
    "std_order_lifetime_sec": 0.050629337378589864,
    "avg_competition_size": 0.3545694145744374,
    "std_competition_size": 0.06915786364285337,
    "forced_liquidations": 0,
    "avg_forced_liq_cost": 0.0,
    "std_forced_liq_cost": 0.0,
    "taker_qty_hedge": 0.09876658155381252,
    "taker_qty_cross": 0.0,
    "taker_trades_hedge": 899,
    "taker_trades_cross": 0,
    "taker_qty_total": 0.09876658155381252,
    "notional_traded_btc": 0.8221048103865592,
    "notional_traded_usdt": 14138.465529803838
  },
  "strategy": "skew_mid_spread",
  "strategy_kwargs": {
    "extra_spread_ticks": 30.0,
    "gamma": 0.16,
    "gamma_cap_factor": 5.0,
    "gamma_imb": 0.5,
    "gamma_inv_scale": 1.0,
    "gamma_vol_scale": 2.0,
    "gradient_penalty_ticks": 1.0,
    "gradient_threshold": 1.5,
    "k_vol": 4.0,
    "size_base": 0.04,
    "size_exp": 2.0,
    "size_min_factor": 0.3
  },
  "snapshots_processed": 10000,
  "sharpe_ratio": -0.21057870457235764,
  "capital_base": 10000.0,
  "sharpe_horizon_seconds": 60.0
}