{
  "final_pnl": -3.4195416709262645,
  "final_inventory": 0.005092895432120495,
  "fill_count": 270,
  "max_drawdown": 3.4195416709262645,
  "pnl_attribution": {
    "inventory_moves": -0.22407326840654695,
    "fees": -3.515734281313414,
    "spread_capture": 0.4143773917208655,
    "adverse_selection": -0.09370973707245174,
    "funding_rates": 0.0
  },
  "additional_metrics": {
    "orders_placed": 530,
    "orders_placed_buy": 257,
    "orders_placed_sell": 273,
    "maker_qty_placed": 3.047808770039644,
    "maker_qty_filled": 0.645221884215329,
    "maker_fill_qty_rate": 0.21170025185239438,
    "avg_fill_latency_sec": 0.1919220716922314,
    "std_fill_latency_sec": 0.11345011383260953,
    "avg_queue_position": 1.155868531054169,
    "std_queue_position": 1.4154989244622393,
    "avg_order_lifetime_sec": 0.2065844071375859,
    "std_order_lifetime_sec": 0.10735380346749503,
    "avg_competition_size": 0.6683459037041972,
    "std_competition_size": 0.12592514981214042,
    "forced_liquidations": 0,
    "avg_forced_liq_cost": 0.0,
    "std_forced_liq_cost": 0.0
  },
  "strategy": "skew_mid_spread",
  "strategy_kwargs": {
    "gamma": 0.1,
    "gamma_cap_factor": 5.0,
    "gamma_imb": 0.5,
    "gamma_inv_scale": 4.0,
    "gamma_vol_scale": 2.0,
    "gradient_penalty_ticks": 1.0,
    "gradient_threshold": 1.5,
    "k_vol": 1.3,
    "size_base": 0.01,
    "size_exp": 1.0,
    "size_min_factor": 0.1
  },
  "snapshots_processed": 1000,
  "sharpe_ratio": -1.1841029784001276,
  "capital_base": 10000.0,
  "sharpe_horizon_seconds": 60.0
}