{
  "final_pnl": -16.098140610787596,
  "final_inventory": 0.029186747340831945,
  "fill_count": 286,
  "max_drawdown": 16.098140610787596,
  "pnl_attribution": {
    "inventory_moves": -1.463796016713815,
    "fees": -15.472159322928183,
    "spread_capture": 1.7502751714061495,
    "adverse_selection": -0.8852906058323579,
    "funding_rates": 0.0
  },
  "additional_metrics": {
    "orders_placed": 612,
    "orders_placed_buy": 306,
    "orders_placed_sell": 306,
    "maker_qty_placed": 13.925790483674577,
    "maker_qty_filled": 2.627432573290675,
    "maker_fill_qty_rate": 0.1886738549147968,
    "avg_fill_latency_sec": 0.18106626028037934,
    "std_fill_latency_sec": 0.11210645114998449,
    "avg_queue_position": 1.2610497833586036,
    "std_queue_position": 1.4537096995466672,
    "avg_order_lifetime_sec": 0.19014457334955054,
    "std_order_lifetime_sec": 0.10713622758596092,
    "avg_competition_size": 0.8683067956824827,
    "std_competition_size": 0.17684937554486097,
    "forced_liquidations": 3,
    "avg_forced_liq_cost": 0.16515264680757294,
    "std_forced_liq_cost": 0.09315408949870774
  },
  "strategy": "skew_mid_spread",
  "strategy_kwargs": {
    "gamma": 0.1,
    "gamma_cap_factor": 5.0,
    "gamma_imb": 0.5,
    "gamma_inv_scale": 4.0,
    "gamma_vol_scale": 2.0,
    "gradient_penalty_ticks": 1.0,
    "gradient_threshold": 1.5,
    "k_vol": 1.3,
    "size_base": 0.04,
    "size_exp": 1.0,
    "size_min_factor": 0.3
  },
  "snapshots_processed": 1000,
  "sharpe_ratio": -1.2604748175293765,
  "capital_base": 10000.0,
  "sharpe_horizon_seconds": 60.0
}