{
  "final_pnl": -1.802610126478612,
  "final_inventory": -0.002923451984606456,
  "fill_count": 2622,
  "max_drawdown": 3.848676920082653,
  "pnl_attribution": {
    "inventory_moves": -1.3360321061471163,
    "fees": -1.5638463409991656,
    "spread_capture": 1.3970343819588098,
    "adverse_selection": -0.20660706353822972,
    "funding_rates": 0.0
  },
  "additional_metrics": {
    "orders_placed": 2963,
    "orders_placed_buy": 1541,
    "orders_placed_sell": 1422,
    "maker_qty_placed": 64.9356333478123,
    "maker_qty_filled": 1.2779173804826938,
    "maker_fill_qty_rate": 0.01967975539158651,
    "avg_fill_latency_sec": 0.006368009103290914,
    "std_fill_latency_sec": 0.039429765829245594,
    "avg_queue_position": 0.022303046058325397,
    "std_queue_position": 0.2251993345114241,
    "avg_order_lifetime_sec": 0.006368009103290914,
    "std_order_lifetime_sec": 0.039429765829245594,
    "avg_competition_size": 0.35410696921540463,
    "std_competition_size": 0.06595768038035071,
    "forced_liquidations": 0,
    "avg_forced_liq_cost": 0.0,
    "std_forced_liq_cost": 0.0,
    "taker_qty_hedge": 0.3787261121843372,
    "taker_qty_cross": 0.0,
    "taker_trades_hedge": 2492,
    "taker_trades_cross": 0,
    "taker_qty_total": 0.3787261121843372,
    "notional_traded_btc": 1.6566434926670288,
    "notional_traded_usdt": 28497.022162728386
  },
  "strategy": "skew_mid_spread",
  "strategy_kwargs": {
    "extra_spread_ticks": 25.0,
    "gamma": 0.16,
    "gamma_cap_factor": 5.0,
    "gamma_imb": 0.5,
    "gamma_inv_scale": 1.0,
    "gamma_vol_scale": 2.0,
    "gradient_penalty_ticks": 1.0,
    "gradient_threshold": 1.5,
    "k_vol": 6.0,
    "size_base": 0.04,
    "size_exp": 2.0,
    "size_min_factor": 0.3
  },
  "snapshots_processed": 10000,
  "sharpe_ratio": -0.1736513237673905,
  "capital_base": 10000.0,
  "sharpe_horizon_seconds": 60.0
}