{
  "final_pnl": -7.624209100187727,
  "final_inventory": 0.025656081057043527,
  "fill_count": 281,
  "max_drawdown": 7.624209100187727,
  "pnl_attribution": {
    "inventory_moves": -0.23080568267636417,
    "fees": -7.225498045634477,
    "spread_capture": 0.9256636857418797,
    "adverse_selection": -1.0649605170962322,
    "funding_rates": 0.0
  },
  "additional_metrics": {
    "orders_placed": 531,
    "orders_placed_buy": 259,
    "orders_placed_sell": 272,
    "maker_qty_placed": 6.100760542119499,
    "maker_qty_filled": 1.2995550342202011,
    "maker_fill_qty_rate": 0.21301525035249386,
    "avg_fill_latency_sec": 0.18709875919200755,
    "std_fill_latency_sec": 0.11582107052162673,
    "avg_queue_position": 1.153766919818419,
    "std_queue_position": 1.412220180882795,
    "avg_order_lifetime_sec": 0.19949381881290013,
    "std_order_lifetime_sec": 0.11185595596213727,
    "avg_competition_size": 0.7255831955553994,
    "std_competition_size": 0.14754216422605235,
    "forced_liquidations": 10,
    "avg_forced_liq_cost": 0.08783333002347929,
    "std_forced_liq_cost": 0.0586073502351219
  },
  "strategy": "skew_mid_spread",
  "strategy_kwargs": {
    "gamma": 0.1,
    "gamma_cap_factor": 5.0,
    "gamma_imb": 0.5,
    "gamma_inv_scale": 4.0,
    "gamma_vol_scale": 2.0,
    "gradient_penalty_ticks": 1.0,
    "gradient_threshold": 1.5,
    "k_vol": 1.3,
    "size_base": 0.02,
    "size_exp": 1.0,
    "size_min_factor": 0.2
  },
  "snapshots_processed": 1000,
  "sharpe_ratio": -1.2681656766575398,
  "capital_base": 10000.0,
  "sharpe_horizon_seconds": 60.0
}