{
  "final_pnl": -8.072722064402114,
  "final_inventory": 0.03716818270881807,
  "fill_count": 284,
  "max_drawdown": 8.072722064402114,
  "pnl_attribution": {
    "inventory_moves": -0.27428709851917354,
    "fees": -7.543714362112292,
    "spread_capture": 0.8935607559609454,
    "adverse_selection": -1.1173528627682132,
    "funding_rates": 0.0
  },
  "additional_metrics": {
    "orders_placed": 532,
    "orders_placed_buy": 261,
    "orders_placed_sell": 271,
    "maker_qty_placed": 6.10770515741395,
    "maker_qty_filled": 1.3230288234961032,
    "maker_fill_qty_rate": 0.21661635416210628,
    "avg_fill_latency_sec": 0.18371514696063418,
    "std_fill_latency_sec": 0.11746472124569052,
    "avg_queue_position": 1.1555243903255172,
    "std_queue_position": 1.4213137533003348,
    "avg_order_lifetime_sec": 0.20043635801835494,
    "std_order_lifetime_sec": 0.12085103339490073,
    "avg_competition_size": 0.7371404903191173,
    "std_competition_size": 0.14189548221264328,
    "forced_liquidations": 11,
    "avg_forced_liq_cost": 0.08319974514876256,
    "std_forced_liq_cost": 0.05449454730628729
  },
  "strategy": "skew_mid_spread",
  "strategy_kwargs": {
    "gamma": 0.1,
    "gamma_cap_factor": 5.0,
    "gamma_imb": 0.5,
    "gamma_inv_scale": 4.0,
    "gamma_vol_scale": 2.0,
    "gradient_penalty_ticks": 1.0,
    "gradient_threshold": 1.5,
    "k_vol": 1.3,
    "size_base": 0.02,
    "size_exp": 3.0,
    "size_min_factor": 0.1
  },
  "snapshots_processed": 1000,
  "sharpe_ratio": -1.1251742164659289,
  "capital_base": 10000.0,
  "sharpe_horizon_seconds": 60.0
}