{
  "final_pnl": -4.358483998983502,
  "final_inventory": 0.0203239831811709,
  "fill_count": 4475,
  "max_drawdown": 5.378275926846982,
  "pnl_attribution": {
    "inventory_moves": -4.148141516035477,
    "fees": -1.0679397269588462,
    "spread_capture": 1.0504883411434498,
    "adverse_selection": -0.13981897467688187,
    "funding_rates": 0.0
  },
  "additional_metrics": {
    "orders_placed": 2067,
    "orders_placed_buy": 1071,
    "orders_placed_sell": 996,
    "maker_qty_placed": 45.166842663475094,
    "maker_qty_filled": 0.9289448643330342,
    "maker_fill_qty_rate": 0.020566964825377107,
    "avg_fill_latency_sec": 0.0027187712337406866,
    "std_fill_latency_sec": 0.025968221771716114,
    "avg_queue_position": 0.009331374231083723,
    "std_queue_position": 0.1352051919614492,
    "avg_order_lifetime_sec": 0.0027187712337406866,
    "std_order_lifetime_sec": 0.025968221771716114,
    "avg_competition_size": 0.3560469465506234,
    "std_competition_size": 0.0685424024391728,
    "forced_liquidations": 0,
    "avg_forced_liq_cost": 0.0,
    "std_forced_liq_cost": 0.0,
    "taker_qty_hedge": 0.25865328880403493,
    "taker_qty_cross": 0.0,
    "taker_trades_hedge": 4379,
    "taker_trades_cross": 0,
    "taker_qty_total": 0.25865328880403493,
    "notional_traded_btc": 1.1875981531370736,
    "notional_traded_usdt": 20428.07438000536
  },
  "strategy": "skew_mid_spread",
  "strategy_kwargs": {
    "extra_spread_ticks": 30.0,
    "gamma": 0.16,
    "gamma_cap_factor": 5.0,
    "gamma_imb": 0.5,
    "gamma_inv_scale": 1.0,
    "gamma_vol_scale": 2.0,
    "gradient_penalty_ticks": 1.0,
    "gradient_threshold": 1.5,
    "k_vol": 4.0,
    "size_base": 0.04,
    "size_exp": 2.0,
    "size_min_factor": 0.3
  },
  "snapshots_processed": 10000,
  "sharpe_ratio": -0.3347037205999242,
  "capital_base": 10000.0,
  "sharpe_horizon_seconds": 60.0
}