{
  "final_pnl": -3.6347859986162803,
  "final_inventory": 0.01006827122110453,
  "fill_count": 274,
  "max_drawdown": 3.6347859986162803,
  "pnl_attribution": {
    "inventory_moves": -0.2865942597025498,
    "fees": -3.6758835842048128,
    "spread_capture": 0.4264946824381027,
    "adverse_selection": -0.098294137308634,
    "funding_rates": 0.0
  },
  "additional_metrics": {
    "orders_placed": 610,
    "orders_placed_buy": 304,
    "orders_placed_sell": 306,
    "maker_qty_placed": 3.468114171560902,
    "maker_qty_filled": 0.6441669633722459,
    "maker_fill_qty_rate": 0.18573983770618607,
    "avg_fill_latency_sec": 0.18387341046635108,
    "std_fill_latency_sec": 0.11064177898573013,
    "avg_queue_position": 1.1284390787176284,
    "std_queue_position": 1.4292908223809593,
    "avg_order_lifetime_sec": 0.19499999209295346,
    "std_order_lifetime_sec": 0.10402171935005021,
    "avg_competition_size": 0.6591807787173745,
    "std_competition_size": 0.1338999557725717,
    "forced_liquidations": 0,
    "avg_forced_liq_cost": 0.0,
    "std_forced_liq_cost": 0.0
  },
  "strategy": "skew_mid_spread",
  "strategy_kwargs": {
    "gamma": 0.1,
    "gamma_cap_factor": 5.0,
    "gamma_imb": 0.5,
    "gamma_inv_scale": 4.0,
    "gamma_vol_scale": 2.0,
    "gradient_penalty_ticks": 1.0,
    "gradient_threshold": 1.5,
    "k_vol": 1.3,
    "size_base": 0.01,
    "size_exp": 3.0,
    "size_min_factor": 0.2
  },
  "snapshots_processed": 1000,
  "sharpe_ratio": -1.163469473994827,
  "capital_base": 10000.0,
  "sharpe_horizon_seconds": 60.0
}