{
  "final_pnl": -7.2152553927862755,
  "final_inventory": 0.025250321480034574,
  "fill_count": 274,
  "max_drawdown": 7.2152553927862755,
  "pnl_attribution": {
    "inventory_moves": -0.5808312288252605,
    "fees": -7.418960460062769,
    "spread_capture": 0.9958545375257315,
    "adverse_selection": -0.1987138215181264,
    "funding_rates": 0.0
  },
  "additional_metrics": {
    "orders_placed": 611,
    "orders_placed_buy": 305,
    "orders_placed_sell": 306,
    "maker_qty_placed": 6.948948987379534,
    "maker_qty_filled": 1.2663754581806035,
    "maker_fill_qty_rate": 0.1822398553335987,
    "avg_fill_latency_sec": 0.18117609563863502,
    "std_fill_latency_sec": 0.11206946852161236,
    "avg_queue_position": 1.1166737197417151,
    "std_queue_position": 1.383077267016328,
    "avg_order_lifetime_sec": 0.19223898911626083,
    "std_order_lifetime_sec": 0.1058705995316301,
    "avg_competition_size": 0.7305345932713718,
    "std_competition_size": 0.1395492340927138,
    "forced_liquidations": 1,
    "avg_forced_liq_cost": 0.0032801143957146665,
    "std_forced_liq_cost": 0.0
  },
  "strategy": "skew_mid_spread",
  "strategy_kwargs": {
    "gamma": 0.1,
    "gamma_cap_factor": 5.0,
    "gamma_imb": 0.5,
    "gamma_inv_scale": 4.0,
    "gamma_vol_scale": 2.0,
    "gradient_penalty_ticks": 1.0,
    "gradient_threshold": 1.5,
    "k_vol": 1.3,
    "size_base": 0.02,
    "size_exp": 2.0,
    "size_min_factor": 0.3
  },
  "snapshots_processed": 1000,
  "sharpe_ratio": -1.1513493029131197,
  "capital_base": 10000.0,
  "sharpe_horizon_seconds": 60.0
}