{
  "final_pnl": -3.554413927751739,
  "final_inventory": 0.007402444753664467,
  "fill_count": 270,
  "max_drawdown": 3.554413927751739,
  "pnl_attribution": {
    "inventory_moves": -0.27674562920472784,
    "fees": -3.623395158487469,
    "spread_capture": 0.44085119454502175,
    "adverse_selection": -0.09907360816435289,
    "funding_rates": 0.0
  },
  "additional_metrics": {
    "orders_placed": 608,
    "orders_placed_buy": 303,
    "orders_placed_sell": 305,
    "maker_qty_placed": 3.4609771801311275,
    "maker_qty_filled": 0.6197467603243927,
    "maker_fill_qty_rate": 0.17906698832984275,
    "avg_fill_latency_sec": 0.18303204499758208,
    "std_fill_latency_sec": 0.11109745972165502,
    "avg_queue_position": 1.1370557518155364,
    "std_queue_position": 1.4223308034471098,
    "avg_order_lifetime_sec": 0.19429486531477708,
    "std_order_lifetime_sec": 0.10449869096882952,
    "avg_competition_size": 0.673200985135431,
    "std_competition_size": 0.13336848760107825,
    "forced_liquidations": 0,
    "avg_forced_liq_cost": 0.0,
    "std_forced_liq_cost": 0.0
  },
  "strategy": "skew_mid_spread",
  "strategy_kwargs": {
    "gamma": 0.1,
    "gamma_cap_factor": 5.0,
    "gamma_imb": 0.5,
    "gamma_inv_scale": 4.0,
    "gamma_vol_scale": 2.0,
    "gradient_penalty_ticks": 1.0,
    "gradient_threshold": 1.5,
    "k_vol": 1.3,
    "size_base": 0.01,
    "size_exp": 2.0,
    "size_min_factor": 0.1
  },
  "snapshots_processed": 1000,
  "sharpe_ratio": -1.1248692849549418,
  "capital_base": 10000.0,
  "sharpe_horizon_seconds": 60.0
}