{
  "final_pnl": -17.51149791807802,
  "final_inventory": 0.02136207129408749,
  "fill_count": 300,
  "max_drawdown": 17.51149791807802,
  "pnl_attribution": {
    "inventory_moves": -0.4398887754814528,
    "fees": -15.564101905838294,
    "spread_capture": 1.6496285476334098,
    "adverse_selection": -3.0040030752045768,
    "funding_rates": 0.0
  },
  "additional_metrics": {
    "orders_placed": 536,
    "orders_placed_buy": 265,
    "orders_placed_sell": 271,
    "maker_qty_placed": 12.322801928777515,
    "maker_qty_filled": 2.78672091012459,
    "maker_fill_qty_rate": 0.22614344742624998,
    "avg_fill_latency_sec": 0.18824277172198875,
    "std_fill_latency_sec": 0.11788874329266398,
    "avg_queue_position": 1.2105414450710892,
    "std_queue_position": 1.3655937407049834,
    "avg_order_lifetime_sec": 0.1998554860925399,
    "std_order_lifetime_sec": 0.11417341114861475,
    "avg_competition_size": 0.8726940507601323,
    "std_competition_size": 0.17403237618988004,
    "forced_liquidations": 14,
    "avg_forced_liq_cost": 0.18585669476285963,
    "std_forced_liq_cost": 0.09353101125588716
  },
  "strategy": "skew_mid_spread",
  "strategy_kwargs": {
    "gamma": 0.1,
    "gamma_cap_factor": 5.0,
    "gamma_imb": 0.5,
    "gamma_inv_scale": 4.0,
    "gamma_vol_scale": 2.0,
    "gradient_penalty_ticks": 1.0,
    "gradient_threshold": 1.5,
    "k_vol": 1.3,
    "size_base": 0.04,
    "size_exp": 1.0,
    "size_min_factor": 0.3
  },
  "snapshots_processed": 1000,
  "sharpe_ratio": -1.0671248911711668,
  "capital_base": 10000.0,
  "sharpe_horizon_seconds": 60.0
}