{
  "final_pnl": -0.3732034799959365,
  "final_inventory": 0.03193721049118125,
  "fill_count": 66,
  "max_drawdown": 1.1371897777862614,
  "pnl_attribution": {
    "inventory_moves": -0.31895483578145656,
    "fees": -0.14465157663915745,
    "spread_capture": 0.10815172481167241,
    "adverse_selection": -0.013416496125381002,
    "funding_rates": 0.0
  },
  "additional_metrics": {
    "orders_placed": 2964,
    "orders_placed_buy": 1539,
    "orders_placed_sell": 1425,
    "maker_qty_placed": 8.121532144295104,
    "maker_qty_filled": 0.08409433999117186,
    "maker_fill_qty_rate": 0.010354492046213614,
    "avg_fill_latency_sec": 0.2504242477994977,
    "std_fill_latency_sec": 0.0006045460980477255,
    "avg_queue_position": 0.9692472311475986,
    "std_queue_position": 1.044566468385002,
    "avg_order_lifetime_sec": 0.2504242477994977,
    "std_order_lifetime_sec": 0.0006045460980477255,
    "avg_competition_size": 0.26113660666939553,
    "std_competition_size": 0.047285980883340226,
    "forced_liquidations": 0,
    "avg_forced_liq_cost": 0.0,
    "std_forced_liq_cost": 0.0,
    "taker_qty_hedge": 0.0,
    "taker_qty_cross": 0.0,
    "taker_trades_hedge": 0,
    "taker_trades_cross": 0,
    "taker_qty_total": 0.0,
    "notional_traded_btc": 0.08409433999117186,
    "notional_traded_usdt": 1446.5157663915743
  },
  "strategy": "skew_mid_spread",
  "strategy_kwargs": {
    "extra_spread_ticks": 28.0,
    "gamma": 0.12,
    "gamma_cap_factor": 5.0,
    "gamma_imb": 0.5,
    "gamma_inv_scale": 1.0,
    "gamma_vol_scale": 1.0,
    "gradient_penalty_ticks": 1.0,
    "gradient_threshold": 1.5,
    "k_vol": 8.0,
    "size_base": 0.005,
    "size_exp": 2.0,
    "size_min_factor": 0.3
  },
  "snapshots_processed": 10000,
  "sharpe_ratio": -0.10171127136386196,
  "capital_base": 10000.0,
  "sharpe_horizon_seconds": 60.0
}