{
  "final_pnl": -3.595568866632675,
  "final_inventory": 0.007222282593855791,
  "fill_count": 272,
  "max_drawdown": 3.595568866632675,
  "pnl_attribution": {
    "inventory_moves": -0.2936762901157667,
    "fees": -3.6657233637957853,
    "spread_capture": 0.4562655982207146,
    "adverse_selection": -0.0963816466215154,
    "funding_rates": 0.0
  },
  "additional_metrics": {
    "orders_placed": 605,
    "orders_placed_buy": 300,
    "orders_placed_sell": 305,
    "maker_qty_placed": 3.437368317686886,
    "maker_qty_filled": 0.635189918405206,
    "maker_fill_qty_rate": 0.18478960056065374,
    "avg_fill_latency_sec": 0.1834585924816739,
    "std_fill_latency_sec": 0.11087115517471609,
    "avg_queue_position": 1.132739914513444,
    "std_queue_position": 1.4285595171919576,
    "avg_order_lifetime_sec": 0.19464967508984218,
    "std_order_lifetime_sec": 0.10425958594120127,
    "avg_competition_size": 0.6769444965512242,
    "std_competition_size": 0.12574001650881425,
    "forced_liquidations": 0,
    "avg_forced_liq_cost": 0.0,
    "std_forced_liq_cost": 0.0
  },
  "strategy": "skew_mid_spread",
  "strategy_kwargs": {
    "gamma": 0.1,
    "gamma_cap_factor": 5.0,
    "gamma_imb": 0.5,
    "gamma_inv_scale": 4.0,
    "gamma_vol_scale": 2.0,
    "gradient_penalty_ticks": 1.0,
    "gradient_threshold": 1.5,
    "k_vol": 1.3,
    "size_base": 0.01,
    "size_exp": 3.0,
    "size_min_factor": 0.3
  },
  "snapshots_processed": 1000,
  "sharpe_ratio": -1.1976257684133695,
  "capital_base": 10000.0,
  "sharpe_horizon_seconds": 60.0
}