{
  "final_pnl": -0.2001188880767586,
  "final_inventory": 0.020038494641600686,
  "fill_count": 80,
  "max_drawdown": 0.7125676202940667,
  "pnl_attribution": {
    "inventory_moves": -0.12392033521299126,
    "fees": -0.16462926012810158,
    "spread_capture": 0.11429232151735202,
    "adverse_selection": -0.014979442858025677,
    "funding_rates": 0.0
  },
  "additional_metrics": {
    "orders_placed": 2964,
    "orders_placed_buy": 1539,
    "orders_placed_sell": 1425,
    "maker_qty_placed": 8.123813127615778,
    "maker_qty_filled": 0.09571554536644483,
    "maker_fill_qty_rate": 0.011782095902855408,
    "avg_fill_latency_sec": 0.25049999356269836,
    "std_fill_latency_sec": 0.0006324426813137938,
    "avg_queue_position": 1.158149468534849,
    "std_queue_position": 1.3918802882522658,
    "avg_order_lifetime_sec": 0.25049999356269836,
    "std_order_lifetime_sec": 0.0006324426813137938,
    "avg_competition_size": 0.26036519589680734,
    "std_competition_size": 0.04703958348455391,
    "forced_liquidations": 0,
    "avg_forced_liq_cost": 0.0,
    "std_forced_liq_cost": 0.0,
    "taker_qty_hedge": 0.0,
    "taker_qty_cross": 0.0,
    "taker_trades_hedge": 0,
    "taker_trades_cross": 0,
    "taker_qty_total": 0.0,
    "notional_traded_btc": 0.09571554536644483,
    "notional_traded_usdt": 1646.2926012810162
  },
  "strategy": "skew_mid_spread",
  "strategy_kwargs": {
    "extra_spread_ticks": 32.0,
    "gamma": 0.12,
    "gamma_cap_factor": 5.0,
    "gamma_imb": 0.5,
    "gamma_inv_scale": 2.0,
    "gamma_vol_scale": 0.0,
    "gradient_penalty_ticks": 1.0,
    "gradient_threshold": 1.5,
    "k_vol": 4.0,
    "size_base": 0.005,
    "size_exp": 2.0,
    "size_min_factor": 0.3
  },
  "snapshots_processed": 10000,
  "sharpe_ratio": -0.08038365134302956,
  "capital_base": 10000.0,
  "sharpe_horizon_seconds": 60.0
}