{
  "final_pnl": -7.565903164564588,
  "final_inventory": 0.02262185151630314,
  "fill_count": 282,
  "max_drawdown": 7.565903164564588,
  "pnl_attribution": {
    "inventory_moves": -0.7068624263081942,
    "fees": -7.744357431079829,
    "spread_capture": 1.0772193285622755,
    "adverse_selection": -0.19559765128685003,
    "funding_rates": 0.0
  },
  "additional_metrics": {
    "orders_placed": 541,
    "orders_placed_buy": 267,
    "orders_placed_sell": 274,
    "maker_qty_placed": 6.214654288500998,
    "maker_qty_filled": 1.301547982527849,
    "maker_fill_qty_rate": 0.209432081352636,
    "avg_fill_latency_sec": 0.18323780269157597,
    "std_fill_latency_sec": 0.11765191851048412,
    "avg_queue_position": 1.1512935824443142,
    "std_queue_position": 1.3824460163358654,
    "avg_order_lifetime_sec": 0.20006097235330722,
    "std_order_lifetime_sec": 0.12111255874964731,
    "avg_competition_size": 0.7251308640991561,
    "std_competition_size": 0.14200575031603063,
    "forced_liquidations": 0,
    "avg_forced_liq_cost": 0.0,
    "std_forced_liq_cost": 0.0
  },
  "strategy": "skew_mid_spread",
  "strategy_kwargs": {
    "gamma": 0.1,
    "gamma_cap_factor": 5.0,
    "gamma_imb": 0.5,
    "gamma_inv_scale": 4.0,
    "gamma_vol_scale": 2.0,
    "gradient_penalty_ticks": 1.0,
    "gradient_threshold": 1.5,
    "k_vol": 1.3,
    "size_base": 0.02,
    "size_exp": 1.0,
    "size_min_factor": 0.2
  },
  "snapshots_processed": 1000,
  "sharpe_ratio": -1.2891708213720632,
  "capital_base": 10000.0,
  "sharpe_horizon_seconds": 60.0
}