{
  "final_pnl": -1.6636028306402295,
  "final_inventory": 0.004596704552898682,
  "fill_count": 266,
  "max_drawdown": 1.6636028306402295,
  "pnl_attribution": {
    "inventory_moves": -0.09810538961350977,
    "fees": -1.7731127768814436,
    "spread_capture": 0.2535530592493119,
    "adverse_selection": -0.04936720026121283,
    "funding_rates": 0.0
  },
  "additional_metrics": {
    "orders_placed": 532,
    "orders_placed_buy": 260,
    "orders_placed_sell": 272,
    "maker_qty_placed": 1.5266845560373357,
    "maker_qty_filled": 0.318534907903975,
    "maker_fill_qty_rate": 0.20864487470205673,
    "avg_fill_latency_sec": 0.18662090862498565,
    "std_fill_latency_sec": 0.11286465762447517,
    "avg_queue_position": 1.1095180007119219,
    "std_queue_position": 1.3842969087827943,
    "avg_order_lifetime_sec": 0.21119607040305544,
    "std_order_lifetime_sec": 0.1218785402222803,
    "avg_competition_size": 0.636680510105336,
    "std_competition_size": 0.12101556160050786,
    "forced_liquidations": 0,
    "avg_forced_liq_cost": 0.0,
    "std_forced_liq_cost": 0.0
  },
  "strategy": "skew_mid_spread",
  "strategy_kwargs": {
    "gamma": 0.1,
    "gamma_cap_factor": 5.0,
    "gamma_imb": 0.5,
    "gamma_inv_scale": 4.0,
    "gamma_vol_scale": 2.0,
    "gradient_penalty_ticks": 1.0,
    "gradient_threshold": 1.5,
    "k_vol": 1.3,
    "size_base": 0.005,
    "size_exp": 2.0,
    "size_min_factor": 0.1
  },
  "snapshots_processed": 1000,
  "sharpe_ratio": -1.084629045985462,
  "capital_base": 10000.0,
  "sharpe_horizon_seconds": 60.0
}