{
  "final_pnl": 0.39701009615782823,
  "final_inventory": 0.042294553928688895,
  "fill_count": 81,
  "max_drawdown": 2.2112085305689106,
  "pnl_attribution": {
    "inventory_moves": 0.44866630689499365,
    "fees": -0.42129683001333906,
    "spread_capture": 0.5316520194409302,
    "adverse_selection": -0.09365796792915466,
    "funding_rates": 0.0
  },
  "additional_metrics": {
    "orders_placed": 1588,
    "orders_placed_buy": 822,
    "orders_placed_sell": 766,
    "maker_qty_placed": 34.84825271649312,
    "maker_qty_filled": 0.6404634377879757,
    "maker_fill_qty_rate": 0.018378638464270965,
    "avg_fill_latency_sec": 0.2107272744178772,
    "std_fill_latency_sec": 0.09166003556192359,
    "avg_queue_position": 0.8887168751026071,
    "std_queue_position": 1.4258213414537315,
    "avg_order_lifetime_sec": 0.2107272744178772,
    "std_order_lifetime_sec": 0.09166003556192359,
    "avg_competition_size": 0.35045416065764884,
    "std_competition_size": 0.06894077417683617,
    "forced_liquidations": 0,
    "avg_forced_liq_cost": 0.0,
    "std_forced_liq_cost": 0.0,
    "taker_qty_hedge": 0.10207864525040315,
    "taker_qty_cross": 0.0,
    "taker_trades_hedge": 7,
    "taker_trades_cross": 0,
    "taker_qty_total": 0.10207864525040315,
    "notional_traded_btc": 0.7425420830383789,
    "notional_traded_usdt": 12771.678865315083
  },
  "strategy": "skew_mid_spread",
  "strategy_kwargs": {
    "extra_spread_ticks": 25.0,
    "gamma": 0.08,
    "gamma_cap_factor": 5.0,
    "gamma_imb": 0.5,
    "gamma_inv_scale": 1.0,
    "gamma_vol_scale": 2.0,
    "gradient_penalty_ticks": 1.0,
    "gradient_threshold": 1.5,
    "k_vol": 6.0,
    "size_base": 0.04,
    "size_exp": 2.0,
    "size_min_factor": 0.3
  },
  "snapshots_processed": 10000,
  "sharpe_ratio": 0.03304437903451074,
  "capital_base": 10000.0,
  "sharpe_horizon_seconds": 60.0
}