{
  "final_pnl": -1.6499244774786348,
  "final_inventory": 0.003981273162904536,
  "fill_count": 264,
  "max_drawdown": 1.6499244774786348,
  "pnl_attribution": {
    "inventory_moves": -0.12335891354368404,
    "fees": -1.7423539461349857,
    "spread_capture": 0.26093881342968767,
    "adverse_selection": -0.0480704125235818,
    "funding_rates": 0.0
  },
  "additional_metrics": {
    "orders_placed": 606,
    "orders_placed_buy": 301,
    "orders_placed_sell": 305,
    "maker_qty_placed": 1.72362315500253,
    "maker_qty_filled": 0.3143660647613879,
    "maker_fill_qty_rate": 0.1823867727983304,
    "avg_fill_latency_sec": 0.18743045756358975,
    "std_fill_latency_sec": 0.10869207080974333,
    "avg_queue_position": 1.1734981749127118,
    "std_queue_position": 1.4583194597634674,
    "avg_order_lifetime_sec": 0.19906621895089055,
    "std_order_lifetime_sec": 0.10118049047741703,
    "avg_competition_size": 0.6358118671635232,
    "std_competition_size": 0.12245962406113065,
    "forced_liquidations": 0,
    "avg_forced_liq_cost": 0.0,
    "std_forced_liq_cost": 0.0
  },
  "strategy": "skew_mid_spread",
  "strategy_kwargs": {
    "gamma": 0.1,
    "gamma_cap_factor": 5.0,
    "gamma_imb": 0.5,
    "gamma_inv_scale": 4.0,
    "gamma_vol_scale": 2.0,
    "gradient_penalty_ticks": 1.0,
    "gradient_threshold": 1.5,
    "k_vol": 1.3,
    "size_base": 0.005,
    "size_exp": 3.0,
    "size_min_factor": 0.2
  },
  "snapshots_processed": 1000,
  "sharpe_ratio": -1.2374273155497866,
  "capital_base": 10000.0,
  "sharpe_horizon_seconds": 60.0
}