{
  "final_pnl": -2.200075932070831,
  "final_inventory": 0.0001801686503996652,
  "fill_count": 276,
  "max_drawdown": 2.200075932070831,
  "pnl_attribution": {
    "inventory_moves": -0.24667622831450844,
    "fees": -2.068389942177721,
    "spread_capture": 0.16500202996025803,
    "adverse_selection": -0.04782280159099595,
    "funding_rates": 0.0
  },
  "additional_metrics": {
    "orders_placed": 525,
    "orders_placed_buy": 265,
    "orders_placed_sell": 260,
    "maker_qty_placed": 1.5136141419401719,
    "maker_qty_filled": 0.3157509104202554,
    "maker_fill_qty_rate": 0.20860726764584892,
    "avg_fill_latency_sec": 0.1725792681298605,
    "std_fill_latency_sec": 0.11920877393193909,
    "avg_queue_position": 1.4700216071519545,
    "std_queue_position": 1.7468229177008583,
    "avg_order_lifetime_sec": 0.18020731646840166,
    "std_order_lifetime_sec": 0.11588011530422906,
    "avg_competition_size": 0.6263533033012714,
    "std_competition_size": 0.12365863996940225,
    "forced_liquidations": 0,
    "avg_forced_liq_cost": 0.0,
    "std_forced_liq_cost": 0.0
  },
  "strategy": "skew_mid_spread",
  "strategy_kwargs": {
    "gamma": 0.05,
    "gamma_cap_factor": 5.0,
    "gamma_imb": 0.5,
    "gamma_inv_scale": 1.0,
    "gamma_vol_scale": 1.0,
    "gradient_penalty_ticks": 1.0,
    "gradient_threshold": 1.5,
    "k_vol": 0.8,
    "size_base": 0.005,
    "size_exp": 2.0,
    "size_min_factor": 0.3
  },
  "snapshots_processed": 1000,
  "sharpe_ratio": -1.3392032848651223,
  "capital_base": 10000.0,
  "sharpe_horizon_seconds": 60.0
}