{
  "final_pnl": -3.241307703217899,
  "final_inventory": 0.002929128149982084,
  "fill_count": 266,
  "max_drawdown": 3.241307703217899,
  "pnl_attribution": {
    "inventory_moves": -0.19833593972300725,
    "fees": -3.4313552906545177,
    "spread_capture": 0.4724001438710896,
    "adverse_selection": -0.08925833635955796,
    "funding_rates": 0.0
  },
  "additional_metrics": {
    "orders_placed": 529,
    "orders_placed_buy": 257,
    "orders_placed_sell": 272,
    "maker_qty_placed": 3.0379991819188965,
    "maker_qty_filled": 0.625159883275755,
    "maker_fill_qty_rate": 0.20578013549065022,
    "avg_fill_latency_sec": 0.1895263085239812,
    "std_fill_latency_sec": 0.11129441176442313,
    "avg_queue_position": 1.098009753453402,
    "std_queue_position": 1.3612915764483198,
    "avg_order_lifetime_sec": 0.2126118336853228,
    "std_order_lifetime_sec": 0.12107436110335257,
    "avg_competition_size": 0.6540662470835871,
    "std_competition_size": 0.128817311258542,
    "forced_liquidations": 0,
    "avg_forced_liq_cost": 0.0,
    "std_forced_liq_cost": 0.0
  },
  "strategy": "skew_mid_spread",
  "strategy_kwargs": {
    "gamma": 0.1,
    "gamma_cap_factor": 5.0,
    "gamma_imb": 0.5,
    "gamma_inv_scale": 4.0,
    "gamma_vol_scale": 2.0,
    "gradient_penalty_ticks": 1.0,
    "gradient_threshold": 1.5,
    "k_vol": 1.3,
    "size_base": 0.01,
    "size_exp": 3.0,
    "size_min_factor": 0.2
  },
  "snapshots_processed": 1000,
  "sharpe_ratio": -1.1446857958582246,
  "capital_base": 10000.0,
  "sharpe_horizon_seconds": 60.0
}