{
  "final_pnl": -1.966019514020445,
  "final_inventory": 0.06187070439521401,
  "fill_count": 275,
  "max_drawdown": 3.0395370452133648,
  "pnl_attribution": {
    "inventory_moves": -2.368786599510792,
    "fees": -0.22312878489503335,
    "spread_capture": 0.7705665563986885,
    "adverse_selection": -0.09085662259440924,
    "funding_rates": 0.0
  },
  "additional_metrics": {
    "orders_placed": 1588,
    "orders_placed_buy": 819,
    "orders_placed_sell": 769,
    "maker_qty_placed": 34.85499310652848,
    "maker_qty_filled": 0.6255618404770229,
    "maker_fill_qty_rate": 0.01794755312574865,
    "avg_fill_latency_sec": 0.03655416468779246,
    "std_fill_latency_sec": 0.08846706290127859,
    "avg_queue_position": 0.13661459882366722,
    "std_queue_position": 0.6240143729860204,
    "avg_order_lifetime_sec": 0.03655416468779246,
    "std_order_lifetime_sec": 0.08846706290127859,
    "avg_competition_size": 0.3550852694443565,
    "std_competition_size": 0.06941777075288429,
    "forced_liquidations": 0,
    "avg_forced_liq_cost": 0.0,
    "std_forced_liq_cost": 0.0,
    "taker_qty_hedge": 0.054047729942627236,
    "taker_qty_cross": 0.0,
    "taker_trades_hedge": 205,
    "taker_trades_cross": 0,
    "taker_qty_total": 0.054047729942627236,
    "notional_traded_btc": 0.6796095704196494,
    "notional_traded_usdt": 11689.174499644918
  },
  "strategy": "skew_mid_spread",
  "strategy_kwargs": {
    "extra_spread_ticks": 15.0,
    "gamma": 0.08,
    "gamma_cap_factor": 5.0,
    "gamma_imb": 0.5,
    "gamma_inv_scale": 1.0,
    "gamma_vol_scale": 2.0,
    "gradient_penalty_ticks": 1.0,
    "gradient_threshold": 1.5,
    "k_vol": 2.0,
    "size_base": 0.04,
    "size_exp": 2.0,
    "size_min_factor": 0.3
  },
  "snapshots_processed": 10000,
  "sharpe_ratio": -0.22132764358115187,
  "capital_base": 10000.0,
  "sharpe_horizon_seconds": 60.0
}