{
  "final_pnl": -3.170564319605546,
  "final_inventory": 0.024989152449447022,
  "fill_count": 2334,
  "max_drawdown": 3.9384522933924018,
  "pnl_attribution": {
    "inventory_moves": -3.2117378216995967,
    "fees": -0.8262959713549326,
    "spread_capture": 1.0394627033696158,
    "adverse_selection": -0.12936376267890554,
    "funding_rates": 0.0
  },
  "additional_metrics": {
    "orders_placed": 2062,
    "orders_placed_buy": 1069,
    "orders_placed_sell": 993,
    "maker_qty_placed": 45.0724689472305,
    "maker_qty_filled": 0.8764809518445622,
    "maker_fill_qty_rate": 0.019446038176225047,
    "avg_fill_latency_sec": 0.005377242862526123,
    "std_fill_latency_sec": 0.036325460440490266,
    "avg_queue_position": 0.017416512289452766,
    "std_queue_position": 0.1933671013536469,
    "avg_order_lifetime_sec": 0.005377242862526123,
    "std_order_lifetime_sec": 0.036325460440490266,
    "avg_competition_size": 0.35510821497648476,
    "std_competition_size": 0.06665125064083861,
    "forced_liquidations": 0,
    "avg_forced_liq_cost": 0.0,
    "std_forced_liq_cost": 0.0,
    "taker_qty_hedge": 0.20009376419037164,
    "taker_qty_cross": 0.0,
    "taker_trades_hedge": 2236,
    "taker_trades_cross": 0,
    "taker_qty_total": 0.20009376419037164,
    "notional_traded_btc": 1.076574716034932,
    "notional_traded_usdt": 18518.739941020143
  },
  "strategy": "skew_mid_spread",
  "strategy_kwargs": {
    "extra_spread_ticks": 30.0,
    "gamma": 0.08,
    "gamma_cap_factor": 5.0,
    "gamma_imb": 0.5,
    "gamma_inv_scale": 1.0,
    "gamma_vol_scale": 2.0,
    "gradient_penalty_ticks": 1.0,
    "gradient_threshold": 1.5,
    "k_vol": 2.0,
    "size_base": 0.04,
    "size_exp": 2.0,
    "size_min_factor": 0.3
  },
  "snapshots_processed": 10000,
  "sharpe_ratio": -0.34461564295312075,
  "capital_base": 10000.0,
  "sharpe_horizon_seconds": 60.0
}