{
  "final_pnl": -1.1356047883145948,
  "final_inventory": -0.0650665688568584,
  "fill_count": 76,
  "max_drawdown": 2.1131939092338143,
  "pnl_attribution": {
    "inventory_moves": -0.5643419916217881,
    "fees": -1.0951324258965416,
    "spread_capture": 0.6203637841285631,
    "adverse_selection": -0.09727434588744312,
    "funding_rates": 0.0
  },
  "additional_metrics": {
    "orders_placed": 1588,
    "orders_placed_buy": 821,
    "orders_placed_sell": 767,
    "maker_qty_placed": 34.861099904884995,
    "maker_qty_filled": 0.6366944525247205,
    "maker_fill_qty_rate": 0.018263751122651817,
    "avg_fill_latency_sec": 0.2505263090133667,
    "std_fill_latency_sec": 0.0007517279788118239,
    "avg_queue_position": 1.0451557812938985,
    "std_queue_position": 1.3961548174462977,
    "avg_order_lifetime_sec": 0.2505263090133667,
    "std_order_lifetime_sec": 0.0007517279788118239,
    "avg_competition_size": 0.3567434798110464,
    "std_competition_size": 0.06843254222905662,
    "forced_liquidations": 0,
    "avg_forced_liq_cost": 0.0,
    "std_forced_liq_cost": 0.0,
    "taker_qty_hedge": 0.0,
    "taker_qty_cross": 0.0,
    "taker_trades_hedge": 0,
    "taker_trades_cross": 0,
    "taker_qty_total": 0.0,
    "notional_traded_btc": 0.6366944525247205,
    "notional_traded_usdt": 10951.324258965407
  },
  "strategy": "skew_mid_spread",
  "strategy_kwargs": {
    "extra_spread_ticks": 26.0,
    "gamma": 0.16,
    "gamma_cap_factor": 5.0,
    "gamma_imb": 0.5,
    "gamma_inv_scale": 1.0,
    "gamma_vol_scale": 2.0,
    "gradient_penalty_ticks": 1.0,
    "gradient_threshold": 1.5,
    "k_vol": 8.0,
    "size_base": 0.04,
    "size_exp": 2.0,
    "size_min_factor": 0.3
  },
  "snapshots_processed": 10000,
  "sharpe_ratio": -0.1598092547073885,
  "capital_base": 10000.0,
  "sharpe_horizon_seconds": 60.0
}