{
  "final_pnl": -1.7203059377443424,
  "final_inventory": 0.0018219055153068705,
  "fill_count": 271,
  "max_drawdown": 1.7203059377443424,
  "pnl_attribution": {
    "inventory_moves": -0.12667686203417644,
    "fees": -1.8262428756956637,
    "spread_capture": 0.278062599019934,
    "adverse_selection": -0.04760041039509374,
    "funding_rates": 0.0
  },
  "additional_metrics": {
    "orders_placed": 608,
    "orders_placed_buy": 303,
    "orders_placed_sell": 305,
    "maker_qty_placed": 1.7297920003428804,
    "maker_qty_filled": 0.32384394797270666,
    "maker_fill_qty_rate": 0.18721554262507523,
    "avg_fill_latency_sec": 0.18462178951654679,
    "std_fill_latency_sec": 0.11023781330281175,
    "avg_queue_position": 1.141267217327559,
    "std_queue_position": 1.4378941623236616,
    "avg_order_lifetime_sec": 0.1958846098337418,
    "std_order_lifetime_sec": 0.10341129689567316,
    "avg_competition_size": 0.6283297642416605,
    "std_competition_size": 0.12562037468282788,
    "forced_liquidations": 0,
    "avg_forced_liq_cost": 0.0,
    "std_forced_liq_cost": 0.0
  },
  "strategy": "skew_mid_spread",
  "strategy_kwargs": {
    "gamma": 0.1,
    "gamma_cap_factor": 5.0,
    "gamma_imb": 0.5,
    "gamma_inv_scale": 4.0,
    "gamma_vol_scale": 2.0,
    "gradient_penalty_ticks": 1.0,
    "gradient_threshold": 1.5,
    "k_vol": 1.3,
    "size_base": 0.005,
    "size_exp": 1.0,
    "size_min_factor": 0.3
  },
  "snapshots_processed": 1000,
  "sharpe_ratio": -1.157494145261172,
  "capital_base": 10000.0,
  "sharpe_horizon_seconds": 60.0
}