{
  "final_pnl": -0.4424004491047526,
  "final_inventory": 0.013095491450517648,
  "fill_count": 80,
  "max_drawdown": 0.6478612285809504,
  "pnl_attribution": {
    "inventory_moves": -0.37109904179369835,
    "fees": -0.1640839374797667,
    "spread_capture": 0.11210159500728988,
    "adverse_selection": -0.014309733349719458,
    "funding_rates": 0.0
  },
  "additional_metrics": {
    "orders_placed": 2960,
    "orders_placed_buy": 1536,
    "orders_placed_sell": 1424,
    "maker_qty_placed": 8.111804260288714,
    "maker_qty_filled": 0.09539735648545397,
    "maker_fill_qty_rate": 0.011760312924767072,
    "avg_fill_latency_sec": 0.25047498345375063,
    "std_fill_latency_sec": 0.0007411894660731043,
    "avg_queue_position": 1.3817054546353824,
    "std_queue_position": 1.546883134788569,
    "avg_order_lifetime_sec": 0.25047498345375063,
    "std_order_lifetime_sec": 0.0007411894660731043,
    "avg_competition_size": 0.26162340724800665,
    "std_competition_size": 0.047432131254627585,
    "forced_liquidations": 0,
    "avg_forced_liq_cost": 0.0,
    "std_forced_liq_cost": 0.0,
    "taker_qty_hedge": 0.0,
    "taker_qty_cross": 0.0,
    "taker_trades_hedge": 0,
    "taker_trades_cross": 0,
    "taker_qty_total": 0.0,
    "notional_traded_btc": 0.09539735648545397,
    "notional_traded_usdt": 1640.8393747976668
  },
  "strategy": "skew_mid_spread",
  "strategy_kwargs": {
    "extra_spread_ticks": 24.0,
    "gamma": 0.08,
    "gamma_cap_factor": 5.0,
    "gamma_imb": 0.5,
    "gamma_inv_scale": 1.0,
    "gamma_vol_scale": 0.0,
    "gradient_penalty_ticks": 1.0,
    "gradient_threshold": 1.5,
    "k_vol": 6.0,
    "size_base": 0.005,
    "size_exp": 2.0,
    "size_min_factor": 0.3
  },
  "snapshots_processed": 10000,
  "sharpe_ratio": -0.23881694665746966,
  "capital_base": 10000.0,
  "sharpe_horizon_seconds": 60.0
}