{
  "final_pnl": -0.05375411514796724,
  "final_inventory": 0.03256327009297749,
  "fill_count": 54,
  "max_drawdown": 1.0127387024967902,
  "pnl_attribution": {
    "inventory_moves": 0.0010067732901672503,
    "fees": -0.10809287848831604,
    "spread_capture": 0.060858525692032456,
    "adverse_selection": -0.008498494315002065,
    "funding_rates": 0.0
  },
  "additional_metrics": {
    "orders_placed": 1587,
    "orders_placed_buy": 819,
    "orders_placed_sell": 768,
    "maker_qty_placed": 4.3556710442681075,
    "maker_qty_filled": 0.06284541596998922,
    "maker_fill_qty_rate": 0.014428411909731181,
    "avg_fill_latency_sec": 0.25055554178025985,
    "std_fill_latency_sec": 0.0006285406375476188,
    "avg_queue_position": 1.37750132201642,
    "std_queue_position": 1.281580192954606,
    "avg_order_lifetime_sec": 0.25055554178025985,
    "std_order_lifetime_sec": 0.0006285406375476188,
    "avg_competition_size": 0.2589282292377156,
    "std_competition_size": 0.04912369927658112,
    "forced_liquidations": 0,
    "avg_forced_liq_cost": 0.0,
    "std_forced_liq_cost": 0.0,
    "taker_qty_hedge": 0.0,
    "taker_qty_cross": 0.0,
    "taker_trades_hedge": 0,
    "taker_trades_cross": 0,
    "taker_qty_total": 0.0,
    "notional_traded_btc": 0.06284541596998922,
    "notional_traded_usdt": 1080.9287848831602
  },
  "strategy": "skew_mid_spread",
  "strategy_kwargs": {
    "extra_spread_ticks": 24.0,
    "gamma": 0.16,
    "gamma_cap_factor": 5.0,
    "gamma_imb": 0.5,
    "gamma_inv_scale": 2.0,
    "gamma_vol_scale": 1.0,
    "gradient_penalty_ticks": 1.0,
    "gradient_threshold": 1.5,
    "k_vol": 8.0,
    "size_base": 0.005,
    "size_exp": 2.0,
    "size_min_factor": 0.3
  },
  "snapshots_processed": 10000,
  "sharpe_ratio": -0.01385371222580913,
  "capital_base": 10000.0,
  "sharpe_horizon_seconds": 60.0
}