{
  "final_pnl": -0.37243434511401574,
  "final_inventory": 0.039607699299427784,
  "fill_count": 87,
  "max_drawdown": 1.332944963593036,
  "pnl_attribution": {
    "inventory_moves": -0.30618338051208954,
    "fees": -0.183069179559392,
    "spread_capture": 0.14865114858887163,
    "adverse_selection": -0.01879057541696815,
    "funding_rates": 0.0
  },
  "additional_metrics": {
    "orders_placed": 2959,
    "orders_placed_buy": 1538,
    "orders_placed_sell": 1421,
    "maker_qty_placed": 8.110634209827003,
    "maker_qty_filled": 0.10569798221812472,
    "maker_fill_qty_rate": 0.013032024313223124,
    "avg_fill_latency_sec": 0.24486363475972955,
    "std_fill_latency_sec": 0.03734701558696611,
    "avg_queue_position": 0.9805314067620419,
    "std_queue_position": 1.0411586241949642,
    "avg_order_lifetime_sec": 0.24486363475972955,
    "std_order_lifetime_sec": 0.03734701558696611,
    "avg_competition_size": 0.2611535675295867,
    "std_competition_size": 0.0474002845363064,
    "forced_liquidations": 1,
    "avg_forced_liq_cost": 0.0030389584124502554,
    "std_forced_liq_cost": 0.0,
    "taker_qty_hedge": 0.0,
    "taker_qty_cross": 0.00024383094674305245,
    "taker_trades_hedge": 0,
    "taker_trades_cross": 1,
    "taker_qty_total": 0.00024383094674305245,
    "notional_traded_btc": 0.10594181316486777,
    "notional_traded_usdt": 1822.300987522219
  },
  "strategy": "skew_mid_spread",
  "strategy_kwargs": {
    "extra_spread_ticks": 24.0,
    "gamma": 0.08,
    "gamma_cap_factor": 5.0,
    "gamma_imb": 0.5,
    "gamma_inv_scale": 4.0,
    "gamma_vol_scale": 1.0,
    "gradient_penalty_ticks": 1.0,
    "gradient_threshold": 1.5,
    "k_vol": 4.0,
    "size_base": 0.005,
    "size_exp": 2.0,
    "size_min_factor": 0.3
  },
  "snapshots_processed": 10000,
  "sharpe_ratio": -0.08369880677305457,
  "capital_base": 10000.0,
  "sharpe_horizon_seconds": 60.0
}