{
  "final_pnl": -1.03320940503545,
  "final_inventory": 0.02915290267632778,
  "fill_count": 4446,
  "max_drawdown": 3.936523076501544,
  "pnl_attribution": {
    "inventory_moves": 0.3052329262146896,
    "fees": -2.5720008655517628,
    "spread_capture": 1.4813535408113434,
    "adverse_selection": -0.1914614068590753,
    "funding_rates": 0.0
  },
  "additional_metrics": {
    "orders_placed": 2965,
    "orders_placed_buy": 1540,
    "orders_placed_sell": 1425,
    "maker_qty_placed": 64.91587322934552,
    "maker_qty_filled": 1.362428833071986,
    "maker_fill_qty_rate": 0.02098760696414839,
    "avg_fill_latency_sec": 0.0038901322941194117,
    "std_fill_latency_sec": 0.030970630180070405,
    "avg_queue_position": 0.01446262283114485,
    "std_queue_position": 0.19777616093427933,
    "avg_order_lifetime_sec": 0.0038901322941194117,
    "std_order_lifetime_sec": 0.030970630180070405,
    "avg_competition_size": 0.35525014112785464,
    "std_competition_size": 0.06709176593766894,
    "forced_liquidations": 0,
    "avg_forced_liq_cost": 0.0,
    "std_forced_liq_cost": 0.0,
    "taker_qty_hedge": 0.6228983520245077,
    "taker_qty_cross": 0.0,
    "taker_trades_hedge": 4310,
    "taker_trades_cross": 0,
    "taker_qty_total": 0.6228983520245077,
    "notional_traded_btc": 1.9853271850964926,
    "notional_traded_usdt": 34150.882953053275
  },
  "strategy": "skew_mid_spread",
  "strategy_kwargs": {
    "extra_spread_ticks": 30.0,
    "gamma": 0.16,
    "gamma_cap_factor": 5.0,
    "gamma_imb": 0.5,
    "gamma_inv_scale": 1.0,
    "gamma_vol_scale": 2.0,
    "gradient_penalty_ticks": 1.0,
    "gradient_threshold": 1.5,
    "k_vol": 4.0,
    "size_base": 0.04,
    "size_exp": 2.0,
    "size_min_factor": 0.3
  },
  "snapshots_processed": 10000,
  "sharpe_ratio": -0.0818597608867932,
  "capital_base": 10000.0,
  "sharpe_horizon_seconds": 60.0
}