{
  "final_pnl": -15.443242279046899,
  "final_inventory": 0.05509801946240211,
  "fill_count": 286,
  "max_drawdown": 15.443242279046899,
  "pnl_attribution": {
    "inventory_moves": -1.2373416085455458,
    "fees": -15.164826512751942,
    "spread_capture": 1.8444918855620989,
    "adverse_selection": -0.8414144406822163,
    "funding_rates": 0.0
  },
  "additional_metrics": {
    "orders_placed": 538,
    "orders_placed_buy": 265,
    "orders_placed_sell": 273,
    "maker_qty_placed": 12.350853225729686,
    "maker_qty_filled": 2.6333070177319975,
    "maker_fill_qty_rate": 0.2132085103437396,
    "avg_fill_latency_sec": 0.18672726660063774,
    "std_fill_latency_sec": 0.11589045527163987,
    "avg_queue_position": 1.2501373873743118,
    "std_queue_position": 1.412121683885262,
    "avg_order_lifetime_sec": 0.2034363573247736,
    "std_order_lifetime_sec": 0.1251034640456968,
    "avg_competition_size": 0.8640898540343876,
    "std_competition_size": 0.17715338685189427,
    "forced_liquidations": 2,
    "avg_forced_liq_cost": 0.21838806625774818,
    "std_forced_liq_cost": 0.15303059263876626
  },
  "strategy": "skew_mid_spread",
  "strategy_kwargs": {
    "gamma": 0.1,
    "gamma_cap_factor": 5.0,
    "gamma_imb": 0.5,
    "gamma_inv_scale": 4.0,
    "gamma_vol_scale": 2.0,
    "gradient_penalty_ticks": 1.0,
    "gradient_threshold": 1.5,
    "k_vol": 1.3,
    "size_base": 0.04,
    "size_exp": 2.0,
    "size_min_factor": 0.3
  },
  "snapshots_processed": 1000,
  "sharpe_ratio": -1.2874296304785044,
  "capital_base": 10000.0,
  "sharpe_horizon_seconds": 60.0
}