{
  "final_pnl": -0.31742775130805967,
  "final_inventory": 0.07944647972776489,
  "fill_count": 1923,
  "max_drawdown": 3.2591906568213744,
  "pnl_attribution": {
    "inventory_moves": -0.22817980218705075,
    "fees": -0.6248668552403178,
    "spread_capture": 0.6441128678076271,
    "adverse_selection": -0.08527311524178804,
    "funding_rates": 0.0
  },
  "additional_metrics": {
    "orders_placed": 1587,
    "orders_placed_buy": 821,
    "orders_placed_sell": 766,
    "maker_qty_placed": 34.79954643191679,
    "maker_qty_filled": 0.58273885738216,
    "maker_fill_qty_rate": 0.016745587719720813,
    "avg_fill_latency_sec": 0.00396988886849816,
    "std_fill_latency_sec": 0.03128426573727963,
    "avg_queue_position": 0.02117548043854819,
    "std_queue_position": 0.2723840722024265,
    "avg_order_lifetime_sec": 0.00396988886849816,
    "std_order_lifetime_sec": 0.03128426573727963,
    "avg_competition_size": 0.3506246900259931,
    "std_competition_size": 0.06918980489637316,
    "forced_liquidations": 0,
    "avg_forced_liq_cost": 0.0,
    "std_forced_liq_cost": 0.0,
    "taker_qty_hedge": 0.1513011288247696,
    "taker_qty_cross": 0.0,
    "taker_trades_hedge": 1863,
    "taker_trades_cross": 0,
    "taker_qty_total": 0.1513011288247696,
    "notional_traded_btc": 0.7340399862069286,
    "notional_traded_usdt": 12625.464586234
  },
  "strategy": "skew_mid_spread",
  "strategy_kwargs": {
    "extra_spread_ticks": 30.0,
    "gamma": 0.12,
    "gamma_cap_factor": 5.0,
    "gamma_imb": 0.5,
    "gamma_inv_scale": 1.0,
    "gamma_vol_scale": 2.0,
    "gradient_penalty_ticks": 1.0,
    "gradient_threshold": 1.5,
    "k_vol": 2.0,
    "size_base": 0.04,
    "size_exp": 2.0,
    "size_min_factor": 0.3
  },
  "snapshots_processed": 10000,
  "sharpe_ratio": -0.0250602305619621,
  "capital_base": 10000.0,
  "sharpe_horizon_seconds": 60.0
}