{
  "final_pnl": -1.3190455875810585,
  "final_inventory": 0.004119644173899012,
  "fill_count": 1136,
  "max_drawdown": 3.7603213223173952,
  "pnl_attribution": {
    "inventory_moves": -0.7104569203488934,
    "fees": -1.2979615187124944,
    "spread_capture": 0.8574388962628327,
    "adverse_selection": -0.12063362637773505,
    "funding_rates": 0.0
  },
  "additional_metrics": {
    "orders_placed": 2066,
    "orders_placed_buy": 1071,
    "orders_placed_sell": 995,
    "maker_qty_placed": 45.125109432149564,
    "maker_qty_filled": 0.8479410320551937,
    "maker_fill_qty_rate": 0.018790891428865426,
    "avg_fill_latency_sec": 0.010094322782733065,
    "std_fill_latency_sec": 0.049264345592598915,
    "avg_queue_position": 0.024814740241743263,
    "std_queue_position": 0.16510368592502053,
    "avg_order_lifetime_sec": 0.010094322782733065,
    "std_order_lifetime_sec": 0.049264345592598915,
    "avg_competition_size": 0.3528860897908673,
    "std_competition_size": 0.06827001099627865,
    "forced_liquidations": 0,
    "avg_forced_liq_cost": 0.0,
    "std_forced_liq_cost": 0.0,
    "taker_qty_hedge": 0.31428816652738767,
    "taker_qty_cross": 0.0,
    "taker_trades_hedge": 1048,
    "taker_trades_cross": 0,
    "taker_qty_total": 0.31428816652738767,
    "notional_traded_btc": 1.1622291985825808,
    "notional_traded_usdt": 19992.61082780668
  },
  "strategy": "skew_mid_spread",
  "strategy_kwargs": {
    "extra_spread_ticks": 30.0,
    "gamma": 0.16,
    "gamma_cap_factor": 5.0,
    "gamma_imb": 0.5,
    "gamma_inv_scale": 1.0,
    "gamma_vol_scale": 2.0,
    "gradient_penalty_ticks": 1.0,
    "gradient_threshold": 1.5,
    "k_vol": 4.0,
    "size_base": 0.04,
    "size_exp": 2.0,
    "size_min_factor": 0.3
  },
  "snapshots_processed": 10000,
  "sharpe_ratio": -0.1208566507585217,
  "capital_base": 10000.0,
  "sharpe_horizon_seconds": 60.0
}