{
  "final_pnl": -1.7159400774835376,
  "final_inventory": 0.005652611469915981,
  "fill_count": 269,
  "max_drawdown": 1.7159400774835376,
  "pnl_attribution": {
    "inventory_moves": -0.1291263670559925,
    "fees": -1.8090313153620927,
    "spread_capture": 0.26664586785298405,
    "adverse_selection": -0.04505621290137623,
    "funding_rates": 0.0
  },
  "additional_metrics": {
    "orders_placed": 540,
    "orders_placed_buy": 267,
    "orders_placed_sell": 273,
    "maker_qty_placed": 1.5535576130388082,
    "maker_qty_filled": 0.31498330682420117,
    "maker_fill_qty_rate": 0.20274967866050606,
    "avg_fill_latency_sec": 0.18419354192672238,
    "std_fill_latency_sec": 0.11046342439256085,
    "avg_queue_position": 1.0976149680324208,
    "std_queue_position": 1.3838527736309527,
    "avg_order_lifetime_sec": 0.19714837843371977,
    "std_order_lifetime_sec": 0.10642675412129216,
    "avg_competition_size": 0.6325764404613343,
    "std_competition_size": 0.12175028040157097,
    "forced_liquidations": 0,
    "avg_forced_liq_cost": 0.0,
    "std_forced_liq_cost": 0.0
  },
  "strategy": "skew_mid_spread",
  "strategy_kwargs": {
    "gamma": 0.1,
    "gamma_cap_factor": 5.0,
    "gamma_imb": 0.5,
    "gamma_inv_scale": 4.0,
    "gamma_vol_scale": 2.0,
    "gradient_penalty_ticks": 1.0,
    "gradient_threshold": 1.5,
    "k_vol": 1.3,
    "size_base": 0.005,
    "size_exp": 3.0,
    "size_min_factor": 0.2
  },
  "snapshots_processed": 1000,
  "sharpe_ratio": -1.2305662890874893,
  "capital_base": 10000.0,
  "sharpe_horizon_seconds": 60.0
}