{
  "final_pnl": -16.995398820381524,
  "final_inventory": 0.05519597682128398,
  "fill_count": 290,
  "max_drawdown": 16.995398820381524,
  "pnl_attribution": {
    "inventory_moves": -0.5435630588341577,
    "fees": -15.545177433953432,
    "spread_capture": 2.1732860835810817,
    "adverse_selection": -2.964245165132217,
    "funding_rates": 0.0
  },
  "additional_metrics": {
    "orders_placed": 605,
    "orders_placed_buy": 301,
    "orders_placed_sell": 304,
    "maker_qty_placed": 13.749300474968436,
    "maker_qty_filled": 2.62004545890352,
    "maker_fill_qty_rate": 0.19055845522275813,
    "avg_fill_latency_sec": 0.17682352486778707,
    "std_fill_latency_sec": 0.1141413105417568,
    "avg_queue_position": 1.2282328088056742,
    "std_queue_position": 1.4348617681331965,
    "avg_order_lifetime_sec": 0.18568823057062486,
    "std_order_lifetime_sec": 0.1097328941668052,
    "avg_competition_size": 0.8744777976889704,
    "std_competition_size": 0.17329735041539746,
    "forced_liquidations": 14,
    "avg_forced_liq_cost": 0.1847567722164431,
    "std_forced_liq_cost": 0.11421901194081883
  },
  "strategy": "skew_mid_spread",
  "strategy_kwargs": {
    "gamma": 0.1,
    "gamma_cap_factor": 5.0,
    "gamma_imb": 0.5,
    "gamma_inv_scale": 4.0,
    "gamma_vol_scale": 2.0,
    "gradient_penalty_ticks": 1.0,
    "gradient_threshold": 1.5,
    "k_vol": 1.3,
    "size_base": 0.04,
    "size_exp": 1.0,
    "size_min_factor": 0.1
  },
  "snapshots_processed": 1000,
  "sharpe_ratio": -1.1897604088669902,
  "capital_base": 10000.0,
  "sharpe_horizon_seconds": 60.0
}