{
  "final_pnl": -0.33138969528772577,
  "final_inventory": 0.02829126777043288,
  "fill_count": 48,
  "max_drawdown": 0.8523285226128792,
  "pnl_attribution": {
    "inventory_moves": -0.26303923917035243,
    "fees": -0.09871722900448056,
    "spread_capture": 0.04156388971440763,
    "adverse_selection": -0.008792620262718244,
    "funding_rates": 0.0
  },
  "additional_metrics": {
    "orders_placed": 1590,
    "orders_placed_buy": 821,
    "orders_placed_sell": 769,
    "maker_qty_placed": 4.364781177137515,
    "maker_qty_filled": 0.05738595980424426,
    "maker_fill_qty_rate": 0.013147499834545837,
    "avg_fill_latency_sec": 0.25058333079020184,
    "std_fill_latency_sec": 0.0007021801323663757,
    "avg_queue_position": 1.4336993220498648,
    "std_queue_position": 1.8545676651142218,
    "avg_order_lifetime_sec": 0.25058333079020184,
    "std_order_lifetime_sec": 0.0007021801323663757,
    "avg_competition_size": 0.26001792751531805,
    "std_competition_size": 0.049366303233771246,
    "forced_liquidations": 0,
    "avg_forced_liq_cost": 0.0,
    "std_forced_liq_cost": 0.0,
    "taker_qty_hedge": 0.0,
    "taker_qty_cross": 0.0,
    "taker_trades_hedge": 0,
    "taker_trades_cross": 0,
    "taker_qty_total": 0.0,
    "notional_traded_btc": 0.05738595980424426,
    "notional_traded_usdt": 987.1722900448058
  },
  "strategy": "skew_mid_spread",
  "strategy_kwargs": {
    "extra_spread_ticks": 28.0,
    "gamma": 0.08,
    "gamma_cap_factor": 5.0,
    "gamma_imb": 0.5,
    "gamma_inv_scale": 2.0,
    "gamma_vol_scale": 1.0,
    "gradient_penalty_ticks": 1.0,
    "gradient_threshold": 1.5,
    "k_vol": 8.0,
    "size_base": 0.005,
    "size_exp": 2.0,
    "size_min_factor": 0.3
  },
  "snapshots_processed": 10000,
  "sharpe_ratio": -0.11642489862685639,
  "capital_base": 10000.0,
  "sharpe_horizon_seconds": 60.0
}