{
  "final_pnl": -1.5855462966774212,
  "final_inventory": 0.00326385628923461,
  "fill_count": 262,
  "max_drawdown": 1.5855462966774212,
  "pnl_attribution": {
    "inventory_moves": -0.11003044616209133,
    "fees": -1.6826110803223489,
    "spread_capture": 0.24861270706047892,
    "adverse_selection": -0.04576906742174724,
    "funding_rates": 0.0
  },
  "additional_metrics": {
    "orders_placed": 532,
    "orders_placed_buy": 260,
    "orders_placed_sell": 272,
    "maker_qty_placed": 1.5289073068955747,
    "maker_qty_filled": 0.315345866082605,
    "maker_fill_qty_rate": 0.2062557125996804,
    "avg_fill_latency_sec": 0.19164428934954958,
    "std_fill_latency_sec": 0.11009971349446415,
    "avg_queue_position": 1.1212642213754827,
    "std_queue_position": 1.3974113451513888,
    "avg_order_lifetime_sec": 0.2051207971252851,
    "std_order_lifetime_sec": 0.10489674330015032,
    "avg_competition_size": 0.6405012770164248,
    "std_competition_size": 0.12171617540806534,
    "forced_liquidations": 0,
    "avg_forced_liq_cost": 0.0,
    "std_forced_liq_cost": 0.0
  },
  "strategy": "skew_mid_spread",
  "strategy_kwargs": {
    "gamma": 0.1,
    "gamma_cap_factor": 5.0,
    "gamma_imb": 0.5,
    "gamma_inv_scale": 4.0,
    "gamma_vol_scale": 2.0,
    "gradient_penalty_ticks": 1.0,
    "gradient_threshold": 1.5,
    "k_vol": 1.3,
    "size_base": 0.005,
    "size_exp": 1.0,
    "size_min_factor": 0.1
  },
  "snapshots_processed": 1000,
  "sharpe_ratio": -1.116384903175801,
  "capital_base": 10000.0,
  "sharpe_horizon_seconds": 60.0
}