{
  "final_pnl": -2.27231063236286,
  "final_inventory": 0.007544581039580351,
  "fill_count": 306,
  "max_drawdown": 2.27231063236286,
  "pnl_attribution": {
    "inventory_moves": -0.2793662160558969,
    "fees": -2.1405385077315637,
    "spread_capture": 0.20874365117728988,
    "adverse_selection": -0.05376565392768095,
    "funding_rates": 0.0
  },
  "additional_metrics": {
    "orders_placed": 531,
    "orders_placed_buy": 269,
    "orders_placed_sell": 262,
    "maker_qty_placed": 1.5271432983159576,
    "maker_qty_filled": 0.36210005863826883,
    "maker_fill_qty_rate": 0.23710941798164661,
    "avg_fill_latency_sec": 0.18155617258521947,
    "std_fill_latency_sec": 0.11501777602662479,
    "avg_queue_position": 1.5501441820554505,
    "std_queue_position": 1.84109898216029,
    "avg_order_lifetime_sec": 0.18858426206567314,
    "std_order_lifetime_sec": 0.11129304150265759,
    "avg_competition_size": 0.6357253047589595,
    "std_competition_size": 0.12453200470672338,
    "forced_liquidations": 0,
    "avg_forced_liq_cost": 0.0,
    "std_forced_liq_cost": 0.0
  },
  "strategy": "skew_mid_spread",
  "strategy_kwargs": {
    "gamma": 0.05,
    "gamma_cap_factor": 5.0,
    "gamma_imb": 0.5,
    "gamma_inv_scale": 1.0,
    "gamma_vol_scale": 1.0,
    "gradient_penalty_ticks": 1.0,
    "gradient_threshold": 1.5,
    "k_vol": 1.0,
    "size_base": 0.005,
    "size_exp": 2.0,
    "size_min_factor": 0.3
  },
  "snapshots_processed": 1000,
  "sharpe_ratio": -1.4107211107208886,
  "capital_base": 10000.0,
  "sharpe_horizon_seconds": 60.0
}