{
  "final_pnl": -7.676834069554388,
  "final_inventory": 0.004951717114524067,
  "fill_count": 281,
  "max_drawdown": 7.676834069554388,
  "pnl_attribution": {
    "inventory_moves": -0.6779150406484489,
    "fees": -7.69782382152166,
    "spread_capture": 0.9225610771034399,
    "adverse_selection": -0.19907847947957696,
    "funding_rates": 0.0
  },
  "additional_metrics": {
    "orders_placed": 613,
    "orders_placed_buy": 308,
    "orders_placed_sell": 305,
    "maker_qty_placed": 6.970618806434652,
    "maker_qty_filled": 1.2986116643522552,
    "maker_fill_qty_rate": 0.18629790272758753,
    "avg_fill_latency_sec": 0.18133128347572375,
    "std_fill_latency_sec": 0.11198066222528705,
    "avg_queue_position": 1.1389025264032584,
    "std_queue_position": 1.394199287610838,
    "avg_order_lifetime_sec": 0.18903680374285925,
    "std_order_lifetime_sec": 0.10780320788462387,
    "avg_competition_size": 0.7274317411755684,
    "std_competition_size": 0.14549065180578605,
    "forced_liquidations": 0,
    "avg_forced_liq_cost": 0.0,
    "std_forced_liq_cost": 0.0
  },
  "strategy": "skew_mid_spread",
  "strategy_kwargs": {
    "gamma": 0.1,
    "gamma_cap_factor": 5.0,
    "gamma_imb": 0.5,
    "gamma_inv_scale": 4.0,
    "gamma_vol_scale": 2.0,
    "gradient_penalty_ticks": 1.0,
    "gradient_threshold": 1.5,
    "k_vol": 1.3,
    "size_base": 0.02,
    "size_exp": 1.0,
    "size_min_factor": 0.3
  },
  "snapshots_processed": 1000,
  "sharpe_ratio": -1.1797627420693657,
  "capital_base": 10000.0,
  "sharpe_horizon_seconds": 60.0
}