{
  "final_pnl": -3.9640414626701386,
  "final_inventory": 0.006121991649431141,
  "fill_count": 174,
  "max_drawdown": 5.891905511321966,
  "pnl_attribution": {
    "inventory_moves": 0.29736783149125606,
    "fees": -5.192906382700388,
    "spread_capture": 1.2135555107762281,
    "adverse_selection": -0.18678413873910765,
    "funding_rates": 0.0
  },
  "additional_metrics": {
    "orders_placed": 2965,
    "orders_placed_buy": 1540,
    "orders_placed_sell": 1425,
    "maker_qty_placed": 64.92607292063667,
    "maker_qty_filled": 1.211947141758082,
    "maker_fill_qty_rate": 0.01866657087422372,
    "avg_fill_latency_sec": 0.16460952304658436,
    "std_fill_latency_sec": 0.11890167915662336,
    "avg_queue_position": 0.5902337715712787,
    "std_queue_position": 1.063672050712967,
    "avg_order_lifetime_sec": 0.16460952304658436,
    "std_order_lifetime_sec": 0.11890167915662336,
    "avg_competition_size": 0.35283477214588743,
    "std_competition_size": 0.0674380700678276,
    "forced_liquidations": 0,
    "avg_forced_liq_cost": 0.0,
    "std_forced_liq_cost": 0.0,
    "taker_qty_hedge": 0.6022244152017706,
    "taker_qty_cross": 0.0,
    "taker_trades_hedge": 36,
    "taker_trades_cross": 0,
    "taker_qty_total": 0.6022244152017706,
    "notional_traded_btc": 1.814171556959851,
    "notional_traded_usdt": 31207.99890847047
  },
  "strategy": "skew_mid_spread",
  "strategy_kwargs": {
    "extra_spread_ticks": 26.0,
    "gamma": 0.08,
    "gamma_cap_factor": 5.0,
    "gamma_imb": 0.5,
    "gamma_inv_scale": 1.0,
    "gamma_vol_scale": 2.0,
    "gradient_penalty_ticks": 1.0,
    "gradient_threshold": 1.5,
    "k_vol": 8.0,
    "size_base": 0.04,
    "size_exp": 2.0,
    "size_min_factor": 0.3
  },
  "snapshots_processed": 10000,
  "sharpe_ratio": -0.2704111985331355,
  "capital_base": 10000.0,
  "sharpe_horizon_seconds": 60.0
}