{
  "final_pnl": -3.359968993168877,
  "final_inventory": 0.0008308183524487209,
  "fill_count": 279,
  "max_drawdown": 3.359968993168877,
  "pnl_attribution": {
    "inventory_moves": -0.24875016515672863,
    "fees": -3.5393743409866723,
    "spread_capture": 0.523834307244091,
    "adverse_selection": -0.09802199461797337,
    "funding_rates": 0.0
  },
  "additional_metrics": {
    "orders_placed": 537,
    "orders_placed_buy": 263,
    "orders_placed_sell": 274,
    "maker_qty_placed": 3.085573450668279,
    "maker_qty_filled": 0.6661784487800149,
    "maker_fill_qty_rate": 0.21590101789206567,
    "avg_fill_latency_sec": 0.1949810076363479,
    "std_fill_latency_sec": 0.11140054499483887,
    "avg_queue_position": 1.1605407304121125,
    "std_queue_position": 1.385132037157559,
    "avg_order_lifetime_sec": 0.2092784748801702,
    "std_order_lifetime_sec": 0.10495935329161893,
    "avg_competition_size": 0.6736887147479103,
    "std_competition_size": 0.1327140561612444,
    "forced_liquidations": 0,
    "avg_forced_liq_cost": 0.0,
    "std_forced_liq_cost": 0.0
  },
  "strategy": "skew_mid_spread",
  "strategy_kwargs": {
    "gamma": 0.1,
    "gamma_cap_factor": 5.0,
    "gamma_imb": 0.5,
    "gamma_inv_scale": 4.0,
    "gamma_vol_scale": 2.0,
    "gradient_penalty_ticks": 1.0,
    "gradient_threshold": 1.5,
    "k_vol": 1.3,
    "size_base": 0.01,
    "size_exp": 3.0,
    "size_min_factor": 0.3
  },
  "snapshots_processed": 1000,
  "sharpe_ratio": -1.264597592374968,
  "capital_base": 10000.0,
  "sharpe_horizon_seconds": 60.0
}