{
  "final_pnl": -0.5002469835962984,
  "final_inventory": 0.0215412957386189,
  "fill_count": 68,
  "max_drawdown": 0.7931755116951535,
  "pnl_attribution": {
    "inventory_moves": -0.43048289573008613,
    "fees": -0.160731299340512,
    "spread_capture": 0.10850980000116886,
    "adverse_selection": -0.012322978434182282,
    "funding_rates": 0.0
  },
  "additional_metrics": {
    "orders_placed": 2960,
    "orders_placed_buy": 1536,
    "orders_placed_sell": 1424,
    "maker_qty_placed": 8.114727579102599,
    "maker_qty_filled": 0.09343508738962546,
    "maker_fill_qty_rate": 0.011514260519384973,
    "avg_fill_latency_sec": 0.25070590131423054,
    "std_fill_latency_sec": 0.0015816995136238487,
    "avg_queue_position": 1.3527511501648168,
    "std_queue_position": 1.7684923653958196,
    "avg_order_lifetime_sec": 0.25070590131423054,
    "std_order_lifetime_sec": 0.0015816995136238487,
    "avg_competition_size": 0.2611524773697507,
    "std_competition_size": 0.04732509133062639,
    "forced_liquidations": 0,
    "avg_forced_liq_cost": 0.0,
    "std_forced_liq_cost": 0.0,
    "taker_qty_hedge": 0.0,
    "taker_qty_cross": 0.0,
    "taker_trades_hedge": 0,
    "taker_trades_cross": 0,
    "taker_qty_total": 0.0,
    "notional_traded_btc": 0.09343508738962546,
    "notional_traded_usdt": 1607.3129934051194
  },
  "strategy": "skew_mid_spread",
  "strategy_kwargs": {
    "extra_spread_ticks": 36.0,
    "gamma": 0.16,
    "gamma_cap_factor": 5.0,
    "gamma_imb": 0.5,
    "gamma_inv_scale": 1.0,
    "gamma_vol_scale": 0.0,
    "gradient_penalty_ticks": 1.0,
    "gradient_threshold": 1.5,
    "k_vol": 4.0,
    "size_base": 0.005,
    "size_exp": 2.0,
    "size_min_factor": 0.3
  },
  "snapshots_processed": 10000,
  "sharpe_ratio": -0.2308812926898321,
  "capital_base": 10000.0,
  "sharpe_horizon_seconds": 60.0
}