{
  "final_pnl": -3.189394146656923,
  "final_inventory": 0.007710177907589718,
  "fill_count": 266,
  "max_drawdown": 3.189394146656923,
  "pnl_attribution": {
    "inventory_moves": -0.22375077926493733,
    "fees": -3.4418864558905335,
    "spread_capture": 0.5588517912856866,
    "adverse_selection": -0.09365489389539111,
    "funding_rates": 0.0
  },
  "additional_metrics": {
    "orders_placed": 530,
    "orders_placed_buy": 259,
    "orders_placed_sell": 271,
    "maker_qty_placed": 3.0431913075272856,
    "maker_qty_filled": 0.6289485738090924,
    "maker_fill_qty_rate": 0.20667401758588033,
    "avg_fill_latency_sec": 0.18951315315146194,
    "std_fill_latency_sec": 0.1112860802664283,
    "avg_queue_position": 1.1344634517000507,
    "std_queue_position": 1.3868707774141305,
    "avg_order_lifetime_sec": 0.21259867831280357,
    "std_order_lifetime_sec": 0.12106921113573248,
    "avg_competition_size": 0.672908344408039,
    "std_competition_size": 0.13088331173403459,
    "forced_liquidations": 0,
    "avg_forced_liq_cost": 0.0,
    "std_forced_liq_cost": 0.0
  },
  "strategy": "skew_mid_spread",
  "strategy_kwargs": {
    "gamma": 0.1,
    "gamma_cap_factor": 5.0,
    "gamma_imb": 0.5,
    "gamma_inv_scale": 4.0,
    "gamma_vol_scale": 2.0,
    "gradient_penalty_ticks": 1.0,
    "gradient_threshold": 1.5,
    "k_vol": 1.3,
    "size_base": 0.01,
    "size_exp": 2.0,
    "size_min_factor": 0.3
  },
  "snapshots_processed": 1000,
  "sharpe_ratio": -1.110228842148778,
  "capital_base": 10000.0,
  "sharpe_horizon_seconds": 60.0
}