{
  "final_pnl": -2.2363178678315307,
  "final_inventory": 0.0069633463121281155,
  "fill_count": 304,
  "max_drawdown": 2.2363178678315307,
  "pnl_attribution": {
    "inventory_moves": -0.2766819351262487,
    "fees": -2.118086930421521,
    "spread_capture": 0.21908013656250871,
    "adverse_selection": -0.05453843445433727,
    "funding_rates": 0.0
  },
  "additional_metrics": {
    "orders_placed": 526,
    "orders_placed_buy": 267,
    "orders_placed_sell": 259,
    "maker_qty_placed": 1.5149012496131948,
    "maker_qty_filled": 0.35656433558157324,
    "maker_fill_qty_rate": 0.23537133900484675,
    "avg_fill_latency_sec": 0.18116383498671365,
    "std_fill_latency_sec": 0.11522339212147063,
    "avg_queue_position": 1.5052846616650244,
    "std_queue_position": 1.7951130436430165,
    "avg_order_lifetime_sec": 0.18823163118739586,
    "std_order_lifetime_sec": 0.11150778109925516,
    "avg_competition_size": 0.6293961411672484,
    "std_competition_size": 0.12875780812390006,
    "forced_liquidations": 0,
    "avg_forced_liq_cost": 0.0,
    "std_forced_liq_cost": 0.0
  },
  "strategy": "skew_mid_spread",
  "strategy_kwargs": {
    "gamma": 0.05,
    "gamma_cap_factor": 5.0,
    "gamma_imb": 0.5,
    "gamma_inv_scale": 1.0,
    "gamma_vol_scale": 0.0,
    "gradient_penalty_ticks": 1.0,
    "gradient_threshold": 1.5,
    "k_vol": 1.0,
    "size_base": 0.005,
    "size_exp": 2.0,
    "size_min_factor": 0.3
  },
  "snapshots_processed": 1000,
  "sharpe_ratio": -1.4339632410491303,
  "capital_base": 10000.0,
  "sharpe_horizon_seconds": 60.0
}