{
  "final_pnl": -1.608287844030201,
  "final_inventory": 0.0038415239153174654,
  "fill_count": 257,
  "max_drawdown": 1.608287844030201,
  "pnl_attribution": {
    "inventory_moves": -0.1078437846360387,
    "fees": -1.7284386594515981,
    "spread_capture": 0.27090704739029864,
    "adverse_selection": -0.04845821333839288,
    "funding_rates": 0.0
  },
  "additional_metrics": {
    "orders_placed": 605,
    "orders_placed_buy": 301,
    "orders_placed_sell": 304,
    "maker_qty_placed": 1.7213854394835568,
    "maker_qty_filled": 0.30576745738274996,
    "maker_fill_qty_rate": 0.1776286997492468,
    "avg_fill_latency_sec": 0.18447972471649582,
    "std_fill_latency_sec": 0.11035014422836621,
    "avg_queue_position": 1.0969906027986296,
    "std_queue_position": 1.4077006343933012,
    "avg_order_lifetime_sec": 0.1963513461319176,
    "std_order_lifetime_sec": 0.10313090752450432,
    "avg_competition_size": 0.6322062871962113,
    "std_competition_size": 0.12175647755016492,
    "forced_liquidations": 0,
    "avg_forced_liq_cost": 0.0,
    "std_forced_liq_cost": 0.0
  },
  "strategy": "skew_mid_spread",
  "strategy_kwargs": {
    "gamma": 0.1,
    "gamma_cap_factor": 5.0,
    "gamma_imb": 0.5,
    "gamma_inv_scale": 4.0,
    "gamma_vol_scale": 2.0,
    "gradient_penalty_ticks": 1.0,
    "gradient_threshold": 1.5,
    "k_vol": 1.3,
    "size_base": 0.005,
    "size_exp": 1.0,
    "size_min_factor": 0.1
  },
  "snapshots_processed": 1000,
  "sharpe_ratio": -1.0584503896819424,
  "capital_base": 10000.0,
  "sharpe_horizon_seconds": 60.0
}