{
  "final_pnl": -0.26429534736598725,
  "final_inventory": 0.014347659120931208,
  "fill_count": 42,
  "max_drawdown": 0.44794538411224494,
  "pnl_attribution": {
    "inventory_moves": -0.23357469237315825,
    "fees": -0.08728067788948157,
    "spread_capture": 0.0620989544388543,
    "adverse_selection": -0.00680902654046762,
    "funding_rates": 0.0
  },
  "additional_metrics": {
    "orders_placed": 1584,
    "orders_placed_buy": 820,
    "orders_placed_sell": 764,
    "maker_qty_placed": 4.349827744333041,
    "maker_qty_filled": 0.0507432894353229,
    "maker_fill_qty_rate": 0.011665585953703867,
    "avg_fill_latency_sec": 0.25080948784237816,
    "std_fill_latency_sec": 0.0007939446928200723,
    "avg_queue_position": 1.0991056705941573,
    "std_queue_position": 1.0569061575311856,
    "avg_order_lifetime_sec": 0.25080948784237816,
    "std_order_lifetime_sec": 0.0007939446928200723,
    "avg_competition_size": 0.2603780705439527,
    "std_competition_size": 0.0497053526168887,
    "forced_liquidations": 0,
    "avg_forced_liq_cost": 0.0,
    "std_forced_liq_cost": 0.0,
    "taker_qty_hedge": 0.0,
    "taker_qty_cross": 0.0,
    "taker_trades_hedge": 0,
    "taker_trades_cross": 0,
    "taker_qty_total": 0.0,
    "notional_traded_btc": 0.0507432894353229,
    "notional_traded_usdt": 872.8067788948156
  },
  "strategy": "skew_mid_spread",
  "strategy_kwargs": {
    "extra_spread_ticks": 36.0,
    "gamma": 0.08,
    "gamma_cap_factor": 5.0,
    "gamma_imb": 0.5,
    "gamma_inv_scale": 1.0,
    "gamma_vol_scale": 0.0,
    "gradient_penalty_ticks": 1.0,
    "gradient_threshold": 1.5,
    "k_vol": 6.0,
    "size_base": 0.005,
    "size_exp": 2.0,
    "size_min_factor": 0.3
  },
  "snapshots_processed": 10000,
  "sharpe_ratio": -0.18843581058763184,
  "capital_base": 10000.0,
  "sharpe_horizon_seconds": 60.0
}