{
  "final_pnl": -3.5399106619915983,
  "final_inventory": 0.008483711194464214,
  "fill_count": 270,
  "max_drawdown": 3.5399106619915983,
  "pnl_attribution": {
    "inventory_moves": -0.2539036496201577,
    "fees": -3.660106251899688,
    "spread_capture": 0.4889311207072412,
    "adverse_selection": -0.11472952486354016,
    "funding_rates": 0.0
  },
  "additional_metrics": {
    "orders_placed": 608,
    "orders_placed_buy": 303,
    "orders_placed_sell": 305,
    "maker_qty_placed": 3.4567702369356463,
    "maker_qty_filled": 0.6426362910996501,
    "maker_fill_qty_rate": 0.18590656799606492,
    "avg_fill_latency_sec": 0.18302563520578238,
    "std_fill_latency_sec": 0.11109350918565675,
    "avg_queue_position": 1.1140232459441308,
    "std_queue_position": 1.4168130994954966,
    "avg_order_lifetime_sec": 0.19428845399465317,
    "std_order_lifetime_sec": 0.10449518099939822,
    "avg_competition_size": 0.6657818997105232,
    "std_competition_size": 0.12732890322012638,
    "forced_liquidations": 1,
    "avg_forced_liq_cost": 0.017054445871929634,
    "std_forced_liq_cost": 0.0
  },
  "strategy": "skew_mid_spread",
  "strategy_kwargs": {
    "gamma": 0.1,
    "gamma_cap_factor": 5.0,
    "gamma_imb": 0.5,
    "gamma_inv_scale": 4.0,
    "gamma_vol_scale": 2.0,
    "gradient_penalty_ticks": 1.0,
    "gradient_threshold": 1.5,
    "k_vol": 1.3,
    "size_base": 0.01,
    "size_exp": 2.0,
    "size_min_factor": 0.2
  },
  "snapshots_processed": 1000,
  "sharpe_ratio": -1.1167115681392854,
  "capital_base": 10000.0,
  "sharpe_horizon_seconds": 60.0
}