{
  "final_pnl": -16.54142509484518,
  "final_inventory": 0.09275748622654915,
  "fill_count": 292,
  "max_drawdown": 16.54142509484518,
  "pnl_attribution": {
    "inventory_moves": -0.4449139588030264,
    "fees": -15.353234511954513,
    "spread_capture": 2.069054760061168,
    "adverse_selection": -2.6750998055097384,
    "funding_rates": 0.0
  },
  "additional_metrics": {
    "orders_placed": 608,
    "orders_placed_buy": 303,
    "orders_placed_sell": 305,
    "maker_qty_placed": 13.803455044221097,
    "maker_qty_filled": 2.6221197563402856,
    "maker_fill_qty_rate": 0.1899611182808939,
    "avg_fill_latency_sec": 0.17976470274083756,
    "std_fill_latency_sec": 0.11275967448090748,
    "avg_queue_position": 1.215570784228939,
    "std_queue_position": 1.412345259003313,
    "avg_order_lifetime_sec": 0.18862940844367532,
    "std_order_lifetime_sec": 0.10805400560157476,
    "avg_competition_size": 0.8655123852400897,
    "std_competition_size": 0.16841893855642717,
    "forced_liquidations": 14,
    "avg_forced_liq_cost": 0.16337173035565425,
    "std_forced_liq_cost": 0.07400532131516582
  },
  "strategy": "skew_mid_spread",
  "strategy_kwargs": {
    "gamma": 0.1,
    "gamma_cap_factor": 5.0,
    "gamma_imb": 0.5,
    "gamma_inv_scale": 4.0,
    "gamma_vol_scale": 2.0,
    "gradient_penalty_ticks": 1.0,
    "gradient_threshold": 1.5,
    "k_vol": 1.3,
    "size_base": 0.04,
    "size_exp": 3.0,
    "size_min_factor": 0.1
  },
  "snapshots_processed": 1000,
  "sharpe_ratio": -1.199848633993739,
  "capital_base": 10000.0,
  "sharpe_horizon_seconds": 60.0
}