{
  "final_pnl": -3.831846918521478,
  "final_inventory": -0.02214311280851807,
  "fill_count": 3828,
  "max_drawdown": 5.5152584279840084,
  "pnl_attribution": {
    "inventory_moves": -0.6178274782972634,
    "fees": -4.562523597252924,
    "spread_capture": 1.6291941154812353,
    "adverse_selection": -0.19983240367252866,
    "funding_rates": 0.0
  },
  "additional_metrics": {
    "orders_placed": 2962,
    "orders_placed_buy": 1538,
    "orders_placed_sell": 1424,
    "maker_qty_placed": 64.84409916974916,
    "maker_qty_filled": 1.3783212932272917,
    "maker_fill_qty_rate": 0.021255924762238063,
    "avg_fill_latency_sec": 0.0049411295320229386,
    "std_fill_latency_sec": 0.03484493437189406,
    "avg_queue_position": 0.015828316064202968,
    "std_queue_position": 0.16003360508116238,
    "avg_order_lifetime_sec": 0.0049411295320229386,
    "std_order_lifetime_sec": 0.03484493437189406,
    "avg_competition_size": 0.3538115649738497,
    "std_competition_size": 0.06680633735546279,
    "forced_liquidations": 0,
    "avg_forced_liq_cost": 0.0,
    "std_forced_liq_cost": 0.0,
    "taker_qty_hedge": 0.4245891089814885,
    "taker_qty_cross": 0.0,
    "taker_trades_hedge": 3680,
    "taker_trades_cross": 0,
    "taker_qty_total": 0.4245891089814885,
    "notional_traded_btc": 1.8029104022087754,
    "notional_traded_usdt": 31013.53299013724
  },
  "strategy": "skew_mid_spread",
  "strategy_kwargs": {
    "extra_spread_ticks": 26.0,
    "gamma": 0.12,
    "gamma_cap_factor": 5.0,
    "gamma_imb": 0.5,
    "gamma_inv_scale": 1.0,
    "gamma_vol_scale": 2.0,
    "gradient_penalty_ticks": 1.0,
    "gradient_threshold": 1.5,
    "k_vol": 6.0,
    "size_base": 0.04,
    "size_exp": 2.0,
    "size_min_factor": 0.3
  },
  "snapshots_processed": 10000,
  "sharpe_ratio": -0.29154893219182443,
  "capital_base": 10000.0,
  "sharpe_horizon_seconds": 60.0
}