{
  "final_pnl": -7.059523088799324,
  "final_inventory": 0.007826622690682235,
  "fill_count": 274,
  "max_drawdown": 7.059523088799324,
  "pnl_attribution": {
    "inventory_moves": -0.5803315227805339,
    "fees": -7.353733151152478,
    "spread_capture": 1.0726274818079218,
    "adverse_selection": -0.18993699838297234,
    "funding_rates": 0.0
  },
  "additional_metrics": {
    "orders_placed": 536,
    "orders_placed_buy": 261,
    "orders_placed_sell": 275,
    "maker_qty_placed": 6.162185256424847,
    "maker_qty_filled": 1.2686587917279457,
    "maker_fill_qty_rate": 0.20587806742830567,
    "avg_fill_latency_sec": 0.19025315966787218,
    "std_fill_latency_sec": 0.13041088490054478,
    "avg_queue_position": 1.1272410059774176,
    "std_queue_position": 1.3720875045381111,
    "avg_order_lifetime_sec": 0.2093037910099271,
    "std_order_lifetime_sec": 0.1316994878449772,
    "avg_competition_size": 0.7302411339801567,
    "std_competition_size": 0.14622479351966006,
    "forced_liquidations": 0,
    "avg_forced_liq_cost": 0.0,
    "std_forced_liq_cost": 0.0
  },
  "strategy": "skew_mid_spread",
  "strategy_kwargs": {
    "gamma": 0.1,
    "gamma_cap_factor": 5.0,
    "gamma_imb": 0.5,
    "gamma_inv_scale": 4.0,
    "gamma_vol_scale": 2.0,
    "gradient_penalty_ticks": 1.0,
    "gradient_threshold": 1.5,
    "k_vol": 1.3,
    "size_base": 0.02,
    "size_exp": 3.0,
    "size_min_factor": 0.1
  },
  "snapshots_processed": 1000,
  "sharpe_ratio": -1.190698814428014,
  "capital_base": 10000.0,
  "sharpe_horizon_seconds": 60.0
}