{
  "final_pnl": -2.3986291368546517,
  "final_inventory": 0.034740257739368285,
  "fill_count": 106,
  "max_drawdown": 4.57111819351303,
  "pnl_attribution": {
    "inventory_moves": 0.018780730363571647,
    "fees": -3.1244817456461873,
    "spread_capture": 0.856096713496714,
    "adverse_selection": -0.11912084721645658,
    "funding_rates": 0.0
  },
  "additional_metrics": {
    "orders_placed": 2064,
    "orders_placed_buy": 1071,
    "orders_placed_sell": 993,
    "maker_qty_placed": 45.09638782164991,
    "maker_qty_filled": 0.8137624201211662,
    "maker_fill_qty_rate": 0.018044957909699687,
    "avg_fill_latency_sec": 0.17104762697976733,
    "std_fill_latency_sec": 0.11665584564380818,
    "avg_queue_position": 0.5473039139609324,
    "std_queue_position": 0.9501855745749177,
    "avg_order_lifetime_sec": 0.17104762697976733,
    "std_order_lifetime_sec": 0.11665584564380818,
    "avg_competition_size": 0.3562974770617083,
    "std_competition_size": 0.06800936558094868,
    "forced_liquidations": 0,
    "avg_forced_liq_cost": 0.0,
    "std_forced_liq_cost": 0.0,
    "taker_qty_hedge": 0.33418427756425284,
    "taker_qty_cross": 0.0,
    "taker_trades_hedge": 20,
    "taker_trades_cross": 0,
    "taker_qty_total": 0.33418427756425284,
    "notional_traded_btc": 1.147946697685418,
    "notional_traded_usdt": 19745.709539018913
  },
  "strategy": "skew_mid_spread",
  "strategy_kwargs": {
    "extra_spread_ticks": 38.0,
    "gamma": 0.08,
    "gamma_cap_factor": 5.0,
    "gamma_imb": 0.5,
    "gamma_inv_scale": 1.0,
    "gamma_vol_scale": 2.0,
    "gradient_penalty_ticks": 1.0,
    "gradient_threshold": 1.5,
    "k_vol": 4.0,
    "size_base": 0.04,
    "size_exp": 2.0,
    "size_min_factor": 0.3
  },
  "snapshots_processed": 10000,
  "sharpe_ratio": -0.17563037976119236,
  "capital_base": 10000.0,
  "sharpe_horizon_seconds": 60.0
}