{
  "final_pnl": -2.713241676279722,
  "final_inventory": -0.006349211183614853,
  "fill_count": 3039,
  "max_drawdown": 4.69797916346397,
  "pnl_attribution": {
    "inventory_moves": -0.5633226867857358,
    "fees": -2.9558412765099935,
    "spread_capture": 0.9683329424802442,
    "adverse_selection": -0.12685854727221849,
    "funding_rates": 0.0
  },
  "additional_metrics": {
    "orders_placed": 2065,
    "orders_placed_buy": 1071,
    "orders_placed_sell": 994,
    "maker_qty_placed": 45.1219158933651,
    "maker_qty_filled": 0.8390064252907149,
    "maker_fill_qty_rate": 0.018594211009867283,
    "avg_fill_latency_sec": 0.0039378343259587004,
    "std_fill_latency_sec": 0.03117194308710209,
    "avg_queue_position": 0.012668047099475737,
    "std_queue_position": 0.17051782261610077,
    "avg_order_lifetime_sec": 0.0039378343259587004,
    "std_order_lifetime_sec": 0.03117194308710209,
    "avg_competition_size": 0.3542837153995537,
    "std_competition_size": 0.06791385317605896,
    "forced_liquidations": 0,
    "avg_forced_liq_cost": 0.0,
    "std_forced_liq_cost": 0.0,
    "taker_qty_hedge": 0.2930041627187228,
    "taker_qty_cross": 0.0,
    "taker_trades_hedge": 2945,
    "taker_trades_cross": 0,
    "taker_qty_total": 0.2930041627187228,
    "notional_traded_btc": 1.1320105880094362,
    "notional_traded_usdt": 19474.24446678866
  },
  "strategy": "skew_mid_spread",
  "strategy_kwargs": {
    "extra_spread_ticks": 30.0,
    "gamma": 0.2,
    "gamma_cap_factor": 5.0,
    "gamma_imb": 0.5,
    "gamma_inv_scale": 1.0,
    "gamma_vol_scale": 2.0,
    "gradient_penalty_ticks": 1.0,
    "gradient_threshold": 1.5,
    "k_vol": 6.0,
    "size_base": 0.04,
    "size_exp": 2.0,
    "size_min_factor": 0.3
  },
  "snapshots_processed": 10000,
  "sharpe_ratio": -0.22958877697243235,
  "capital_base": 10000.0,
  "sharpe_horizon_seconds": 60.0
}