{
  "final_pnl": -0.1525503244374704,
  "final_inventory": -0.0020505123936829578,
  "fill_count": 24,
  "max_drawdown": 0.16171713379117136,
  "pnl_attribution": {
    "inventory_moves": -0.12978671852355003,
    "fees": -0.05082972500381563,
    "spread_capture": 0.03753557778483379,
    "adverse_selection": -0.003939608688562217,
    "funding_rates": 0.0
  },
  "additional_metrics": {
    "orders_placed": 1587,
    "orders_placed_buy": 820,
    "orders_placed_sell": 767,
    "maker_qty_placed": 4.3572198070666595,
    "maker_qty_filled": 0.029547233768288862,
    "maker_fill_qty_rate": 0.006781212579720752,
    "avg_fill_latency_sec": 0.25041663646698,
    "std_fill_latency_sec": 0.0004929709158404626,
    "avg_queue_position": 1.4511780107692756,
    "std_queue_position": 1.312311484659506,
    "avg_order_lifetime_sec": 0.25041663646698,
    "std_order_lifetime_sec": 0.0004929709158404626,
    "avg_competition_size": 0.25981923311495886,
    "std_competition_size": 0.0501997427690595,
    "forced_liquidations": 0,
    "avg_forced_liq_cost": 0.0,
    "std_forced_liq_cost": 0.0,
    "taker_qty_hedge": 0.0,
    "taker_qty_cross": 0.0,
    "taker_trades_hedge": 0,
    "taker_trades_cross": 0,
    "taker_qty_total": 0.0,
    "notional_traded_btc": 0.029547233768288862,
    "notional_traded_usdt": 508.29725003815616
  },
  "strategy": "skew_mid_spread",
  "strategy_kwargs": {
    "extra_spread_ticks": 24.0,
    "gamma": 0.08,
    "gamma_cap_factor": 5.0,
    "gamma_imb": 0.5,
    "gamma_inv_scale": 4.0,
    "gamma_vol_scale": 0.0,
    "gradient_penalty_ticks": 1.0,
    "gradient_threshold": 1.5,
    "k_vol": 4.0,
    "size_base": 0.005,
    "size_exp": 2.0,
    "size_min_factor": 0.3
  },
  "snapshots_processed": 10000,
  "sharpe_ratio": -0.2623612397959332,
  "capital_base": 10000.0,
  "sharpe_horizon_seconds": 60.0
}