{
  "final_pnl": -2.9560775307400036,
  "final_inventory": -0.023305231213327338,
  "fill_count": 1392,
  "max_drawdown": 4.193150979050188,
  "pnl_attribution": {
    "inventory_moves": -2.123015449015249,
    "fees": -2.0509699161058275,
    "spread_capture": 1.5510850201826334,
    "adverse_selection": -0.21552241424654542,
    "funding_rates": 0.0
  },
  "additional_metrics": {
    "orders_placed": 2964,
    "orders_placed_buy": 1540,
    "orders_placed_sell": 1424,
    "maker_qty_placed": 64.95042698840128,
    "maker_qty_filled": 1.5272127626193694,
    "maker_fill_qty_rate": 0.023513513820195456,
    "avg_fill_latency_sec": 0.015073876660558348,
    "std_fill_latency_sec": 0.059576097513195564,
    "avg_queue_position": 0.06004071651627054,
    "std_queue_position": 0.3887309890892448,
    "avg_order_lifetime_sec": 0.015073876660558348,
    "std_order_lifetime_sec": 0.059576097513195564,
    "avg_competition_size": 0.35432442602073533,
    "std_competition_size": 0.06665607929195445,
    "forced_liquidations": 0,
    "avg_forced_liq_cost": 0.0,
    "std_forced_liq_cost": 0.0,
    "taker_qty_hedge": 0.49667723916415696,
    "taker_qty_cross": 0.0,
    "taker_trades_hedge": 1234,
    "taker_trades_cross": 0,
    "taker_qty_total": 0.49667723916415696,
    "notional_traded_btc": 2.0238900017835273,
    "notional_traded_usdt": 34814.68184073983
  },
  "strategy": "skew_mid_spread",
  "strategy_kwargs": {
    "extra_spread_ticks": 20.0,
    "gamma": 0.16,
    "gamma_cap_factor": 5.0,
    "gamma_imb": 0.5,
    "gamma_inv_scale": 1.0,
    "gamma_vol_scale": 2.0,
    "gradient_penalty_ticks": 1.0,
    "gradient_threshold": 1.5,
    "k_vol": 6.0,
    "size_base": 0.04,
    "size_exp": 2.0,
    "size_min_factor": 0.3
  },
  "snapshots_processed": 10000,
  "sharpe_ratio": -0.2902177975515872,
  "capital_base": 10000.0,
  "sharpe_horizon_seconds": 60.0
}