{
  "final_pnl": -2.0903825984714786,
  "final_inventory": 0.10000039813545954,
  "fill_count": 5111,
  "max_drawdown": 5.122858987910149,
  "pnl_attribution": {
    "inventory_moves": 0.5435088167200951,
    "fees": -3.9344818939304687,
    "spread_capture": 1.4832688897098352,
    "adverse_selection": -0.1528517264533161,
    "funding_rates": 0.0
  },
  "additional_metrics": {
    "orders_placed": 2963,
    "orders_placed_buy": 1540,
    "orders_placed_sell": 1423,
    "maker_qty_placed": 64.85494354387554,
    "maker_qty_filled": 1.070646644674082,
    "maker_fill_qty_rate": 0.016508327448466135,
    "avg_fill_latency_sec": 0.002925969972935161,
    "std_fill_latency_sec": 0.026917002663624977,
    "avg_queue_position": 0.012509096242370487,
    "std_queue_position": 0.2136701278736,
    "avg_order_lifetime_sec": 0.002925969972935161,
    "std_order_lifetime_sec": 0.026917002663624977,
    "avg_competition_size": 0.35621506606567993,
    "std_competition_size": 0.0670484002545584,
    "forced_liquidations": 0,
    "avg_forced_liq_cost": 0.0,
    "std_forced_liq_cost": 0.0,
    "taker_qty_hedge": 0.405592232571147,
    "taker_qty_cross": 0.0,
    "taker_trades_hedge": 4993,
    "taker_trades_cross": 0,
    "taker_qty_total": 0.405592232571147,
    "notional_traded_btc": 1.4762388772452288,
    "notional_traded_usdt": 25391.204646908067
  },
  "strategy": "skew_mid_spread",
  "strategy_kwargs": {
    "extra_spread_ticks": 26.0,
    "gamma": 0.08,
    "gamma_cap_factor": 5.0,
    "gamma_imb": 0.5,
    "gamma_inv_scale": 1.0,
    "gamma_vol_scale": 2.0,
    "gradient_penalty_ticks": 1.0,
    "gradient_threshold": 1.5,
    "k_vol": 8.0,
    "size_base": 0.04,
    "size_exp": 2.0,
    "size_min_factor": 0.3
  },
  "snapshots_processed": 10000,
  "sharpe_ratio": -0.13544277490355605,
  "capital_base": 10000.0,
  "sharpe_horizon_seconds": 60.0
}