{
  "final_pnl": -23.86171977084814,
  "final_inventory": 0.019299492899840634,
  "fill_count": 329,
  "max_drawdown": 23.86171977084814,
  "pnl_attribution": {
    "inventory_moves": -0.07081226230261817,
    "fees": -18.271143581681233,
    "spread_capture": 1.811872794525745,
    "adverse_selection": -7.018465793650844,
    "funding_rates": 0.0
  },
  "additional_metrics": {
    "orders_placed": 538,
    "orders_placed_buy": 266,
    "orders_placed_sell": 272,
    "maker_qty_placed": 12.342734729695742,
    "maker_qty_filled": 2.886085678538903,
    "maker_fill_qty_rate": 0.23382870504339576,
    "avg_fill_latency_sec": 0.16950504948394468,
    "std_fill_latency_sec": 0.1249980903609639,
    "avg_queue_position": 1.1168184406939818,
    "std_queue_position": 1.3713979779531966,
    "avg_order_lifetime_sec": 0.1783838356384123,
    "std_order_lifetime_sec": 0.12410480841024846,
    "avg_competition_size": 0.8783205486545768,
    "std_competition_size": 0.17541369112571828,
    "forced_liquidations": 36,
    "avg_forced_liq_cost": 0.1831391486498334,
    "std_forced_liq_cost": 0.1099802893019169
  },
  "strategy": "skew_mid_spread",
  "strategy_kwargs": {
    "gamma": 0.1,
    "gamma_cap_factor": 5.0,
    "gamma_imb": 0.5,
    "gamma_inv_scale": 4.0,
    "gamma_vol_scale": 2.0,
    "gradient_penalty_ticks": 1.0,
    "gradient_threshold": 1.5,
    "k_vol": 1.3,
    "size_base": 0.04,
    "size_exp": 2.0,
    "size_min_factor": 0.3
  },
  "snapshots_processed": 1000,
  "sharpe_ratio": -1.2766624553264139,
  "capital_base": 10000.0,
  "sharpe_horizon_seconds": 60.0
}