{
  "final_pnl": -3.394235298581407,
  "final_inventory": 0.0015995727585069175,
  "fill_count": 278,
  "max_drawdown": 3.394235298581407,
  "pnl_attribution": {
    "inventory_moves": -0.27866588967727446,
    "fees": -3.5498041741265554,
    "spread_capture": 0.5342098205782692,
    "adverse_selection": -0.09972194993766864,
    "funding_rates": 0.0
  },
  "additional_metrics": {
    "orders_placed": 537,
    "orders_placed_buy": 263,
    "orders_placed_sell": 274,
    "maker_qty_placed": 3.08335036580252,
    "maker_qty_filled": 0.662991888064804,
    "maker_fill_qty_rate": 0.21502320833144875,
    "avg_fill_latency_sec": 0.19497467747217492,
    "std_fill_latency_sec": 0.11489350606478715,
    "avg_queue_position": 1.1922732728832075,
    "std_queue_position": 1.4327639354001767,
    "avg_order_lifetime_sec": 0.2076835360708116,
    "std_order_lifetime_sec": 0.10986683544336663,
    "avg_competition_size": 0.6694106189526521,
    "std_competition_size": 0.13070667148632958,
    "forced_liquidations": 0,
    "avg_forced_liq_cost": 0.0,
    "std_forced_liq_cost": 0.0
  },
  "strategy": "skew_mid_spread",
  "strategy_kwargs": {
    "gamma": 0.1,
    "gamma_cap_factor": 5.0,
    "gamma_imb": 0.5,
    "gamma_inv_scale": 4.0,
    "gamma_vol_scale": 2.0,
    "gradient_penalty_ticks": 1.0,
    "gradient_threshold": 1.5,
    "k_vol": 1.3,
    "size_base": 0.01,
    "size_exp": 3.0,
    "size_min_factor": 0.3
  },
  "snapshots_processed": 1000,
  "sharpe_ratio": -1.2100464669661486,
  "capital_base": 10000.0,
  "sharpe_horizon_seconds": 60.0
}