{
  "final_pnl": -16.50900176601499,
  "final_inventory": 0.044904729720328024,
  "fill_count": 305,
  "max_drawdown": 16.50900176601499,
  "pnl_attribution": {
    "inventory_moves": -0.4250367710104441,
    "fees": -15.06003888040366,
    "spread_capture": 1.986507474081264,
    "adverse_selection": -2.8561467590429763,
    "funding_rates": 0.0
  },
  "additional_metrics": {
    "orders_placed": 532,
    "orders_placed_buy": 260,
    "orders_placed_sell": 272,
    "maker_qty_placed": 12.19245410736802,
    "maker_qty_filled": 2.7846481261691003,
    "maker_fill_qty_rate": 0.22839110991496864,
    "avg_fill_latency_sec": 0.1889371395111084,
    "std_fill_latency_sec": 0.11430796114145259,
    "avg_queue_position": 1.2383026386641458,
    "std_queue_position": 1.371600464086706,
    "avg_order_lifetime_sec": 0.19898285184587752,
    "std_order_lifetime_sec": 0.11141097122276789,
    "avg_competition_size": 0.8774189248746257,
    "std_competition_size": 0.17384979195019837,
    "forced_liquidations": 15,
    "avg_forced_liq_cost": 0.16466804286956943,
    "std_forced_liq_cost": 0.09788722610700054
  },
  "strategy": "skew_mid_spread",
  "strategy_kwargs": {
    "gamma": 0.1,
    "gamma_cap_factor": 5.0,
    "gamma_imb": 0.5,
    "gamma_inv_scale": 4.0,
    "gamma_vol_scale": 2.0,
    "gradient_penalty_ticks": 1.0,
    "gradient_threshold": 1.5,
    "k_vol": 1.3,
    "size_base": 0.04,
    "size_exp": 3.0,
    "size_min_factor": 0.2
  },
  "snapshots_processed": 1000,
  "sharpe_ratio": -1.0948043415820639,
  "capital_base": 10000.0,
  "sharpe_horizon_seconds": 60.0
}