{
  "final_pnl": -22.21804360810347,
  "final_inventory": 0.03509276954234171,
  "fill_count": 314,
  "max_drawdown": 22.21804360810347,
  "pnl_attribution": {
    "inventory_moves": -0.08666911388184864,
    "fees": -18.0149943019879,
    "spread_capture": 1.9667144447350107,
    "adverse_selection": -5.76052964605678,
    "funding_rates": 0.0
  },
  "additional_metrics": {
    "orders_placed": 536,
    "orders_placed_buy": 264,
    "orders_placed_sell": 272,
    "maker_qty_placed": 12.317012263910515,
    "maker_qty_filled": 2.74756027489041,
    "maker_fill_qty_rate": 0.22307035310347983,
    "avg_fill_latency_sec": 0.1674052589818051,
    "std_fill_latency_sec": 0.12603085824063634,
    "avg_queue_position": 1.0917104278712155,
    "std_queue_position": 1.3825156958570497,
    "avg_order_lifetime_sec": 0.17533683651372006,
    "std_order_lifetime_sec": 0.12578038963088853,
    "avg_competition_size": 0.876143882906541,
    "std_competition_size": 0.1759800052989456,
    "forced_liquidations": 33,
    "avg_forced_liq_cost": 0.16176959380303194,
    "std_forced_liq_cost": 0.08524671686904875
  },
  "strategy": "skew_mid_spread",
  "strategy_kwargs": {
    "gamma": 0.1,
    "gamma_cap_factor": 5.0,
    "gamma_imb": 0.5,
    "gamma_inv_scale": 4.0,
    "gamma_vol_scale": 2.0,
    "gradient_penalty_ticks": 1.0,
    "gradient_threshold": 1.5,
    "k_vol": 1.3,
    "size_base": 0.04,
    "size_exp": 3.0,
    "size_min_factor": 0.1
  },
  "snapshots_processed": 1000,
  "sharpe_ratio": -1.3155798351501242,
  "capital_base": 10000.0,
  "sharpe_horizon_seconds": 60.0
}