{
  "final_pnl": -3.4504455299775145,
  "final_inventory": 0.0036599555852590395,
  "fill_count": 273,
  "max_drawdown": 3.4504455299775145,
  "pnl_attribution": {
    "inventory_moves": -0.2614528883332875,
    "fees": -3.593445141569117,
    "spread_capture": 0.5022666642091201,
    "adverse_selection": -0.09609570708566387,
    "funding_rates": 0.0
  },
  "additional_metrics": {
    "orders_placed": 540,
    "orders_placed_buy": 266,
    "orders_placed_sell": 274,
    "maker_qty_placed": 3.1073255023437722,
    "maker_qty_filled": 0.6559767867001162,
    "maker_fill_qty_rate": 0.21110655649217647,
    "avg_fill_latency_sec": 0.19105768509400198,
    "std_fill_latency_sec": 0.11385140891621794,
    "avg_queue_position": 1.1855491689750874,
    "std_queue_position": 1.4582792082585352,
    "avg_order_lifetime_sec": 0.20392947777723655,
    "std_order_lifetime_sec": 0.10916319303620743,
    "avg_competition_size": 0.6641959447535047,
    "std_competition_size": 0.1287829784056393,
    "forced_liquidations": 0,
    "avg_forced_liq_cost": 0.0,
    "std_forced_liq_cost": 0.0
  },
  "strategy": "skew_mid_spread",
  "strategy_kwargs": {
    "gamma": 0.1,
    "gamma_cap_factor": 5.0,
    "gamma_imb": 0.5,
    "gamma_inv_scale": 4.0,
    "gamma_vol_scale": 2.0,
    "gradient_penalty_ticks": 1.0,
    "gradient_threshold": 1.5,
    "k_vol": 1.3,
    "size_base": 0.01,
    "size_exp": 1.0,
    "size_min_factor": 0.3
  },
  "snapshots_processed": 1000,
  "sharpe_ratio": -1.1858703475979406,
  "capital_base": 10000.0,
  "sharpe_horizon_seconds": 60.0
}