{
  "final_pnl": -3.4098686849229125,
  "final_inventory": 0.007522962825274616,
  "fill_count": 267,
  "max_drawdown": 3.4098686849229125,
  "pnl_attribution": {
    "inventory_moves": -0.2598858388905432,
    "fees": -3.5915776531813117,
    "spread_capture": 0.5386976056881624,
    "adverse_selection": -0.09600800093976854,
    "funding_rates": 0.0
  },
  "additional_metrics": {
    "orders_placed": 608,
    "orders_placed_buy": 303,
    "orders_placed_sell": 305,
    "maker_qty_placed": 3.4562465038715824,
    "maker_qty_filled": 0.625737996104017,
    "maker_fill_qty_rate": 0.18104553462928188,
    "avg_fill_latency_sec": 0.18381817619521895,
    "std_fill_latency_sec": 0.1107263150109592,
    "avg_queue_position": 1.122581007636768,
    "std_queue_position": 1.4158877829354493,
    "avg_order_lifetime_sec": 0.19359739569874554,
    "std_order_lifetime_sec": 0.1049961939937901,
    "avg_competition_size": 0.6727736754249216,
    "std_competition_size": 0.13043333201124324,
    "forced_liquidations": 0,
    "avg_forced_liq_cost": 0.0,
    "std_forced_liq_cost": 0.0
  },
  "strategy": "skew_mid_spread",
  "strategy_kwargs": {
    "gamma": 0.1,
    "gamma_cap_factor": 5.0,
    "gamma_imb": 0.5,
    "gamma_inv_scale": 4.0,
    "gamma_vol_scale": 2.0,
    "gradient_penalty_ticks": 1.0,
    "gradient_threshold": 1.5,
    "k_vol": 1.3,
    "size_base": 0.01,
    "size_exp": 3.0,
    "size_min_factor": 0.1
  },
  "snapshots_processed": 1000,
  "sharpe_ratio": -1.097710827057455,
  "capital_base": 10000.0,
  "sharpe_horizon_seconds": 60.0
}