{
  "final_pnl": -7.661651264465036,
  "final_inventory": 0.013886599485651175,
  "fill_count": 279,
  "max_drawdown": 7.661651264465036,
  "pnl_attribution": {
    "inventory_moves": -0.6411550121324858,
    "fees": -7.56826490410674,
    "spread_capture": 0.9481116106370603,
    "adverse_selection": -0.37796384264588756,
    "funding_rates": 0.0
  },
  "additional_metrics": {
    "orders_placed": 607,
    "orders_placed_buy": 303,
    "orders_placed_sell": 304,
    "maker_qty_placed": 6.9054679355834425,
    "maker_qty_filled": 1.2765503332538652,
    "maker_fill_qty_rate": 0.18486080091341553,
    "avg_fill_latency_sec": 0.18091974876545094,
    "std_fill_latency_sec": 0.11220401003670141,
    "avg_queue_position": 1.1309536566637746,
    "std_queue_position": 1.3826953556578345,
    "avg_order_lifetime_sec": 0.1917654275894165,
    "std_order_lifetime_sec": 0.1061607504274454,
    "avg_competition_size": 0.7272940880332042,
    "std_competition_size": 0.14412124739436435,
    "forced_liquidations": 2,
    "avg_forced_liq_cost": 0.08932268163266055,
    "std_forced_liq_cost": 0.01014680579350525
  },
  "strategy": "skew_mid_spread",
  "strategy_kwargs": {
    "gamma": 0.1,
    "gamma_cap_factor": 5.0,
    "gamma_imb": 0.5,
    "gamma_inv_scale": 4.0,
    "gamma_vol_scale": 2.0,
    "gradient_penalty_ticks": 1.0,
    "gradient_threshold": 1.5,
    "k_vol": 1.3,
    "size_base": 0.02,
    "size_exp": 2.0,
    "size_min_factor": 0.2
  },
  "snapshots_processed": 1000,
  "sharpe_ratio": -1.2142129881547519,
  "capital_base": 10000.0,
  "sharpe_horizon_seconds": 60.0
}