{
  "final_pnl": -3.351384696250534,
  "final_inventory": 0.008119204422359865,
  "fill_count": 263,
  "max_drawdown": 3.351384696250534,
  "pnl_attribution": {
    "inventory_moves": -0.22700188593191759,
    "fees": -3.4970768568430612,
    "spread_capture": 0.4655034770892363,
    "adverse_selection": -0.09903723221339392,
    "funding_rates": 0.0
  },
  "additional_metrics": {
    "orders_placed": 607,
    "orders_placed_buy": 303,
    "orders_placed_sell": 304,
    "maker_qty_placed": 3.454463910984644,
    "maker_qty_filled": 0.6209267328905025,
    "maker_fill_qty_rate": 0.17974619185224502,
    "avg_fill_latency_sec": 0.18576820480902465,
    "std_fill_latency_sec": 0.10962243291379443,
    "avg_queue_position": 1.11715747167355,
    "std_queue_position": 1.4101739414058077,
    "avg_order_lifetime_sec": 0.19740396619632544,
    "std_order_lifetime_sec": 0.10236838548651037,
    "avg_competition_size": 0.6625190589291927,
    "std_competition_size": 0.12648050396417043,
    "forced_liquidations": 0,
    "avg_forced_liq_cost": 0.0,
    "std_forced_liq_cost": 0.0
  },
  "strategy": "skew_mid_spread",
  "strategy_kwargs": {
    "gamma": 0.1,
    "gamma_cap_factor": 5.0,
    "gamma_imb": 0.5,
    "gamma_inv_scale": 4.0,
    "gamma_vol_scale": 2.0,
    "gradient_penalty_ticks": 1.0,
    "gradient_threshold": 1.5,
    "k_vol": 1.3,
    "size_base": 0.01,
    "size_exp": 1.0,
    "size_min_factor": 0.3
  },
  "snapshots_processed": 1000,
  "sharpe_ratio": -1.1242134256047918,
  "capital_base": 10000.0,
  "sharpe_horizon_seconds": 60.0
}