{
  "final_pnl": -1.7449347995006974,
  "final_inventory": 0.0027086062752316687,
  "fill_count": 267,
  "max_drawdown": 1.7449347995006974,
  "pnl_attribution": {
    "inventory_moves": -0.12975231237801274,
    "fees": -1.801367386854197,
    "spread_capture": 0.22977553437497344,
    "adverse_selection": -0.045846793777182225,
    "funding_rates": 0.0
  },
  "additional_metrics": {
    "orders_placed": 609,
    "orders_placed_buy": 304,
    "orders_placed_sell": 305,
    "maker_qty_placed": 1.7322385375897764,
    "maker_qty_filled": 0.31479484412969333,
    "maker_fill_qty_rate": 0.18172719131840612,
    "avg_fill_latency_sec": 0.18379220250365022,
    "std_fill_latency_sec": 0.11070949588310178,
    "avg_queue_position": 1.095560264619567,
    "std_queue_position": 1.4151975830805068,
    "avg_order_lifetime_sec": 0.19357142200717678,
    "std_order_lifetime_sec": 0.10498087635768862,
    "avg_competition_size": 0.6390303981175784,
    "std_competition_size": 0.12669057325496114,
    "forced_liquidations": 0,
    "avg_forced_liq_cost": 0.0,
    "std_forced_liq_cost": 0.0
  },
  "strategy": "skew_mid_spread",
  "strategy_kwargs": {
    "gamma": 0.1,
    "gamma_cap_factor": 5.0,
    "gamma_imb": 0.5,
    "gamma_inv_scale": 4.0,
    "gamma_vol_scale": 2.0,
    "gradient_penalty_ticks": 1.0,
    "gradient_threshold": 1.5,
    "k_vol": 1.3,
    "size_base": 0.005,
    "size_exp": 1.0,
    "size_min_factor": 0.1
  },
  "snapshots_processed": 1000,
  "sharpe_ratio": -1.1510940056263745,
  "capital_base": 10000.0,
  "sharpe_horizon_seconds": 60.0
}