{
  "final_pnl": -3.448203183210353,
  "final_inventory": 0.00663614250213441,
  "fill_count": 271,
  "max_drawdown": 3.448203183210353,
  "pnl_attribution": {
    "inventory_moves": -0.24648340582138226,
    "fees": -3.5057562916757834,
    "spread_capture": 0.39438567628150334,
    "adverse_selection": -0.0953488994315382,
    "funding_rates": 0.0
  },
  "additional_metrics": {
    "orders_placed": 535,
    "orders_placed_buy": 260,
    "orders_placed_sell": 275,
    "maker_qty_placed": 3.06941718115995,
    "maker_qty_filled": 0.6399608524334588,
    "maker_fill_qty_rate": 0.208495885264972,
    "avg_fill_latency_sec": 0.18905160657821163,
    "std_fill_latency_sec": 0.11145048119887582,
    "avg_queue_position": 1.159514110740988,
    "std_queue_position": 1.406768926057922,
    "avg_order_lifetime_sec": 0.2116903151235273,
    "std_order_lifetime_sec": 0.12116677879297243,
    "avg_competition_size": 0.6679293211416313,
    "std_competition_size": 0.12394011369076688,
    "forced_liquidations": 0,
    "avg_forced_liq_cost": 0.0,
    "std_forced_liq_cost": 0.0
  },
  "strategy": "skew_mid_spread",
  "strategy_kwargs": {
    "gamma": 0.1,
    "gamma_cap_factor": 5.0,
    "gamma_imb": 0.5,
    "gamma_inv_scale": 4.0,
    "gamma_vol_scale": 2.0,
    "gradient_penalty_ticks": 1.0,
    "gradient_threshold": 1.5,
    "k_vol": 1.3,
    "size_base": 0.01,
    "size_exp": 3.0,
    "size_min_factor": 0.1
  },
  "snapshots_processed": 1000,
  "sharpe_ratio": -1.1993503981767013,
  "capital_base": 10000.0,
  "sharpe_horizon_seconds": 60.0
}