{
  "final_pnl": -1.7210268686521886,
  "final_inventory": 0.0027147350786262967,
  "fill_count": 265,
  "max_drawdown": 1.7210268686521886,
  "pnl_attribution": {
    "inventory_moves": -0.11472144367718466,
    "fees": -1.790555157184054,
    "spread_capture": 0.23043300473953954,
    "adverse_selection": -0.04943614472939008,
    "funding_rates": 0.0
  },
  "additional_metrics": {
    "orders_placed": 606,
    "orders_placed_buy": 302,
    "orders_placed_sell": 304,
    "maker_qty_placed": 1.7226682513481575,
    "maker_qty_filled": 0.3135056846308487,
    "maker_fill_qty_rate": 0.18198842660825706,
    "avg_fill_latency_sec": 0.18333986226250143,
    "std_fill_latency_sec": 0.1109288231329365,
    "avg_queue_position": 1.0718614738088819,
    "std_queue_position": 1.388641299141087,
    "avg_order_lifetime_sec": 0.1964640445958555,
    "std_order_lifetime_sec": 0.1030285804342869,
    "avg_competition_size": 0.632372729039646,
    "std_competition_size": 0.12264120812654443,
    "forced_liquidations": 0,
    "avg_forced_liq_cost": 0.0,
    "std_forced_liq_cost": 0.0
  },
  "strategy": "skew_mid_spread",
  "strategy_kwargs": {
    "gamma": 0.1,
    "gamma_cap_factor": 5.0,
    "gamma_imb": 0.5,
    "gamma_inv_scale": 4.0,
    "gamma_vol_scale": 2.0,
    "gradient_penalty_ticks": 1.0,
    "gradient_threshold": 1.5,
    "k_vol": 1.3,
    "size_base": 0.005,
    "size_exp": 2.0,
    "size_min_factor": 0.3
  },
  "snapshots_processed": 1000,
  "sharpe_ratio": -1.1401009548051881,
  "capital_base": 10000.0,
  "sharpe_horizon_seconds": 60.0
}