{
  "final_pnl": -0.2901681051716878,
  "final_inventory": 0.00723464420123808,
  "fill_count": 32,
  "max_drawdown": 0.392975841075895,
  "pnl_attribution": {
    "inventory_moves": -0.2624706370986094,
    "fees": -0.0632776381102947,
    "spread_capture": 0.04316005260074006,
    "adverse_selection": -0.005156972065228931,
    "funding_rates": 0.0
  },
  "additional_metrics": {
    "orders_placed": 1589,
    "orders_placed_buy": 822,
    "orders_placed_sell": 767,
    "maker_qty_placed": 4.363222894792423,
    "maker_qty_filled": 0.03679110542985702,
    "maker_fill_qty_rate": 0.008432093962874967,
    "avg_fill_latency_sec": 0.25093746185302734,
    "std_fill_latency_sec": 0.0007473794963649439,
    "avg_queue_position": 0.864249126260086,
    "std_queue_position": 1.1014461594042624,
    "avg_order_lifetime_sec": 0.25093746185302734,
    "std_order_lifetime_sec": 0.0007473794963649439,
    "avg_competition_size": 0.25939213888558493,
    "std_competition_size": 0.0494676054524806,
    "forced_liquidations": 0,
    "avg_forced_liq_cost": 0.0,
    "std_forced_liq_cost": 0.0,
    "taker_qty_hedge": 0.0,
    "taker_qty_cross": 0.0,
    "taker_trades_hedge": 0,
    "taker_trades_cross": 0,
    "taker_qty_total": 0.0,
    "notional_traded_btc": 0.03679110542985702,
    "notional_traded_usdt": 632.7763811029469
  },
  "strategy": "skew_mid_spread",
  "strategy_kwargs": {
    "extra_spread_ticks": 28.0,
    "gamma": 0.08,
    "gamma_cap_factor": 5.0,
    "gamma_imb": 0.5,
    "gamma_inv_scale": 2.0,
    "gamma_vol_scale": 0.0,
    "gradient_penalty_ticks": 1.0,
    "gradient_threshold": 1.5,
    "k_vol": 8.0,
    "size_base": 0.005,
    "size_exp": 2.0,
    "size_min_factor": 0.3
  },
  "snapshots_processed": 10000,
  "sharpe_ratio": -0.31542028989934473,
  "capital_base": 10000.0,
  "sharpe_horizon_seconds": 60.0
}