{
  "final_pnl": -3.157742872397648,
  "final_inventory": 0.00042048719363670974,
  "fill_count": 265,
  "max_drawdown": 3.157742872397648,
  "pnl_attribution": {
    "inventory_moves": -0.185722364940849,
    "fees": -3.280341807591049,
    "spread_capture": 0.40448424061022537,
    "adverse_selection": -0.09576535873606103,
    "funding_rates": 0.0
  },
  "additional_metrics": {
    "orders_placed": 534,
    "orders_placed_buy": 262,
    "orders_placed_sell": 272,
    "maker_qty_placed": 3.0731035663943533,
    "maker_qty_filled": 0.6366900192101776,
    "maker_fill_qty_rate": 0.20718143904183506,
    "avg_fill_latency_sec": 0.19835569874552272,
    "std_fill_latency_sec": 0.10965681870238733,
    "avg_queue_position": 1.15649245364963,
    "std_queue_position": 1.375548660559943,
    "avg_order_lifetime_sec": 0.21183220652125825,
    "std_order_lifetime_sec": 0.10356208287554297,
    "avg_competition_size": 0.6690820251150663,
    "std_competition_size": 0.1267037702455293,
    "forced_liquidations": 0,
    "avg_forced_liq_cost": 0.0,
    "std_forced_liq_cost": 0.0
  },
  "strategy": "skew_mid_spread",
  "strategy_kwargs": {
    "gamma": 0.1,
    "gamma_cap_factor": 5.0,
    "gamma_imb": 0.5,
    "gamma_inv_scale": 4.0,
    "gamma_vol_scale": 2.0,
    "gradient_penalty_ticks": 1.0,
    "gradient_threshold": 1.5,
    "k_vol": 1.3,
    "size_base": 0.01,
    "size_exp": 3.0,
    "size_min_factor": 0.1
  },
  "snapshots_processed": 1000,
  "sharpe_ratio": -1.217550515466608,
  "capital_base": 10000.0,
  "sharpe_horizon_seconds": 60.0
}