{
  "final_pnl": -8.063222569393474,
  "final_inventory": 0.01798422093029666,
  "fill_count": 281,
  "max_drawdown": 8.063222569393474,
  "pnl_attribution": {
    "inventory_moves": -0.2716724718680278,
    "fees": -7.569113706885866,
    "spread_capture": 0.9657096970396034,
    "adverse_selection": -1.1570793643299957,
    "funding_rates": 0.0
  },
  "additional_metrics": {
    "orders_placed": 605,
    "orders_placed_buy": 302,
    "orders_placed_sell": 303,
    "maker_qty_placed": 6.880492626064238,
    "maker_qty_filled": 1.2873281572482882,
    "maker_fill_qty_rate": 0.18709825403659539,
    "avg_fill_latency_sec": 0.17872560605770205,
    "std_fill_latency_sec": 0.11327967131707925,
    "avg_queue_position": 1.0959022406435623,
    "std_queue_position": 1.3638193978307107,
    "avg_order_lifetime_sec": 0.18943902050576558,
    "std_order_lifetime_sec": 0.10759727054690474,
    "avg_competition_size": 0.7355806982828423,
    "std_competition_size": 0.1457695395301192,
    "forced_liquidations": 12,
    "avg_forced_liq_cost": 0.08019802327242169,
    "std_forced_liq_cost": 0.05641748298730868
  },
  "strategy": "skew_mid_spread",
  "strategy_kwargs": {
    "gamma": 0.1,
    "gamma_cap_factor": 5.0,
    "gamma_imb": 0.5,
    "gamma_inv_scale": 4.0,
    "gamma_vol_scale": 2.0,
    "gradient_penalty_ticks": 1.0,
    "gradient_threshold": 1.5,
    "k_vol": 1.3,
    "size_base": 0.02,
    "size_exp": 1.0,
    "size_min_factor": 0.2
  },
  "snapshots_processed": 1000,
  "sharpe_ratio": -1.0778040988358015,
  "capital_base": 10000.0,
  "sharpe_horizon_seconds": 60.0
}