{
  "final_pnl": -7.643617907680891,
  "final_inventory": 0.013895236983903885,
  "fill_count": 276,
  "max_drawdown": 7.643617907680891,
  "pnl_attribution": {
    "inventory_moves": -0.6496929508082562,
    "fees": -7.561940958309559,
    "spread_capture": 0.7530125096072804,
    "adverse_selection": -0.17775478733774402,
    "funding_rates": 0.0
  },
  "additional_metrics": {
    "orders_placed": 537,
    "orders_placed_buy": 264,
    "orders_placed_sell": 273,
    "maker_qty_placed": 6.177708183091563,
    "maker_qty_filled": 1.2846232732525373,
    "maker_fill_qty_rate": 0.2079449587419104,
    "avg_fill_latency_sec": 0.1894437462091446,
    "std_fill_latency_sec": 0.13351946089266797,
    "avg_queue_position": 1.1039843584487787,
    "std_queue_position": 1.3205500164407724,
    "avg_order_lifetime_sec": 0.20354999601840973,
    "std_order_lifetime_sec": 0.13477832609058987,
    "avg_competition_size": 0.7372046371142073,
    "std_competition_size": 0.14286206360600073,
    "forced_liquidations": 0,
    "avg_forced_liq_cost": 0.0,
    "std_forced_liq_cost": 0.0
  },
  "strategy": "skew_mid_spread",
  "strategy_kwargs": {
    "gamma": 0.1,
    "gamma_cap_factor": 5.0,
    "gamma_imb": 0.5,
    "gamma_inv_scale": 4.0,
    "gamma_vol_scale": 2.0,
    "gradient_penalty_ticks": 1.0,
    "gradient_threshold": 1.5,
    "k_vol": 1.3,
    "size_base": 0.02,
    "size_exp": 2.0,
    "size_min_factor": 0.3
  },
  "snapshots_processed": 1000,
  "sharpe_ratio": -1.2235068497903985,
  "capital_base": 10000.0,
  "sharpe_horizon_seconds": 60.0
}