{
  "final_pnl": -3.540082224020807,
  "final_inventory": 0.0023746081600379476,
  "fill_count": 274,
  "max_drawdown": 3.540082224020807,
  "pnl_attribution": {
    "inventory_moves": -0.27522183975875514,
    "fees": -3.6306727074580034,
    "spread_capture": 0.4617670616754702,
    "adverse_selection": -0.09772781958414131,
    "funding_rates": 0.0
  },
  "additional_metrics": {
    "orders_placed": 540,
    "orders_placed_buy": 265,
    "orders_placed_sell": 275,
    "maker_qty_placed": 3.106876756113978,
    "maker_qty_filled": 0.6521187434126382,
    "maker_fill_qty_rate": 0.209895272520657,
    "avg_fill_latency_sec": 0.18982801923326625,
    "std_fill_latency_sec": 0.11449479857988779,
    "avg_queue_position": 1.1465225424378787,
    "std_queue_position": 1.4199708871714758,
    "avg_order_lifetime_sec": 0.2026178259758433,
    "std_order_lifetime_sec": 0.11001218459574652,
    "avg_competition_size": 0.6673797174911053,
    "std_competition_size": 0.1305805486434402,
    "forced_liquidations": 0,
    "avg_forced_liq_cost": 0.0,
    "std_forced_liq_cost": 0.0
  },
  "strategy": "skew_mid_spread",
  "strategy_kwargs": {
    "gamma": 0.1,
    "gamma_cap_factor": 5.0,
    "gamma_imb": 0.5,
    "gamma_inv_scale": 4.0,
    "gamma_vol_scale": 2.0,
    "gradient_penalty_ticks": 1.0,
    "gradient_threshold": 1.5,
    "k_vol": 1.3,
    "size_base": 0.01,
    "size_exp": 2.0,
    "size_min_factor": 0.1
  },
  "snapshots_processed": 1000,
  "sharpe_ratio": -1.160373733898573,
  "capital_base": 10000.0,
  "sharpe_horizon_seconds": 60.0
}