{
  "final_pnl": -1.714875214625863,
  "final_inventory": 0.0035503497273512,
  "fill_count": 264,
  "max_drawdown": 1.714875214625863,
  "pnl_attribution": {
    "inventory_moves": -0.13501282572283707,
    "fees": -1.7661910552636748,
    "spread_capture": 0.22915244582374208,
    "adverse_selection": -0.04794870199083762,
    "funding_rates": 0.0
  },
  "additional_metrics": {
    "orders_placed": 608,
    "orders_placed_buy": 303,
    "orders_placed_sell": 305,
    "maker_qty_placed": 1.7286332254053944,
    "maker_qty_filled": 0.3107696424583977,
    "maker_fill_qty_rate": 0.17977766358477626,
    "avg_fill_latency_sec": 0.18456578411554037,
    "std_fill_latency_sec": 0.11030046387846587,
    "avg_queue_position": 1.0998437536672536,
    "std_queue_position": 1.4174795429906086,
    "avg_order_lifetime_sec": 0.1961249944410826,
    "std_order_lifetime_sec": 0.10328214205376364,
    "avg_competition_size": 0.6357793857096997,
    "std_competition_size": 0.12314159058500551,
    "forced_liquidations": 0,
    "avg_forced_liq_cost": 0.0,
    "std_forced_liq_cost": 0.0
  },
  "strategy": "skew_mid_spread",
  "strategy_kwargs": {
    "gamma": 0.1,
    "gamma_cap_factor": 5.0,
    "gamma_imb": 0.5,
    "gamma_inv_scale": 4.0,
    "gamma_vol_scale": 2.0,
    "gradient_penalty_ticks": 1.0,
    "gradient_threshold": 1.5,
    "k_vol": 1.3,
    "size_base": 0.005,
    "size_exp": 2.0,
    "size_min_factor": 0.1
  },
  "snapshots_processed": 1000,
  "sharpe_ratio": -1.213723874603642,
  "capital_base": 10000.0,
  "sharpe_horizon_seconds": 60.0
}