{
  "final_pnl": -16.039332889104116,
  "final_inventory": 0.0398897291863331,
  "fill_count": 284,
  "max_drawdown": 16.039332889104116,
  "pnl_attribution": {
    "inventory_moves": -1.3857334583346017,
    "fees": -15.394079307519796,
    "spread_capture": 1.696062870911474,
    "adverse_selection": -0.9384345628140159,
    "funding_rates": 0.0
  },
  "additional_metrics": {
    "orders_placed": 608,
    "orders_placed_buy": 303,
    "orders_placed_sell": 305,
    "maker_qty_placed": 13.822341804320299,
    "maker_qty_filled": 2.587025683786427,
    "maker_fill_qty_rate": 0.18716261834719125,
    "avg_fill_latency_sec": 0.1780421647680811,
    "std_fill_latency_sec": 0.11355521481490274,
    "avg_queue_position": 1.2023534459885326,
    "std_queue_position": 1.4191548577607496,
    "avg_order_lifetime_sec": 0.18712047783725233,
    "std_order_lifetime_sec": 0.10890366869481073,
    "avg_competition_size": 0.8776270246764544,
    "std_competition_size": 0.16993216848906226,
    "forced_liquidations": 5,
    "avg_forced_liq_cost": 0.10616194898403974,
    "std_forced_liq_cost": 0.09616423282653205
  },
  "strategy": "skew_mid_spread",
  "strategy_kwargs": {
    "gamma": 0.1,
    "gamma_cap_factor": 5.0,
    "gamma_imb": 0.5,
    "gamma_inv_scale": 4.0,
    "gamma_vol_scale": 2.0,
    "gradient_penalty_ticks": 1.0,
    "gradient_threshold": 1.5,
    "k_vol": 1.3,
    "size_base": 0.04,
    "size_exp": 2.0,
    "size_min_factor": 0.2
  },
  "snapshots_processed": 1000,
  "sharpe_ratio": -1.2425249887968206,
  "capital_base": 10000.0,
  "sharpe_horizon_seconds": 60.0
}