{
  "final_pnl": -3.416838244162136,
  "final_inventory": 0.004349433286503782,
  "fill_count": 273,
  "max_drawdown": 3.416838244162136,
  "pnl_attribution": {
    "inventory_moves": -0.226043762229898,
    "fees": -3.5745088200645907,
    "spread_capture": 0.476714582032279,
    "adverse_selection": -0.09495164477334687,
    "funding_rates": 0.0
  },
  "additional_metrics": {
    "orders_placed": 538,
    "orders_placed_buy": 266,
    "orders_placed_sell": 272,
    "maker_qty_placed": 3.0949585376324853,
    "maker_qty_filled": 0.6491667832474439,
    "maker_fill_qty_rate": 0.20974975120152323,
    "avg_fill_latency_sec": 0.1927179434360602,
    "std_fill_latency_sec": 0.1164306634360015,
    "avg_queue_position": 1.1255828057453452,
    "std_queue_position": 1.3932703112462266,
    "avg_order_lifetime_sec": 0.2055897361192948,
    "std_order_lifetime_sec": 0.11165938289029143,
    "avg_competition_size": 0.6750329860325611,
    "std_competition_size": 0.13012340319541568,
    "forced_liquidations": 0,
    "avg_forced_liq_cost": 0.0,
    "std_forced_liq_cost": 0.0
  },
  "strategy": "skew_mid_spread",
  "strategy_kwargs": {
    "gamma": 0.1,
    "gamma_cap_factor": 5.0,
    "gamma_imb": 0.5,
    "gamma_inv_scale": 4.0,
    "gamma_vol_scale": 2.0,
    "gradient_penalty_ticks": 1.0,
    "gradient_threshold": 1.5,
    "k_vol": 1.3,
    "size_base": 0.01,
    "size_exp": 2.0,
    "size_min_factor": 0.3
  },
  "snapshots_processed": 1000,
  "sharpe_ratio": -1.1848860554753409,
  "capital_base": 10000.0,
  "sharpe_horizon_seconds": 60.0
}