{
  "final_pnl": -16.477674007297537,
  "final_inventory": 0.05055294986386878,
  "fill_count": 296,
  "max_drawdown": 16.477674007297537,
  "pnl_attribution": {
    "inventory_moves": -0.5340895649857766,
    "fees": -15.100793532522994,
    "spread_capture": 1.714151518412497,
    "adverse_selection": -2.4838505734090393,
    "funding_rates": 0.0
  },
  "additional_metrics": {
    "orders_placed": 538,
    "orders_placed_buy": 266,
    "orders_placed_sell": 272,
    "maker_qty_placed": 12.344318532588328,
    "maker_qty_filled": 2.690970236672668,
    "maker_fill_qty_rate": 0.21799261170786005,
    "avg_fill_latency_sec": 0.1860643255780315,
    "std_fill_latency_sec": 0.11602889077375239,
    "avg_queue_position": 1.2296629082388009,
    "std_queue_position": 1.4111684239044038,
    "avg_order_lifetime_sec": 0.19634502533583614,
    "std_order_lifetime_sec": 0.11335852516736203,
    "avg_competition_size": 0.8757171641770503,
    "std_competition_size": 0.17379783990692116,
    "forced_liquidations": 12,
    "avg_forced_liq_cost": 0.17437939129230148,
    "std_forced_liq_cost": 0.11589533112346145
  },
  "strategy": "skew_mid_spread",
  "strategy_kwargs": {
    "gamma": 0.1,
    "gamma_cap_factor": 5.0,
    "gamma_imb": 0.5,
    "gamma_inv_scale": 4.0,
    "gamma_vol_scale": 2.0,
    "gradient_penalty_ticks": 1.0,
    "gradient_threshold": 1.5,
    "k_vol": 1.3,
    "size_base": 0.04,
    "size_exp": 1.0,
    "size_min_factor": 0.2
  },
  "snapshots_processed": 1000,
  "sharpe_ratio": -1.089738870241842,
  "capital_base": 10000.0,
  "sharpe_horizon_seconds": 60.0
}