{
  "final_pnl": -22.636759944000005,
  "final_inventory": 0.031013999999999944,
  "fill_count": 332,
  "max_drawdown": 22.636759944000005,
  "pnl_attribution": {
    "inventory_moves": -0.15401237905376458,
    "fees": -18.26313591740549,
    "spread_capture": 1.9688080292968364,
    "adverse_selection": -5.911137638871062,
    "funding_rates": 0.0
  },
  "additional_metrics": {
    "orders_placed": 537,
    "orders_placed_buy": 266,
    "orders_placed_sell": 271,
    "maker_qty_placed": 12.309316358539027,
    "maker_qty_filled": 2.8357358795647665,
    "maker_fill_qty_rate": 0.2303731415268732,
    "avg_fill_latency_sec": 0.16697512218608193,
    "std_fill_latency_sec": 0.12575275459972118,
    "avg_queue_position": 1.1107316053782559,
    "std_queue_position": 1.3429336150862197,
    "avg_order_lifetime_sec": 0.17945273242779633,
    "std_order_lifetime_sec": 0.1308174381495386,
    "avg_competition_size": 0.8734279775523085,
    "std_competition_size": 0.16631177930363064,
    "forced_liquidations": 37,
    "avg_forced_liq_cost": 0.1487595765817612,
    "std_forced_liq_cost": 0.08132495685902626
  },
  "strategy": "skew_mid_spread",
  "strategy_kwargs": {
    "gamma": 0.1,
    "gamma_cap_factor": 5.0,
    "gamma_imb": 0.5,
    "gamma_inv_scale": 4.0,
    "gamma_vol_scale": 2.0,
    "gradient_penalty_ticks": 1.0,
    "gradient_threshold": 1.5,
    "k_vol": 1.3,
    "size_base": 0.04,
    "size_exp": 1.0,
    "size_min_factor": 0.2
  },
  "snapshots_processed": 1000,
  "sharpe_ratio": -1.2529191481439033,
  "capital_base": 10000.0,
  "sharpe_horizon_seconds": 60.0
}