{
  "final_pnl": -8.224169286639153,
  "final_inventory": 0.015603897190980362,
  "fill_count": 291,
  "max_drawdown": 8.224169286639153,
  "pnl_attribution": {
    "inventory_moves": -0.19987681356487852,
    "fees": -7.657612830627367,
    "spread_capture": 1.0688984875442367,
    "adverse_selection": -1.376713927154907,
    "funding_rates": 0.0
  },
  "additional_metrics": {
    "orders_placed": 533,
    "orders_placed_buy": 262,
    "orders_placed_sell": 271,
    "maker_qty_placed": 6.120443727109322,
    "maker_qty_filled": 1.3386630491966955,
    "maker_fill_qty_rate": 0.2187199341883247,
    "avg_fill_latency_sec": 0.18527218434937606,
    "std_fill_latency_sec": 0.11962860126575187,
    "avg_queue_position": 1.1289467145007996,
    "std_queue_position": 1.3885226330304294,
    "avg_order_lifetime_sec": 0.20159762709803836,
    "std_order_lifetime_sec": 0.12269692479733857,
    "avg_competition_size": 0.7419318829635214,
    "std_competition_size": 0.1404393854722693,
    "forced_liquidations": 12,
    "avg_forced_liq_cost": 0.09831499164087036,
    "std_forced_liq_cost": 0.04417625447246635
  },
  "strategy": "skew_mid_spread",
  "strategy_kwargs": {
    "gamma": 0.1,
    "gamma_cap_factor": 5.0,
    "gamma_imb": 0.5,
    "gamma_inv_scale": 4.0,
    "gamma_vol_scale": 2.0,
    "gradient_penalty_ticks": 1.0,
    "gradient_threshold": 1.5,
    "k_vol": 1.3,
    "size_base": 0.02,
    "size_exp": 1.0,
    "size_min_factor": 0.2
  },
  "snapshots_processed": 1000,
  "sharpe_ratio": -1.1534029951342304,
  "capital_base": 10000.0,
  "sharpe_horizon_seconds": 60.0
}