{
  "final_pnl": -1.546102510397759,
  "final_inventory": 0.002954274605037754,
  "fill_count": 266,
  "max_drawdown": 1.546102510397759,
  "pnl_attribution": {
    "inventory_moves": -0.10834693065675256,
    "fees": -1.689758914976195,
    "spread_capture": 0.2988645460624987,
    "adverse_selection": -0.049835593012787165,
    "funding_rates": 0.0
  },
  "additional_metrics": {
    "orders_placed": 528,
    "orders_placed_buy": 256,
    "orders_placed_sell": 272,
    "maker_qty_placed": 1.5149029270915892,
    "maker_qty_filled": 0.32057291633884616,
    "maker_fill_qty_rate": 0.211612843704978,
    "avg_fill_latency_sec": 0.1923973449808083,
    "std_fill_latency_sec": 0.10956077570741521,
    "avg_queue_position": 1.131351275994199,
    "std_queue_position": 1.3590692147735306,
    "avg_order_lifetime_sec": 0.21563575441474156,
    "std_order_lifetime_sec": 0.11897133689877287,
    "avg_competition_size": 0.6289311451770137,
    "std_competition_size": 0.12387525959357132,
    "forced_liquidations": 0,
    "avg_forced_liq_cost": 0.0,
    "std_forced_liq_cost": 0.0
  },
  "strategy": "skew_mid_spread",
  "strategy_kwargs": {
    "gamma": 0.1,
    "gamma_cap_factor": 5.0,
    "gamma_imb": 0.5,
    "gamma_inv_scale": 4.0,
    "gamma_vol_scale": 2.0,
    "gradient_penalty_ticks": 1.0,
    "gradient_threshold": 1.5,
    "k_vol": 1.3,
    "size_base": 0.005,
    "size_exp": 1.0,
    "size_min_factor": 0.3
  },
  "snapshots_processed": 1000,
  "sharpe_ratio": -1.164419353910809,
  "capital_base": 10000.0,
  "sharpe_horizon_seconds": 60.0
}