{
  "final_pnl": -22.06140453797707,
  "final_inventory": 0.05,
  "fill_count": 315,
  "max_drawdown": 22.06140453797707,
  "pnl_attribution": {
    "inventory_moves": -0.09727747217301569,
    "fees": -17.906361376281083,
    "spread_capture": 2.210120301223025,
    "adverse_selection": -6.002249857861495,
    "funding_rates": 0.0
  },
  "additional_metrics": {
    "orders_placed": 537,
    "orders_placed_buy": 266,
    "orders_placed_sell": 271,
    "maker_qty_placed": 12.33092502595409,
    "maker_qty_filled": 2.747725896453926,
    "maker_fill_qty_rate": 0.22283209821408548,
    "avg_fill_latency_sec": 0.16522512885288418,
    "std_fill_latency_sec": 0.12408625821517297,
    "avg_queue_position": 1.1161573076318683,
    "std_queue_position": 1.3546475844348003,
    "avg_order_lifetime_sec": 0.18228795515929216,
    "std_order_lifetime_sec": 0.1354146091042549,
    "avg_competition_size": 0.8825922995851625,
    "std_competition_size": 0.17210717694552363,
    "forced_liquidations": 34,
    "avg_forced_liq_cost": 0.16376428792052775,
    "std_forced_liq_cost": 0.09547419493251152
  },
  "strategy": "skew_mid_spread",
  "strategy_kwargs": {
    "gamma": 0.1,
    "gamma_cap_factor": 5.0,
    "gamma_imb": 0.5,
    "gamma_inv_scale": 4.0,
    "gamma_vol_scale": 2.0,
    "gradient_penalty_ticks": 1.0,
    "gradient_threshold": 1.5,
    "k_vol": 1.3,
    "size_base": 0.04,
    "size_exp": 2.0,
    "size_min_factor": 0.2
  },
  "snapshots_processed": 1000,
  "sharpe_ratio": -1.4030816637485166,
  "capital_base": 10000.0,
  "sharpe_horizon_seconds": 60.0
}