{
  "final_pnl": -1.7544218132352398,
  "final_inventory": 0.002571906377551788,
  "fill_count": 269,
  "max_drawdown": 1.7544218132352398,
  "pnl_attribution": {
    "inventory_moves": -0.1264828126297126,
    "fees": -1.8106931525145282,
    "spread_capture": 0.22981414190090046,
    "adverse_selection": -0.04932908700307302,
    "funding_rates": 0.0
  },
  "additional_metrics": {
    "orders_placed": 534,
    "orders_placed_buy": 260,
    "orders_placed_sell": 274,
    "maker_qty_placed": 1.535701270298704,
    "maker_qty_filled": 0.3208411571182287,
    "maker_fill_qty_rate": 0.20892159388252832,
    "avg_fill_latency_sec": 0.18582580012659872,
    "std_fill_latency_sec": 0.11324327840393018,
    "avg_queue_position": 1.1148398074082104,
    "std_queue_position": 1.4063399123401372,
    "avg_order_lifetime_sec": 0.20846450867191438,
    "std_order_lifetime_sec": 0.12341099955610726,
    "avg_competition_size": 0.6290695623962567,
    "std_competition_size": 0.1207317161514222,
    "forced_liquidations": 0,
    "avg_forced_liq_cost": 0.0,
    "std_forced_liq_cost": 0.0
  },
  "strategy": "skew_mid_spread",
  "strategy_kwargs": {
    "gamma": 0.1,
    "gamma_cap_factor": 5.0,
    "gamma_imb": 0.5,
    "gamma_inv_scale": 4.0,
    "gamma_vol_scale": 2.0,
    "gradient_penalty_ticks": 1.0,
    "gradient_threshold": 1.5,
    "k_vol": 1.3,
    "size_base": 0.005,
    "size_exp": 3.0,
    "size_min_factor": 0.1
  },
  "snapshots_processed": 1000,
  "sharpe_ratio": -1.207555507902328,
  "capital_base": 10000.0,
  "sharpe_horizon_seconds": 60.0
}