{
  "final_pnl": -17.036485907909082,
  "final_inventory": 0.03753290945346405,
  "fill_count": 291,
  "max_drawdown": 17.036485907909082,
  "pnl_attribution": {
    "inventory_moves": -0.490233409693654,
    "fees": -15.571097735412149,
    "spread_capture": 1.7546591876905586,
    "adverse_selection": -2.595611722421046,
    "funding_rates": 0.0
  },
  "additional_metrics": {
    "orders_placed": 609,
    "orders_placed_buy": 304,
    "orders_placed_sell": 305,
    "maker_qty_placed": 13.80848468168193,
    "maker_qty_filled": 2.6717291596825046,
    "maker_fill_qty_rate": 0.19348460177000948,
    "avg_fill_latency_sec": 0.17829999362721163,
    "std_fill_latency_sec": 0.11346586795587003,
    "avg_queue_position": 1.1657133293397546,
    "std_queue_position": 1.3629588803939663,
    "avg_order_lifetime_sec": 0.18716469792758716,
    "std_order_lifetime_sec": 0.10891003342160745,
    "avg_competition_size": 0.8745138028175226,
    "std_competition_size": 0.17236557258900018,
    "forced_liquidations": 13,
    "avg_forced_liq_cost": 0.16825274466566673,
    "std_forced_liq_cost": 0.10052623082792021
  },
  "strategy": "skew_mid_spread",
  "strategy_kwargs": {
    "gamma": 0.1,
    "gamma_cap_factor": 5.0,
    "gamma_imb": 0.5,
    "gamma_inv_scale": 4.0,
    "gamma_vol_scale": 2.0,
    "gradient_penalty_ticks": 1.0,
    "gradient_threshold": 1.5,
    "k_vol": 1.3,
    "size_base": 0.04,
    "size_exp": 3.0,
    "size_min_factor": 0.3
  },
  "snapshots_processed": 1000,
  "sharpe_ratio": -1.1051534336781,
  "capital_base": 10000.0,
  "sharpe_horizon_seconds": 60.0
}