{
  "final_pnl": -0.6606529741529812,
  "final_inventory": 0.028567429278933562,
  "fill_count": 84,
  "max_drawdown": 1.1080475035632844,
  "pnl_attribution": {
    "inventory_moves": -0.5872400148015245,
    "fees": -0.16798174746113106,
    "spread_capture": 0.11434317362241839,
    "adverse_selection": -0.014458630787129738,
    "funding_rates": 0.0
  },
  "additional_metrics": {
    "orders_placed": 2964,
    "orders_placed_buy": 1540,
    "orders_placed_sell": 1424,
    "maker_qty_placed": 8.121386262399122,
    "maker_qty_filled": 0.09765949848296127,
    "maker_fill_qty_rate": 0.012024978904785138,
    "avg_fill_latency_sec": 0.2503095127287365,
    "std_fill_latency_sec": 0.0005112015443177429,
    "avg_queue_position": 1.173757346664298,
    "std_queue_position": 1.188390326943321,
    "avg_order_lifetime_sec": 0.2503095127287365,
    "std_order_lifetime_sec": 0.0005112015443177429,
    "avg_competition_size": 0.26096691453931237,
    "std_competition_size": 0.047012347101610515,
    "forced_liquidations": 0,
    "avg_forced_liq_cost": 0.0,
    "std_forced_liq_cost": 0.0,
    "taker_qty_hedge": 0.0,
    "taker_qty_cross": 0.0,
    "taker_trades_hedge": 0,
    "taker_trades_cross": 0,
    "taker_qty_total": 0.0,
    "notional_traded_btc": 0.09765949848296127,
    "notional_traded_usdt": 1679.8174746113102
  },
  "strategy": "skew_mid_spread",
  "strategy_kwargs": {
    "extra_spread_ticks": 24.0,
    "gamma": 0.16,
    "gamma_cap_factor": 5.0,
    "gamma_imb": 0.5,
    "gamma_inv_scale": 1.0,
    "gamma_vol_scale": 1.0,
    "gradient_penalty_ticks": 1.0,
    "gradient_threshold": 1.5,
    "k_vol": 8.0,
    "size_base": 0.005,
    "size_exp": 2.0,
    "size_min_factor": 0.3
  },
  "snapshots_processed": 10000,
  "sharpe_ratio": -0.1934101036752176,
  "capital_base": 10000.0,
  "sharpe_horizon_seconds": 60.0
}