{
  "final_pnl": -15.364497228187247,
  "final_inventory": 0.02853412263795204,
  "fill_count": 292,
  "max_drawdown": 15.364497228187247,
  "pnl_attribution": {
    "inventory_moves": -1.4131093146693523,
    "fees": -15.324186140058174,
    "spread_capture": 2.2098504963287624,
    "adverse_selection": -0.7797327793919652,
    "funding_rates": 0.0
  },
  "additional_metrics": {
    "orders_placed": 536,
    "orders_placed_buy": 265,
    "orders_placed_sell": 271,
    "maker_qty_placed": 12.312319083255248,
    "maker_qty_filled": 2.6898876874104585,
    "maker_fill_qty_rate": 0.21847124568666396,
    "avg_fill_latency_sec": 0.19081547146751768,
    "std_fill_latency_sec": 0.1288132930771189,
    "avg_queue_position": 1.2371793059304799,
    "std_queue_position": 1.4082062804202495,
    "avg_order_lifetime_sec": 0.20424999509538924,
    "std_order_lifetime_sec": 0.1299488330907962,
    "avg_competition_size": 0.869396404674422,
    "std_competition_size": 0.17156593471925358,
    "forced_liquidations": 3,
    "avg_forced_liq_cost": 0.12414652857563124,
    "std_forced_liq_cost": 0.09390242971163548
  },
  "strategy": "skew_mid_spread",
  "strategy_kwargs": {
    "gamma": 0.1,
    "gamma_cap_factor": 5.0,
    "gamma_imb": 0.5,
    "gamma_inv_scale": 4.0,
    "gamma_vol_scale": 2.0,
    "gradient_penalty_ticks": 1.0,
    "gradient_threshold": 1.5,
    "k_vol": 1.3,
    "size_base": 0.04,
    "size_exp": 3.0,
    "size_min_factor": 0.3
  },
  "snapshots_processed": 1000,
  "sharpe_ratio": -1.2532615622479137,
  "capital_base": 10000.0,
  "sharpe_horizon_seconds": 60.0
}