{
  "final_pnl": -3.458191810237622,
  "final_inventory": 0.003517871711081452,
  "fill_count": 275,
  "max_drawdown": 3.458191810237622,
  "pnl_attribution": {
    "inventory_moves": -0.254600146553243,
    "fees": -3.5620382772205144,
    "spread_capture": 0.4518486569902054,
    "adverse_selection": -0.09355063027625016,
    "funding_rates": 0.0
  },
  "additional_metrics": {
    "orders_placed": 538,
    "orders_placed_buy": 264,
    "orders_placed_sell": 274,
    "maker_qty_placed": 3.09453635248654,
    "maker_qty_filled": 0.644712312972164,
    "maker_fill_qty_rate": 0.2083389042930845,
    "avg_fill_latency_sec": 0.19142674488626468,
    "std_fill_latency_sec": 0.1135817641752033,
    "avg_queue_position": 1.1329470663063301,
    "std_queue_position": 1.401999862340671,
    "avg_order_lifetime_sec": 0.20421655162884172,
    "std_order_lifetime_sec": 0.10887398324006763,
    "avg_competition_size": 0.671431480074823,
    "std_competition_size": 0.13005066787939795,
    "forced_liquidations": 0,
    "avg_forced_liq_cost": 0.0,
    "std_forced_liq_cost": 0.0
  },
  "strategy": "skew_mid_spread",
  "strategy_kwargs": {
    "gamma": 0.1,
    "gamma_cap_factor": 5.0,
    "gamma_imb": 0.5,
    "gamma_inv_scale": 4.0,
    "gamma_vol_scale": 2.0,
    "gradient_penalty_ticks": 1.0,
    "gradient_threshold": 1.5,
    "k_vol": 1.3,
    "size_base": 0.01,
    "size_exp": 3.0,
    "size_min_factor": 0.2
  },
  "snapshots_processed": 1000,
  "sharpe_ratio": -1.1888131184080244,
  "capital_base": 10000.0,
  "sharpe_horizon_seconds": 60.0
}