{
  "final_pnl": -1.5448908952203055,
  "final_inventory": 0.0010615276447443586,
  "fill_count": 263,
  "max_drawdown": 1.5448908952203055,
  "pnl_attribution": {
    "inventory_moves": -0.08788781600137924,
    "fees": -1.6569946353981735,
    "spread_capture": 0.24671300489570577,
    "adverse_selection": -0.04560045415969209,
    "funding_rates": 0.0
  },
  "additional_metrics": {
    "orders_placed": 533,
    "orders_placed_buy": 260,
    "orders_placed_sell": 273,
    "maker_qty_placed": 1.5301130252026198,
    "maker_qty_filled": 0.3121844874866275,
    "maker_fill_qty_rate": 0.20402707665682907,
    "avg_fill_latency_sec": 0.19330200732954397,
    "std_fill_latency_sec": 0.10905578129708877,
    "avg_queue_position": 1.1076557480187368,
    "std_queue_position": 1.3455430714639545,
    "avg_order_lifetime_sec": 0.2067785151052795,
    "std_order_lifetime_sec": 0.10358505094480697,
    "avg_competition_size": 0.6274660245851809,
    "std_competition_size": 0.12268455255386929,
    "forced_liquidations": 0,
    "avg_forced_liq_cost": 0.0,
    "std_forced_liq_cost": 0.0
  },
  "strategy": "skew_mid_spread",
  "strategy_kwargs": {
    "gamma": 0.1,
    "gamma_cap_factor": 5.0,
    "gamma_imb": 0.5,
    "gamma_inv_scale": 4.0,
    "gamma_vol_scale": 2.0,
    "gradient_penalty_ticks": 1.0,
    "gradient_threshold": 1.5,
    "k_vol": 1.3,
    "size_base": 0.005,
    "size_exp": 3.0,
    "size_min_factor": 0.1
  },
  "snapshots_processed": 1000,
  "sharpe_ratio": -1.1454645216457946,
  "capital_base": 10000.0,
  "sharpe_horizon_seconds": 60.0
}