{
  "final_pnl": -7.214704250704017,
  "final_inventory": 0.008842077475263969,
  "fill_count": 273,
  "max_drawdown": 7.214704250704017,
  "pnl_attribution": {
    "inventory_moves": -0.5278821124881434,
    "fees": -7.255089541796335,
    "spread_capture": 0.7850530596110196,
    "adverse_selection": -0.20771384554917172,
    "funding_rates": 0.0
  },
  "additional_metrics": {
    "orders_placed": 538,
    "orders_placed_buy": 264,
    "orders_placed_sell": 274,
    "maker_qty_placed": 6.1856471471668,
    "maker_qty_filled": 1.2958928524545468,
    "maker_fill_qty_rate": 0.20949996364537252,
    "avg_fill_latency_sec": 0.18665604530626043,
    "std_fill_latency_sec": 0.11275686485769619,
    "avg_queue_position": 1.1489822062656518,
    "std_queue_position": 1.3736286099947852,
    "avg_order_lifetime_sec": 0.19944585204883747,
    "std_order_lifetime_sec": 0.10857656421739496,
    "avg_competition_size": 0.7268711468788083,
    "std_competition_size": 0.1465382392982646,
    "forced_liquidations": 1,
    "avg_forced_liq_cost": 0.01520825460045256,
    "std_forced_liq_cost": 0.0
  },
  "strategy": "skew_mid_spread",
  "strategy_kwargs": {
    "gamma": 0.1,
    "gamma_cap_factor": 5.0,
    "gamma_imb": 0.5,
    "gamma_inv_scale": 4.0,
    "gamma_vol_scale": 2.0,
    "gradient_penalty_ticks": 1.0,
    "gradient_threshold": 1.5,
    "k_vol": 1.3,
    "size_base": 0.02,
    "size_exp": 1.0,
    "size_min_factor": 0.2
  },
  "snapshots_processed": 1000,
  "sharpe_ratio": -1.2300537131120268,
  "capital_base": 10000.0,
  "sharpe_horizon_seconds": 60.0
}