{
  "final_pnl": -3.494544035562285,
  "final_inventory": 0.00895526605520449,
  "fill_count": 280,
  "max_drawdown": 3.494544035562285,
  "pnl_attribution": {
    "inventory_moves": -0.2718856820463442,
    "fees": -3.644777370496697,
    "spread_capture": 0.5318370349225137,
    "adverse_selection": -0.09917680379671596,
    "funding_rates": 0.0
  },
  "additional_metrics": {
    "orders_placed": 611,
    "orders_placed_buy": 306,
    "orders_placed_sell": 305,
    "maker_qty_placed": 3.475663895880241,
    "maker_qty_filled": 0.6624817886720715,
    "maker_fill_qty_rate": 0.19060582625878228,
    "avg_fill_latency_sec": 0.18783749341964723,
    "std_fill_latency_sec": 0.10844928660303399,
    "avg_queue_position": 1.1841278581719847,
    "std_queue_position": 1.5076410706099779,
    "avg_order_lifetime_sec": 0.19568749219179155,
    "std_order_lifetime_sec": 0.10355005541277244,
    "avg_competition_size": 0.6654114999257031,
    "std_competition_size": 0.126542622997282,
    "forced_liquidations": 0,
    "avg_forced_liq_cost": 0.0,
    "std_forced_liq_cost": 0.0
  },
  "strategy": "skew_mid_spread",
  "strategy_kwargs": {
    "gamma": 0.1,
    "gamma_cap_factor": 5.0,
    "gamma_imb": 0.5,
    "gamma_inv_scale": 4.0,
    "gamma_vol_scale": 2.0,
    "gradient_penalty_ticks": 1.0,
    "gradient_threshold": 1.5,
    "k_vol": 1.3,
    "size_base": 0.01,
    "size_exp": 2.0,
    "size_min_factor": 0.1
  },
  "snapshots_processed": 1000,
  "sharpe_ratio": -1.2040396609260022,
  "capital_base": 10000.0,
  "sharpe_horizon_seconds": 60.0
}