{
  "final_pnl": -3.2009592076701665,
  "final_inventory": 0.008205813083592264,
  "fill_count": 265,
  "max_drawdown": 3.2009592076701665,
  "pnl_attribution": {
    "inventory_moves": -0.19466106748254597,
    "fees": -3.5030492372416795,
    "spread_capture": 0.583383881249819,
    "adverse_selection": -0.09162935463197203,
    "funding_rates": 0.0
  },
  "additional_metrics": {
    "orders_placed": 535,
    "orders_placed_buy": 263,
    "orders_placed_sell": 272,
    "maker_qty_placed": 3.069365477319568,
    "maker_qty_filled": 0.6390105863419248,
    "maker_fill_qty_rate": 0.20818980048604813,
    "avg_fill_latency_sec": 0.18788815172095047,
    "std_fill_latency_sec": 0.11223556720462229,
    "avg_queue_position": 1.1341512487473806,
    "std_queue_position": 1.4004966801034968,
    "avg_order_lifetime_sec": 0.2109736768822921,
    "std_order_lifetime_sec": 0.12224979669728907,
    "avg_competition_size": 0.673125177244006,
    "std_competition_size": 0.12756092812982633,
    "forced_liquidations": 0,
    "avg_forced_liq_cost": 0.0,
    "std_forced_liq_cost": 0.0
  },
  "strategy": "skew_mid_spread",
  "strategy_kwargs": {
    "gamma": 0.1,
    "gamma_cap_factor": 5.0,
    "gamma_imb": 0.5,
    "gamma_inv_scale": 4.0,
    "gamma_vol_scale": 2.0,
    "gradient_penalty_ticks": 1.0,
    "gradient_threshold": 1.5,
    "k_vol": 1.3,
    "size_base": 0.01,
    "size_exp": 3.0,
    "size_min_factor": 0.3
  },
  "snapshots_processed": 1000,
  "sharpe_ratio": -1.0772655416876438,
  "capital_base": 10000.0,
  "sharpe_horizon_seconds": 60.0
}