{
  "final_pnl": -3.354268313443754,
  "final_inventory": 0.008442489525207372,
  "fill_count": 273,
  "max_drawdown": 3.354268313443754,
  "pnl_attribution": {
    "inventory_moves": -0.2437583141485399,
    "fees": -3.578689330971503,
    "spread_capture": 0.5743278062020358,
    "adverse_selection": -0.09281653998100395,
    "funding_rates": 0.0
  },
  "additional_metrics": {
    "orders_placed": 539,
    "orders_placed_buy": 266,
    "orders_placed_sell": 273,
    "maker_qty_placed": 3.097438412045405,
    "maker_qty_filled": 0.6559610729517402,
    "maker_fill_qty_rate": 0.2117753400360829,
    "avg_fill_latency_sec": 0.1894551225197621,
    "std_fill_latency_sec": 0.11120622515316073,
    "avg_queue_position": 1.1467782827317508,
    "std_queue_position": 1.4296091346584665,
    "avg_order_lifetime_sec": 0.20072435110043257,
    "std_order_lifetime_sec": 0.10773956601979054,
    "avg_competition_size": 0.6727744103083554,
    "std_competition_size": 0.1314984843958757,
    "forced_liquidations": 0,
    "avg_forced_liq_cost": 0.0,
    "std_forced_liq_cost": 0.0
  },
  "strategy": "skew_mid_spread",
  "strategy_kwargs": {
    "gamma": 0.1,
    "gamma_cap_factor": 5.0,
    "gamma_imb": 0.5,
    "gamma_inv_scale": 4.0,
    "gamma_vol_scale": 2.0,
    "gradient_penalty_ticks": 1.0,
    "gradient_threshold": 1.5,
    "k_vol": 1.3,
    "size_base": 0.01,
    "size_exp": 3.0,
    "size_min_factor": 0.2
  },
  "snapshots_processed": 1000,
  "sharpe_ratio": -1.250770092970077,
  "capital_base": 10000.0,
  "sharpe_horizon_seconds": 60.0
}