{
  "final_pnl": -15.840322054826174,
  "final_inventory": 0.011859581856487826,
  "fill_count": 290,
  "max_drawdown": 15.840322054826174,
  "pnl_attribution": {
    "inventory_moves": -1.2482417495656788,
    "fees": -15.357419674313135,
    "spread_capture": 1.8605823422565582,
    "adverse_selection": -1.0464496607075497,
    "funding_rates": 0.0
  },
  "additional_metrics": {
    "orders_placed": 540,
    "orders_placed_buy": 267,
    "orders_placed_sell": 273,
    "maker_qty_placed": 12.406595703589044,
    "maker_qty_filled": 2.692395992134519,
    "maker_fill_qty_rate": 0.21701327716801866,
    "avg_fill_latency_sec": 0.18898203130253774,
    "std_fill_latency_sec": 0.11779772729354111,
    "avg_queue_position": 1.2343212354455033,
    "std_queue_position": 1.3667823591988697,
    "avg_order_lifetime_sec": 0.19799999419800535,
    "std_order_lifetime_sec": 0.11247285518904378,
    "avg_competition_size": 0.8718834765988173,
    "std_competition_size": 0.17669412003979623,
    "forced_liquidations": 3,
    "avg_forced_liq_cost": 0.20423524330893014,
    "std_forced_liq_cost": 0.05997104485814004
  },
  "strategy": "skew_mid_spread",
  "strategy_kwargs": {
    "gamma": 0.1,
    "gamma_cap_factor": 5.0,
    "gamma_imb": 0.5,
    "gamma_inv_scale": 4.0,
    "gamma_vol_scale": 2.0,
    "gradient_penalty_ticks": 1.0,
    "gradient_threshold": 1.5,
    "k_vol": 1.3,
    "size_base": 0.04,
    "size_exp": 1.0,
    "size_min_factor": 0.3
  },
  "snapshots_processed": 1000,
  "sharpe_ratio": -1.1997733678925366,
  "capital_base": 10000.0,
  "sharpe_horizon_seconds": 60.0
}