{
  "final_pnl": -2.4094846685438824,
  "final_inventory": -0.013627176327104681,
  "fill_count": 3885,
  "max_drawdown": 4.6406789130542165,
  "pnl_attribution": {
    "inventory_moves": -0.2258154724775281,
    "fees": -3.009586422277649,
    "spread_capture": 0.9617633221351592,
    "adverse_selection": -0.13240477975221923,
    "funding_rates": 0.0
  },
  "additional_metrics": {
    "orders_placed": 2063,
    "orders_placed_buy": 1070,
    "orders_placed_sell": 993,
    "maker_qty_placed": 45.0666696931956,
    "maker_qty_filled": 0.8912740360970394,
    "maker_fill_qty_rate": 0.019776789413654156,
    "avg_fill_latency_sec": 0.0032662320168108487,
    "std_fill_latency_sec": 0.028418235468959586,
    "avg_queue_position": 0.012598628325959281,
    "std_queue_position": 0.17171990235125623,
    "avg_order_lifetime_sec": 0.0032662320168108487,
    "std_order_lifetime_sec": 0.028418235468959586,
    "avg_competition_size": 0.3558298545778371,
    "std_competition_size": 0.06797120446399761,
    "forced_liquidations": 0,
    "avg_forced_liq_cost": 0.0,
    "std_forced_liq_cost": 0.0,
    "taker_qty_hedge": 0.2860260962792865,
    "taker_qty_cross": 0.0,
    "taker_trades_hedge": 3785,
    "taker_trades_cross": 0,
    "taker_qty_total": 0.2860260962792865,
    "notional_traded_btc": 1.1773001323763261,
    "notional_traded_usdt": 20252.07907406622
  },
  "strategy": "skew_mid_spread",
  "strategy_kwargs": {
    "extra_spread_ticks": 38.0,
    "gamma": 0.16,
    "gamma_cap_factor": 5.0,
    "gamma_imb": 0.5,
    "gamma_inv_scale": 1.0,
    "gamma_vol_scale": 2.0,
    "gradient_penalty_ticks": 1.0,
    "gradient_threshold": 1.5,
    "k_vol": 6.0,
    "size_base": 0.04,
    "size_exp": 2.0,
    "size_min_factor": 0.3
  },
  "snapshots_processed": 10000,
  "sharpe_ratio": -0.19852649701187605,
  "capital_base": 10000.0,
  "sharpe_horizon_seconds": 60.0
}