{
  "final_pnl": -2.458806553768227,
  "final_inventory": 0.043294949695836527,
  "fill_count": 734,
  "max_drawdown": 3.406407408827363,
  "pnl_attribution": {
    "inventory_moves": -2.625006468177638,
    "fees": -0.6710214905979883,
    "spread_capture": 0.9888889321204801,
    "adverse_selection": -0.11637614338974564,
    "funding_rates": 0.0
  },
  "additional_metrics": {
    "orders_placed": 1586,
    "orders_placed_buy": 821,
    "orders_placed_sell": 765,
    "maker_qty_placed": 34.81125907092798,
    "maker_qty_filled": 0.7601626495431848,
    "maker_fill_qty_rate": 0.021836689330723504,
    "avg_fill_latency_sec": 0.014836939554365854,
    "std_fill_latency_sec": 0.0591668971908406,
    "avg_queue_position": 0.04242072605003496,
    "std_queue_position": 0.2726144488681901,
    "avg_order_lifetime_sec": 0.014836939554365854,
    "std_order_lifetime_sec": 0.0591668971908406,
    "avg_competition_size": 0.35200853106702223,
    "std_competition_size": 0.06878719008189009,
    "forced_liquidations": 0,
    "avg_forced_liq_cost": 0.0,
    "std_forced_liq_cost": 0.0,
    "taker_qty_hedge": 0.16249238755978282,
    "taker_qty_cross": 0.0,
    "taker_trades_hedge": 652,
    "taker_trades_cross": 0,
    "taker_qty_total": 0.16249238755978282,
    "notional_traded_btc": 0.9226550371029676,
    "notional_traded_usdt": 15872.0905743836
  },
  "strategy": "skew_mid_spread",
  "strategy_kwargs": {
    "extra_spread_ticks": 20.0,
    "gamma": 0.12,
    "gamma_cap_factor": 5.0,
    "gamma_imb": 0.5,
    "gamma_inv_scale": 1.0,
    "gamma_vol_scale": 2.0,
    "gradient_penalty_ticks": 1.0,
    "gradient_threshold": 1.5,
    "k_vol": 6.0,
    "size_base": 0.04,
    "size_exp": 2.0,
    "size_min_factor": 0.3
  },
  "snapshots_processed": 10000,
  "sharpe_ratio": -0.2748262405410013,
  "capital_base": 10000.0,
  "sharpe_horizon_seconds": 60.0
}