{
  "final_pnl": -7.91961146788708,
  "final_inventory": 0.02211094528657248,
  "fill_count": 286,
  "max_drawdown": 7.91961146788708,
  "pnl_attribution": {
    "inventory_moves": -0.3300537754373599,
    "fees": -7.594726267012991,
    "spread_capture": 1.1006946000829074,
    "adverse_selection": -1.0577597430257968,
    "funding_rates": 0.0
  },
  "additional_metrics": {
    "orders_placed": 530,
    "orders_placed_buy": 260,
    "orders_placed_sell": 270,
    "maker_qty_placed": 6.084365691057681,
    "maker_qty_filled": 1.33426402805807,
    "maker_fill_qty_rate": 0.21929385835882048,
    "avg_fill_latency_sec": 0.18404819017433258,
    "std_fill_latency_sec": 0.11717111378414753,
    "avg_queue_position": 1.155368403391439,
    "std_queue_position": 1.388865823213557,
    "avg_order_lifetime_sec": 0.20066867104495864,
    "std_order_lifetime_sec": 0.1205065285901782,
    "avg_competition_size": 0.7386218811399691,
    "std_competition_size": 0.1422417940969555,
    "forced_liquidations": 10,
    "avg_forced_liq_cost": 0.0838254530479923,
    "std_forced_liq_cost": 0.051954388480813254
  },
  "strategy": "skew_mid_spread",
  "strategy_kwargs": {
    "gamma": 0.1,
    "gamma_cap_factor": 5.0,
    "gamma_imb": 0.5,
    "gamma_inv_scale": 4.0,
    "gamma_vol_scale": 2.0,
    "gradient_penalty_ticks": 1.0,
    "gradient_threshold": 1.5,
    "k_vol": 1.3,
    "size_base": 0.02,
    "size_exp": 3.0,
    "size_min_factor": 0.2
  },
  "snapshots_processed": 1000,
  "sharpe_ratio": -1.1835973662838126,
  "capital_base": 10000.0,
  "sharpe_horizon_seconds": 60.0
}