{
  "final_pnl": -3.3282722354033467,
  "final_inventory": 0.005688967164709177,
  "fill_count": 267,
  "max_drawdown": 3.3282722354033467,
  "pnl_attribution": {
    "inventory_moves": -0.21295985332763517,
    "fees": -3.519693174111599,
    "spread_capture": 0.49238948527781623,
    "adverse_selection": -0.09462308938951663,
    "funding_rates": 0.0
  },
  "additional_metrics": {
    "orders_placed": 533,
    "orders_placed_buy": 263,
    "orders_placed_sell": 270,
    "maker_qty_placed": 3.0621310804802495,
    "maker_qty_filled": 0.6397216487591502,
    "maker_fill_qty_rate": 0.20891386813487403,
    "avg_fill_latency_sec": 0.18826796961765663,
    "std_fill_latency_sec": 0.11196433777455114,
    "avg_queue_position": 1.114786330244833,
    "std_queue_position": 1.3674147198578035,
    "avg_order_lifetime_sec": 0.20793463513742086,
    "std_order_lifetime_sec": 0.11379856210424656,
    "avg_competition_size": 0.670090650294549,
    "std_competition_size": 0.12788199322345842,
    "forced_liquidations": 0,
    "avg_forced_liq_cost": 0.0,
    "std_forced_liq_cost": 0.0
  },
  "strategy": "skew_mid_spread",
  "strategy_kwargs": {
    "gamma": 0.1,
    "gamma_cap_factor": 5.0,
    "gamma_imb": 0.5,
    "gamma_inv_scale": 4.0,
    "gamma_vol_scale": 2.0,
    "gradient_penalty_ticks": 1.0,
    "gradient_threshold": 1.5,
    "k_vol": 1.3,
    "size_base": 0.01,
    "size_exp": 2.0,
    "size_min_factor": 0.3
  },
  "snapshots_processed": 1000,
  "sharpe_ratio": -1.09994859911721,
  "capital_base": 10000.0,
  "sharpe_horizon_seconds": 60.0
}