{
  "final_pnl": -1.5604702696382446,
  "final_inventory": 0.00010516189527286484,
  "fill_count": 258,
  "max_drawdown": 1.5604702696382446,
  "pnl_attribution": {
    "inventory_moves": -0.06821285778565553,
    "fees": -1.684575765969057,
    "spread_capture": 0.24603718251545179,
    "adverse_selection": -0.04927406000824041,
    "funding_rates": 0.0
  },
  "additional_metrics": {
    "orders_placed": 535,
    "orders_placed_buy": 261,
    "orders_placed_sell": 274,
    "maker_qty_placed": 1.5382665066648284,
    "maker_qty_filled": 0.31344929611536376,
    "maker_fill_qty_rate": 0.20376787426449566,
    "avg_fill_latency_sec": 0.1908299257966126,
    "std_fill_latency_sec": 0.11062299419383011,
    "avg_queue_position": 1.063575319745984,
    "std_queue_position": 1.2849205156057182,
    "avg_order_lifetime_sec": 0.20448978741963705,
    "std_order_lifetime_sec": 0.1054672980817765,
    "avg_competition_size": 0.6334936840545516,
    "std_competition_size": 0.12449298460094213,
    "forced_liquidations": 0,
    "avg_forced_liq_cost": 0.0,
    "std_forced_liq_cost": 0.0
  },
  "strategy": "skew_mid_spread",
  "strategy_kwargs": {
    "gamma": 0.05,
    "gamma_cap_factor": 5.0,
    "gamma_imb": 0.5,
    "gamma_inv_scale": 2.0,
    "gamma_vol_scale": 1.0,
    "gradient_penalty_ticks": 1.0,
    "gradient_threshold": 1.5,
    "k_vol": 1.3,
    "size_base": 0.005,
    "size_exp": 2.0,
    "size_min_factor": 0.3
  },
  "snapshots_processed": 1000,
  "sharpe_ratio": -1.1198234832353433,
  "capital_base": 10000.0,
  "sharpe_horizon_seconds": 60.0
}