{
  "final_pnl": -1.6459860131144524,
  "final_inventory": 0.002358350172950862,
  "fill_count": 263,
  "max_drawdown": 1.6459860131144524,
  "pnl_attribution": {
    "inventory_moves": -0.08961108408031208,
    "fees": -1.7307138717525141,
    "spread_capture": 0.22514112139263825,
    "adverse_selection": -0.04933131794203095,
    "funding_rates": 0.0
  },
  "additional_metrics": {
    "orders_placed": 533,
    "orders_placed_buy": 260,
    "orders_placed_sell": 273,
    "maker_qty_placed": 1.5311657128634222,
    "maker_qty_filled": 0.32149291594707347,
    "maker_fill_qty_rate": 0.20996611486672584,
    "avg_fill_latency_sec": 0.19035332679748534,
    "std_fill_latency_sec": 0.11082743948756144,
    "avg_queue_position": 1.1337946836846307,
    "std_queue_position": 1.4046868308539258,
    "avg_order_lifetime_sec": 0.2037399911880493,
    "std_order_lifetime_sec": 0.10586465284782143,
    "avg_competition_size": 0.6408440062557629,
    "std_competition_size": 0.12172268648960134,
    "forced_liquidations": 0,
    "avg_forced_liq_cost": 0.0,
    "std_forced_liq_cost": 0.0
  },
  "strategy": "skew_mid_spread",
  "strategy_kwargs": {
    "gamma": 0.1,
    "gamma_cap_factor": 5.0,
    "gamma_imb": 0.5,
    "gamma_inv_scale": 4.0,
    "gamma_vol_scale": 2.0,
    "gradient_penalty_ticks": 1.0,
    "gradient_threshold": 1.5,
    "k_vol": 1.3,
    "size_base": 0.005,
    "size_exp": 3.0,
    "size_min_factor": 0.2
  },
  "snapshots_processed": 1000,
  "sharpe_ratio": -1.134048226298652,
  "capital_base": 10000.0,
  "sharpe_horizon_seconds": 60.0
}