{
  "final_pnl": -7.841339992490248,
  "final_inventory": 0.01877649314165171,
  "fill_count": 280,
  "max_drawdown": 7.841339992490248,
  "pnl_attribution": {
    "inventory_moves": -0.26252927623329114,
    "fees": -7.407298016723645,
    "spread_capture": 0.970785680371003,
    "adverse_selection": -1.1040817025880796,
    "funding_rates": 0.0
  },
  "additional_metrics": {
    "orders_placed": 607,
    "orders_placed_buy": 302,
    "orders_placed_sell": 305,
    "maker_qty_placed": 6.905797472090268,
    "maker_qty_filled": 1.2831658215678359,
    "maker_fill_qty_rate": 0.1858099411043752,
    "avg_fill_latency_sec": 0.17980981019376976,
    "std_fill_latency_sec": 0.11274785840392677,
    "avg_queue_position": 1.1467562963667852,
    "std_queue_position": 1.4226126825610788,
    "avg_order_lifetime_sec": 0.1890552087795515,
    "std_order_lifetime_sec": 0.10781478045046888,
    "avg_competition_size": 0.7284927978088778,
    "std_competition_size": 0.14638670492104683,
    "forced_liquidations": 11,
    "avg_forced_liq_cost": 0.08250721040655534,
    "std_forced_liq_cost": 0.04975804735876711
  },
  "strategy": "skew_mid_spread",
  "strategy_kwargs": {
    "gamma": 0.1,
    "gamma_cap_factor": 5.0,
    "gamma_imb": 0.5,
    "gamma_inv_scale": 4.0,
    "gamma_vol_scale": 2.0,
    "gradient_penalty_ticks": 1.0,
    "gradient_threshold": 1.5,
    "k_vol": 1.3,
    "size_base": 0.02,
    "size_exp": 3.0,
    "size_min_factor": 0.1
  },
  "snapshots_processed": 1000,
  "sharpe_ratio": -1.2854514926256027,
  "capital_base": 10000.0,
  "sharpe_horizon_seconds": 60.0
}