{
  "final_pnl": -4.158459775157098,
  "final_inventory": 0.059907700096437935,
  "fill_count": 151,
  "max_drawdown": 5.177737795685971,
  "pnl_attribution": {
    "inventory_moves": -1.9316941566120696,
    "fees": -3.910856255006474,
    "spread_capture": 1.923828423675658,
    "adverse_selection": -0.18541672067503007,
    "funding_rates": 0.0
  },
  "additional_metrics": {
    "orders_placed": 2963,
    "orders_placed_buy": 1540,
    "orders_placed_sell": 1423,
    "maker_qty_placed": 64.89028606936327,
    "maker_qty_filled": 1.2413152972284132,
    "maker_fill_qty_rate": 0.0191294471394614,
    "avg_fill_latency_sec": 0.19976190158299037,
    "std_fill_latency_sec": 0.10062514186398479,
    "avg_queue_position": 1.0668380509901259,
    "std_queue_position": 1.7310246357222885,
    "avg_order_lifetime_sec": 0.19976190158299037,
    "std_order_lifetime_sec": 0.10062514186398479,
    "avg_competition_size": 0.3554852492746214,
    "std_competition_size": 0.06574971373588889,
    "forced_liquidations": 0,
    "avg_forced_liq_cost": 0.0,
    "std_forced_liq_cost": 0.0,
    "taker_qty_hedge": 0.344015012227576,
    "taker_qty_cross": 0.0,
    "taker_trades_hedge": 17,
    "taker_trades_cross": 0,
    "taker_qty_total": 0.344015012227576,
    "notional_traded_btc": 1.5853303094559883,
    "notional_traded_usdt": 27271.168341709563
  },
  "strategy": "skew_mid_spread",
  "strategy_kwargs": {
    "extra_spread_ticks": 30.0,
    "gamma": 0.16,
    "gamma_cap_factor": 5.0,
    "gamma_imb": 0.5,
    "gamma_inv_scale": 1.0,
    "gamma_vol_scale": 2.0,
    "gradient_penalty_ticks": 1.0,
    "gradient_threshold": 1.5,
    "k_vol": 8.0,
    "size_base": 0.04,
    "size_exp": 2.0,
    "size_min_factor": 0.3
  },
  "snapshots_processed": 10000,
  "sharpe_ratio": -0.40135695276055616,
  "capital_base": 10000.0,
  "sharpe_horizon_seconds": 60.0
}