{
  "final_pnl": -1.5555913208809216,
  "final_inventory": 0.0014347967437721878,
  "fill_count": 261,
  "max_drawdown": 1.5555913208809216,
  "pnl_attribution": {
    "inventory_moves": -0.06586449003415112,
    "fees": -1.6576329109854642,
    "spread_capture": 0.21702545978357984,
    "adverse_selection": -0.048051279694652296,
    "funding_rates": 0.0
  },
  "additional_metrics": {
    "orders_placed": 534,
    "orders_placed_buy": 261,
    "orders_placed_sell": 273,
    "maker_qty_placed": 1.5337279230675835,
    "maker_qty_filled": 0.31502296963843096,
    "maker_fill_qty_rate": 0.20539690573563973,
    "avg_fill_latency_sec": 0.19292566905150543,
    "std_fill_latency_sec": 0.10932718423996453,
    "avg_queue_position": 1.122601182876247,
    "std_queue_position": 1.4019008315453148,
    "avg_order_lifetime_sec": 0.20649323431221214,
    "std_order_lifetime_sec": 0.1038761232388009,
    "avg_competition_size": 0.6331868926238166,
    "std_competition_size": 0.12112664535600777,
    "forced_liquidations": 0,
    "avg_forced_liq_cost": 0.0,
    "std_forced_liq_cost": 0.0
  },
  "strategy": "skew_mid_spread",
  "strategy_kwargs": {
    "gamma": 0.1,
    "gamma_cap_factor": 5.0,
    "gamma_imb": 0.5,
    "gamma_inv_scale": 4.0,
    "gamma_vol_scale": 2.0,
    "gradient_penalty_ticks": 1.0,
    "gradient_threshold": 1.5,
    "k_vol": 1.3,
    "size_base": 0.005,
    "size_exp": 2.0,
    "size_min_factor": 0.3
  },
  "snapshots_processed": 1000,
  "sharpe_ratio": -1.1304252621713426,
  "capital_base": 10000.0,
  "sharpe_horizon_seconds": 60.0
}