{
  "final_pnl": -0.26258842529750837,
  "final_inventory": 0.018792139681761775,
  "fill_count": 26,
  "max_drawdown": 0.5618170152629318,
  "pnl_attribution": {
    "inventory_moves": -0.2290260344373733,
    "fees": -0.05677910646602679,
    "spread_capture": 0.035112238537671044,
    "adverse_selection": -0.005245756672403989,
    "funding_rates": 0.0
  },
  "additional_metrics": {
    "orders_placed": 1586,
    "orders_placed_buy": 820,
    "orders_placed_sell": 766,
    "maker_qty_placed": 4.354407856632925,
    "maker_qty_filled": 0.03300442625422971,
    "maker_fill_qty_rate": 0.0075795440714069,
    "avg_fill_latency_sec": 0.25053842251117414,
    "std_fill_latency_sec": 0.0006342779670803534,
    "avg_queue_position": 1.799890896851423,
    "std_queue_position": 2.2983788584547704,
    "avg_order_lifetime_sec": 0.25053842251117414,
    "std_order_lifetime_sec": 0.0006342779670803534,
    "avg_competition_size": 0.25890611307331735,
    "std_competition_size": 0.04876526827054376,
    "forced_liquidations": 0,
    "avg_forced_liq_cost": 0.0,
    "std_forced_liq_cost": 0.0,
    "taker_qty_hedge": 0.0,
    "taker_qty_cross": 0.0,
    "taker_trades_hedge": 0,
    "taker_trades_cross": 0,
    "taker_qty_total": 0.0,
    "notional_traded_btc": 0.03300442625422971,
    "notional_traded_usdt": 567.7910646602678
  },
  "strategy": "skew_mid_spread",
  "strategy_kwargs": {
    "extra_spread_ticks": 32.0,
    "gamma": 0.08,
    "gamma_cap_factor": 5.0,
    "gamma_imb": 0.5,
    "gamma_inv_scale": 2.0,
    "gamma_vol_scale": 1.0,
    "gradient_penalty_ticks": 1.0,
    "gradient_threshold": 1.5,
    "k_vol": 6.0,
    "size_base": 0.005,
    "size_exp": 2.0,
    "size_min_factor": 0.3
  },
  "snapshots_processed": 10000,
  "sharpe_ratio": -0.1416214060824176,
  "capital_base": 10000.0,
  "sharpe_horizon_seconds": 60.0
}