{
  "final_pnl": -0.46068461710819975,
  "final_inventory": 0.06187070390319199,
  "fill_count": 440,
  "max_drawdown": 2.7580784271231096,
  "pnl_attribution": {
    "inventory_moves": -0.5711096907356745,
    "fees": -0.5080167891148851,
    "spread_capture": 0.7778376616880311,
    "adverse_selection": -0.09848816766786883,
    "funding_rates": 0.0
  },
  "additional_metrics": {
    "orders_placed": 1589,
    "orders_placed_buy": 823,
    "orders_placed_sell": 766,
    "maker_qty_placed": 34.87081417346767,
    "maker_qty_filled": 0.6155334359011845,
    "maker_fill_qty_rate": 0.01765182289232376,
    "avg_fill_latency_sec": 0.01966421452223086,
    "std_fill_latency_sec": 0.06740586715133037,
    "avg_queue_position": 0.09978693764745104,
    "std_queue_position": 0.5108861997466532,
    "avg_order_lifetime_sec": 0.01966421452223086,
    "std_order_lifetime_sec": 0.06740586715133037,
    "avg_competition_size": 0.3549762191518193,
    "std_competition_size": 0.07143865718768162,
    "forced_liquidations": 0,
    "avg_forced_liq_cost": 0.0,
    "std_forced_liq_cost": 0.0,
    "taker_qty_hedge": 0.12299919733907076,
    "taker_qty_cross": 0.0,
    "taker_trades_hedge": 376,
    "taker_trades_cross": 0,
    "taker_qty_total": 0.12299919733907076,
    "notional_traded_btc": 0.7385326332402526,
    "notional_traded_usdt": 12706.117651756944
  },
  "strategy": "skew_mid_spread",
  "strategy_kwargs": {
    "extra_spread_ticks": 20.0,
    "gamma": 0.08,
    "gamma_cap_factor": 5.0,
    "gamma_imb": 0.5,
    "gamma_inv_scale": 1.0,
    "gamma_vol_scale": 2.0,
    "gradient_penalty_ticks": 1.0,
    "gradient_threshold": 1.5,
    "k_vol": 2.0,
    "size_base": 0.04,
    "size_exp": 2.0,
    "size_min_factor": 0.3
  },
  "snapshots_processed": 10000,
  "sharpe_ratio": -0.05116134396352341,
  "capital_base": 10000.0,
  "sharpe_horizon_seconds": 60.0
}