{
  "final_pnl": -7.420249691949721,
  "final_inventory": 0.025655868836790944,
  "fill_count": 276,
  "max_drawdown": 7.420249691949721,
  "pnl_attribution": {
    "inventory_moves": -0.6298272512004242,
    "fees": -7.5082255391793264,
    "spread_capture": 0.9973491499159904,
    "adverse_selection": -0.25351379272802954,
    "funding_rates": 0.0
  },
  "additional_metrics": {
    "orders_placed": 608,
    "orders_placed_buy": 304,
    "orders_placed_sell": 304,
    "maker_qty_placed": 6.9132893787302985,
    "maker_qty_filled": 1.2837118543440824,
    "maker_fill_qty_rate": 0.18568756260856104,
    "avg_fill_latency_sec": 0.18161249458789824,
    "std_fill_latency_sec": 0.11185341564370183,
    "avg_queue_position": 1.1482027600423634,
    "std_queue_position": 1.4101461446424715,
    "avg_order_lifetime_sec": 0.18946249336004256,
    "std_order_lifetime_sec": 0.10756526051107583,
    "avg_competition_size": 0.7404230623192231,
    "std_competition_size": 0.14159504152575977,
    "forced_liquidations": 1,
    "avg_forced_liq_cost": 0.062293637444361866,
    "std_forced_liq_cost": 0.0
  },
  "strategy": "skew_mid_spread",
  "strategy_kwargs": {
    "gamma": 0.1,
    "gamma_cap_factor": 5.0,
    "gamma_imb": 0.5,
    "gamma_inv_scale": 4.0,
    "gamma_vol_scale": 2.0,
    "gradient_penalty_ticks": 1.0,
    "gradient_threshold": 1.5,
    "k_vol": 1.3,
    "size_base": 0.02,
    "size_exp": 1.0,
    "size_min_factor": 0.1
  },
  "snapshots_processed": 1000,
  "sharpe_ratio": -1.164878337309036,
  "capital_base": 10000.0,
  "sharpe_horizon_seconds": 60.0
}