{
  "final_pnl": -3.6199737279439432,
  "final_inventory": 0.022718804324810174,
  "fill_count": 95,
  "max_drawdown": 4.402770941307608,
  "pnl_attribution": {
    "inventory_moves": -1.5738140441559214,
    "fees": -2.8434323882778703,
    "spread_capture": 0.94320957924824,
    "adverse_selection": -0.11467888440476055,
    "funding_rates": 0.0
  },
  "additional_metrics": {
    "orders_placed": 2066,
    "orders_placed_buy": 1072,
    "orders_placed_sell": 994,
    "maker_qty_placed": 45.15673376526275,
    "maker_qty_filled": 0.7443576765348707,
    "maker_fill_qty_rate": 0.01648386883790685,
    "avg_fill_latency_sec": 0.17446428963116237,
    "std_fill_latency_sec": 0.11518757710295396,
    "avg_queue_position": 0.6502041444039036,
    "std_queue_position": 1.1324201505589024,
    "avg_order_lifetime_sec": 0.17446428963116237,
    "std_order_lifetime_sec": 0.11518757710295396,
    "avg_competition_size": 0.35188015180219956,
    "std_competition_size": 0.06789562315395838,
    "forced_liquidations": 0,
    "avg_forced_liq_cost": 0.0,
    "std_forced_liq_cost": 0.0,
    "taker_qty_hedge": 0.3028374993871927,
    "taker_qty_cross": 0.0,
    "taker_trades_hedge": 17,
    "taker_trades_cross": 0,
    "taker_qty_total": 0.3028374993871927,
    "notional_traded_btc": 1.0471951759220635,
    "notional_traded_usdt": 18012.559993114257
  },
  "strategy": "skew_mid_spread",
  "strategy_kwargs": {
    "extra_spread_ticks": 34.0,
    "gamma": 0.16,
    "gamma_cap_factor": 5.0,
    "gamma_imb": 0.5,
    "gamma_inv_scale": 1.0,
    "gamma_vol_scale": 2.0,
    "gradient_penalty_ticks": 1.0,
    "gradient_threshold": 1.5,
    "k_vol": 8.0,
    "size_base": 0.04,
    "size_exp": 2.0,
    "size_min_factor": 0.3
  },
  "snapshots_processed": 10000,
  "sharpe_ratio": -0.4126646388016606,
  "capital_base": 10000.0,
  "sharpe_horizon_seconds": 60.0
}