{
  "final_pnl": -22.59132888046588,
  "final_inventory": 0.031014000000000055,
  "fill_count": 320,
  "max_drawdown": 22.59132888046588,
  "pnl_attribution": {
    "inventory_moves": -0.1445903139787539,
    "fees": -18.0234476186166,
    "spread_capture": 1.961689568924766,
    "adverse_selection": -6.1548706266232385,
    "funding_rates": 0.0
  },
  "additional_metrics": {
    "orders_placed": 605,
    "orders_placed_buy": 301,
    "orders_placed_sell": 304,
    "maker_qty_placed": 13.742589031890985,
    "maker_qty_filled": 2.7953655129588033,
    "maker_fill_qty_rate": 0.20340894328367762,
    "avg_fill_latency_sec": 0.1626752528947653,
    "std_fill_latency_sec": 0.11950745946349911,
    "avg_queue_position": 1.091308309206858,
    "std_queue_position": 1.3434820781744294,
    "avg_order_lifetime_sec": 0.17173710803395695,
    "std_order_lifetime_sec": 0.11630801240702278,
    "avg_competition_size": 0.8667418668729555,
    "std_competition_size": 0.1734341595766232,
    "forced_liquidations": 36,
    "avg_forced_liq_cost": 0.15966887891639522,
    "std_forced_liq_cost": 0.10451734635977586
  },
  "strategy": "skew_mid_spread",
  "strategy_kwargs": {
    "gamma": 0.1,
    "gamma_cap_factor": 5.0,
    "gamma_imb": 0.5,
    "gamma_inv_scale": 4.0,
    "gamma_vol_scale": 2.0,
    "gradient_penalty_ticks": 1.0,
    "gradient_threshold": 1.5,
    "k_vol": 1.3,
    "size_base": 0.04,
    "size_exp": 1.0,
    "size_min_factor": 0.3
  },
  "snapshots_processed": 1000,
  "sharpe_ratio": -1.330956773404763,
  "capital_base": 10000.0,
  "sharpe_horizon_seconds": 60.0
}