{
  "final_pnl": -16.263875302724045,
  "final_inventory": 0.01626024630552081,
  "fill_count": 294,
  "max_drawdown": 16.263875302724045,
  "pnl_attribution": {
    "inventory_moves": -1.2973869790066674,
    "fees": -15.556652208817564,
    "spread_capture": 1.8400688771002331,
    "adverse_selection": -1.1906755168450887,
    "funding_rates": 0.0
  },
  "additional_metrics": {
    "orders_placed": 538,
    "orders_placed_buy": 266,
    "orders_placed_sell": 272,
    "maker_qty_placed": 12.326920939044944,
    "maker_qty_filled": 2.699702177676273,
    "maker_fill_qty_rate": 0.21900863898016032,
    "avg_fill_latency_sec": 0.1871117633931777,
    "std_fill_latency_sec": 0.11861303517235174,
    "avg_queue_position": 1.2423245316716256,
    "std_queue_position": 1.40417912228278,
    "avg_order_lifetime_sec": 0.20334117412567138,
    "std_order_lifetime_sec": 0.12144982288089963,
    "avg_competition_size": 0.8707266839356796,
    "std_competition_size": 0.1745998221738413,
    "forced_liquidations": 5,
    "avg_forced_liq_cost": 0.1597614894948869,
    "std_forced_liq_cost": 0.09768229495132599
  },
  "strategy": "skew_mid_spread",
  "strategy_kwargs": {
    "gamma": 0.1,
    "gamma_cap_factor": 5.0,
    "gamma_imb": 0.5,
    "gamma_inv_scale": 4.0,
    "gamma_vol_scale": 2.0,
    "gradient_penalty_ticks": 1.0,
    "gradient_threshold": 1.5,
    "k_vol": 1.3,
    "size_base": 0.04,
    "size_exp": 2.0,
    "size_min_factor": 0.1
  },
  "snapshots_processed": 1000,
  "sharpe_ratio": -1.1408877802900734,
  "capital_base": 10000.0,
  "sharpe_horizon_seconds": 60.0
}