{
  "final_pnl": -22.25440302865718,
  "final_inventory": 0.03738436076720096,
  "fill_count": 317,
  "max_drawdown": 22.25440302865718,
  "pnl_attribution": {
    "inventory_moves": -0.09850350009809865,
    "fees": -17.774211493390013,
    "spread_capture": 1.676944835874116,
    "adverse_selection": -5.768777579662382,
    "funding_rates": 0.0
  },
  "additional_metrics": {
    "orders_placed": 532,
    "orders_placed_buy": 262,
    "orders_placed_sell": 270,
    "maker_qty_placed": 12.188487823362317,
    "maker_qty_filled": 2.7661580045292933,
    "maker_fill_qty_rate": 0.2269484159656994,
    "avg_fill_latency_sec": 0.17176963022242042,
    "std_fill_latency_sec": 0.13695758841831449,
    "avg_queue_position": 1.1363536804158318,
    "std_queue_position": 1.391183625427759,
    "avg_order_lifetime_sec": 0.18621465548170799,
    "std_order_lifetime_sec": 0.14082799341980556,
    "avg_competition_size": 0.8610817962208398,
    "std_competition_size": 0.17813424436707453,
    "forced_liquidations": 33,
    "avg_forced_liq_cost": 0.16224796340878098,
    "std_forced_liq_cost": 0.09579326821625708
  },
  "strategy": "skew_mid_spread",
  "strategy_kwargs": {
    "gamma": 0.1,
    "gamma_cap_factor": 5.0,
    "gamma_imb": 0.5,
    "gamma_inv_scale": 4.0,
    "gamma_vol_scale": 2.0,
    "gradient_penalty_ticks": 1.0,
    "gradient_threshold": 1.5,
    "k_vol": 1.3,
    "size_base": 0.04,
    "size_exp": 3.0,
    "size_min_factor": 0.2
  },
  "snapshots_processed": 1000,
  "sharpe_ratio": -1.3335861733946972,
  "capital_base": 10000.0,
  "sharpe_horizon_seconds": 60.0
}