{
  "final_pnl": -3.5914526915421447,
  "final_inventory": 0.006174564214429898,
  "fill_count": 277,
  "max_drawdown": 3.5914526915421447,
  "pnl_attribution": {
    "inventory_moves": -0.2840103008884569,
    "fees": -3.6116903267508604,
    "spread_capture": 0.40113034216644206,
    "adverse_selection": -0.10118230968644923,
    "funding_rates": 0.0
  },
  "additional_metrics": {
    "orders_placed": 535,
    "orders_placed_buy": 262,
    "orders_placed_sell": 273,
    "maker_qty_placed": 3.071504882650939,
    "maker_qty_filled": 0.6435180382970689,
    "maker_fill_qty_rate": 0.2095122954001833,
    "avg_fill_latency_sec": 0.19059748019812242,
    "std_fill_latency_sec": 0.11737463997834975,
    "avg_queue_position": 1.1449677060089052,
    "std_queue_position": 1.4139214490407366,
    "avg_order_lifetime_sec": 0.2095220073963861,
    "std_order_lifetime_sec": 0.11874828146223203,
    "avg_competition_size": 0.6723975877885374,
    "std_competition_size": 0.1313507094424426,
    "forced_liquidations": 0,
    "avg_forced_liq_cost": 0.0,
    "std_forced_liq_cost": 0.0
  },
  "strategy": "skew_mid_spread",
  "strategy_kwargs": {
    "gamma": 0.1,
    "gamma_cap_factor": 5.0,
    "gamma_imb": 0.5,
    "gamma_inv_scale": 4.0,
    "gamma_vol_scale": 2.0,
    "gradient_penalty_ticks": 1.0,
    "gradient_threshold": 1.5,
    "k_vol": 1.3,
    "size_base": 0.01,
    "size_exp": 3.0,
    "size_min_factor": 0.1
  },
  "snapshots_processed": 1000,
  "sharpe_ratio": -1.2112380065315587,
  "capital_base": 10000.0,
  "sharpe_horizon_seconds": 60.0
}