{
  "final_pnl": -1.3808438569485588,
  "final_inventory": -0.005477703552446721,
  "fill_count": 1747,
  "max_drawdown": 4.174839457402413,
  "pnl_attribution": {
    "inventory_moves": -0.3345683189572651,
    "fees": -2.15522608627135,
    "spread_capture": 1.3858833292882227,
    "adverse_selection": -0.20206591957818595,
    "funding_rates": 0.0
  },
  "additional_metrics": {
    "orders_placed": 2961,
    "orders_placed_buy": 1538,
    "orders_placed_sell": 1423,
    "maker_qty_placed": 64.84922500789035,
    "maker_qty_filled": 1.3616294031793403,
    "maker_fill_qty_rate": 0.02099684927635863,
    "avg_fill_latency_sec": 0.011236243841180391,
    "std_fill_latency_sec": 0.051849510461000684,
    "avg_queue_position": 0.04684454816809434,
    "std_queue_position": 0.35344971707566397,
    "avg_order_lifetime_sec": 0.011236243841180391,
    "std_order_lifetime_sec": 0.051849510461000684,
    "avg_competition_size": 0.3551452574051412,
    "std_competition_size": 0.06730875354112599,
    "forced_liquidations": 0,
    "avg_forced_liq_cost": 0.0,
    "std_forced_liq_cost": 0.0,
    "taker_qty_hedge": 0.5218336496259617,
    "taker_qty_cross": 0.0,
    "taker_trades_hedge": 1597,
    "taker_trades_cross": 0,
    "taker_qty_total": 0.5218336496259617,
    "notional_traded_btc": 1.8834630528052982,
    "notional_traded_usdt": 32401.481318941078
  },
  "strategy": "skew_mid_spread",
  "strategy_kwargs": {
    "extra_spread_ticks": 15.0,
    "gamma": 0.08,
    "gamma_cap_factor": 5.0,
    "gamma_imb": 0.5,
    "gamma_inv_scale": 1.0,
    "gamma_vol_scale": 2.0,
    "gradient_penalty_ticks": 1.0,
    "gradient_threshold": 1.5,
    "k_vol": 6.0,
    "size_base": 0.04,
    "size_exp": 2.0,
    "size_min_factor": 0.3
  },
  "snapshots_processed": 10000,
  "sharpe_ratio": -0.1072374236058709,
  "capital_base": 10000.0,
  "sharpe_horizon_seconds": 60.0
}