{
  "final_pnl": -3.353752455834183,
  "final_inventory": 0.005498347149010957,
  "fill_count": 276,
  "max_drawdown": 3.353752455834183,
  "pnl_attribution": {
    "inventory_moves": -0.25000426210656485,
    "fees": -3.5040725359124436,
    "spread_capture": 0.5017549730710965,
    "adverse_selection": -0.09992695075973605,
    "funding_rates": 0.0
  },
  "additional_metrics": {
    "orders_placed": 537,
    "orders_placed_buy": 263,
    "orders_placed_sell": 274,
    "maker_qty_placed": 3.0816959198863367,
    "maker_qty_filled": 0.6515286791367625,
    "maker_fill_qty_rate": 0.21141887326793524,
    "avg_fill_latency_sec": 0.19142674640485435,
    "std_fill_latency_sec": 0.11000661119945056,
    "avg_queue_position": 1.1860129280588758,
    "std_queue_position": 1.42159866139293,
    "avg_order_lifetime_sec": 0.2042165531474314,
    "std_order_lifetime_sec": 0.10513886789455734,
    "avg_competition_size": 0.6685528573860338,
    "std_competition_size": 0.1312849851337093,
    "forced_liquidations": 0,
    "avg_forced_liq_cost": 0.0,
    "std_forced_liq_cost": 0.0
  },
  "strategy": "skew_mid_spread",
  "strategy_kwargs": {
    "gamma": 0.1,
    "gamma_cap_factor": 5.0,
    "gamma_imb": 0.5,
    "gamma_inv_scale": 4.0,
    "gamma_vol_scale": 2.0,
    "gradient_penalty_ticks": 1.0,
    "gradient_threshold": 1.5,
    "k_vol": 1.3,
    "size_base": 0.01,
    "size_exp": 2.0,
    "size_min_factor": 0.1
  },
  "snapshots_processed": 1000,
  "sharpe_ratio": -1.172185383427706,
  "capital_base": 10000.0,
  "sharpe_horizon_seconds": 60.0
}