{
  "final_pnl": -3.583666293263377,
  "final_inventory": 0.007750384657175737,
  "fill_count": 272,
  "max_drawdown": 3.583666293263377,
  "pnl_attribution": {
    "inventory_moves": -0.2820688028785952,
    "fees": -3.6796885302857403,
    "spread_capture": 0.47856947806790645,
    "adverse_selection": -0.09952616275285806,
    "funding_rates": 0.0
  },
  "additional_metrics": {
    "orders_placed": 606,
    "orders_placed_buy": 300,
    "orders_placed_sell": 306,
    "maker_qty_placed": 3.448579463321722,
    "maker_qty_filled": 0.6402910597605231,
    "maker_fill_qty_rate": 0.18566806030439717,
    "avg_fill_latency_sec": 0.18344585303288358,
    "std_fill_latency_sec": 0.1108633934429538,
    "avg_queue_position": 1.132035022671785,
    "std_queue_position": 1.4158658275450227,
    "avg_order_lifetime_sec": 0.19463693564105186,
    "std_order_lifetime_sec": 0.10425269949977087,
    "avg_competition_size": 0.6782471270681916,
    "std_competition_size": 0.1263185225656396,
    "forced_liquidations": 0,
    "avg_forced_liq_cost": 0.0,
    "std_forced_liq_cost": 0.0
  },
  "strategy": "skew_mid_spread",
  "strategy_kwargs": {
    "gamma": 0.1,
    "gamma_cap_factor": 5.0,
    "gamma_imb": 0.5,
    "gamma_inv_scale": 4.0,
    "gamma_vol_scale": 2.0,
    "gradient_penalty_ticks": 1.0,
    "gradient_threshold": 1.5,
    "k_vol": 1.3,
    "size_base": 0.01,
    "size_exp": 3.0,
    "size_min_factor": 0.1
  },
  "snapshots_processed": 1000,
  "sharpe_ratio": -1.1637193006684203,
  "capital_base": 10000.0,
  "sharpe_horizon_seconds": 60.0
}