{
  "final_pnl": -3.8875874924287928,
  "final_inventory": -0.013476784779423795,
  "fill_count": 147,
  "max_drawdown": 4.497696584101504,
  "pnl_attribution": {
    "inventory_moves": -1.564030461963619,
    "fees": -3.4688503959429573,
    "spread_capture": 1.3469689007117864,
    "adverse_selection": -0.1764366541074084,
    "funding_rates": 0.0
  },
  "additional_metrics": {
    "orders_placed": 2961,
    "orders_placed_buy": 1538,
    "orders_placed_sell": 1423,
    "maker_qty_placed": 64.865251105866,
    "maker_qty_filled": 1.185139412466996,
    "maker_fill_qty_rate": 0.018270790481219917,
    "avg_fill_latency_sec": 0.19860975916792706,
    "std_fill_latency_sec": 0.10157248636792028,
    "avg_queue_position": 0.7445908881944808,
    "std_queue_position": 1.4504365644537347,
    "avg_order_lifetime_sec": 0.19860975916792706,
    "std_order_lifetime_sec": 0.10157248636792028,
    "avg_competition_size": 0.35362196490469033,
    "std_competition_size": 0.06621305735316166,
    "forced_liquidations": 0,
    "avg_forced_liq_cost": 0.0,
    "std_forced_liq_cost": 0.0,
    "taker_qty_hedge": 0.2770851136357455,
    "taker_qty_cross": 0.0,
    "taker_trades_hedge": 17,
    "taker_trades_cross": 0,
    "taker_qty_total": 0.2770851136357455,
    "notional_traded_btc": 1.4622245261027413,
    "notional_traded_usdt": 25152.90154266732
  },
  "strategy": "skew_mid_spread",
  "strategy_kwargs": {
    "extra_spread_ticks": 30.0,
    "gamma": 0.2,
    "gamma_cap_factor": 5.0,
    "gamma_imb": 0.5,
    "gamma_inv_scale": 1.0,
    "gamma_vol_scale": 2.0,
    "gradient_penalty_ticks": 1.0,
    "gradient_threshold": 1.5,
    "k_vol": 6.0,
    "size_base": 0.04,
    "size_exp": 2.0,
    "size_min_factor": 0.3
  },
  "snapshots_processed": 10000,
  "sharpe_ratio": -0.3944667477671152,
  "capital_base": 10000.0,
  "sharpe_horizon_seconds": 60.0
}