{
  "final_pnl": -7.51600360759403,
  "final_inventory": 0.01631760374017714,
  "fill_count": 279,
  "max_drawdown": 7.51600360759403,
  "pnl_attribution": {
    "inventory_moves": -0.6300988176503284,
    "fees": -7.53394536391832,
    "spread_capture": 1.097073925440346,
    "adverse_selection": -0.4276110671408825,
    "funding_rates": 0.0
  },
  "additional_metrics": {
    "orders_placed": 610,
    "orders_placed_buy": 304,
    "orders_placed_sell": 306,
    "maker_qty_placed": 6.934934481826699,
    "maker_qty_filled": 1.2881399641530158,
    "maker_fill_qty_rate": 0.18574652255600155,
    "avg_fill_latency_sec": 0.18091974876545094,
    "std_fill_latency_sec": 0.11220401003670141,
    "avg_queue_position": 1.1180096622224724,
    "std_queue_position": 1.379292627588307,
    "avg_order_lifetime_sec": 0.1902222177128733,
    "std_order_lifetime_sec": 0.10711577647167818,
    "avg_competition_size": 0.7401010047293111,
    "std_competition_size": 0.14313658161677098,
    "forced_liquidations": 3,
    "avg_forced_liq_cost": 0.08245721340957257,
    "std_forced_liq_cost": 0.05842937657882356
  },
  "strategy": "skew_mid_spread",
  "strategy_kwargs": {
    "gamma": 0.1,
    "gamma_cap_factor": 5.0,
    "gamma_imb": 0.5,
    "gamma_inv_scale": 4.0,
    "gamma_vol_scale": 2.0,
    "gradient_penalty_ticks": 1.0,
    "gradient_threshold": 1.5,
    "k_vol": 1.3,
    "size_base": 0.02,
    "size_exp": 2.0,
    "size_min_factor": 0.3
  },
  "snapshots_processed": 1000,
  "sharpe_ratio": -1.1660344722935445,
  "capital_base": 10000.0,
  "sharpe_horizon_seconds": 60.0
}