{
  "final_pnl": -17.772784185299315,
  "final_inventory": 0.04783146381896729,
  "fill_count": 289,
  "max_drawdown": 17.772784185299315,
  "pnl_attribution": {
    "inventory_moves": -0.4971979207609929,
    "fees": -15.753622342673298,
    "spread_capture": 1.6579504593290595,
    "adverse_selection": -3.0541102158496587,
    "funding_rates": 0.0
  },
  "additional_metrics": {
    "orders_placed": 609,
    "orders_placed_buy": 304,
    "orders_placed_sell": 305,
    "maker_qty_placed": 13.838494518183339,
    "maker_qty_filled": 2.680697598506428,
    "maker_fill_qty_rate": 0.19371309465665337,
    "avg_fill_latency_sec": 0.1778816527868869,
    "std_fill_latency_sec": 0.11367038234550744,
    "avg_queue_position": 1.19889079331303,
    "std_queue_position": 1.4149381670493137,
    "avg_order_lifetime_sec": 0.18679881236962312,
    "std_order_lifetime_sec": 0.10912766173283588,
    "avg_competition_size": 0.8718469972120778,
    "std_competition_size": 0.1772323993413818,
    "forced_liquidations": 13,
    "avg_forced_liq_cost": 0.20373353130069088,
    "std_forced_liq_cost": 0.0927553270242769
  },
  "strategy": "skew_mid_spread",
  "strategy_kwargs": {
    "gamma": 0.1,
    "gamma_cap_factor": 5.0,
    "gamma_imb": 0.5,
    "gamma_inv_scale": 4.0,
    "gamma_vol_scale": 2.0,
    "gradient_penalty_ticks": 1.0,
    "gradient_threshold": 1.5,
    "k_vol": 1.3,
    "size_base": 0.04,
    "size_exp": 2.0,
    "size_min_factor": 0.3
  },
  "snapshots_processed": 1000,
  "sharpe_ratio": -1.140143090633883,
  "capital_base": 10000.0,
  "sharpe_horizon_seconds": 60.0
}