{
  "final_pnl": -1.7122719866929401,
  "final_inventory": 0.004413328175352546,
  "fill_count": 268,
  "max_drawdown": 1.7122719866929401,
  "pnl_attribution": {
    "inventory_moves": -0.133363610052208,
    "fees": -1.778104070347922,
    "spread_capture": 0.24517673057456502,
    "adverse_selection": -0.048306285901762856,
    "funding_rates": 0.0
  },
  "additional_metrics": {
    "orders_placed": 608,
    "orders_placed_buy": 303,
    "orders_placed_sell": 305,
    "maker_qty_placed": 1.7285092534142439,
    "maker_qty_filled": 0.315117982292916,
    "maker_fill_qty_rate": 0.1823062165681081,
    "avg_fill_latency_sec": 0.18539609692313455,
    "std_fill_latency_sec": 0.10982035794449552,
    "avg_queue_position": 1.1352847761590092,
    "std_queue_position": 1.4319475324841273,
    "avg_order_lifetime_sec": 0.19680518763405935,
    "std_order_lifetime_sec": 0.1027801219891489,
    "avg_competition_size": 0.6412585265896796,
    "std_competition_size": 0.12377196119290837,
    "forced_liquidations": 0,
    "avg_forced_liq_cost": 0.0,
    "std_forced_liq_cost": 0.0
  },
  "strategy": "skew_mid_spread",
  "strategy_kwargs": {
    "gamma": 0.1,
    "gamma_cap_factor": 5.0,
    "gamma_imb": 0.5,
    "gamma_inv_scale": 4.0,
    "gamma_vol_scale": 2.0,
    "gradient_penalty_ticks": 1.0,
    "gradient_threshold": 1.5,
    "k_vol": 1.3,
    "size_base": 0.005,
    "size_exp": 3.0,
    "size_min_factor": 0.3
  },
  "snapshots_processed": 1000,
  "sharpe_ratio": -1.1422553327230487,
  "capital_base": 10000.0,
  "sharpe_horizon_seconds": 60.0
}