{
  "final_pnl": -7.751796393178665,
  "final_inventory": 0.010606081670331925,
  "fill_count": 285,
  "max_drawdown": 7.751796393178665,
  "pnl_attribution": {
    "inventory_moves": -0.24788216431713272,
    "fees": -7.358859490972746,
    "spread_capture": 1.0228961965911765,
    "adverse_selection": -1.122286675403783,
    "funding_rates": 0.0
  },
  "additional_metrics": {
    "orders_placed": 532,
    "orders_placed_buy": 260,
    "orders_placed_sell": 272,
    "maker_qty_placed": 6.110633657254177,
    "maker_qty_filled": 1.3192034202590412,
    "maker_fill_qty_rate": 0.21588651754519145,
    "avg_fill_latency_sec": 0.18524242025433166,
    "std_fill_latency_sec": 0.11670190534504406,
    "avg_queue_position": 1.1417379433466777,
    "std_queue_position": 1.3878793432230074,
    "avg_order_lifetime_sec": 0.20499393434235544,
    "std_order_lifetime_sec": 0.12719445910072907,
    "avg_competition_size": 0.7345539261810958,
    "std_competition_size": 0.14269361513108747,
    "forced_liquidations": 10,
    "avg_forced_liq_cost": 0.09334399387832393,
    "std_forced_liq_cost": 0.05190491536026215
  },
  "strategy": "skew_mid_spread",
  "strategy_kwargs": {
    "gamma": 0.1,
    "gamma_cap_factor": 5.0,
    "gamma_imb": 0.5,
    "gamma_inv_scale": 4.0,
    "gamma_vol_scale": 2.0,
    "gradient_penalty_ticks": 1.0,
    "gradient_threshold": 1.5,
    "k_vol": 1.3,
    "size_base": 0.02,
    "size_exp": 1.0,
    "size_min_factor": 0.1
  },
  "snapshots_processed": 1000,
  "sharpe_ratio": -1.2256618732524946,
  "capital_base": 10000.0,
  "sharpe_horizon_seconds": 60.0
}