{
  "final_pnl": -3.5882660939969355,
  "final_inventory": 0.005620692926863206,
  "fill_count": 277,
  "max_drawdown": 3.5882660939969355,
  "pnl_attribution": {
    "inventory_moves": -0.23879809310207556,
    "fees": -3.6605787420288394,
    "spread_capture": 0.4002745579287266,
    "adverse_selection": -0.09346739412417292,
    "funding_rates": 0.0
  },
  "additional_metrics": {
    "orders_placed": 537,
    "orders_placed_buy": 263,
    "orders_placed_sell": 274,
    "maker_qty_placed": 3.0842175677308683,
    "maker_qty_filled": 0.6611548235936251,
    "maker_fill_qty_rate": 0.2143671155080192,
    "avg_fill_latency_sec": 0.1874465357582524,
    "std_fill_latency_sec": 0.11226404295517768,
    "avg_queue_position": 1.1408481630803353,
    "std_queue_position": 1.414475649716316,
    "avg_order_lifetime_sec": 0.20951571704456642,
    "std_order_lifetime_sec": 0.12202437553745904,
    "avg_competition_size": 0.6718703136545761,
    "std_competition_size": 0.12861042454259256,
    "forced_liquidations": 0,
    "avg_forced_liq_cost": 0.0,
    "std_forced_liq_cost": 0.0
  },
  "strategy": "skew_mid_spread",
  "strategy_kwargs": {
    "gamma": 0.1,
    "gamma_cap_factor": 5.0,
    "gamma_imb": 0.5,
    "gamma_inv_scale": 4.0,
    "gamma_vol_scale": 2.0,
    "gradient_penalty_ticks": 1.0,
    "gradient_threshold": 1.5,
    "k_vol": 1.3,
    "size_base": 0.01,
    "size_exp": 1.0,
    "size_min_factor": 0.3
  },
  "snapshots_processed": 1000,
  "sharpe_ratio": -1.2214423521731599,
  "capital_base": 10000.0,
  "sharpe_horizon_seconds": 60.0
}