{
  "final_pnl": -0.8409642113110749,
  "final_inventory": 0.0804391804,
  "fill_count": 69,
  "max_drawdown": 2.5514323009065265,
  "pnl_attribution": {
    "inventory_moves": -1.348852109849204,
    "fees": -0.025090910728294693,
    "spread_capture": 0.6425481189380613,
    "adverse_selection": -0.09152407537084974,
    "funding_rates": 0.0
  },
  "additional_metrics": {
    "orders_placed": 1586,
    "orders_placed_buy": 819,
    "orders_placed_sell": 767,
    "maker_qty_placed": 34.8120853682684,
    "maker_qty_filled": 0.6261877267260696,
    "maker_fill_qty_rate": 0.017987653428451218,
    "avg_fill_latency_sec": 0.24362856319972448,
    "std_fill_latency_sec": 0.04178795703157731,
    "avg_queue_position": 0.9865897194403903,
    "std_queue_position": 1.0255351389314253,
    "avg_order_lifetime_sec": 0.24362856319972448,
    "std_order_lifetime_sec": 0.04178795703157731,
    "avg_competition_size": 0.3533780761275893,
    "std_competition_size": 0.06708367984308805,
    "forced_liquidations": 0,
    "avg_forced_liq_cost": 0.0,
    "std_forced_liq_cost": 0.0,
    "taker_qty_hedge": 0.006075857739595306,
    "taker_qty_cross": 0.0,
    "taker_trades_hedge": 1,
    "taker_trades_cross": 0,
    "taker_qty_total": 0.006075857739595306,
    "notional_traded_btc": 0.6322635844656649,
    "notional_traded_usdt": 10875.948899948085
  },
  "strategy": "skew_mid_spread",
  "strategy_kwargs": {
    "extra_spread_ticks": 30.0,
    "gamma": 0.16,
    "gamma_cap_factor": 5.0,
    "gamma_imb": 0.5,
    "gamma_inv_scale": 1.0,
    "gamma_vol_scale": 2.0,
    "gradient_penalty_ticks": 1.0,
    "gradient_threshold": 1.5,
    "k_vol": 6.0,
    "size_base": 0.04,
    "size_exp": 2.0,
    "size_min_factor": 0.3
  },
  "snapshots_processed": 10000,
  "sharpe_ratio": -0.09761593654034663,
  "capital_base": 10000.0,
  "sharpe_horizon_seconds": 60.0
}