{
  "final_pnl": -3.397352412579494,
  "final_inventory": 0.008123300488410142,
  "fill_count": 268,
  "max_drawdown": 3.397352412579494,
  "pnl_attribution": {
    "inventory_moves": -0.20331809469749768,
    "fees": -3.5011689002396715,
    "spread_capture": 0.39059150683608973,
    "adverse_selection": -0.08849444036792878,
    "funding_rates": 0.0
  },
  "additional_metrics": {
    "orders_placed": 530,
    "orders_placed_buy": 260,
    "orders_placed_sell": 270,
    "maker_qty_placed": 3.0477961186468714,
    "maker_qty_filled": 0.6399396700451409,
    "maker_fill_qty_rate": 0.20996800479201824,
    "avg_fill_latency_sec": 0.1899346354740118,
    "std_fill_latency_sec": 0.1110442795437903,
    "avg_queue_position": 1.1080521929362377,
    "std_queue_position": 1.350759735095502,
    "avg_order_lifetime_sec": 0.209601300993776,
    "std_order_lifetime_sec": 0.11260273665963642,
    "avg_competition_size": 0.6722201190501848,
    "std_competition_size": 0.12723115475795702,
    "forced_liquidations": 0,
    "avg_forced_liq_cost": 0.0,
    "std_forced_liq_cost": 0.0
  },
  "strategy": "skew_mid_spread",
  "strategy_kwargs": {
    "gamma": 0.1,
    "gamma_cap_factor": 5.0,
    "gamma_imb": 0.5,
    "gamma_inv_scale": 4.0,
    "gamma_vol_scale": 2.0,
    "gradient_penalty_ticks": 1.0,
    "gradient_threshold": 1.5,
    "k_vol": 1.3,
    "size_base": 0.01,
    "size_exp": 1.0,
    "size_min_factor": 0.2
  },
  "snapshots_processed": 1000,
  "sharpe_ratio": -1.126191024831586,
  "capital_base": 10000.0,
  "sharpe_horizon_seconds": 60.0
}