{
  "final_pnl": -3.5306062214986014,
  "final_inventory": 0.0044241239476771645,
  "fill_count": 276,
  "max_drawdown": 3.5306062214986014,
  "pnl_attribution": {
    "inventory_moves": -0.2736908316844665,
    "fees": -3.6231659962239666,
    "spread_capture": 0.46240677983466827,
    "adverse_selection": -0.09786196350040911,
    "funding_rates": 0.0
  },
  "additional_metrics": {
    "orders_placed": 540,
    "orders_placed_buy": 265,
    "orders_placed_sell": 275,
    "maker_qty_placed": 3.1043463507180062,
    "maker_qty_filled": 0.6547013534995583,
    "maker_fill_qty_rate": 0.21089829533619275,
    "avg_fill_latency_sec": 0.1902405023574829,
    "std_fill_latency_sec": 0.11423462509489389,
    "avg_queue_position": 1.1588910980743068,
    "std_queue_position": 1.4225651300849982,
    "avg_order_lifetime_sec": 0.2029493609561196,
    "std_order_lifetime_sec": 0.10972732243739064,
    "avg_competition_size": 0.6736068513009892,
    "std_competition_size": 0.1322134160717018,
    "forced_liquidations": 0,
    "avg_forced_liq_cost": 0.0,
    "std_forced_liq_cost": 0.0
  },
  "strategy": "skew_mid_spread",
  "strategy_kwargs": {
    "gamma": 0.1,
    "gamma_cap_factor": 5.0,
    "gamma_imb": 0.5,
    "gamma_inv_scale": 4.0,
    "gamma_vol_scale": 2.0,
    "gradient_penalty_ticks": 1.0,
    "gradient_threshold": 1.5,
    "k_vol": 1.3,
    "size_base": 0.01,
    "size_exp": 3.0,
    "size_min_factor": 0.3
  },
  "snapshots_processed": 1000,
  "sharpe_ratio": -1.1411666551571413,
  "capital_base": 10000.0,
  "sharpe_horizon_seconds": 60.0
}