{
  "final_pnl": -3.5606588674090744,
  "final_inventory": 0.010700978396812007,
  "fill_count": 272,
  "max_drawdown": 3.5606588674090744,
  "pnl_attribution": {
    "inventory_moves": -0.3098162774786831,
    "fees": -3.6355674313864927,
    "spread_capture": 0.46057675769699086,
    "adverse_selection": -0.09565851124355419,
    "funding_rates": 0.0
  },
  "additional_metrics": {
    "orders_placed": 609,
    "orders_placed_buy": 304,
    "orders_placed_sell": 305,
    "maker_qty_placed": 3.46629660744738,
    "maker_qty_filled": 0.6240947406753373,
    "maker_fill_qty_rate": 0.18004654862323732,
    "avg_fill_latency_sec": 0.18348407289784424,
    "std_fill_latency_sec": 0.11088667354218162,
    "avg_queue_position": 1.1431344448075043,
    "std_queue_position": 1.4270924898853863,
    "avg_order_lifetime_sec": 0.19626751219391064,
    "std_order_lifetime_sec": 0.10319157559461162,
    "avg_competition_size": 0.6669810625794993,
    "std_competition_size": 0.12567396913071152,
    "forced_liquidations": 0,
    "avg_forced_liq_cost": 0.0,
    "std_forced_liq_cost": 0.0
  },
  "strategy": "skew_mid_spread",
  "strategy_kwargs": {
    "gamma": 0.1,
    "gamma_cap_factor": 5.0,
    "gamma_imb": 0.5,
    "gamma_inv_scale": 4.0,
    "gamma_vol_scale": 2.0,
    "gradient_penalty_ticks": 1.0,
    "gradient_threshold": 1.5,
    "k_vol": 1.3,
    "size_base": 0.01,
    "size_exp": 1.0,
    "size_min_factor": 0.2
  },
  "snapshots_processed": 1000,
  "sharpe_ratio": -1.1313520656804394,
  "capital_base": 10000.0,
  "sharpe_horizon_seconds": 60.0
}