{
  "final_pnl": -2.81722082962915,
  "final_inventory": -0.021251499505090032,
  "fill_count": 2041,
  "max_drawdown": 3.418533588754144,
  "pnl_attribution": {
    "inventory_moves": -3.410026325064587,
    "fees": -0.658588627192771,
    "spread_capture": 1.5177312787621284,
    "adverse_selection": -0.17899104987251083,
    "funding_rates": 0.0
  },
  "additional_metrics": {
    "orders_placed": 2960,
    "orders_placed_buy": 1537,
    "orders_placed_sell": 1423,
    "maker_qty_placed": 64.83868629312134,
    "maker_qty_filled": 1.2421225856087892,
    "maker_fill_qty_rate": 0.019157121413494224,
    "avg_fill_latency_sec": 0.008636593758244231,
    "std_fill_latency_sec": 0.04571292663223381,
    "avg_queue_position": 0.026231677495892808,
    "std_queue_position": 0.21734011512260418,
    "avg_order_lifetime_sec": 0.008636593758244231,
    "std_order_lifetime_sec": 0.04571292663223381,
    "avg_competition_size": 0.35535978219633674,
    "std_competition_size": 0.06626778184423968,
    "forced_liquidations": 0,
    "avg_forced_liq_cost": 0.0,
    "std_forced_liq_cost": 0.0,
    "taker_qty_hedge": 0.15948419368725447,
    "taker_qty_cross": 0.0,
    "taker_trades_hedge": 1905,
    "taker_trades_cross": 0,
    "taker_qty_total": 0.15948419368725447,
    "notional_traded_btc": 1.401606779296036,
    "notional_traded_usdt": 24110.061334113514
  },
  "strategy": "skew_mid_spread",
  "strategy_kwargs": {
    "extra_spread_ticks": 30.0,
    "gamma": 0.16,
    "gamma_cap_factor": 5.0,
    "gamma_imb": 0.5,
    "gamma_inv_scale": 1.0,
    "gamma_vol_scale": 2.0,
    "gradient_penalty_ticks": 1.0,
    "gradient_threshold": 1.5,
    "k_vol": 4.0,
    "size_base": 0.04,
    "size_exp": 2.0,
    "size_min_factor": 0.3
  },
  "snapshots_processed": 10000,
  "sharpe_ratio": -0.3202402278616326,
  "capital_base": 10000.0,
  "sharpe_horizon_seconds": 60.0
}