{
  "final_pnl": -8.312387472291448,
  "final_inventory": 0.01080636965450198,
  "fill_count": 290,
  "max_drawdown": 8.312387472291448,
  "pnl_attribution": {
    "inventory_moves": -0.27575448336152175,
    "fees": -7.7350016209697685,
    "spread_capture": 0.9984538541476329,
    "adverse_selection": -1.254039659663274,
    "funding_rates": 0.0
  },
  "additional_metrics": {
    "orders_placed": 604,
    "orders_placed_buy": 300,
    "orders_placed_sell": 304,
    "maker_qty_placed": 6.856864120695065,
    "maker_qty_filled": 1.298896834082054,
    "maker_fill_qty_rate": 0.18943015512904574,
    "avg_fill_latency_sec": 0.17682940539191752,
    "std_fill_latency_sec": 0.11414520917307842,
    "avg_queue_position": 1.1005462620313538,
    "std_queue_position": 1.3807978795338784,
    "avg_order_lifetime_sec": 0.18864116949193618,
    "std_order_lifetime_sec": 0.10806084785618394,
    "avg_competition_size": 0.7352202492260935,
    "std_competition_size": 0.14285436964468282,
    "forced_liquidations": 14,
    "avg_forced_liq_cost": 0.07583981426411111,
    "std_forced_liq_cost": 0.053903462937125377
  },
  "strategy": "skew_mid_spread",
  "strategy_kwargs": {
    "gamma": 0.1,
    "gamma_cap_factor": 5.0,
    "gamma_imb": 0.5,
    "gamma_inv_scale": 4.0,
    "gamma_vol_scale": 2.0,
    "gradient_penalty_ticks": 1.0,
    "gradient_threshold": 1.5,
    "k_vol": 1.3,
    "size_base": 0.02,
    "size_exp": 2.0,
    "size_min_factor": 0.1
  },
  "snapshots_processed": 1000,
  "sharpe_ratio": -1.1331978072634847,
  "capital_base": 10000.0,
  "sharpe_horizon_seconds": 60.0
}