{
  "final_pnl": -3.36021268524928,
  "final_inventory": 0.009134394890843393,
  "fill_count": 265,
  "max_drawdown": 3.36021268524928,
  "pnl_attribution": {
    "inventory_moves": -0.24207415919786351,
    "fees": -3.599046998827559,
    "spread_capture": 0.5842217834405025,
    "adverse_selection": -0.09781119124679753,
    "funding_rates": 0.0
  },
  "additional_metrics": {
    "orders_placed": 607,
    "orders_placed_buy": 302,
    "orders_placed_sell": 305,
    "maker_qty_placed": 3.46021581966851,
    "maker_qty_filled": 0.6283672047743414,
    "maker_fill_qty_rate": 0.18159769145108964,
    "avg_fill_latency_sec": 0.18338561369702708,
    "std_fill_latency_sec": 0.11095774673705454,
    "avg_queue_position": 1.0845561102798704,
    "std_queue_position": 1.389255157644305,
    "avg_order_lifetime_sec": 0.19323528670018014,
    "std_order_lifetime_sec": 0.10524286873240188,
    "avg_competition_size": 0.6705991807054154,
    "std_competition_size": 0.13001824784537314,
    "forced_liquidations": 0,
    "avg_forced_liq_cost": 0.0,
    "std_forced_liq_cost": 0.0
  },
  "strategy": "skew_mid_spread",
  "strategy_kwargs": {
    "gamma": 0.1,
    "gamma_cap_factor": 5.0,
    "gamma_imb": 0.5,
    "gamma_inv_scale": 4.0,
    "gamma_vol_scale": 2.0,
    "gradient_penalty_ticks": 1.0,
    "gradient_threshold": 1.5,
    "k_vol": 1.3,
    "size_base": 0.01,
    "size_exp": 2.0,
    "size_min_factor": 0.3
  },
  "snapshots_processed": 1000,
  "sharpe_ratio": -1.0981022164711203,
  "capital_base": 10000.0,
  "sharpe_horizon_seconds": 60.0
}