{
  "final_pnl": -16.353543564175197,
  "final_inventory": 0.05272715666594162,
  "fill_count": 295,
  "max_drawdown": 16.353543564175197,
  "pnl_attribution": {
    "inventory_moves": -1.2431237997295645,
    "fees": -15.846994163900572,
    "spread_capture": 1.9468424681244703,
    "adverse_selection": -1.149434517193686,
    "funding_rates": 0.0
  },
  "additional_metrics": {
    "orders_placed": 537,
    "orders_placed_buy": 264,
    "orders_placed_sell": 273,
    "maker_qty_placed": 12.321896484761991,
    "maker_qty_filled": 2.664858467496752,
    "maker_fill_qty_rate": 0.2162701553930662,
    "avg_fill_latency_sec": 0.1845906394266943,
    "std_fill_latency_sec": 0.11679244519354577,
    "avg_queue_position": 1.2302330977349596,
    "std_queue_position": 1.4197007582508567,
    "avg_order_lifetime_sec": 0.20071344626577278,
    "std_order_lifetime_sec": 0.12594125302745135,
    "avg_competition_size": 0.8630686206486456,
    "std_competition_size": 0.18010768402754782,
    "forced_liquidations": 3,
    "avg_forced_liq_cost": 0.24770550257672683,
    "std_forced_liq_cost": 0.049214803170811956
  },
  "strategy": "skew_mid_spread",
  "strategy_kwargs": {
    "gamma": 0.1,
    "gamma_cap_factor": 5.0,
    "gamma_imb": 0.5,
    "gamma_inv_scale": 4.0,
    "gamma_vol_scale": 2.0,
    "gradient_penalty_ticks": 1.0,
    "gradient_threshold": 1.5,
    "k_vol": 1.3,
    "size_base": 0.04,
    "size_exp": 3.0,
    "size_min_factor": 0.1
  },
  "snapshots_processed": 1000,
  "sharpe_ratio": -1.2024529902578107,
  "capital_base": 10000.0,
  "sharpe_horizon_seconds": 60.0
}