{
  "final_pnl": -3.652281829936328,
  "final_inventory": 0.007714865708498244,
  "fill_count": 269,
  "max_drawdown": 3.652281829936328,
  "pnl_attribution": {
    "inventory_moves": -0.27856327227020716,
    "fees": -3.691601771017699,
    "spread_capture": 0.45271565074035486,
    "adverse_selection": -0.13798888823953495,
    "funding_rates": 0.0
  },
  "additional_metrics": {
    "orders_placed": 609,
    "orders_placed_buy": 301,
    "orders_placed_sell": 308,
    "maker_qty_placed": 3.4659149586260933,
    "maker_qty_filled": 0.6365771947950264,
    "maker_fill_qty_rate": 0.1836678632898047,
    "avg_fill_latency_sec": 0.18141665978309435,
    "std_fill_latency_sec": 0.11191198944135397,
    "avg_queue_position": 1.1042948705059097,
    "std_queue_position": 1.4440959233972723,
    "avg_order_lifetime_sec": 0.19267948010028937,
    "std_order_lifetime_sec": 0.10553677949010741,
    "avg_competition_size": 0.6597748820896736,
    "std_competition_size": 0.13032042976577396,
    "forced_liquidations": 1,
    "avg_forced_liq_cost": 0.043101728948139205,
    "std_forced_liq_cost": 0.0
  },
  "strategy": "skew_mid_spread",
  "strategy_kwargs": {
    "gamma": 0.1,
    "gamma_cap_factor": 5.0,
    "gamma_imb": 0.5,
    "gamma_inv_scale": 4.0,
    "gamma_vol_scale": 2.0,
    "gradient_penalty_ticks": 1.0,
    "gradient_threshold": 1.5,
    "k_vol": 1.3,
    "size_base": 0.01,
    "size_exp": 2.0,
    "size_min_factor": 0.3
  },
  "snapshots_processed": 1000,
  "sharpe_ratio": -1.1648979445083993,
  "capital_base": 10000.0,
  "sharpe_horizon_seconds": 60.0
}