{
  "final_pnl": -1.7124761279155791,
  "final_inventory": 0.00433036382409972,
  "fill_count": 270,
  "max_drawdown": 1.7124761279155791,
  "pnl_attribution": {
    "inventory_moves": -0.13884863104277792,
    "fees": -1.7719789655049003,
    "spread_capture": 0.23842867189966607,
    "adverse_selection": -0.04688632347649394,
    "funding_rates": 0.0
  },
  "additional_metrics": {
    "orders_placed": 605,
    "orders_placed_buy": 301,
    "orders_placed_sell": 304,
    "maker_qty_placed": 1.7212698633436359,
    "maker_qty_filled": 0.31550339499239205,
    "maker_fill_qty_rate": 0.1832968796534403,
    "avg_fill_latency_sec": 0.18583225281007829,
    "std_fill_latency_sec": 0.10959919746296876,
    "avg_queue_position": 1.1349370401650987,
    "std_queue_position": 1.403620951396861,
    "avg_order_lifetime_sec": 0.19716773648415842,
    "std_order_lifetime_sec": 0.10254671782823663,
    "avg_competition_size": 0.6382880141528712,
    "std_competition_size": 0.12436390169920149,
    "forced_liquidations": 0,
    "avg_forced_liq_cost": 0.0,
    "std_forced_liq_cost": 0.0
  },
  "strategy": "skew_mid_spread",
  "strategy_kwargs": {
    "gamma": 0.1,
    "gamma_cap_factor": 5.0,
    "gamma_imb": 0.5,
    "gamma_inv_scale": 4.0,
    "gamma_vol_scale": 2.0,
    "gradient_penalty_ticks": 1.0,
    "gradient_threshold": 1.5,
    "k_vol": 1.3,
    "size_base": 0.005,
    "size_exp": 2.0,
    "size_min_factor": 0.1
  },
  "snapshots_processed": 1000,
  "sharpe_ratio": -1.1727575784114244,
  "capital_base": 10000.0,
  "sharpe_horizon_seconds": 60.0
}