{
  "final_pnl": -1.5571313143354928,
  "final_inventory": 0.023711169530492238,
  "fill_count": 2478,
  "max_drawdown": 3.610494772730817,
  "pnl_attribution": {
    "inventory_moves": -0.13148603034135012,
    "fees": -2.0394726197716664,
    "spread_capture": 0.7988479873573076,
    "adverse_selection": -0.0924747860127905,
    "funding_rates": 0.0
  },
  "additional_metrics": {
    "orders_placed": 1587,
    "orders_placed_buy": 820,
    "orders_placed_sell": 767,
    "maker_qty_placed": 34.82274396937579,
    "maker_qty_filled": 0.6905687240794143,
    "maker_fill_qty_rate": 0.019830968078986592,
    "avg_fill_latency_sec": 0.0038004912884691514,
    "std_fill_latency_sec": 0.03063433864854318,
    "avg_queue_position": 0.011967757861505713,
    "std_queue_position": 0.1294862707078654,
    "avg_order_lifetime_sec": 0.0038004912884691514,
    "std_order_lifetime_sec": 0.03063433864854318,
    "avg_competition_size": 0.3538222574506946,
    "std_competition_size": 0.07081461563719524,
    "forced_liquidations": 0,
    "avg_forced_liq_cost": 0.0,
    "std_forced_liq_cost": 0.0,
    "taker_qty_hedge": 0.1650047348573813,
    "taker_qty_cross": 0.0,
    "taker_trades_hedge": 2404,
    "taker_trades_cross": 0,
    "taker_qty_total": 0.1650047348573813,
    "notional_traded_btc": 0.8555734589367971,
    "notional_traded_usdt": 14717.172889418163
  },
  "strategy": "skew_mid_spread",
  "strategy_kwargs": {
    "extra_spread_ticks": 38.0,
    "gamma": 0.12,
    "gamma_cap_factor": 5.0,
    "gamma_imb": 0.5,
    "gamma_inv_scale": 1.0,
    "gamma_vol_scale": 2.0,
    "gradient_penalty_ticks": 1.0,
    "gradient_threshold": 1.5,
    "k_vol": 4.0,
    "size_base": 0.04,
    "size_exp": 2.0,
    "size_min_factor": 0.3
  },
  "snapshots_processed": 10000,
  "sharpe_ratio": -0.12003946509937093,
  "capital_base": 10000.0,
  "sharpe_horizon_seconds": 60.0
}