{
  "final_pnl": -18.140550545249425,
  "final_inventory": 0.05052411833898256,
  "fill_count": 301,
  "max_drawdown": 18.140550545249425,
  "pnl_attribution": {
    "inventory_moves": -0.500392775104238,
    "fees": -16.017865425223683,
    "spread_capture": 1.64940668435288,
    "adverse_selection": -3.1404284765763206,
    "funding_rates": 0.0
  },
  "additional_metrics": {
    "orders_placed": 531,
    "orders_placed_buy": 260,
    "orders_placed_sell": 271,
    "maker_qty_placed": 12.181995157080296,
    "maker_qty_filled": 2.743391667666545,
    "maker_fill_qty_rate": 0.22520052194176574,
    "avg_fill_latency_sec": 0.18502272259105335,
    "std_fill_latency_sec": 0.1334324354697847,
    "avg_queue_position": 1.194998553491168,
    "std_queue_position": 1.3665115367210647,
    "avg_order_lifetime_sec": 0.20069885795766657,
    "std_order_lifetime_sec": 0.13614762367578623,
    "avg_competition_size": 0.8726954966692059,
    "std_competition_size": 0.17080701267653672,
    "forced_liquidations": 15,
    "avg_forced_liq_cost": 0.18204528499484726,
    "std_forced_liq_cost": 0.09605355325223522
  },
  "strategy": "skew_mid_spread",
  "strategy_kwargs": {
    "gamma": 0.1,
    "gamma_cap_factor": 5.0,
    "gamma_imb": 0.5,
    "gamma_inv_scale": 4.0,
    "gamma_vol_scale": 2.0,
    "gradient_penalty_ticks": 1.0,
    "gradient_threshold": 1.5,
    "k_vol": 1.3,
    "size_base": 0.04,
    "size_exp": 1.0,
    "size_min_factor": 0.3
  },
  "snapshots_processed": 1000,
  "sharpe_ratio": -1.1042855021932498,
  "capital_base": 10000.0,
  "sharpe_horizon_seconds": 60.0
}