{
  "final_pnl": -7.8558398566019605,
  "final_inventory": 0.00670742370873032,
  "fill_count": 277,
  "max_drawdown": 7.8558398566019605,
  "pnl_attribution": {
    "inventory_moves": -0.6478648210229239,
    "fees": -7.658827333830853,
    "spread_capture": 0.8144019722774366,
    "adverse_selection": -0.3518933569032341,
    "funding_rates": 0.0
  },
  "additional_metrics": {
    "orders_placed": 610,
    "orders_placed_buy": 305,
    "orders_placed_sell": 305,
    "maker_qty_placed": 6.920408612956882,
    "maker_qty_filled": 1.2752369888331887,
    "maker_fill_qty_rate": 0.184271920944899,
    "avg_fill_latency_sec": 0.1778024626366886,
    "std_fill_latency_sec": 0.11366915184454854,
    "avg_queue_position": 1.0629760299293314,
    "std_queue_position": 1.301235034591423,
    "avg_order_lifetime_sec": 0.18865431385275758,
    "std_order_lifetime_sec": 0.10802510273853838,
    "avg_competition_size": 0.7237278998011631,
    "std_competition_size": 0.1405120190984247,
    "forced_liquidations": 3,
    "avg_forced_liq_cost": 0.0515703525340039,
    "std_forced_liq_cost": 0.022797575568695015
  },
  "strategy": "skew_mid_spread",
  "strategy_kwargs": {
    "gamma": 0.1,
    "gamma_cap_factor": 5.0,
    "gamma_imb": 0.5,
    "gamma_inv_scale": 4.0,
    "gamma_vol_scale": 2.0,
    "gradient_penalty_ticks": 1.0,
    "gradient_threshold": 1.5,
    "k_vol": 1.3,
    "size_base": 0.02,
    "size_exp": 3.0,
    "size_min_factor": 0.1
  },
  "snapshots_processed": 1000,
  "sharpe_ratio": -1.1625062334497367,
  "capital_base": 10000.0,
  "sharpe_horizon_seconds": 60.0
}