{
  "final_pnl": -3.664440578511858,
  "final_inventory": 0.0059661463923664886,
  "fill_count": 277,
  "max_drawdown": 3.664440578511858,
  "pnl_attribution": {
    "inventory_moves": -0.27534000475318277,
    "fees": -3.705913874556923,
    "spread_capture": 0.429246419332628,
    "adverse_selection": -0.10818953093954455,
    "funding_rates": 0.0
  },
  "additional_metrics": {
    "orders_placed": 611,
    "orders_placed_buy": 305,
    "orders_placed_sell": 306,
    "maker_qty_placed": 3.473529166773913,
    "maker_qty_filled": 0.6507319315968562,
    "maker_fill_qty_rate": 0.18734028141218467,
    "avg_fill_latency_sec": 0.1831374928355217,
    "std_fill_latency_sec": 0.11102558318875404,
    "avg_queue_position": 1.1290114198145165,
    "std_queue_position": 1.4154451924716838,
    "avg_order_lifetime_sec": 0.19412499219179152,
    "std_order_lifetime_sec": 0.10459951472960805,
    "avg_competition_size": 0.6701909442586621,
    "std_competition_size": 0.12605787447608616,
    "forced_liquidations": 1,
    "avg_forced_liq_cost": 0.012653654838267771,
    "std_forced_liq_cost": 0.0
  },
  "strategy": "skew_mid_spread",
  "strategy_kwargs": {
    "gamma": 0.1,
    "gamma_cap_factor": 5.0,
    "gamma_imb": 0.5,
    "gamma_inv_scale": 4.0,
    "gamma_vol_scale": 2.0,
    "gradient_penalty_ticks": 1.0,
    "gradient_threshold": 1.5,
    "k_vol": 1.3,
    "size_base": 0.01,
    "size_exp": 2.0,
    "size_min_factor": 0.1
  },
  "snapshots_processed": 1000,
  "sharpe_ratio": -1.193027476603834,
  "capital_base": 10000.0,
  "sharpe_horizon_seconds": 60.0
}