{
  "final_pnl": -1.7640987077556929,
  "final_inventory": 0.004400523436740942,
  "fill_count": 269,
  "max_drawdown": 1.7640987077556929,
  "pnl_attribution": {
    "inventory_moves": -0.14028901728851745,
    "fees": -1.8281810661792501,
    "spread_capture": 0.2576178933768836,
    "adverse_selection": -0.05049953274169534,
    "funding_rates": 0.0
  },
  "additional_metrics": {
    "orders_placed": 606,
    "orders_placed_buy": 303,
    "orders_placed_sell": 303,
    "maker_qty_placed": 1.7236052437358849,
    "maker_qty_filled": 0.3245829380146195,
    "maker_fill_qty_rate": 0.18831628599080585,
    "avg_fill_latency_sec": 0.18420644421731272,
    "std_fill_latency_sec": 0.11047116805532071,
    "avg_queue_position": 1.1202073777161743,
    "std_queue_position": 1.415101712336599,
    "avg_order_lifetime_sec": 0.19554192789139285,
    "std_order_lifetime_sec": 0.10365607979199785,
    "avg_competition_size": 0.6351699788960176,
    "std_competition_size": 0.12335326143602089,
    "forced_liquidations": 0,
    "avg_forced_liq_cost": 0.0,
    "std_forced_liq_cost": 0.0
  },
  "strategy": "skew_mid_spread",
  "strategy_kwargs": {
    "gamma": 0.1,
    "gamma_cap_factor": 5.0,
    "gamma_imb": 0.5,
    "gamma_inv_scale": 4.0,
    "gamma_vol_scale": 2.0,
    "gradient_penalty_ticks": 1.0,
    "gradient_threshold": 1.5,
    "k_vol": 1.3,
    "size_base": 0.005,
    "size_exp": 3.0,
    "size_min_factor": 0.1
  },
  "snapshots_processed": 1000,
  "sharpe_ratio": -1.156123122683906,
  "capital_base": 10000.0,
  "sharpe_horizon_seconds": 60.0
}