{
  "final_pnl": -0.36209181440972316,
  "final_inventory": 0.03449710988250924,
  "fill_count": 88,
  "max_drawdown": 1.0446161953750561,
  "pnl_attribution": {
    "inventory_moves": -0.290264719014493,
    "fees": -0.1941416610084527,
    "spread_capture": 0.15089199967612119,
    "adverse_selection": -0.01832014821485834,
    "funding_rates": 0.0
  },
  "additional_metrics": {
    "orders_placed": 2958,
    "orders_placed_buy": 1537,
    "orders_placed_sell": 1421,
    "maker_qty_placed": 8.107444125339294,
    "maker_qty_filled": 0.11287374439736929,
    "maker_fill_qty_rate": 0.013922235251007118,
    "avg_fill_latency_sec": 0.2502727291800759,
    "std_fill_latency_sec": 0.0004937698637133552,
    "avg_queue_position": 1.5989312846310313,
    "std_queue_position": 1.6807138352784474,
    "avg_order_lifetime_sec": 0.2502727291800759,
    "std_order_lifetime_sec": 0.0004937698637133552,
    "avg_competition_size": 0.2581192062514754,
    "std_competition_size": 0.047573565976752545,
    "forced_liquidations": 0,
    "avg_forced_liq_cost": 0.0,
    "std_forced_liq_cost": 0.0,
    "taker_qty_hedge": 0.0,
    "taker_qty_cross": 0.0,
    "taker_trades_hedge": 0,
    "taker_trades_cross": 0,
    "taker_qty_total": 0.0,
    "notional_traded_btc": 0.11287374439736929,
    "notional_traded_usdt": 1941.4166100845268
  },
  "strategy": "skew_mid_spread",
  "strategy_kwargs": {
    "extra_spread_ticks": 36.0,
    "gamma": 0.08,
    "gamma_cap_factor": 5.0,
    "gamma_imb": 0.5,
    "gamma_inv_scale": 2.0,
    "gamma_vol_scale": 0.0,
    "gradient_penalty_ticks": 1.0,
    "gradient_threshold": 1.5,
    "k_vol": 4.0,
    "size_base": 0.005,
    "size_exp": 2.0,
    "size_min_factor": 0.3
  },
  "snapshots_processed": 10000,
  "sharpe_ratio": -0.10875531156541576,
  "capital_base": 10000.0,
  "sharpe_horizon_seconds": 60.0
}