{
  "final_pnl": -7.752169955059799,
  "final_inventory": 0.01929571332221608,
  "fill_count": 285,
  "max_drawdown": 7.752169955059799,
  "pnl_attribution": {
    "inventory_moves": -0.6566266721591357,
    "fees": -7.786911197043207,
    "spread_capture": 0.9114808942597026,
    "adverse_selection": -0.20099272290222636,
    "funding_rates": 0.0
  },
  "additional_metrics": {
    "orders_placed": 538,
    "orders_placed_buy": 263,
    "orders_placed_sell": 275,
    "maker_qty_placed": 6.183003251065367,
    "maker_qty_filled": 1.3314389194790799,
    "maker_fill_qty_rate": 0.2153385442987864,
    "avg_fill_latency_sec": 0.18522423830899326,
    "std_fill_latency_sec": 0.11669168453070068,
    "avg_queue_position": 1.1633207257758376,
    "std_queue_position": 1.3923986885589004,
    "avg_order_lifetime_sec": 0.20193332903312913,
    "std_order_lifetime_sec": 0.12604545530858946,
    "avg_competition_size": 0.736685905913347,
    "std_competition_size": 0.14719287870378742,
    "forced_liquidations": 0,
    "avg_forced_liq_cost": 0.0,
    "std_forced_liq_cost": 0.0
  },
  "strategy": "skew_mid_spread",
  "strategy_kwargs": {
    "gamma": 0.1,
    "gamma_cap_factor": 5.0,
    "gamma_imb": 0.5,
    "gamma_inv_scale": 4.0,
    "gamma_vol_scale": 2.0,
    "gradient_penalty_ticks": 1.0,
    "gradient_threshold": 1.5,
    "k_vol": 1.3,
    "size_base": 0.02,
    "size_exp": 2.0,
    "size_min_factor": 0.1
  },
  "snapshots_processed": 1000,
  "sharpe_ratio": -1.2556398009396106,
  "capital_base": 10000.0,
  "sharpe_horizon_seconds": 60.0
}