{
  "final_pnl": -7.664316883701758,
  "final_inventory": 0.010810132356991372,
  "fill_count": 279,
  "max_drawdown": 7.664316883701758,
  "pnl_attribution": {
    "inventory_moves": -0.2921870105153317,
    "fees": -7.532141006607775,
    "spread_capture": 1.1486596264279292,
    "adverse_selection": -0.9549225597033845,
    "funding_rates": 0.0
  },
  "additional_metrics": {
    "orders_placed": 607,
    "orders_placed_buy": 303,
    "orders_placed_sell": 304,
    "maker_qty_placed": 6.897619706512652,
    "maker_qty_filled": 1.3036443395833133,
    "maker_fill_qty_rate": 0.1889991613124782,
    "avg_fill_latency_sec": 0.1809259196858347,
    "std_fill_latency_sec": 0.11220783652088659,
    "avg_queue_position": 1.1400023570912552,
    "std_queue_position": 1.402752580369728,
    "avg_order_lifetime_sec": 0.1917715985098003,
    "std_order_lifetime_sec": 0.10616416431197065,
    "avg_competition_size": 0.7302737206116028,
    "std_competition_size": 0.1452231680946901,
    "forced_liquidations": 10,
    "avg_forced_liq_cost": 0.07595969493855037,
    "std_forced_liq_cost": 0.032587707760287674
  },
  "strategy": "skew_mid_spread",
  "strategy_kwargs": {
    "gamma": 0.1,
    "gamma_cap_factor": 5.0,
    "gamma_imb": 0.5,
    "gamma_inv_scale": 4.0,
    "gamma_vol_scale": 2.0,
    "gradient_penalty_ticks": 1.0,
    "gradient_threshold": 1.5,
    "k_vol": 1.3,
    "size_base": 0.02,
    "size_exp": 3.0,
    "size_min_factor": 0.2
  },
  "snapshots_processed": 1000,
  "sharpe_ratio": -1.0605872995266972,
  "capital_base": 10000.0,
  "sharpe_horizon_seconds": 60.0
}