{
  "final_pnl": -1.6048687944530684,
  "final_inventory": 0.003986320830667063,
  "fill_count": 258,
  "max_drawdown": 1.6048687944530684,
  "pnl_attribution": {
    "inventory_moves": -0.09241658994253579,
    "fees": -1.7191028476925925,
    "spread_capture": 0.24978730492093634,
    "adverse_selection": -0.045706909134391516,
    "funding_rates": 0.0
  },
  "additional_metrics": {
    "orders_placed": 605,
    "orders_placed_buy": 301,
    "orders_placed_sell": 304,
    "maker_qty_placed": 1.7212646928219326,
    "maker_qty_filled": 0.30589206682838443,
    "maker_fill_qty_rate": 0.17771355451838658,
    "avg_fill_latency_sec": 0.186148641882716,
    "std_fill_latency_sec": 0.1094107868100752,
    "avg_queue_position": 1.075304131921418,
    "std_queue_position": 1.3548808827459558,
    "avg_order_lifetime_sec": 0.19970945248732697,
    "std_order_lifetime_sec": 0.10069945919237816,
    "avg_competition_size": 0.6391092057267024,
    "std_competition_size": 0.12252433626755416,
    "forced_liquidations": 0,
    "avg_forced_liq_cost": 0.0,
    "std_forced_liq_cost": 0.0
  },
  "strategy": "skew_mid_spread",
  "strategy_kwargs": {
    "gamma": 0.1,
    "gamma_cap_factor": 5.0,
    "gamma_imb": 0.5,
    "gamma_inv_scale": 4.0,
    "gamma_vol_scale": 2.0,
    "gradient_penalty_ticks": 1.0,
    "gradient_threshold": 1.5,
    "k_vol": 1.3,
    "size_base": 0.005,
    "size_exp": 2.0,
    "size_min_factor": 0.2
  },
  "snapshots_processed": 1000,
  "sharpe_ratio": -1.044224744520146,
  "capital_base": 10000.0,
  "sharpe_horizon_seconds": 60.0
}