{
  "final_pnl": -0.2155062132369494,
  "final_inventory": -0.00718948549272613,
  "fill_count": 36,
  "max_drawdown": 0.29325826835702173,
  "pnl_attribution": {
    "inventory_moves": -0.1646134737493324,
    "fees": -0.08372396131137297,
    "spread_capture": 0.04379389757528489,
    "adverse_selection": -0.007602572430515079,
    "funding_rates": 0.0
  },
  "additional_metrics": {
    "orders_placed": 1586,
    "orders_placed_buy": 819,
    "orders_placed_sell": 767,
    "maker_qty_placed": 4.35655777998435,
    "maker_qty_filled": 0.0486801877205633,
    "maker_fill_qty_rate": 0.01117400254490328,
    "avg_fill_latency_sec": 0.2511110570695665,
    "std_fill_latency_sec": 0.0008748835477911527,
    "avg_queue_position": 1.3853116690650622,
    "std_queue_position": 1.158398543006495,
    "avg_order_lifetime_sec": 0.2511110570695665,
    "std_order_lifetime_sec": 0.0008748835477911527,
    "avg_competition_size": 0.2603496189118318,
    "std_competition_size": 0.049856316566432676,
    "forced_liquidations": 0,
    "avg_forced_liq_cost": 0.0,
    "std_forced_liq_cost": 0.0,
    "taker_qty_hedge": 0.0,
    "taker_qty_cross": 0.0,
    "taker_trades_hedge": 0,
    "taker_trades_cross": 0,
    "taker_qty_total": 0.0,
    "notional_traded_btc": 0.0486801877205633,
    "notional_traded_usdt": 837.2396131137295
  },
  "strategy": "skew_mid_spread",
  "strategy_kwargs": {
    "extra_spread_ticks": 24.0,
    "gamma": 0.08,
    "gamma_cap_factor": 5.0,
    "gamma_imb": 0.5,
    "gamma_inv_scale": 1.0,
    "gamma_vol_scale": 1.0,
    "gradient_penalty_ticks": 1.0,
    "gradient_threshold": 1.5,
    "k_vol": 4.0,
    "size_base": 0.005,
    "size_exp": 2.0,
    "size_min_factor": 0.3
  },
  "snapshots_processed": 10000,
  "sharpe_ratio": -0.20532514198155277,
  "capital_base": 10000.0,
  "sharpe_horizon_seconds": 60.0
}