{
  "final_pnl": -7.198769110102148,
  "final_inventory": 0.0009551311148030288,
  "fill_count": 280,
  "max_drawdown": 7.198769110102148,
  "pnl_attribution": {
    "inventory_moves": -0.5918059386326123,
    "fees": -7.259933237899259,
    "spread_capture": 0.835823089206803,
    "adverse_selection": -0.1902290322267675,
    "funding_rates": 0.0
  },
  "additional_metrics": {
    "orders_placed": 538,
    "orders_placed_buy": 264,
    "orders_placed_sell": 274,
    "maker_qty_placed": 6.177838640903455,
    "maker_qty_filled": 1.3044562093163998,
    "maker_fill_qty_rate": 0.21115090327539446,
    "avg_fill_latency_sec": 0.19099374562501908,
    "std_fill_latency_sec": 0.11372941904878962,
    "avg_queue_position": 1.1803034133568364,
    "std_queue_position": 1.4063900483603309,
    "avg_order_lifetime_sec": 0.2051124930381775,
    "std_order_lifetime_sec": 0.10804304149325365,
    "avg_competition_size": 0.7355629853562314,
    "std_competition_size": 0.14691891558112483,
    "forced_liquidations": 0,
    "avg_forced_liq_cost": 0.0,
    "std_forced_liq_cost": 0.0
  },
  "strategy": "skew_mid_spread",
  "strategy_kwargs": {
    "gamma": 0.1,
    "gamma_cap_factor": 5.0,
    "gamma_imb": 0.5,
    "gamma_inv_scale": 4.0,
    "gamma_vol_scale": 2.0,
    "gradient_penalty_ticks": 1.0,
    "gradient_threshold": 1.5,
    "k_vol": 1.3,
    "size_base": 0.02,
    "size_exp": 3.0,
    "size_min_factor": 0.1
  },
  "snapshots_processed": 1000,
  "sharpe_ratio": -1.2254309277110527,
  "capital_base": 10000.0,
  "sharpe_horizon_seconds": 60.0
}