{
  "final_pnl": -8.008204031797504,
  "final_inventory": 0.01436110746911108,
  "fill_count": 287,
  "max_drawdown": 8.008204031797504,
  "pnl_attribution": {
    "inventory_moves": -0.26541094272896887,
    "fees": -7.598074255816594,
    "spread_capture": 1.0377804114381752,
    "adverse_selection": -1.1340792786252873,
    "funding_rates": 0.0
  },
  "additional_metrics": {
    "orders_placed": 533,
    "orders_placed_buy": 261,
    "orders_placed_sell": 272,
    "maker_qty_placed": 6.1246071669302,
    "maker_qty_filled": 1.319842136889651,
    "maker_fill_qty_rate": 0.21549825171092363,
    "avg_fill_latency_sec": 0.18301197154793197,
    "std_fill_latency_sec": 0.1177311939933307,
    "avg_queue_position": 1.1338613216976647,
    "std_queue_position": 1.39838004081706,
    "avg_order_lifetime_sec": 0.20252694055705728,
    "std_order_lifetime_sec": 0.1283773825314837,
    "avg_competition_size": 0.7438935892356184,
    "std_competition_size": 0.14792215314009965,
    "forced_liquidations": 11,
    "avg_forced_liq_cost": 0.08464324059294738,
    "std_forced_liq_cost": 0.05171963287844635
  },
  "strategy": "skew_mid_spread",
  "strategy_kwargs": {
    "gamma": 0.1,
    "gamma_cap_factor": 5.0,
    "gamma_imb": 0.5,
    "gamma_inv_scale": 4.0,
    "gamma_vol_scale": 2.0,
    "gradient_penalty_ticks": 1.0,
    "gradient_threshold": 1.5,
    "k_vol": 1.3,
    "size_base": 0.02,
    "size_exp": 1.0,
    "size_min_factor": 0.3
  },
  "snapshots_processed": 1000,
  "sharpe_ratio": -1.112247985766047,
  "capital_base": 10000.0,
  "sharpe_horizon_seconds": 60.0
}