{
  "final_pnl": -15.569459513350012,
  "final_inventory": 0.06400292662563056,
  "fill_count": 289,
  "max_drawdown": 15.569459513350012,
  "pnl_attribution": {
    "inventory_moves": -1.2779737411026402,
    "fees": -15.335342200335464,
    "spread_capture": 1.928977017977803,
    "adverse_selection": -0.8521636689380506,
    "funding_rates": 0.0
  },
  "additional_metrics": {
    "orders_placed": 609,
    "orders_placed_buy": 304,
    "orders_placed_sell": 305,
    "maker_qty_placed": 13.841415852338786,
    "maker_qty_filled": 2.6072033820320177,
    "maker_fill_qty_rate": 0.1883624774983896,
    "avg_fill_latency_sec": 0.18043451933633714,
    "std_fill_latency_sec": 0.11245658352381528,
    "avg_queue_position": 1.2297286050789988,
    "std_queue_position": 1.4460357303602542,
    "avg_order_lifetime_sec": 0.18940475724992298,
    "std_order_lifetime_sec": 0.10762004313672556,
    "avg_competition_size": 0.8692247171949343,
    "std_competition_size": 0.1789569972194038,
    "forced_liquidations": 4,
    "avg_forced_liq_cost": 0.1131736300390902,
    "std_forced_liq_cost": 0.11429729359612256
  },
  "strategy": "skew_mid_spread",
  "strategy_kwargs": {
    "gamma": 0.1,
    "gamma_cap_factor": 5.0,
    "gamma_imb": 0.5,
    "gamma_inv_scale": 4.0,
    "gamma_vol_scale": 2.0,
    "gradient_penalty_ticks": 1.0,
    "gradient_threshold": 1.5,
    "k_vol": 1.3,
    "size_base": 0.04,
    "size_exp": 1.0,
    "size_min_factor": 0.2
  },
  "snapshots_processed": 1000,
  "sharpe_ratio": -1.259428600162363,
  "capital_base": 10000.0,
  "sharpe_horizon_seconds": 60.0
}