{
  "final_pnl": -2.40295015853917,
  "final_inventory": 0.016156289508798508,
  "fill_count": 2784,
  "max_drawdown": 3.8249888934042247,
  "pnl_attribution": {
    "inventory_moves": -0.6862388328525657,
    "fees": -2.3117193100399915,
    "spread_capture": 0.7954879295466735,
    "adverse_selection": -0.10971616546324744,
    "funding_rates": 0.0
  },
  "additional_metrics": {
    "orders_placed": 1583,
    "orders_placed_buy": 819,
    "orders_placed_sell": 764,
    "maker_qty_placed": 34.745267475476446,
    "maker_qty_filled": 0.7405095185501192,
    "maker_fill_qty_rate": 0.021312528938589353,
    "avg_fill_latency_sec": 0.003650874247008788,
    "std_fill_latency_sec": 0.030017323775772882,
    "avg_queue_position": 0.010961246325072229,
    "std_queue_position": 0.13363187559591017,
    "avg_order_lifetime_sec": 0.003650874247008788,
    "std_order_lifetime_sec": 0.030017323775772882,
    "avg_competition_size": 0.35191038437673966,
    "std_competition_size": 0.07038752361002494,
    "forced_liquidations": 0,
    "avg_forced_liq_cost": 0.0,
    "std_forced_liq_cost": 0.0,
    "taker_qty_hedge": 0.2010686970785306,
    "taker_qty_cross": 0.0,
    "taker_trades_hedge": 2704,
    "taker_trades_cross": 0,
    "taker_qty_total": 0.2010686970785306,
    "notional_traded_btc": 0.9415782156286521,
    "notional_traded_usdt": 16196.987020526516
  },
  "strategy": "skew_mid_spread",
  "strategy_kwargs": {
    "extra_spread_ticks": 34.0,
    "gamma": 0.16,
    "gamma_cap_factor": 5.0,
    "gamma_imb": 0.5,
    "gamma_inv_scale": 1.0,
    "gamma_vol_scale": 2.0,
    "gradient_penalty_ticks": 1.0,
    "gradient_threshold": 1.5,
    "k_vol": 8.0,
    "size_base": 0.04,
    "size_exp": 2.0,
    "size_min_factor": 0.3
  },
  "snapshots_processed": 10000,
  "sharpe_ratio": -0.22347387364718072,
  "capital_base": 10000.0,
  "sharpe_horizon_seconds": 60.0
}