{
  "final_pnl": -7.584261846437585,
  "final_inventory": 0.0173605698812257,
  "fill_count": 283,
  "max_drawdown": 7.584261846437585,
  "pnl_attribution": {
    "inventory_moves": -0.6736917622954532,
    "fees": -7.811196802027168,
    "spread_capture": 1.094739622525242,
    "adverse_selection": -0.18839252024964137,
    "funding_rates": 0.0
  },
  "additional_metrics": {
    "orders_placed": 614,
    "orders_placed_buy": 306,
    "orders_placed_sell": 308,
    "maker_qty_placed": 6.971071681445364,
    "maker_qty_filled": 1.2919371645811002,
    "maker_fill_qty_rate": 0.18532834313263483,
    "avg_fill_latency_sec": 0.17911514513420337,
    "std_fill_latency_sec": 0.11304337223423695,
    "avg_queue_position": 1.1301627089372641,
    "std_queue_position": 1.3969109146396248,
    "avg_order_lifetime_sec": 0.18976968996452562,
    "std_order_lifetime_sec": 0.10735190238956796,
    "avg_competition_size": 0.7299345716592227,
    "std_competition_size": 0.13935904542949912,
    "forced_liquidations": 0,
    "avg_forced_liq_cost": 0.0,
    "std_forced_liq_cost": 0.0
  },
  "strategy": "skew_mid_spread",
  "strategy_kwargs": {
    "gamma": 0.1,
    "gamma_cap_factor": 5.0,
    "gamma_imb": 0.5,
    "gamma_inv_scale": 4.0,
    "gamma_vol_scale": 2.0,
    "gradient_penalty_ticks": 1.0,
    "gradient_threshold": 1.5,
    "k_vol": 1.3,
    "size_base": 0.02,
    "size_exp": 3.0,
    "size_min_factor": 0.2
  },
  "snapshots_processed": 1000,
  "sharpe_ratio": -1.2442623530021042,
  "capital_base": 10000.0,
  "sharpe_horizon_seconds": 60.0
}