{
  "final_pnl": -15.553607192712661,
  "final_inventory": 0.028246572031203062,
  "fill_count": 276,
  "max_drawdown": 15.553607192712661,
  "pnl_attribution": {
    "inventory_moves": -1.1946746894493288,
    "fees": -15.286951816752465,
    "spread_capture": 1.9625069251599148,
    "adverse_selection": -0.9907109135366706,
    "funding_rates": 0.0
  },
  "additional_metrics": {
    "orders_placed": 608,
    "orders_placed_buy": 304,
    "orders_placed_sell": 304,
    "maker_qty_placed": 13.830803591029717,
    "maker_qty_filled": 2.5740532981999737,
    "maker_fill_qty_rate": 0.18611017655325787,
    "avg_fill_latency_sec": 0.17894409606175393,
    "std_fill_latency_sec": 0.1131765075572388,
    "avg_queue_position": 1.1849849386711018,
    "std_queue_position": 1.378469094017711,
    "avg_order_lifetime_sec": 0.18830434431940873,
    "std_order_lifetime_sec": 0.10827042332150194,
    "avg_competition_size": 0.8690974738535308,
    "std_competition_size": 0.17444424763157668,
    "forced_liquidations": 3,
    "avg_forced_liq_cost": 0.2016422547016519,
    "std_forced_liq_cost": 0.11424020205447614
  },
  "strategy": "skew_mid_spread",
  "strategy_kwargs": {
    "gamma": 0.1,
    "gamma_cap_factor": 5.0,
    "gamma_imb": 0.5,
    "gamma_inv_scale": 4.0,
    "gamma_vol_scale": 2.0,
    "gradient_penalty_ticks": 1.0,
    "gradient_threshold": 1.5,
    "k_vol": 1.3,
    "size_base": 0.04,
    "size_exp": 1.0,
    "size_min_factor": 0.2
  },
  "snapshots_processed": 1000,
  "sharpe_ratio": -1.1746343657234504,
  "capital_base": 10000.0,
  "sharpe_horizon_seconds": 60.0
}