{
  "final_pnl": -1.5021998062875355,
  "final_inventory": 0.0020412389265725603,
  "fill_count": 264,
  "max_drawdown": 1.5021998062875355,
  "pnl_attribution": {
    "inventory_moves": -0.0829953886666725,
    "fees": -1.6500840196297957,
    "spread_capture": 0.2783813727666524,
    "adverse_selection": -0.04819957666084165,
    "funding_rates": 0.0
  },
  "additional_metrics": {
    "orders_placed": 531,
    "orders_placed_buy": 259,
    "orders_placed_sell": 272,
    "maker_qty_placed": 1.524197900424724,
    "maker_qty_filled": 0.32103692022122854,
    "maker_fill_qty_rate": 0.21062679599005504,
    "avg_fill_latency_sec": 0.1949731471554545,
    "std_fill_latency_sec": 0.10798333886446093,
    "avg_queue_position": 1.1416671698873937,
    "std_queue_position": 1.3725184763882772,
    "avg_order_lifetime_sec": 0.20844965493119003,
    "std_order_lifetime_sec": 0.10223530974922682,
    "avg_competition_size": 0.6338451416421197,
    "std_competition_size": 0.12485545965749872,
    "forced_liquidations": 0,
    "avg_forced_liq_cost": 0.0,
    "std_forced_liq_cost": 0.0
  },
  "strategy": "skew_mid_spread",
  "strategy_kwargs": {
    "gamma": 0.1,
    "gamma_cap_factor": 5.0,
    "gamma_imb": 0.5,
    "gamma_inv_scale": 4.0,
    "gamma_vol_scale": 2.0,
    "gradient_penalty_ticks": 1.0,
    "gradient_threshold": 1.5,
    "k_vol": 1.3,
    "size_base": 0.005,
    "size_exp": 3.0,
    "size_min_factor": 0.3
  },
  "snapshots_processed": 1000,
  "sharpe_ratio": -1.1379056772317544,
  "capital_base": 10000.0,
  "sharpe_horizon_seconds": 60.0
}