{
  "final_pnl": -6.680414743274014,
  "final_inventory": 0.012957393146566944,
  "fill_count": 264,
  "max_drawdown": 6.680414743274014,
  "pnl_attribution": {
    "inventory_moves": -0.44968064620648585,
    "fees": -6.985080068593267,
    "spread_capture": 0.9473536901247255,
    "adverse_selection": -0.1869009534789187,
    "funding_rates": 0.0
  },
  "additional_metrics": {
    "orders_placed": 535,
    "orders_placed_buy": 261,
    "orders_placed_sell": 274,
    "maker_qty_placed": 6.14848300331971,
    "maker_qty_filled": 1.2530656917080938,
    "maker_fill_qty_rate": 0.20380078972838245,
    "avg_fill_latency_sec": 0.19079469687101858,
    "std_fill_latency_sec": 0.11428796421464735,
    "avg_queue_position": 1.1335529141863716,
    "std_queue_position": 1.3411576440637232,
    "avg_order_lifetime_sec": 0.2040927078550225,
    "std_order_lifetime_sec": 0.10946645240107744,
    "avg_competition_size": 0.7314776768095786,
    "std_competition_size": 0.14379083895584763,
    "forced_liquidations": 0,
    "avg_forced_liq_cost": 0.0,
    "std_forced_liq_cost": 0.0
  },
  "strategy": "skew_mid_spread",
  "strategy_kwargs": {
    "gamma": 0.1,
    "gamma_cap_factor": 5.0,
    "gamma_imb": 0.5,
    "gamma_inv_scale": 4.0,
    "gamma_vol_scale": 2.0,
    "gradient_penalty_ticks": 1.0,
    "gradient_threshold": 1.5,
    "k_vol": 1.3,
    "size_base": 0.02,
    "size_exp": 2.0,
    "size_min_factor": 0.2
  },
  "snapshots_processed": 1000,
  "sharpe_ratio": -1.178739144647147,
  "capital_base": 10000.0,
  "sharpe_horizon_seconds": 60.0
}