{
  "final_pnl": -1.6571014216824551,
  "final_inventory": 0.0055864349438225335,
  "fill_count": 268,
  "max_drawdown": 1.6571014216824551,
  "pnl_attribution": {
    "inventory_moves": -0.10182715369852448,
    "fees": -1.7754267764037248,
    "spread_capture": 0.26374212421125587,
    "adverse_selection": -0.04586400617415813,
    "funding_rates": 0.0
  },
  "additional_metrics": {
    "orders_placed": 532,
    "orders_placed_buy": 258,
    "orders_placed_sell": 274,
    "maker_qty_placed": 1.5267946249477735,
    "maker_qty_filled": 0.31673002702467273,
    "maker_fill_qty_rate": 0.20744769587822395,
    "avg_fill_latency_sec": 0.18703895420223088,
    "std_fill_latency_sec": 0.11261639515928244,
    "avg_queue_position": 1.0941891270352235,
    "std_queue_position": 1.4062988964365128,
    "avg_order_lifetime_sec": 0.20982466734849015,
    "std_order_lifetime_sec": 0.12266082219246491,
    "avg_competition_size": 0.631071481548963,
    "std_competition_size": 0.12401901946603484,
    "forced_liquidations": 0,
    "avg_forced_liq_cost": 0.0,
    "std_forced_liq_cost": 0.0
  },
  "strategy": "skew_mid_spread",
  "strategy_kwargs": {
    "gamma": 0.1,
    "gamma_cap_factor": 5.0,
    "gamma_imb": 0.5,
    "gamma_inv_scale": 4.0,
    "gamma_vol_scale": 2.0,
    "gradient_penalty_ticks": 1.0,
    "gradient_threshold": 1.5,
    "k_vol": 1.3,
    "size_base": 0.005,
    "size_exp": 1.0,
    "size_min_factor": 0.1
  },
  "snapshots_processed": 1000,
  "sharpe_ratio": -1.1299177417416575,
  "capital_base": 10000.0,
  "sharpe_horizon_seconds": 60.0
}