{
  "final_pnl": -0.2545716001004621,
  "final_inventory": 0.017018611712199115,
  "fill_count": 34,
  "max_drawdown": 0.524211110370743,
  "pnl_attribution": {
    "inventory_moves": -0.23702597870488876,
    "fees": -0.06584286402026861,
    "spread_capture": 0.0543891011147214,
    "adverse_selection": -0.005741858492601767,
    "funding_rates": 0.0
  },
  "additional_metrics": {
    "orders_placed": 1588,
    "orders_placed_buy": 820,
    "orders_placed_sell": 768,
    "maker_qty_placed": 4.3616340398417766,
    "maker_qty_filled": 0.038271915376668623,
    "maker_fill_qty_rate": 0.008774673672084827,
    "avg_fill_latency_sec": 0.25058824875775504,
    "std_fill_latency_sec": 0.0006910236515044206,
    "avg_queue_position": 1.0218865028788426,
    "std_queue_position": 1.1748310045594568,
    "avg_order_lifetime_sec": 0.25058824875775504,
    "std_order_lifetime_sec": 0.0006910236515044206,
    "avg_competition_size": 0.2613971100557505,
    "std_competition_size": 0.04992934713832612,
    "forced_liquidations": 0,
    "avg_forced_liq_cost": 0.0,
    "std_forced_liq_cost": 0.0,
    "taker_qty_hedge": 0.0,
    "taker_qty_cross": 0.0,
    "taker_trades_hedge": 0,
    "taker_trades_cross": 0,
    "taker_qty_total": 0.0,
    "notional_traded_btc": 0.038271915376668623,
    "notional_traded_usdt": 658.4286402026861
  },
  "strategy": "skew_mid_spread",
  "strategy_kwargs": {
    "extra_spread_ticks": 28.0,
    "gamma": 0.08,
    "gamma_cap_factor": 5.0,
    "gamma_imb": 0.5,
    "gamma_inv_scale": 4.0,
    "gamma_vol_scale": 1.0,
    "gradient_penalty_ticks": 1.0,
    "gradient_threshold": 1.5,
    "k_vol": 6.0,
    "size_base": 0.005,
    "size_exp": 2.0,
    "size_min_factor": 0.3
  },
  "snapshots_processed": 10000,
  "sharpe_ratio": -0.14651376950706468,
  "capital_base": 10000.0,
  "sharpe_horizon_seconds": 60.0
}