{
  "final_pnl": -0.10952286472092965,
  "final_inventory": 0.01984442294930999,
  "fill_count": 50,
  "max_drawdown": 0.6967159113282833,
  "pnl_attribution": {
    "inventory_moves": -0.047916458562633144,
    "fees": -0.10153796560286467,
    "spread_capture": 0.05281206019045091,
    "adverse_selection": -0.009391673828159903,
    "funding_rates": 0.0
  },
  "additional_metrics": {
    "orders_placed": 1588,
    "orders_placed_buy": 821,
    "orders_placed_sell": 767,
    "maker_qty_placed": 4.359882070110497,
    "maker_qty_filled": 0.05902899330661578,
    "maker_fill_qty_rate": 0.013539126140886594,
    "avg_fill_latency_sec": 0.25051998138427733,
    "std_fill_latency_sec": 0.0005740989539430183,
    "avg_queue_position": 1.3933504600682372,
    "std_queue_position": 1.2469185972834602,
    "avg_order_lifetime_sec": 0.25051998138427733,
    "std_order_lifetime_sec": 0.0005740989539430183,
    "avg_competition_size": 0.2591868662491993,
    "std_competition_size": 0.04925539690713076,
    "forced_liquidations": 0,
    "avg_forced_liq_cost": 0.0,
    "std_forced_liq_cost": 0.0,
    "taker_qty_hedge": 0.0,
    "taker_qty_cross": 0.0,
    "taker_trades_hedge": 0,
    "taker_trades_cross": 0,
    "taker_qty_total": 0.0,
    "notional_traded_btc": 0.05902899330661578,
    "notional_traded_usdt": 1015.3796560286467
  },
  "strategy": "skew_mid_spread",
  "strategy_kwargs": {
    "extra_spread_ticks": 28.0,
    "gamma": 0.12,
    "gamma_cap_factor": 5.0,
    "gamma_imb": 0.5,
    "gamma_inv_scale": 4.0,
    "gamma_vol_scale": 0.0,
    "gradient_penalty_ticks": 1.0,
    "gradient_threshold": 1.5,
    "k_vol": 6.0,
    "size_base": 0.005,
    "size_exp": 2.0,
    "size_min_factor": 0.3
  },
  "snapshots_processed": 10000,
  "sharpe_ratio": -0.04350469344262522,
  "capital_base": 10000.0,
  "sharpe_horizon_seconds": 60.0
}