{
  "final_pnl": -2.2949380163408932,
  "final_inventory": 0.006180044517314255,
  "fill_count": 312,
  "max_drawdown": 2.2949380163408932,
  "pnl_attribution": {
    "inventory_moves": -0.28393258778631353,
    "fees": -2.156888512313197,
    "spread_capture": 0.2097990377299073,
    "adverse_selection": -0.05653212134858342,
    "funding_rates": 0.0
  },
  "additional_metrics": {
    "orders_placed": 531,
    "orders_placed_buy": 270,
    "orders_placed_sell": 261,
    "maker_qty_placed": 1.5271258929216283,
    "maker_qty_filled": 0.36805842033276187,
    "maker_fill_qty_rate": 0.24101380379885323,
    "avg_fill_latency_sec": 0.1826906006639175,
    "std_fill_latency_sec": 0.11439484170822398,
    "avg_queue_position": 1.548789061986729,
    "std_queue_position": 1.8183460617720906,
    "avg_order_lifetime_sec": 0.1896022024734244,
    "std_order_lifetime_sec": 0.11064505090340497,
    "avg_competition_size": 0.6349782714353186,
    "std_competition_size": 0.12186994965206424,
    "forced_liquidations": 0,
    "avg_forced_liq_cost": 0.0,
    "std_forced_liq_cost": 0.0
  },
  "strategy": "skew_mid_spread",
  "strategy_kwargs": {
    "gamma": 0.05,
    "gamma_cap_factor": 5.0,
    "gamma_imb": 0.5,
    "gamma_inv_scale": 2.0,
    "gamma_vol_scale": 0.0,
    "gradient_penalty_ticks": 1.0,
    "gradient_threshold": 1.5,
    "k_vol": 1.0,
    "size_base": 0.005,
    "size_exp": 2.0,
    "size_min_factor": 0.3
  },
  "snapshots_processed": 1000,
  "sharpe_ratio": -1.394703293372712,
  "capital_base": 10000.0,
  "sharpe_horizon_seconds": 60.0
}