{
  "final_pnl": -22.31594282763217,
  "final_inventory": 0.004194750228462364,
  "fill_count": 317,
  "max_drawdown": 22.31594282763217,
  "pnl_attribution": {
    "inventory_moves": -0.10441226167162784,
    "fees": -17.580767583063704,
    "spread_capture": 1.729006002917013,
    "adverse_selection": -6.112567689715127,
    "funding_rates": 0.0
  },
  "additional_metrics": {
    "orders_placed": 535,
    "orders_placed_buy": 264,
    "orders_placed_sell": 271,
    "maker_qty_placed": 12.272513892631107,
    "maker_qty_filled": 2.8132439494517305,
    "maker_fill_qty_rate": 0.2292312703056634,
    "avg_fill_latency_sec": 0.17004210070559853,
    "std_fill_latency_sec": 0.12246068186104134,
    "avg_queue_position": 1.1297801418474356,
    "std_queue_position": 1.3549029919497244,
    "avg_order_lifetime_sec": 0.18061051996130692,
    "std_order_lifetime_sec": 0.12085826728735012,
    "avg_competition_size": 0.8753548419255978,
    "std_competition_size": 0.18108504440302448,
    "forced_liquidations": 33,
    "avg_forced_liq_cost": 0.17229449067112546,
    "std_forced_liq_cost": 0.11401466394967476
  },
  "strategy": "skew_mid_spread",
  "strategy_kwargs": {
    "gamma": 0.1,
    "gamma_cap_factor": 5.0,
    "gamma_imb": 0.5,
    "gamma_inv_scale": 4.0,
    "gamma_vol_scale": 2.0,
    "gradient_penalty_ticks": 1.0,
    "gradient_threshold": 1.5,
    "k_vol": 1.3,
    "size_base": 0.04,
    "size_exp": 3.0,
    "size_min_factor": 0.1
  },
  "snapshots_processed": 1000,
  "sharpe_ratio": -1.3664298306059357,
  "capital_base": 10000.0,
  "sharpe_horizon_seconds": 60.0
}