{
  "final_pnl": -18.196470413586212,
  "final_inventory": 0.05090792986954204,
  "fill_count": 298,
  "max_drawdown": 18.196470413586212,
  "pnl_attribution": {
    "inventory_moves": -0.5738654300154065,
    "fees": -16.0795650964656,
    "spread_capture": 2.063412695556661,
    "adverse_selection": -3.4946405217793597,
    "funding_rates": 0.0
  },
  "additional_metrics": {
    "orders_placed": 532,
    "orders_placed_buy": 262,
    "orders_placed_sell": 270,
    "maker_qty_placed": 12.191407390052584,
    "maker_qty_filled": 2.733606203681708,
    "maker_fill_qty_rate": 0.2242240059922989,
    "avg_fill_latency_sec": 0.1857126403128964,
    "std_fill_latency_sec": 0.13336936797356785,
    "avg_queue_position": 1.1868708983868073,
    "std_queue_position": 1.3689703555151813,
    "avg_order_lifetime_sec": 0.20156896114349365,
    "std_order_lifetime_sec": 0.136025828646684,
    "avg_competition_size": 0.8690520203058233,
    "std_competition_size": 0.18209310655347122,
    "forced_liquidations": 14,
    "avg_forced_liq_cost": 0.22034738679579174,
    "std_forced_liq_cost": 0.12279252313036217
  },
  "strategy": "skew_mid_spread",
  "strategy_kwargs": {
    "gamma": 0.1,
    "gamma_cap_factor": 5.0,
    "gamma_imb": 0.5,
    "gamma_inv_scale": 4.0,
    "gamma_vol_scale": 2.0,
    "gradient_penalty_ticks": 1.0,
    "gradient_threshold": 1.5,
    "k_vol": 1.3,
    "size_base": 0.04,
    "size_exp": 3.0,
    "size_min_factor": 0.2
  },
  "snapshots_processed": 1000,
  "sharpe_ratio": -1.0399416862632258,
  "capital_base": 10000.0,
  "sharpe_horizon_seconds": 60.0
}