{
  "final_pnl": -0.18863068206883327,
  "final_inventory": 0.010888233036249167,
  "fill_count": 36,
  "max_drawdown": 0.33847876375511987,
  "pnl_attribution": {
    "inventory_moves": -0.1531592159545891,
    "fees": -0.06768517392081964,
    "spread_capture": 0.04443674953858125,
    "adverse_selection": -0.005643204640695364,
    "funding_rates": 0.0
  },
  "additional_metrics": {
    "orders_placed": 1589,
    "orders_placed_buy": 822,
    "orders_placed_sell": 767,
    "maker_qty_placed": 4.363233324305958,
    "maker_qty_filled": 0.03935097486947048,
    "maker_fill_qty_rate": 0.009018764742710586,
    "avg_fill_latency_sec": 0.2507222228580051,
    "std_fill_latency_sec": 0.0008031669401744235,
    "avg_queue_position": 0.9313936286859258,
    "std_queue_position": 0.9833703558853021,
    "avg_order_lifetime_sec": 0.2507222228580051,
    "std_order_lifetime_sec": 0.0008031669401744235,
    "avg_competition_size": 0.25820391949099564,
    "std_competition_size": 0.05041085131673766,
    "forced_liquidations": 0,
    "avg_forced_liq_cost": 0.0,
    "std_forced_liq_cost": 0.0,
    "taker_qty_hedge": 0.0,
    "taker_qty_cross": 0.0,
    "taker_trades_hedge": 0,
    "taker_trades_cross": 0,
    "taker_qty_total": 0.0,
    "notional_traded_btc": 0.03935097486947048,
    "notional_traded_usdt": 676.8517392081966
  },
  "strategy": "skew_mid_spread",
  "strategy_kwargs": {
    "extra_spread_ticks": 32.0,
    "gamma": 0.12,
    "gamma_cap_factor": 5.0,
    "gamma_imb": 0.5,
    "gamma_inv_scale": 4.0,
    "gamma_vol_scale": 1.0,
    "gradient_penalty_ticks": 1.0,
    "gradient_threshold": 1.5,
    "k_vol": 6.0,
    "size_base": 0.005,
    "size_exp": 2.0,
    "size_min_factor": 0.3
  },
  "snapshots_processed": 10000,
  "sharpe_ratio": -0.17557218452696213,
  "capital_base": 10000.0,
  "sharpe_horizon_seconds": 60.0
}