{
  "final_pnl": -3.3197164801276813,
  "final_inventory": 0.0007441039097357306,
  "fill_count": 271,
  "max_drawdown": 3.3197164801276813,
  "pnl_attribution": {
    "inventory_moves": -0.2378955469659529,
    "fees": -3.5521402239546003,
    "spread_capture": 0.5678478116470858,
    "adverse_selection": -0.09388792787863615,
    "funding_rates": 0.0
  },
  "additional_metrics": {
    "orders_placed": 532,
    "orders_placed_buy": 260,
    "orders_placed_sell": 272,
    "maker_qty_placed": 3.05553206921294,
    "maker_qty_filled": 0.6409575455686582,
    "maker_fill_qty_rate": 0.20976953638511783,
    "avg_fill_latency_sec": 0.18906451040698635,
    "std_fill_latency_sec": 0.11145765266271014,
    "avg_queue_position": 1.1433972791595943,
    "std_queue_position": 1.4109112667497858,
    "avg_order_lifetime_sec": 0.20201934691398374,
    "std_order_lifetime_sec": 0.10686949518342076,
    "avg_competition_size": 0.6791178202345223,
    "std_competition_size": 0.12677380629197804,
    "forced_liquidations": 0,
    "avg_forced_liq_cost": 0.0,
    "std_forced_liq_cost": 0.0
  },
  "strategy": "skew_mid_spread",
  "strategy_kwargs": {
    "gamma": 0.1,
    "gamma_cap_factor": 5.0,
    "gamma_imb": 0.5,
    "gamma_inv_scale": 4.0,
    "gamma_vol_scale": 2.0,
    "gradient_penalty_ticks": 1.0,
    "gradient_threshold": 1.5,
    "k_vol": 1.3,
    "size_base": 0.01,
    "size_exp": 1.0,
    "size_min_factor": 0.2
  },
  "snapshots_processed": 1000,
  "sharpe_ratio": -1.1209738970201728,
  "capital_base": 10000.0,
  "sharpe_horizon_seconds": 60.0
}