{
  "final_pnl": -3.9922404601456947,
  "final_inventory": -0.016873580862760813,
  "fill_count": 4006,
  "max_drawdown": 5.331385180539655,
  "pnl_attribution": {
    "inventory_moves": -0.6302054369933374,
    "fees": -4.577430171732504,
    "spread_capture": 1.517803174014686,
    "adverse_selection": -0.21273391690371798,
    "funding_rates": 0.0
  },
  "additional_metrics": {
    "orders_placed": 2961,
    "orders_placed_buy": 1538,
    "orders_placed_sell": 1423,
    "maker_qty_placed": 64.83875910347508,
    "maker_qty_filled": 1.454645928069314,
    "maker_fill_qty_rate": 0.022434820594698136,
    "avg_fill_latency_sec": 0.004908882652296308,
    "std_fill_latency_sec": 0.03472022254764853,
    "avg_queue_position": 0.020039566744486564,
    "std_queue_position": 0.22997649607532222,
    "avg_order_lifetime_sec": 0.004908882652296308,
    "std_order_lifetime_sec": 0.03472022254764853,
    "avg_competition_size": 0.3548224208101537,
    "std_competition_size": 0.06810157796626551,
    "forced_liquidations": 0,
    "avg_forced_liq_cost": 0.0,
    "std_forced_liq_cost": 0.0,
    "taker_qty_hedge": 0.4021191298982045,
    "taker_qty_cross": 0.0,
    "taker_trades_hedge": 3852,
    "taker_trades_cross": 0,
    "taker_qty_total": 0.4021191298982045,
    "notional_traded_btc": 1.856765057967516,
    "notional_traded_usdt": 31939.50755038256
  },
  "strategy": "skew_mid_spread",
  "strategy_kwargs": {
    "extra_spread_ticks": 26.0,
    "gamma": 0.2,
    "gamma_cap_factor": 5.0,
    "gamma_imb": 0.5,
    "gamma_inv_scale": 1.0,
    "gamma_vol_scale": 2.0,
    "gradient_penalty_ticks": 1.0,
    "gradient_threshold": 1.5,
    "k_vol": 6.0,
    "size_base": 0.04,
    "size_exp": 2.0,
    "size_min_factor": 0.3
  },
  "snapshots_processed": 10000,
  "sharpe_ratio": -0.2847927272385379,
  "capital_base": 10000.0,
  "sharpe_horizon_seconds": 60.0
}