{
  "final_pnl": -17.551340011184948,
  "final_inventory": 0.039282318434425555,
  "fill_count": 289,
  "max_drawdown": 17.551340011184948,
  "pnl_attribution": {
    "inventory_moves": -0.5142593770860517,
    "fees": -15.497059412087754,
    "spread_capture": 1.701604840790576,
    "adverse_selection": -3.1076172959301283,
    "funding_rates": 0.0
  },
  "additional_metrics": {
    "orders_placed": 538,
    "orders_placed_buy": 265,
    "orders_placed_sell": 273,
    "maker_qty_placed": 12.342205798150712,
    "maker_qty_filled": 2.615322175126997,
    "maker_fill_qty_rate": 0.2119007102862328,
    "avg_fill_latency_sec": 0.176799994356492,
    "std_fill_latency_sec": 0.11730325348849496,
    "avg_queue_position": 1.2126068229297844,
    "std_queue_position": 1.423473241007208,
    "avg_order_lifetime_sec": 0.1871411688187543,
    "std_order_lifetime_sec": 0.11547677056114174,
    "avg_competition_size": 0.8693069401816081,
    "std_competition_size": 0.17658780900956528,
    "forced_liquidations": 16,
    "avg_forced_liq_cost": 0.1696142704339495,
    "std_forced_liq_cost": 0.10889943971579101
  },
  "strategy": "skew_mid_spread",
  "strategy_kwargs": {
    "gamma": 0.1,
    "gamma_cap_factor": 5.0,
    "gamma_imb": 0.5,
    "gamma_inv_scale": 4.0,
    "gamma_vol_scale": 2.0,
    "gradient_penalty_ticks": 1.0,
    "gradient_threshold": 1.5,
    "k_vol": 1.3,
    "size_base": 0.04,
    "size_exp": 3.0,
    "size_min_factor": 0.1
  },
  "snapshots_processed": 1000,
  "sharpe_ratio": -1.0918764418041764,
  "capital_base": 10000.0,
  "sharpe_horizon_seconds": 60.0
}