{
  "final_pnl": -3.7294231221949303,
  "final_inventory": 0.01085437916852977,
  "fill_count": 275,
  "max_drawdown": 3.7294231221949303,
  "pnl_attribution": {
    "inventory_moves": -0.3145394279783516,
    "fees": -3.7299677179700175,
    "spread_capture": 0.4161518431595865,
    "adverse_selection": -0.09487087249964678,
    "funding_rates": 0.0
  },
  "additional_metrics": {
    "orders_placed": 610,
    "orders_placed_buy": 304,
    "orders_placed_sell": 306,
    "maker_qty_placed": 3.469107559724149,
    "maker_qty_filled": 0.640908750882336,
    "maker_fill_qty_rate": 0.1847474429225535,
    "avg_fill_latency_sec": 0.1827358434785087,
    "std_fill_latency_sec": 0.11125868731859447,
    "avg_queue_position": 1.1411467413352243,
    "std_queue_position": 1.4296407419085444,
    "avg_order_lifetime_sec": 0.19221383070795792,
    "std_order_lifetime_sec": 0.10585556260120434,
    "avg_competition_size": 0.6720792779483992,
    "std_competition_size": 0.13054178408589662,
    "forced_liquidations": 0,
    "avg_forced_liq_cost": 0.0,
    "std_forced_liq_cost": 0.0
  },
  "strategy": "skew_mid_spread",
  "strategy_kwargs": {
    "gamma": 0.1,
    "gamma_cap_factor": 5.0,
    "gamma_imb": 0.5,
    "gamma_inv_scale": 4.0,
    "gamma_vol_scale": 2.0,
    "gradient_penalty_ticks": 1.0,
    "gradient_threshold": 1.5,
    "k_vol": 1.3,
    "size_base": 0.01,
    "size_exp": 1.0,
    "size_min_factor": 0.2
  },
  "snapshots_processed": 1000,
  "sharpe_ratio": -1.1878836278022307,
  "capital_base": 10000.0,
  "sharpe_horizon_seconds": 60.0
}