{
  "final_pnl": -22.369601932346995,
  "final_inventory": 0.05,
  "fill_count": 315,
  "max_drawdown": 22.369601932346995,
  "pnl_attribution": {
    "inventory_moves": -0.1357453160156191,
    "fees": -17.655774008745674,
    "spread_capture": 2.067547770724709,
    "adverse_selection": -6.406831297930865,
    "funding_rates": 0.0
  },
  "additional_metrics": {
    "orders_placed": 606,
    "orders_placed_buy": 302,
    "orders_placed_sell": 304,
    "maker_qty_placed": 13.762402958732254,
    "maker_qty_filled": 2.7320845689603592,
    "maker_fill_qty_rate": 0.19851798971100826,
    "avg_fill_latency_sec": 0.16478420684212133,
    "std_fill_latency_sec": 0.11882880283356315,
    "avg_queue_position": 1.100533336976225,
    "std_queue_position": 1.3379998352472156,
    "avg_order_lifetime_sec": 0.17403683787898014,
    "std_order_lifetime_sec": 0.11536520086286642,
    "avg_competition_size": 0.8677431406944431,
    "std_competition_size": 0.1776565266470622,
    "forced_liquidations": 33,
    "avg_forced_liq_cost": 0.18186539984149244,
    "std_forced_liq_cost": 0.10815909591165754
  },
  "strategy": "skew_mid_spread",
  "strategy_kwargs": {
    "gamma": 0.1,
    "gamma_cap_factor": 5.0,
    "gamma_imb": 0.5,
    "gamma_inv_scale": 4.0,
    "gamma_vol_scale": 2.0,
    "gradient_penalty_ticks": 1.0,
    "gradient_threshold": 1.5,
    "k_vol": 1.3,
    "size_base": 0.04,
    "size_exp": 1.0,
    "size_min_factor": 0.3
  },
  "snapshots_processed": 1000,
  "sharpe_ratio": -1.3244427832052184,
  "capital_base": 10000.0,
  "sharpe_horizon_seconds": 60.0
}