{
  "final_pnl": -6.722490536623809,
  "final_inventory": 0.0048700540367066295,
  "fill_count": 277,
  "max_drawdown": 6.722490536623809,
  "pnl_attribution": {
    "inventory_moves": -0.5352054587986464,
    "fees": -7.14167019935097,
    "spread_capture": 1.2710691276819424,
    "adverse_selection": -0.3031681556972846,
    "funding_rates": 0.0
  },
  "additional_metrics": {
    "orders_placed": 538,
    "orders_placed_buy": 263,
    "orders_placed_sell": 275,
    "maker_qty_placed": 6.175519497060713,
    "maker_qty_filled": 1.3090739190825298,
    "maker_fill_qty_rate": 0.21197794286061178,
    "avg_fill_latency_sec": 0.19184809696825245,
    "std_fill_latency_sec": 0.11334444771419763,
    "avg_queue_position": 1.1669979425065236,
    "std_queue_position": 1.3596055092773178,
    "avg_order_lifetime_sec": 0.20455695556688913,
    "std_order_lifetime_sec": 0.10861232969216807,
    "avg_competition_size": 0.7337089645878045,
    "std_competition_size": 0.1479565003483624,
    "forced_liquidations": 1,
    "avg_forced_liq_cost": 0.1047819383513309,
    "std_forced_liq_cost": 0.0
  },
  "strategy": "skew_mid_spread",
  "strategy_kwargs": {
    "gamma": 0.1,
    "gamma_cap_factor": 5.0,
    "gamma_imb": 0.5,
    "gamma_inv_scale": 4.0,
    "gamma_vol_scale": 2.0,
    "gradient_penalty_ticks": 1.0,
    "gradient_threshold": 1.5,
    "k_vol": 1.3,
    "size_base": 0.02,
    "size_exp": 2.0,
    "size_min_factor": 0.3
  },
  "snapshots_processed": 1000,
  "sharpe_ratio": -1.2032645263085975,
  "capital_base": 10000.0,
  "sharpe_horizon_seconds": 60.0
}