{
  "final_pnl": -2.8686712818253,
  "final_inventory": 0.004127354298481198,
  "fill_count": 1679,
  "max_drawdown": 3.9507466293089237,
  "pnl_attribution": {
    "inventory_moves": -1.4352375817595813,
    "fees": -2.2005854342970097,
    "spread_capture": 0.9090944649246889,
    "adverse_selection": -0.12618344566951745,
    "funding_rates": 0.0
  },
  "additional_metrics": {
    "orders_placed": 2065,
    "orders_placed_buy": 1072,
    "orders_placed_sell": 993,
    "maker_qty_placed": 45.115438338544905,
    "maker_qty_filled": 0.839067126872855,
    "maker_fill_qty_rate": 0.01859822618981379,
    "avg_fill_latency_sec": 0.0070587879152876135,
    "std_fill_latency_sec": 0.04146122130875021,
    "avg_queue_position": 0.025851499782054043,
    "std_queue_position": 0.23613708087025048,
    "avg_order_lifetime_sec": 0.0070587879152876135,
    "std_order_lifetime_sec": 0.04146122130875021,
    "avg_competition_size": 0.35442801604897506,
    "std_competition_size": 0.0689677526708162,
    "forced_liquidations": 0,
    "avg_forced_liq_cost": 0.0,
    "std_forced_liq_cost": 0.0,
    "taker_qty_hedge": 0.14666537003784239,
    "taker_qty_cross": 0.0,
    "taker_trades_hedge": 1587,
    "taker_trades_cross": 0,
    "taker_qty_total": 0.14666537003784239,
    "notional_traded_btc": 0.9857324969106952,
    "notional_traded_usdt": 16958.108402484613
  },
  "strategy": "skew_mid_spread",
  "strategy_kwargs": {
    "extra_spread_ticks": 34.0,
    "gamma": 0.12,
    "gamma_cap_factor": 5.0,
    "gamma_imb": 0.5,
    "gamma_inv_scale": 1.0,
    "gamma_vol_scale": 2.0,
    "gradient_penalty_ticks": 1.0,
    "gradient_threshold": 1.5,
    "k_vol": 8.0,
    "size_base": 0.04,
    "size_exp": 2.0,
    "size_min_factor": 0.3
  },
  "snapshots_processed": 10000,
  "sharpe_ratio": -0.270120062233346,
  "capital_base": 10000.0,
  "sharpe_horizon_seconds": 60.0
}