{
  "final_pnl": -7.503580447120839,
  "final_inventory": -0.00046024031517837016,
  "fill_count": 283,
  "max_drawdown": 7.503580447120839,
  "pnl_attribution": {
    "inventory_moves": -0.5493825064058871,
    "fees": -7.408762994139757,
    "spread_capture": 0.924308195712258,
    "adverse_selection": -0.4546263888513255,
    "funding_rates": 0.0
  },
  "additional_metrics": {
    "orders_placed": 541,
    "orders_placed_buy": 266,
    "orders_placed_sell": 275,
    "maker_qty_placed": 6.215046305524715,
    "maker_qty_filled": 1.308915416624186,
    "maker_fill_qty_rate": 0.21060429034304337,
    "avg_fill_latency_sec": 0.18903680520554994,
    "std_fill_latency_sec": 0.11803165055087154,
    "avg_queue_position": 1.1429371677886624,
    "std_queue_position": 1.3994505006197102,
    "avg_order_lifetime_sec": 0.20135582151588488,
    "std_order_lifetime_sec": 0.11396240878323335,
    "avg_competition_size": 0.7355854208231627,
    "std_competition_size": 0.14325744753638467,
    "forced_liquidations": 3,
    "avg_forced_liq_cost": 0.0878951974038759,
    "std_forced_liq_cost": 0.07477872618466552
  },
  "strategy": "skew_mid_spread",
  "strategy_kwargs": {
    "gamma": 0.1,
    "gamma_cap_factor": 5.0,
    "gamma_imb": 0.5,
    "gamma_inv_scale": 4.0,
    "gamma_vol_scale": 2.0,
    "gradient_penalty_ticks": 1.0,
    "gradient_threshold": 1.5,
    "k_vol": 1.3,
    "size_base": 0.02,
    "size_exp": 1.0,
    "size_min_factor": 0.2
  },
  "snapshots_processed": 1000,
  "sharpe_ratio": -1.2276987872638139,
  "capital_base": 10000.0,
  "sharpe_horizon_seconds": 60.0
}