{
  "final_pnl": -22.683308434108767,
  "final_inventory": 0.05,
  "fill_count": 316,
  "max_drawdown": 22.683308434108767,
  "pnl_attribution": {
    "inventory_moves": -0.1738862031522538,
    "fees": -17.8637402532617,
    "spread_capture": 1.9008672049684523,
    "adverse_selection": -6.331849044324164,
    "funding_rates": 0.0
  },
  "additional_metrics": {
    "orders_placed": 607,
    "orders_placed_buy": 303,
    "orders_placed_sell": 304,
    "maker_qty_placed": 13.794287612075575,
    "maker_qty_filled": 2.7240521128916417,
    "maker_fill_qty_rate": 0.19747682442890313,
    "avg_fill_latency_sec": 0.16175520544250807,
    "std_fill_latency_sec": 0.119785950515194,
    "avg_queue_position": 1.0940837206682703,
    "std_queue_position": 1.3536693042763375,
    "avg_order_lifetime_sec": 0.16960416361689568,
    "std_order_lifetime_sec": 0.11712959839041624,
    "avg_competition_size": 0.8774923499742512,
    "std_competition_size": 0.17479053597072258,
    "forced_liquidations": 36,
    "avg_forced_liq_cost": 0.16454593904172482,
    "std_forced_liq_cost": 0.10228479456302342
  },
  "strategy": "skew_mid_spread",
  "strategy_kwargs": {
    "gamma": 0.1,
    "gamma_cap_factor": 5.0,
    "gamma_imb": 0.5,
    "gamma_inv_scale": 4.0,
    "gamma_vol_scale": 2.0,
    "gradient_penalty_ticks": 1.0,
    "gradient_threshold": 1.5,
    "k_vol": 1.3,
    "size_base": 0.04,
    "size_exp": 2.0,
    "size_min_factor": 0.2
  },
  "snapshots_processed": 1000,
  "sharpe_ratio": -1.4364268685810602,
  "capital_base": 10000.0,
  "sharpe_horizon_seconds": 60.0
}