{
  "final_pnl": -3.427001456817379,
  "final_inventory": 0.005792219366792149,
  "fill_count": 268,
  "max_drawdown": 3.427001456817379,
  "pnl_attribution": {
    "inventory_moves": -0.2478436480056714,
    "fees": -3.5717604916069385,
    "spread_capture": 0.48656552191116875,
    "adverse_selection": -0.09441362499369392,
    "funding_rates": 0.0
  },
  "additional_metrics": {
    "orders_placed": 606,
    "orders_placed_buy": 301,
    "orders_placed_sell": 305,
    "maker_qty_placed": 3.449172595044003,
    "maker_qty_filled": 0.6359112268793682,
    "maker_fill_qty_rate": 0.18436631086338998,
    "avg_fill_latency_sec": 0.1854285667468975,
    "std_fill_latency_sec": 0.10983971853583353,
    "avg_queue_position": 1.1270901901963415,
    "std_queue_position": 1.4188733650605905,
    "avg_order_lifetime_sec": 0.19683765745782233,
    "std_order_lifetime_sec": 0.10279720483918317,
    "avg_competition_size": 0.6698103653998161,
    "std_competition_size": 0.13146424981374083,
    "forced_liquidations": 0,
    "avg_forced_liq_cost": 0.0,
    "std_forced_liq_cost": 0.0
  },
  "strategy": "skew_mid_spread",
  "strategy_kwargs": {
    "gamma": 0.1,
    "gamma_cap_factor": 5.0,
    "gamma_imb": 0.5,
    "gamma_inv_scale": 4.0,
    "gamma_vol_scale": 2.0,
    "gradient_penalty_ticks": 1.0,
    "gradient_threshold": 1.5,
    "k_vol": 1.3,
    "size_base": 0.01,
    "size_exp": 2.0,
    "size_min_factor": 0.1
  },
  "snapshots_processed": 1000,
  "sharpe_ratio": -1.1682266335663918,
  "capital_base": 10000.0,
  "sharpe_horizon_seconds": 60.0
}