{
  "final_pnl": -0.7664204586089909,
  "final_inventory": 0.034867898322139795,
  "fill_count": 75,
  "max_drawdown": 3.358790295660583,
  "pnl_attribution": {
    "inventory_moves": 0.25111671392010526,
    "fees": -1.5966919589655553,
    "spread_capture": 0.6989107951601867,
    "adverse_selection": -0.08144451390751574,
    "funding_rates": 0.0
  },
  "additional_metrics": {
    "orders_placed": 1588,
    "orders_placed_buy": 821,
    "orders_placed_sell": 767,
    "maker_qty_placed": 34.832154999998096,
    "maker_qty_filled": 0.5618452596171799,
    "maker_fill_qty_rate": 0.016130074628377445,
    "avg_fill_latency_sec": 0.19692856357211158,
    "std_fill_latency_sec": 0.10284439822016445,
    "avg_queue_position": 0.8763954586533712,
    "std_queue_position": 1.5297032191374809,
    "avg_order_lifetime_sec": 0.19692856357211158,
    "std_order_lifetime_sec": 0.10284439822016445,
    "avg_competition_size": 0.3534663420791461,
    "std_competition_size": 0.06982367969677587,
    "forced_liquidations": 0,
    "avg_forced_liq_cost": 0.0,
    "std_forced_liq_cost": 0.0,
    "taker_qty_hedge": 0.1221150053249487,
    "taker_qty_cross": 0.0,
    "taker_trades_hedge": 9,
    "taker_trades_cross": 0,
    "taker_qty_total": 0.1221150053249487,
    "notional_traded_btc": 0.6839602649421285,
    "notional_traded_usdt": 11763.975556213625
  },
  "strategy": "skew_mid_spread",
  "strategy_kwargs": {
    "extra_spread_ticks": 34.0,
    "gamma": 0.12,
    "gamma_cap_factor": 5.0,
    "gamma_imb": 0.5,
    "gamma_inv_scale": 1.0,
    "gamma_vol_scale": 2.0,
    "gradient_penalty_ticks": 1.0,
    "gradient_threshold": 1.5,
    "k_vol": 4.0,
    "size_base": 0.04,
    "size_exp": 2.0,
    "size_min_factor": 0.3
  },
  "snapshots_processed": 10000,
  "sharpe_ratio": -0.060875895111955694,
  "capital_base": 10000.0,
  "sharpe_horizon_seconds": 60.0
}