{
  "final_pnl": -1.7587371138106391,
  "final_inventory": 0.003981887729103231,
  "fill_count": 269,
  "max_drawdown": 1.7587371138106391,
  "pnl_attribution": {
    "inventory_moves": -0.13866773689443257,
    "fees": -1.8142945218065198,
    "spread_capture": 0.24115462956974637,
    "adverse_selection": -0.04908129330995918,
    "funding_rates": 0.0
  },
  "additional_metrics": {
    "orders_placed": 605,
    "orders_placed_buy": 301,
    "orders_placed_sell": 304,
    "maker_qty_placed": 1.7224383829496954,
    "maker_qty_filled": 0.3194941167081382,
    "maker_fill_qty_rate": 0.18548943165154094,
    "avg_fill_latency_sec": 0.18419999307201754,
    "std_fill_latency_sec": 0.110467296480163,
    "avg_queue_position": 1.1073503460935497,
    "std_queue_position": 1.4228446701202542,
    "avg_order_lifetime_sec": 0.1955354767460977,
    "std_order_lifetime_sec": 0.10365265916356749,
    "avg_competition_size": 0.6310493524820203,
    "std_competition_size": 0.12523354863531017,
    "forced_liquidations": 0,
    "avg_forced_liq_cost": 0.0,
    "std_forced_liq_cost": 0.0
  },
  "strategy": "skew_mid_spread",
  "strategy_kwargs": {
    "gamma": 0.1,
    "gamma_cap_factor": 5.0,
    "gamma_imb": 0.5,
    "gamma_inv_scale": 4.0,
    "gamma_vol_scale": 2.0,
    "gradient_penalty_ticks": 1.0,
    "gradient_threshold": 1.5,
    "k_vol": 1.3,
    "size_base": 0.005,
    "size_exp": 1.0,
    "size_min_factor": 0.2
  },
  "snapshots_processed": 1000,
  "sharpe_ratio": -1.1452618251977913,
  "capital_base": 10000.0,
  "sharpe_horizon_seconds": 60.0
}