{
  "final_pnl": -3.180866745151434,
  "final_inventory": 0.08144684559438167,
  "fill_count": 145,
  "max_drawdown": 4.683998871658332,
  "pnl_attribution": {
    "inventory_moves": -0.6707284173844758,
    "fees": -3.5044003553236815,
    "spread_capture": 1.2649218388188566,
    "adverse_selection": -0.16859408303188378,
    "funding_rates": 0.0
  },
  "additional_metrics": {
    "orders_placed": 2963,
    "orders_placed_buy": 1537,
    "orders_placed_sell": 1426,
    "maker_qty_placed": 64.9078756334358,
    "maker_qty_filled": 1.1338849861148361,
    "maker_fill_qty_rate": 0.017469143382821507,
    "avg_fill_latency_sec": 0.1980123461028676,
    "std_fill_latency_sec": 0.1020591084970492,
    "avg_queue_position": 0.7834988087366802,
    "std_queue_position": 1.3867944706798507,
    "avg_order_lifetime_sec": 0.1980123461028676,
    "std_order_lifetime_sec": 0.1020591084970492,
    "avg_competition_size": 0.3533269597886983,
    "std_competition_size": 0.06673871041121333,
    "forced_liquidations": 0,
    "avg_forced_liq_cost": 0.0,
    "std_forced_liq_cost": 0.0,
    "taker_qty_hedge": 0.3010318825167651,
    "taker_qty_cross": 0.0,
    "taker_trades_hedge": 17,
    "taker_trades_cross": 0,
    "taker_qty_total": 0.3010318825167651,
    "notional_traded_btc": 1.4349168686316003,
    "notional_traded_usdt": 24684.84607517285
  },
  "strategy": "skew_mid_spread",
  "strategy_kwargs": {
    "extra_spread_ticks": 38.0,
    "gamma": 0.08,
    "gamma_cap_factor": 5.0,
    "gamma_imb": 0.5,
    "gamma_inv_scale": 1.0,
    "gamma_vol_scale": 2.0,
    "gradient_penalty_ticks": 1.0,
    "gradient_threshold": 1.5,
    "k_vol": 6.0,
    "size_base": 0.04,
    "size_exp": 2.0,
    "size_min_factor": 0.3
  },
  "snapshots_processed": 10000,
  "sharpe_ratio": -0.29861485505501634,
  "capital_base": 10000.0,
  "sharpe_horizon_seconds": 60.0
}