{
  "final_pnl": -2.160938443410487,
  "final_inventory": 0.0017379774814256237,
  "fill_count": 274,
  "max_drawdown": 2.160938443410487,
  "pnl_attribution": {
    "inventory_moves": -0.23054405035454809,
    "fees": -2.0690136697997548,
    "spread_capture": 0.18559789386870842,
    "adverse_selection": -0.04478986262485699,
    "funding_rates": 0.0
  },
  "additional_metrics": {
    "orders_placed": 523,
    "orders_placed_buy": 264,
    "orders_placed_sell": 259,
    "maker_qty_placed": 1.5076719019647786,
    "maker_qty_filled": 0.3159790134681515,
    "maker_fill_qty_rate": 0.20958075364830486,
    "avg_fill_latency_sec": 0.1720981583273484,
    "std_fill_latency_sec": 0.11941504786511993,
    "avg_queue_position": 1.4682089565779917,
    "std_queue_position": 1.7651343641500599,
    "avg_order_lifetime_sec": 0.1797730045084573,
    "std_order_lifetime_sec": 0.11610188593136728,
    "avg_competition_size": 0.638898808046045,
    "std_competition_size": 0.12295467780800988,
    "forced_liquidations": 0,
    "avg_forced_liq_cost": 0.0,
    "std_forced_liq_cost": 0.0
  },
  "strategy": "skew_mid_spread",
  "strategy_kwargs": {
    "gamma": 0.05,
    "gamma_cap_factor": 5.0,
    "gamma_imb": 0.5,
    "gamma_inv_scale": 1.0,
    "gamma_vol_scale": 0.0,
    "gradient_penalty_ticks": 1.0,
    "gradient_threshold": 1.5,
    "k_vol": 0.8,
    "size_base": 0.005,
    "size_exp": 2.0,
    "size_min_factor": 0.3
  },
  "snapshots_processed": 1000,
  "sharpe_ratio": -1.385941307388746,
  "capital_base": 10000.0,
  "sharpe_horizon_seconds": 60.0
}