{
  "final_pnl": -15.301519025266316,
  "final_inventory": 0.0263999580453732,
  "fill_count": 278,
  "max_drawdown": 15.301519025266316,
  "pnl_attribution": {
    "inventory_moves": -1.2778763406060751,
    "fees": -14.949790649746113,
    "spread_capture": 1.6314168902771067,
    "adverse_selection": -0.6830731629896536,
    "funding_rates": 0.0
  },
  "additional_metrics": {
    "orders_placed": 609,
    "orders_placed_buy": 304,
    "orders_placed_sell": 305,
    "maker_qty_placed": 13.858668498666892,
    "maker_qty_filled": 2.5195902447816247,
    "maker_fill_qty_rate": 0.18180608368141513,
    "avg_fill_latency_sec": 0.17938271128101113,
    "std_fill_latency_sec": 0.1129638356023914,
    "avg_queue_position": 1.224595821019088,
    "std_queue_position": 1.4184030903666334,
    "avg_order_lifetime_sec": 0.18714197035189029,
    "std_order_lifetime_sec": 0.10893875363373376,
    "avg_competition_size": 0.8801511761087885,
    "std_competition_size": 0.171168410383015,
    "forced_liquidations": 3,
    "avg_forced_liq_cost": 0.10132035468425778,
    "std_forced_liq_cost": 0.13216502747460696
  },
  "strategy": "skew_mid_spread",
  "strategy_kwargs": {
    "gamma": 0.1,
    "gamma_cap_factor": 5.0,
    "gamma_imb": 0.5,
    "gamma_inv_scale": 4.0,
    "gamma_vol_scale": 2.0,
    "gradient_penalty_ticks": 1.0,
    "gradient_threshold": 1.5,
    "k_vol": 1.3,
    "size_base": 0.04,
    "size_exp": 1.0,
    "size_min_factor": 0.3
  },
  "snapshots_processed": 1000,
  "sharpe_ratio": -1.2586960130569609,
  "capital_base": 10000.0,
  "sharpe_horizon_seconds": 60.0
}