{
  "final_pnl": -17.465291800650448,
  "final_inventory": 0.022217327103913442,
  "fill_count": 296,
  "max_drawdown": 17.465291800650448,
  "pnl_attribution": {
    "inventory_moves": -0.49426111898242653,
    "fees": -15.773531492801045,
    "spread_capture": 1.7561641632922438,
    "adverse_selection": -2.83055945744067,
    "funding_rates": 0.0
  },
  "additional_metrics": {
    "orders_placed": 608,
    "orders_placed_buy": 304,
    "orders_placed_sell": 304,
    "maker_qty_placed": 13.796955468822352,
    "maker_qty_filled": 2.6763749555636243,
    "maker_fill_qty_rate": 0.1939830103541001,
    "avg_fill_latency_sec": 0.17563792480819526,
    "std_fill_latency_sec": 0.11466969120870477,
    "avg_queue_position": 1.19794638446069,
    "std_queue_position": 1.4137004565608724,
    "avg_order_lifetime_sec": 0.18574137249212155,
    "std_order_lifetime_sec": 0.10970632705591615,
    "avg_competition_size": 0.881739354320288,
    "std_competition_size": 0.18202871416447353,
    "forced_liquidations": 16,
    "avg_forced_liq_cost": 0.15201865206646434,
    "std_forced_liq_cost": 0.10335209047792727
  },
  "strategy": "skew_mid_spread",
  "strategy_kwargs": {
    "gamma": 0.1,
    "gamma_cap_factor": 5.0,
    "gamma_imb": 0.5,
    "gamma_inv_scale": 4.0,
    "gamma_vol_scale": 2.0,
    "gradient_penalty_ticks": 1.0,
    "gradient_threshold": 1.5,
    "k_vol": 1.3,
    "size_base": 0.04,
    "size_exp": 3.0,
    "size_min_factor": 0.2
  },
  "snapshots_processed": 1000,
  "sharpe_ratio": -1.1100431314160388,
  "capital_base": 10000.0,
  "sharpe_horizon_seconds": 60.0
}