{
  "final_pnl": -3.9944345834119304,
  "final_inventory": 0.066877191584752,
  "fill_count": 100,
  "max_drawdown": 5.183642580814194,
  "pnl_attribution": {
    "inventory_moves": -2.192730862275624,
    "fees": -2.5990888376245387,
    "spread_capture": 0.9266409153760163,
    "adverse_selection": -0.11723990390432146,
    "funding_rates": 0.0
  },
  "additional_metrics": {
    "orders_placed": 2064,
    "orders_placed_buy": 1071,
    "orders_placed_sell": 993,
    "maker_qty_placed": 45.11696342253818,
    "maker_qty_filled": 0.7657115006102959,
    "maker_fill_qty_rate": 0.016971698503711462,
    "avg_fill_latency_sec": 0.18894736808643006,
    "std_fill_latency_sec": 0.10781423597526932,
    "avg_queue_position": 0.4457728876173209,
    "std_queue_position": 0.7301476265819367,
    "avg_order_lifetime_sec": 0.18894736808643006,
    "std_order_lifetime_sec": 0.10781423597526932,
    "avg_competition_size": 0.35511552776102717,
    "std_competition_size": 0.06735917771494063,
    "forced_liquidations": 0,
    "avg_forced_liq_cost": 0.0,
    "std_forced_liq_cost": 0.0,
    "taker_qty_hedge": 0.24829306846648075,
    "taker_qty_cross": 0.0,
    "taker_trades_hedge": 14,
    "taker_trades_cross": 0,
    "taker_qty_total": 0.24829306846648075,
    "notional_traded_btc": 1.0140045690767767,
    "notional_traded_usdt": 17444.932896694852
  },
  "strategy": "skew_mid_spread",
  "strategy_kwargs": {
    "extra_spread_ticks": 26.0,
    "gamma": 0.12,
    "gamma_cap_factor": 5.0,
    "gamma_imb": 0.5,
    "gamma_inv_scale": 1.0,
    "gamma_vol_scale": 2.0,
    "gradient_penalty_ticks": 1.0,
    "gradient_threshold": 1.5,
    "k_vol": 6.0,
    "size_base": 0.04,
    "size_exp": 2.0,
    "size_min_factor": 0.3
  },
  "snapshots_processed": 10000,
  "sharpe_ratio": -0.4047041605969114,
  "capital_base": 10000.0,
  "sharpe_horizon_seconds": 60.0
}