{
  "final_pnl": -0.25336764763596875,
  "final_inventory": 0.005949985568817186,
  "fill_count": 28,
  "max_drawdown": 0.3526374357261375,
  "pnl_attribution": {
    "inventory_moves": -0.22090501055832926,
    "fees": -0.0575264144886822,
    "spread_capture": 0.031328185378629345,
    "adverse_selection": -0.005214407967463561,
    "funding_rates": 0.0
  },
  "additional_metrics": {
    "orders_placed": 1589,
    "orders_placed_buy": 821,
    "orders_placed_sell": 768,
    "maker_qty_placed": 4.364313215680329,
    "maker_qty_filled": 0.03344670299136402,
    "maker_fill_qty_rate": 0.007663680707240486,
    "avg_fill_latency_sec": 0.250499963760376,
    "std_fill_latency_sec": 0.0006267377417551204,
    "avg_queue_position": 1.1246921568367159,
    "std_queue_position": 1.281081926013758,
    "avg_order_lifetime_sec": 0.250499963760376,
    "std_order_lifetime_sec": 0.0006267377417551204,
    "avg_competition_size": 0.2618696395077022,
    "std_competition_size": 0.04944937592767781,
    "forced_liquidations": 0,
    "avg_forced_liq_cost": 0.0,
    "std_forced_liq_cost": 0.0,
    "taker_qty_hedge": 0.0,
    "taker_qty_cross": 0.0,
    "taker_trades_hedge": 0,
    "taker_trades_cross": 0,
    "taker_qty_total": 0.0,
    "notional_traded_btc": 0.03344670299136402,
    "notional_traded_usdt": 575.2641448868219
  },
  "strategy": "skew_mid_spread",
  "strategy_kwargs": {
    "extra_spread_ticks": 36.0,
    "gamma": 0.08,
    "gamma_cap_factor": 5.0,
    "gamma_imb": 0.5,
    "gamma_inv_scale": 4.0,
    "gamma_vol_scale": 0.0,
    "gradient_penalty_ticks": 1.0,
    "gradient_threshold": 1.5,
    "k_vol": 4.0,
    "size_base": 0.005,
    "size_exp": 2.0,
    "size_min_factor": 0.3
  },
  "snapshots_processed": 10000,
  "sharpe_ratio": -0.27244596051200765,
  "capital_base": 10000.0,
  "sharpe_horizon_seconds": 60.0
}