{
  "final_pnl": -15.311415056115948,
  "final_inventory": 0.06199010493866561,
  "fill_count": 288,
  "max_drawdown": 15.311415056115948,
  "pnl_attribution": {
    "inventory_moves": -1.2599106030152833,
    "fees": -15.317343935421958,
    "spread_capture": 2.074212740891995,
    "adverse_selection": -0.7388765001000317,
    "funding_rates": 0.0
  },
  "additional_metrics": {
    "orders_placed": 537,
    "orders_placed_buy": 264,
    "orders_placed_sell": 273,
    "maker_qty_placed": 12.330054764945665,
    "maker_qty_filled": 2.658212759995843,
    "maker_fill_qty_rate": 0.2155880740735345,
    "avg_fill_latency_sec": 0.18712047783725233,
    "std_fill_latency_sec": 0.1156512079194903,
    "avg_queue_position": 1.2541083680436425,
    "std_queue_position": 1.4274873725724873,
    "avg_order_lifetime_sec": 0.19920481400317455,
    "std_order_lifetime_sec": 0.11830481752731863,
    "avg_competition_size": 0.8739432510640996,
    "std_competition_size": 0.17120908413727998,
    "forced_liquidations": 3,
    "avg_forced_liq_cost": 0.11034746246447698,
    "std_forced_liq_cost": 0.044248940129074835
  },
  "strategy": "skew_mid_spread",
  "strategy_kwargs": {
    "gamma": 0.1,
    "gamma_cap_factor": 5.0,
    "gamma_imb": 0.5,
    "gamma_inv_scale": 4.0,
    "gamma_vol_scale": 2.0,
    "gradient_penalty_ticks": 1.0,
    "gradient_threshold": 1.5,
    "k_vol": 1.3,
    "size_base": 0.04,
    "size_exp": 2.0,
    "size_min_factor": 0.1
  },
  "snapshots_processed": 1000,
  "sharpe_ratio": -1.2103303180797709,
  "capital_base": 10000.0,
  "sharpe_horizon_seconds": 60.0
}