{
  "final_pnl": -8.002722497782088,
  "final_inventory": 0.02589064961962804,
  "fill_count": 288,
  "max_drawdown": 8.002722497782088,
  "pnl_attribution": {
    "inventory_moves": -0.23833117052801092,
    "fees": -7.593870811412356,
    "spread_capture": 1.0168610907345177,
    "adverse_selection": -1.140124173634068,
    "funding_rates": 0.0
  },
  "additional_metrics": {
    "orders_placed": 532,
    "orders_placed_buy": 261,
    "orders_placed_sell": 271,
    "maker_qty_placed": 6.109287447187838,
    "maker_qty_filled": 1.3237879326586173,
    "maker_fill_qty_rate": 0.21668450602499792,
    "avg_fill_latency_sec": 0.18898203130253774,
    "std_fill_latency_sec": 0.13273590141925945,
    "avg_queue_position": 1.119573986926208,
    "std_queue_position": 1.3868800823072207,
    "avg_order_lifetime_sec": 0.20550298833561514,
    "std_order_lifetime_sec": 0.13507570729180154,
    "avg_competition_size": 0.7190010493464619,
    "std_competition_size": 0.13988500219505923,
    "forced_liquidations": 11,
    "avg_forced_liq_cost": 0.08509078108109547,
    "std_forced_liq_cost": 0.045627433299377455
  },
  "strategy": "skew_mid_spread",
  "strategy_kwargs": {
    "gamma": 0.1,
    "gamma_cap_factor": 5.0,
    "gamma_imb": 0.5,
    "gamma_inv_scale": 4.0,
    "gamma_vol_scale": 2.0,
    "gradient_penalty_ticks": 1.0,
    "gradient_threshold": 1.5,
    "k_vol": 1.3,
    "size_base": 0.02,
    "size_exp": 2.0,
    "size_min_factor": 0.2
  },
  "snapshots_processed": 1000,
  "sharpe_ratio": -1.1546582176322804,
  "capital_base": 10000.0,
  "sharpe_horizon_seconds": 60.0
}