{
  "final_pnl": -17.65222499133415,
  "final_inventory": 0.021953789895951675,
  "fill_count": 298,
  "max_drawdown": 17.65222499133415,
  "pnl_attribution": {
    "inventory_moves": -0.5428550778106024,
    "fees": -15.94819057482247,
    "spread_capture": 2.138812851368508,
    "adverse_selection": -3.1848959647455466,
    "funding_rates": 0.0
  },
  "additional_metrics": {
    "orders_placed": 534,
    "orders_placed_buy": 262,
    "orders_placed_sell": 272,
    "maker_qty_placed": 12.247927630359237,
    "maker_qty_filled": 2.6784767994586574,
    "maker_fill_qty_rate": 0.2186881634423975,
    "avg_fill_latency_sec": 0.17750285284859793,
    "std_fill_latency_sec": 0.11694559423339534,
    "avg_queue_position": 1.180963941834932,
    "std_queue_position": 1.3466815439710935,
    "avg_order_lifetime_sec": 0.19612570898873466,
    "std_order_lifetime_sec": 0.12805630878595717,
    "avg_competition_size": 0.8827355095237445,
    "std_competition_size": 0.17463859890223624,
    "forced_liquidations": 16,
    "avg_forced_liq_cost": 0.17416339149649213,
    "std_forced_liq_cost": 0.09114793107870921
  },
  "strategy": "skew_mid_spread",
  "strategy_kwargs": {
    "gamma": 0.1,
    "gamma_cap_factor": 5.0,
    "gamma_imb": 0.5,
    "gamma_inv_scale": 4.0,
    "gamma_vol_scale": 2.0,
    "gradient_penalty_ticks": 1.0,
    "gradient_threshold": 1.5,
    "k_vol": 1.3,
    "size_base": 0.04,
    "size_exp": 3.0,
    "size_min_factor": 0.2
  },
  "snapshots_processed": 1000,
  "sharpe_ratio": -1.055843082608991,
  "capital_base": 10000.0,
  "sharpe_horizon_seconds": 60.0
}