{
  "final_pnl": -15.973294448689558,
  "final_inventory": 0.03681293555502049,
  "fill_count": 286,
  "max_drawdown": 15.973294448689558,
  "pnl_attribution": {
    "inventory_moves": -1.2139297062355012,
    "fees": -15.303572222115534,
    "spread_capture": 1.5581358544630022,
    "adverse_selection": -0.9748667424603745,
    "funding_rates": 0.0
  },
  "additional_metrics": {
    "orders_placed": 539,
    "orders_placed_buy": 266,
    "orders_placed_sell": 273,
    "maker_qty_placed": 12.372119371974112,
    "maker_qty_filled": 2.65134708453319,
    "maker_fill_qty_rate": 0.21430015382321174,
    "avg_fill_latency_sec": 0.1867515116026907,
    "std_fill_latency_sec": 0.1159038982201212,
    "avg_queue_position": 1.2390793887623215,
    "std_queue_position": 1.3882128946541026,
    "avg_order_lifetime_sec": 0.19587878313931553,
    "std_order_lifetime_sec": 0.110600221913528,
    "avg_competition_size": 0.8595756193804112,
    "std_competition_size": 0.17414950772508017,
    "forced_liquidations": 3,
    "avg_forced_liq_cost": 0.1886913758322908,
    "std_forced_liq_cost": 0.09776356901356233
  },
  "strategy": "skew_mid_spread",
  "strategy_kwargs": {
    "gamma": 0.1,
    "gamma_cap_factor": 5.0,
    "gamma_imb": 0.5,
    "gamma_inv_scale": 4.0,
    "gamma_vol_scale": 2.0,
    "gradient_penalty_ticks": 1.0,
    "gradient_threshold": 1.5,
    "k_vol": 1.3,
    "size_base": 0.04,
    "size_exp": 3.0,
    "size_min_factor": 0.2
  },
  "snapshots_processed": 1000,
  "sharpe_ratio": -1.1847860095978513,
  "capital_base": 10000.0,
  "sharpe_horizon_seconds": 60.0
}