{
  "final_pnl": -3.6069848148727033,
  "final_inventory": 0.008391515965841197,
  "fill_count": 276,
  "max_drawdown": 3.6069848148727033,
  "pnl_attribution": {
    "inventory_moves": -0.3059511300016197,
    "fees": -3.707812139205224,
    "spread_capture": 0.49912291971442463,
    "adverse_selection": -0.10102658033881577,
    "funding_rates": 0.0
  },
  "additional_metrics": {
    "orders_placed": 608,
    "orders_placed_buy": 303,
    "orders_placed_sell": 305,
    "maker_qty_placed": 3.4593191321667556,
    "maker_qty_filled": 0.650347949445848,
    "maker_fill_qty_rate": 0.18799883000054418,
    "avg_fill_latency_sec": 0.1843018816702021,
    "std_fill_latency_sec": 0.11042472039871197,
    "avg_queue_position": 1.127263903216726,
    "std_queue_position": 1.4201439636753341,
    "avg_order_lifetime_sec": 0.19535219594367645,
    "std_order_lifetime_sec": 0.10378861506295767,
    "avg_competition_size": 0.6730311248118889,
    "std_competition_size": 0.1302851356996314,
    "forced_liquidations": 0,
    "avg_forced_liq_cost": 0.0,
    "std_forced_liq_cost": 0.0
  },
  "strategy": "skew_mid_spread",
  "strategy_kwargs": {
    "gamma": 0.1,
    "gamma_cap_factor": 5.0,
    "gamma_imb": 0.5,
    "gamma_inv_scale": 4.0,
    "gamma_vol_scale": 2.0,
    "gradient_penalty_ticks": 1.0,
    "gradient_threshold": 1.5,
    "k_vol": 1.3,
    "size_base": 0.01,
    "size_exp": 1.0,
    "size_min_factor": 0.1
  },
  "snapshots_processed": 1000,
  "sharpe_ratio": -1.1272330026010255,
  "capital_base": 10000.0,
  "sharpe_horizon_seconds": 60.0
}