{
  "final_pnl": -0.8810115610522189,
  "final_inventory": 0.043294985388466226,
  "fill_count": 1846,
  "max_drawdown": 3.129383639769003,
  "pnl_attribution": {
    "inventory_moves": -0.7356408852716205,
    "fees": -0.6057492955582341,
    "spread_capture": 0.5567650866266148,
    "adverse_selection": -0.06737576748975227,
    "funding_rates": 0.0
  },
  "additional_metrics": {
    "orders_placed": 1589,
    "orders_placed_buy": 822,
    "orders_placed_sell": 767,
    "maker_qty_placed": 34.885717493166496,
    "maker_qty_filled": 0.43679233217631735,
    "maker_fill_qty_rate": 0.012520663571327646,
    "avg_fill_latency_sec": 0.003300768222034174,
    "std_fill_latency_sec": 0.028569719738561237,
    "avg_queue_position": 0.00816810442007544,
    "std_queue_position": 0.1189924952712326,
    "avg_order_lifetime_sec": 0.003300768222034174,
    "std_order_lifetime_sec": 0.028569719738561237,
    "avg_competition_size": 0.35362637983785095,
    "std_competition_size": 0.07034800346770373,
    "forced_liquidations": 0,
    "avg_forced_liq_cost": 0.0,
    "std_forced_liq_cost": 0.0,
    "taker_qty_hedge": 0.1466554268987921,
    "taker_qty_cross": 0.0,
    "taker_trades_hedge": 1798,
    "taker_trades_cross": 0,
    "taker_qty_total": 0.1466554268987921,
    "notional_traded_btc": 0.5834477590751102,
    "notional_traded_usdt": 10037.943296057694
  },
  "strategy": "skew_mid_spread",
  "strategy_kwargs": {
    "extra_spread_ticks": 10.0,
    "gamma": 0.12,
    "gamma_cap_factor": 5.0,
    "gamma_imb": 0.5,
    "gamma_inv_scale": 1.0,
    "gamma_vol_scale": 2.0,
    "gradient_penalty_ticks": 1.0,
    "gradient_threshold": 1.5,
    "k_vol": 4.0,
    "size_base": 0.04,
    "size_exp": 2.0,
    "size_min_factor": 0.3
  },
  "snapshots_processed": 10000,
  "sharpe_ratio": -0.09327645472529285,
  "capital_base": 10000.0,
  "sharpe_horizon_seconds": 60.0
}