{
  "final_pnl": -3.537582044953524,
  "final_inventory": 0.003374270131116413,
  "fill_count": 274,
  "max_drawdown": 3.537582044953524,
  "pnl_attribution": {
    "inventory_moves": -0.2395946245661027,
    "fees": -3.6601197168887634,
    "spread_capture": 0.4613858415554331,
    "adverse_selection": -0.10320159093094529,
    "funding_rates": 0.0
  },
  "additional_metrics": {
    "orders_placed": 537,
    "orders_placed_buy": 263,
    "orders_placed_sell": 274,
    "maker_qty_placed": 3.0854630497552025,
    "maker_qty_filled": 0.6436642109180739,
    "maker_fill_qty_rate": 0.20861186815027377,
    "avg_fill_latency_sec": 0.185474676421926,
    "std_fill_latency_sec": 0.11336999185847074,
    "avg_queue_position": 1.1232437749351631,
    "std_queue_position": 1.3973915416555154,
    "avg_order_lifetime_sec": 0.20451897910878628,
    "std_order_lifetime_sec": 0.1156373449276592,
    "avg_competition_size": 0.6591725379838959,
    "std_competition_size": 0.12983179350574262,
    "forced_liquidations": 0,
    "avg_forced_liq_cost": 0.0,
    "std_forced_liq_cost": 0.0
  },
  "strategy": "skew_mid_spread",
  "strategy_kwargs": {
    "gamma": 0.1,
    "gamma_cap_factor": 5.0,
    "gamma_imb": 0.5,
    "gamma_inv_scale": 4.0,
    "gamma_vol_scale": 2.0,
    "gradient_penalty_ticks": 1.0,
    "gradient_threshold": 1.5,
    "k_vol": 1.3,
    "size_base": 0.01,
    "size_exp": 3.0,
    "size_min_factor": 0.2
  },
  "snapshots_processed": 1000,
  "sharpe_ratio": -1.1774025176681417,
  "capital_base": 10000.0,
  "sharpe_horizon_seconds": 60.0
}