{
  "final_pnl": -7.387273291715246,
  "final_inventory": 0.013612061467721367,
  "fill_count": 279,
  "max_drawdown": 7.387273291715246,
  "pnl_attribution": {
    "inventory_moves": -0.6469465340081818,
    "fees": -7.5295570130364915,
    "spread_capture": 0.9939310952510169,
    "adverse_selection": -0.19669924821492885,
    "funding_rates": 0.0
  },
  "additional_metrics": {
    "orders_placed": 609,
    "orders_placed_buy": 304,
    "orders_placed_sell": 305,
    "maker_qty_placed": 6.91674100239156,
    "maker_qty_filled": 1.3182627353968994,
    "maker_fill_qty_rate": 0.19059015437199278,
    "avg_fill_latency_sec": 0.1835652108518233,
    "std_fill_latency_sec": 0.1108125108827732,
    "avg_queue_position": 1.1883345852346523,
    "std_queue_position": 1.4142087258753617,
    "avg_order_lifetime_sec": 0.19603725990153248,
    "std_order_lifetime_sec": 0.10332279662235645,
    "avg_competition_size": 0.7385236244297047,
    "std_competition_size": 0.1461365609170383,
    "forced_liquidations": 0,
    "avg_forced_liq_cost": 0.0,
    "std_forced_liq_cost": 0.0
  },
  "strategy": "skew_mid_spread",
  "strategy_kwargs": {
    "gamma": 0.1,
    "gamma_cap_factor": 5.0,
    "gamma_imb": 0.5,
    "gamma_inv_scale": 4.0,
    "gamma_vol_scale": 2.0,
    "gradient_penalty_ticks": 1.0,
    "gradient_threshold": 1.5,
    "k_vol": 1.3,
    "size_base": 0.02,
    "size_exp": 2.0,
    "size_min_factor": 0.3
  },
  "snapshots_processed": 1000,
  "sharpe_ratio": -1.200277113904245,
  "capital_base": 10000.0,
  "sharpe_horizon_seconds": 60.0
}