{
  "final_pnl": -0.16953701245438424,
  "final_inventory": 0.011298784864199133,
  "fill_count": 30,
  "max_drawdown": 0.42998074691786314,
  "pnl_attribution": {
    "inventory_moves": -0.1457909831748562,
    "fees": -0.061729513570129846,
    "spread_capture": 0.04339744297722888,
    "adverse_selection": -0.005949107863725968,
    "funding_rates": 0.0
  },
  "additional_metrics": {
    "orders_placed": 1588,
    "orders_placed_buy": 823,
    "orders_placed_sell": 765,
    "maker_qty_placed": 4.36045787382579,
    "maker_qty_filled": 0.03589483624501352,
    "maker_fill_qty_rate": 0.00823189611817532,
    "avg_fill_latency_sec": 0.25079998970031736,
    "std_fill_latency_sec": 0.0009092266313800571,
    "avg_queue_position": 1.1395449764452714,
    "std_queue_position": 1.127439176519885,
    "avg_order_lifetime_sec": 0.25079998970031736,
    "std_order_lifetime_sec": 0.0009092266313800571,
    "avg_competition_size": 0.26013744702834235,
    "std_competition_size": 0.04982592859222286,
    "forced_liquidations": 0,
    "avg_forced_liq_cost": 0.0,
    "std_forced_liq_cost": 0.0,
    "taker_qty_hedge": 0.0,
    "taker_qty_cross": 0.0,
    "taker_trades_hedge": 0,
    "taker_trades_cross": 0,
    "taker_qty_total": 0.0,
    "notional_traded_btc": 0.03589483624501352,
    "notional_traded_usdt": 617.2951357012984
  },
  "strategy": "skew_mid_spread",
  "strategy_kwargs": {
    "extra_spread_ticks": 32.0,
    "gamma": 0.12,
    "gamma_cap_factor": 5.0,
    "gamma_imb": 0.5,
    "gamma_inv_scale": 4.0,
    "gamma_vol_scale": 0.0,
    "gradient_penalty_ticks": 1.0,
    "gradient_threshold": 1.5,
    "k_vol": 4.0,
    "size_base": 0.005,
    "size_exp": 2.0,
    "size_min_factor": 0.3
  },
  "snapshots_processed": 10000,
  "sharpe_ratio": -0.12100697248129579,
  "capital_base": 10000.0,
  "sharpe_horizon_seconds": 60.0
}