{
  "final_pnl": -0.718214970351255,
  "final_inventory": 0.06287109558685189,
  "fill_count": 445,
  "max_drawdown": 3.1244030656889663,
  "pnl_attribution": {
    "inventory_moves": -0.8286884859480895,
    "fees": -0.4320958815939083,
    "spread_capture": 0.6451032861375552,
    "adverse_selection": -0.07090046116975159,
    "funding_rates": 0.0
  },
  "additional_metrics": {
    "orders_placed": 1589,
    "orders_placed_buy": 821,
    "orders_placed_sell": 768,
    "maker_qty_placed": 34.86154862757706,
    "maker_qty_filled": 0.4832873488343052,
    "maker_fill_qty_rate": 0.013863048770357926,
    "avg_fill_latency_sec": 0.014911903653826032,
    "std_fill_latency_sec": 0.05927389051827971,
    "avg_queue_position": 0.06354469761404288,
    "std_queue_position": 0.4878214490384272,
    "avg_order_lifetime_sec": 0.014911903653826032,
    "std_order_lifetime_sec": 0.05927389051827971,
    "avg_competition_size": 0.3534933704899591,
    "std_competition_size": 0.069845669245974,
    "forced_liquidations": 0,
    "avg_forced_liq_cost": 0.0,
    "std_forced_liq_cost": 0.0,
    "taker_qty_hedge": 0.10465267457788473,
    "taker_qty_cross": 0.0,
    "taker_trades_hedge": 395,
    "taker_trades_cross": 0,
    "taker_qty_total": 0.10465267457788473,
    "notional_traded_btc": 0.58794002341219,
    "notional_traded_usdt": 10112.250928781545
  },
  "strategy": "skew_mid_spread",
  "strategy_kwargs": {
    "extra_spread_ticks": 30.0,
    "gamma": 0.16,
    "gamma_cap_factor": 5.0,
    "gamma_imb": 0.5,
    "gamma_inv_scale": 1.0,
    "gamma_vol_scale": 2.0,
    "gradient_penalty_ticks": 1.0,
    "gradient_threshold": 1.5,
    "k_vol": 6.0,
    "size_base": 0.04,
    "size_exp": 2.0,
    "size_min_factor": 0.3
  },
  "snapshots_processed": 10000,
  "sharpe_ratio": -0.06974088912940477,
  "capital_base": 10000.0,
  "sharpe_horizon_seconds": 60.0
}