{
  "final_pnl": -0.9801670465967618,
  "final_inventory": 0.01531862538903403,
  "fill_count": 157,
  "max_drawdown": 3.6533099802582,
  "pnl_attribution": {
    "inventory_moves": -0.4224255903859664,
    "fees": -1.4872082312936312,
    "spread_capture": 1.2029175012023197,
    "adverse_selection": -0.18244468828851648,
    "funding_rates": 0.0
  },
  "additional_metrics": {
    "orders_placed": 2961,
    "orders_placed_buy": 1537,
    "orders_placed_sell": 1424,
    "maker_qty_placed": 64.85359008547121,
    "maker_qty_filled": 1.1846937521655372,
    "maker_fill_qty_rate": 0.0182672038757487,
    "avg_fill_latency_sec": 0.181615391930381,
    "std_fill_latency_sec": 0.1117781177044608,
    "avg_queue_position": 0.6575837862388271,
    "std_queue_position": 0.9799469144095476,
    "avg_order_lifetime_sec": 0.181615391930381,
    "std_order_lifetime_sec": 0.1117781177044608,
    "avg_competition_size": 0.354259049323719,
    "std_competition_size": 0.06810982304493637,
    "forced_liquidations": 0,
    "avg_forced_liq_cost": 0.0,
    "std_forced_liq_cost": 0.0,
    "taker_qty_hedge": 0.3601794602150213,
    "taker_qty_cross": 0.0,
    "taker_trades_hedge": 25,
    "taker_trades_cross": 0,
    "taker_qty_total": 0.3601794602150213,
    "notional_traded_btc": 1.544873212380558,
    "notional_traded_usdt": 26574.242212774207
  },
  "strategy": "skew_mid_spread",
  "strategy_kwargs": {
    "extra_spread_ticks": 30.0,
    "gamma": 0.12,
    "gamma_cap_factor": 5.0,
    "gamma_imb": 0.5,
    "gamma_inv_scale": 1.0,
    "gamma_vol_scale": 2.0,
    "gradient_penalty_ticks": 1.0,
    "gradient_threshold": 1.5,
    "k_vol": 2.0,
    "size_base": 0.04,
    "size_exp": 2.0,
    "size_min_factor": 0.3
  },
  "snapshots_processed": 10000,
  "sharpe_ratio": -0.0843848793948521,
  "capital_base": 10000.0,
  "sharpe_horizon_seconds": 60.0
}