{
  "final_pnl": 8.048562258118697,
  "final_inventory": 0.001,
  "fill_count": 2387,
  "max_drawdown": 0.005099999999998772,
  "pnl_attribution": {
    "spread_capture": 0.0,
    "inventory_moves": 0.0,
    "fees": 0.0,
    "rebates": 8.21081385811998,
    "adverse_selection": -0.27170140000170007
  },
  "strategy": "skew_mid_spread",
  "strategy_kwargs": {
    "gamma": 0.1,
    "size": 0.001
  },
  "snapshots_processed": 5000,
  "sharpe_ratio": 3926.348286868614,
  "sharpe_horizon_seconds": 60.0
}