{
  "final_pnl": -14.93171777049065,
  "final_inventory": 0.021991016218282457,
  "fill_count": 283,
  "max_drawdown": 14.93171777049065,
  "pnl_attribution": {
    "inventory_moves": -1.251201158613306,
    "fees": -14.985565525131213,
    "spread_capture": 2.189875430440282,
    "adverse_selection": -0.8917159601615824,
    "funding_rates": 0.0
  },
  "additional_metrics": {
    "orders_placed": 606,
    "orders_placed_buy": 301,
    "orders_placed_sell": 305,
    "maker_qty_placed": 13.741354732201449,
    "maker_qty_filled": 2.5900480841084828,
    "maker_fill_qty_rate": 0.18848564312505317,
    "avg_fill_latency_sec": 0.18178657932979306,
    "std_fill_latency_sec": 0.11179034693508348,
    "avg_queue_position": 1.1928436407051035,
    "std_queue_position": 1.3875250343211594,
    "avg_order_lifetime_sec": 0.194030481140788,
    "std_order_lifetime_sec": 0.10473278198665532,
    "avg_competition_size": 0.8628301203561594,
    "std_competition_size": 0.16893055688378025,
    "forced_liquidations": 4,
    "avg_forced_liq_cost": 0.12344895100772343,
    "std_forced_liq_cost": 0.07046314552220617
  },
  "strategy": "skew_mid_spread",
  "strategy_kwargs": {
    "gamma": 0.1,
    "gamma_cap_factor": 5.0,
    "gamma_imb": 0.5,
    "gamma_inv_scale": 4.0,
    "gamma_vol_scale": 2.0,
    "gradient_penalty_ticks": 1.0,
    "gradient_threshold": 1.5,
    "k_vol": 1.3,
    "size_base": 0.04,
    "size_exp": 3.0,
    "size_min_factor": 0.3
  },
  "snapshots_processed": 1000,
  "sharpe_ratio": -1.2238705307073983,
  "capital_base": 10000.0,
  "sharpe_horizon_seconds": 60.0
}