{
  "final_pnl": -22.837880664865224,
  "final_inventory": 0.05,
  "fill_count": 319,
  "max_drawdown": 22.837880664865224,
  "pnl_attribution": {
    "inventory_moves": -0.1410691776558891,
    "fees": -17.899854948028768,
    "spread_capture": 1.9793308382055506,
    "adverse_selection": -6.546828878998949,
    "funding_rates": 0.0
  },
  "additional_metrics": {
    "orders_placed": 605,
    "orders_placed_buy": 301,
    "orders_placed_sell": 304,
    "maker_qty_placed": 13.751102877601072,
    "maker_qty_filled": 2.7575250501136424,
    "maker_fill_qty_rate": 0.20053119190936503,
    "avg_fill_latency_sec": 0.16136597603866734,
    "std_fill_latency_sec": 0.11989064819848612,
    "avg_queue_position": 1.0831661328945064,
    "std_queue_position": 1.3723904684313484,
    "avg_order_lifetime_sec": 0.16913401711847365,
    "std_order_lifetime_sec": 0.1172927961161519,
    "avg_competition_size": 0.8762291075289141,
    "std_competition_size": 0.1717528039642615,
    "forced_liquidations": 37,
    "avg_forced_liq_cost": 0.1655357439012529,
    "std_forced_liq_cost": 0.10560579152600089
  },
  "strategy": "skew_mid_spread",
  "strategy_kwargs": {
    "gamma": 0.1,
    "gamma_cap_factor": 5.0,
    "gamma_imb": 0.5,
    "gamma_inv_scale": 4.0,
    "gamma_vol_scale": 2.0,
    "gradient_penalty_ticks": 1.0,
    "gradient_threshold": 1.5,
    "k_vol": 1.3,
    "size_base": 0.04,
    "size_exp": 1.0,
    "size_min_factor": 0.1
  },
  "snapshots_processed": 1000,
  "sharpe_ratio": -1.3437254313352511,
  "capital_base": 10000.0,
  "sharpe_horizon_seconds": 60.0
}