{
  "final_pnl": -0.7811939671664732,
  "final_inventory": 0.06190678994521549,
  "fill_count": 2437,
  "max_drawdown": 3.667920437239445,
  "pnl_attribution": {
    "inventory_moves": -0.14496748465486733,
    "fees": -1.3648990709619542,
    "spread_capture": 0.8973534981105021,
    "adverse_selection": -0.12558472738737983,
    "funding_rates": 0.0
  },
  "additional_metrics": {
    "orders_placed": 2066,
    "orders_placed_buy": 1072,
    "orders_placed_sell": 994,
    "maker_qty_placed": 45.15350415274078,
    "maker_qty_filled": 0.90400051845828,
    "maker_fill_qty_rate": 0.020020606050868545,
    "avg_fill_latency_sec": 0.0052467531173060415,
    "std_fill_latency_sec": 0.03587041747055134,
    "avg_queue_position": 0.01964985629869362,
    "std_queue_position": 0.2155878482825512,
    "avg_order_lifetime_sec": 0.0052467531173060415,
    "std_order_lifetime_sec": 0.03587041747055134,
    "avg_competition_size": 0.35419752684484845,
    "std_competition_size": 0.06796867397015442,
    "forced_liquidations": 0,
    "avg_forced_liq_cost": 0.0,
    "std_forced_liq_cost": 0.0,
    "taker_qty_hedge": 0.3305139874269741,
    "taker_qty_cross": 0.0,
    "taker_trades_hedge": 2337,
    "taker_trades_cross": 0,
    "taker_qty_total": 0.3305139874269741,
    "notional_traded_btc": 1.2345145058852534,
    "notional_traded_usdt": 21236.4979235436
  },
  "strategy": "skew_mid_spread",
  "strategy_kwargs": {
    "extra_spread_ticks": 20.0,
    "gamma": 0.08,
    "gamma_cap_factor": 5.0,
    "gamma_imb": 0.5,
    "gamma_inv_scale": 1.0,
    "gamma_vol_scale": 2.0,
    "gradient_penalty_ticks": 1.0,
    "gradient_threshold": 1.5,
    "k_vol": 6.0,
    "size_base": 0.04,
    "size_exp": 2.0,
    "size_min_factor": 0.3
  },
  "snapshots_processed": 10000,
  "sharpe_ratio": -0.07008943265157004,
  "capital_base": 10000.0,
  "sharpe_horizon_seconds": 60.0
}