{
  "final_pnl": -7.682758221097174,
  "final_inventory": 0.009054770963203819,
  "fill_count": 286,
  "max_drawdown": 7.682758221097174,
  "pnl_attribution": {
    "inventory_moves": -0.2306084785025753,
    "fees": -7.254483664482364,
    "spread_capture": 0.9261032476711362,
    "adverse_selection": -1.0831724110048955,
    "funding_rates": 0.0
  },
  "additional_metrics": {
    "orders_placed": 530,
    "orders_placed_buy": 259,
    "orders_placed_sell": 271,
    "maker_qty_placed": 6.073022907018626,
    "maker_qty_filled": 1.3334275605928707,
    "maker_fill_qty_rate": 0.21956570574628018,
    "avg_fill_latency_sec": 0.1867393883791837,
    "std_fill_latency_sec": 0.1158841041452569,
    "avg_queue_position": 1.1781339131806376,
    "std_queue_position": 1.4125337388730481,
    "avg_order_lifetime_sec": 0.20649090246720747,
    "std_order_lifetime_sec": 0.12621048504105156,
    "avg_competition_size": 0.7343869269804464,
    "std_competition_size": 0.14306713485000466,
    "forced_liquidations": 11,
    "avg_forced_liq_cost": 0.07955584725468547,
    "std_forced_liq_cost": 0.0569270344526414
  },
  "strategy": "skew_mid_spread",
  "strategy_kwargs": {
    "gamma": 0.1,
    "gamma_cap_factor": 5.0,
    "gamma_imb": 0.5,
    "gamma_inv_scale": 4.0,
    "gamma_vol_scale": 2.0,
    "gradient_penalty_ticks": 1.0,
    "gradient_threshold": 1.5,
    "k_vol": 1.3,
    "size_base": 0.02,
    "size_exp": 2.0,
    "size_min_factor": 0.2
  },
  "snapshots_processed": 1000,
  "sharpe_ratio": -1.2470905632672789,
  "capital_base": 10000.0,
  "sharpe_horizon_seconds": 60.0
}