{
  "final_pnl": -15.592863715810381,
  "final_inventory": -0.0006849566790026532,
  "fill_count": 289,
  "max_drawdown": 15.592863715810381,
  "pnl_attribution": {
    "inventory_moves": -1.1025652292521912,
    "fees": -15.266351414806712,
    "spread_capture": 1.8156199878891854,
    "adverse_selection": -0.9406361717039581,
    "funding_rates": 0.0
  },
  "additional_metrics": {
    "orders_placed": 539,
    "orders_placed_buy": 266,
    "orders_placed_sell": 273,
    "maker_qty_placed": 12.387399834826752,
    "maker_qty_filled": 2.6902925051811195,
    "maker_fill_qty_rate": 0.2171797585492844,
    "avg_fill_latency_sec": 0.1886385506894215,
    "std_fill_latency_sec": 0.11483603425920177,
    "avg_queue_position": 1.2140786461185278,
    "std_queue_position": 1.3852944059354309,
    "avg_order_lifetime_sec": 0.1962048145661871,
    "std_order_lifetime_sec": 0.11034603186204471,
    "avg_competition_size": 0.8850302229189703,
    "std_competition_size": 0.16968318458504672,
    "forced_liquidations": 4,
    "avg_forced_liq_cost": 0.13190737755697937,
    "std_forced_liq_cost": 0.06373147020818018
  },
  "strategy": "skew_mid_spread",
  "strategy_kwargs": {
    "gamma": 0.1,
    "gamma_cap_factor": 5.0,
    "gamma_imb": 0.5,
    "gamma_inv_scale": 4.0,
    "gamma_vol_scale": 2.0,
    "gradient_penalty_ticks": 1.0,
    "gradient_threshold": 1.5,
    "k_vol": 1.3,
    "size_base": 0.04,
    "size_exp": 2.0,
    "size_min_factor": 0.2
  },
  "snapshots_processed": 1000,
  "sharpe_ratio": -1.1243924488733892,
  "capital_base": 10000.0,
  "sharpe_horizon_seconds": 60.0
}