{
  "final_pnl": -1.7168865267994988,
  "final_inventory": 0.004772492335401021,
  "fill_count": 267,
  "max_drawdown": 1.7168865267994988,
  "pnl_attribution": {
    "inventory_moves": -0.1328464006339733,
    "fees": -1.8137516241390512,
    "spread_capture": 0.27553650640626887,
    "adverse_selection": -0.04797587705793725,
    "funding_rates": 0.0
  },
  "additional_metrics": {
    "orders_placed": 608,
    "orders_placed_buy": 304,
    "orders_placed_sell": 304,
    "maker_qty_placed": 1.7286176256690444,
    "maker_qty_filled": 0.3193165969759814,
    "maker_fill_qty_rate": 0.1847236729709921,
    "avg_fill_latency_sec": 0.1837727202997579,
    "std_fill_latency_sec": 0.11069763724295203,
    "avg_queue_position": 1.1029168812912116,
    "std_queue_position": 1.4062665880999219,
    "avg_order_lifetime_sec": 0.19518181101068274,
    "std_order_lifetime_sec": 0.10389538897625637,
    "avg_competition_size": 0.6357763958464406,
    "std_competition_size": 0.1272685872909729,
    "forced_liquidations": 0,
    "avg_forced_liq_cost": 0.0,
    "std_forced_liq_cost": 0.0
  },
  "strategy": "skew_mid_spread",
  "strategy_kwargs": {
    "gamma": 0.1,
    "gamma_cap_factor": 5.0,
    "gamma_imb": 0.5,
    "gamma_inv_scale": 4.0,
    "gamma_vol_scale": 2.0,
    "gradient_penalty_ticks": 1.0,
    "gradient_threshold": 1.5,
    "k_vol": 1.3,
    "size_base": 0.005,
    "size_exp": 2.0,
    "size_min_factor": 0.2
  },
  "snapshots_processed": 1000,
  "sharpe_ratio": -1.1461889305657942,
  "capital_base": 10000.0,
  "sharpe_horizon_seconds": 60.0
}