{
  "final_pnl": -3.369686796107999,
  "final_inventory": 0.000951111277875641,
  "fill_count": 269,
  "max_drawdown": 3.369686796107999,
  "pnl_attribution": {
    "inventory_moves": -0.22702811910170467,
    "fees": -3.5399079297694973,
    "spread_capture": 0.4908696794099176,
    "adverse_selection": -0.09557696829076692,
    "funding_rates": 0.0
  },
  "additional_metrics": {
    "orders_placed": 537,
    "orders_placed_buy": 263,
    "orders_placed_sell": 274,
    "maker_qty_placed": 3.0884153486146966,
    "maker_qty_filled": 0.636514439550643,
    "maker_fill_qty_rate": 0.20609742139642923,
    "avg_fill_latency_sec": 0.18869480219754306,
    "std_fill_latency_sec": 0.11172486631484442,
    "avg_queue_position": 1.1439913782567563,
    "std_queue_position": 1.4148475863217604,
    "avg_order_lifetime_sec": 0.20173376101952095,
    "std_order_lifetime_sec": 0.10715766934088175,
    "avg_competition_size": 0.6690270394300336,
    "std_competition_size": 0.12370174180218341,
    "forced_liquidations": 0,
    "avg_forced_liq_cost": 0.0,
    "std_forced_liq_cost": 0.0
  },
  "strategy": "skew_mid_spread",
  "strategy_kwargs": {
    "gamma": 0.1,
    "gamma_cap_factor": 5.0,
    "gamma_imb": 0.5,
    "gamma_inv_scale": 4.0,
    "gamma_vol_scale": 2.0,
    "gradient_penalty_ticks": 1.0,
    "gradient_threshold": 1.5,
    "k_vol": 1.3,
    "size_base": 0.01,
    "size_exp": 1.0,
    "size_min_factor": 0.1
  },
  "snapshots_processed": 1000,
  "sharpe_ratio": -1.1555957933211394,
  "capital_base": 10000.0,
  "sharpe_horizon_seconds": 60.0
}