{
  "final_pnl": -8.144703082562046,
  "final_inventory": 0.02069848681247834,
  "fill_count": 288,
  "max_drawdown": 8.144703082562046,
  "pnl_attribution": {
    "inventory_moves": -0.26518279690728414,
    "fees": -7.633253032806668,
    "spread_capture": 0.8977789072195144,
    "adverse_selection": -1.1082726621923544,
    "funding_rates": 0.0
  },
  "additional_metrics": {
    "orders_placed": 535,
    "orders_placed_buy": 262,
    "orders_placed_sell": 273,
    "maker_qty_placed": 6.148334841712248,
    "maker_qty_filled": 1.3191071426041585,
    "maker_fill_qty_rate": 0.2145470564899814,
    "avg_fill_latency_sec": 0.18450897610829975,
    "std_fill_latency_sec": 0.11698164080207481,
    "avg_queue_position": 1.1866491654081364,
    "std_queue_position": 1.4445638584831144,
    "avg_order_lifetime_sec": 0.20402394511742505,
    "std_order_lifetime_sec": 0.12746134549768842,
    "avg_competition_size": 0.7398941786096812,
    "std_competition_size": 0.1479431946954608,
    "forced_liquidations": 9,
    "avg_forced_liq_cost": 0.10232472109304246,
    "std_forced_liq_cost": 0.04456967341778111
  },
  "strategy": "skew_mid_spread",
  "strategy_kwargs": {
    "gamma": 0.1,
    "gamma_cap_factor": 5.0,
    "gamma_imb": 0.5,
    "gamma_inv_scale": 4.0,
    "gamma_vol_scale": 2.0,
    "gradient_penalty_ticks": 1.0,
    "gradient_threshold": 1.5,
    "k_vol": 1.3,
    "size_base": 0.02,
    "size_exp": 1.0,
    "size_min_factor": 0.2
  },
  "snapshots_processed": 1000,
  "sharpe_ratio": -1.1546188538188513,
  "capital_base": 10000.0,
  "sharpe_horizon_seconds": 60.0
}