{
  "final_pnl": -1.762917118583573,
  "final_inventory": 0.0031132007542750426,
  "fill_count": 268,
  "max_drawdown": 1.762917118583573,
  "pnl_attribution": {
    "inventory_moves": -0.1389573483664782,
    "fees": -1.8346872088834618,
    "spread_capture": 0.2527644767649587,
    "adverse_selection": -0.046813214259812386,
    "funding_rates": 0.0
  },
  "additional_metrics": {
    "orders_placed": 608,
    "orders_placed_buy": 303,
    "orders_placed_sell": 305,
    "maker_qty_placed": 1.729788229845317,
    "maker_qty_filled": 0.31816028645273997,
    "maker_fill_qty_rate": 0.18393019501652572,
    "avg_fill_latency_sec": 0.18260644635846537,
    "std_fill_latency_sec": 0.1113285426313726,
    "avg_queue_position": 1.1007217562922789,
    "std_queue_position": 1.4383226959057265,
    "avg_order_lifetime_sec": 0.19394193003254553,
    "std_order_lifetime_sec": 0.10474264561284727,
    "avg_competition_size": 0.6284505865370633,
    "std_competition_size": 0.12104091030248186,
    "forced_liquidations": 0,
    "avg_forced_liq_cost": 0.0,
    "std_forced_liq_cost": 0.0
  },
  "strategy": "skew_mid_spread",
  "strategy_kwargs": {
    "gamma": 0.1,
    "gamma_cap_factor": 5.0,
    "gamma_imb": 0.5,
    "gamma_inv_scale": 4.0,
    "gamma_vol_scale": 2.0,
    "gradient_penalty_ticks": 1.0,
    "gradient_threshold": 1.5,
    "k_vol": 1.3,
    "size_base": 0.005,
    "size_exp": 1.0,
    "size_min_factor": 0.1
  },
  "snapshots_processed": 1000,
  "sharpe_ratio": -1.1192161181361768,
  "capital_base": 10000.0,
  "sharpe_horizon_seconds": 60.0
}