{
  "final_pnl": -1.751103235723349,
  "final_inventory": 0.0018444906736712146,
  "fill_count": 271,
  "max_drawdown": 1.751103235723349,
  "pnl_attribution": {
    "inventory_moves": -0.12385244271880974,
    "fees": -1.794451998222477,
    "spread_capture": 0.21674910371797734,
    "adverse_selection": -0.047728053120227466,
    "funding_rates": 0.0
  },
  "additional_metrics": {
    "orders_placed": 536,
    "orders_placed_buy": 262,
    "orders_placed_sell": 274,
    "maker_qty_placed": 1.5407172952636727,
    "maker_qty_filled": 0.32716281386944374,
    "maker_fill_qty_rate": 0.21234448063585493,
    "avg_fill_latency_sec": 0.18905160657821163,
    "std_fill_latency_sec": 0.11145048119887582,
    "avg_queue_position": 1.1616687205600331,
    "std_queue_position": 1.435949898603841,
    "avg_order_lifetime_sec": 0.20200644308520901,
    "std_order_lifetime_sec": 0.10686358012495654,
    "avg_competition_size": 0.6424169720388577,
    "std_competition_size": 0.11922201401884316,
    "forced_liquidations": 0,
    "avg_forced_liq_cost": 0.0,
    "std_forced_liq_cost": 0.0
  },
  "strategy": "skew_mid_spread",
  "strategy_kwargs": {
    "gamma": 0.1,
    "gamma_cap_factor": 5.0,
    "gamma_imb": 0.5,
    "gamma_inv_scale": 4.0,
    "gamma_vol_scale": 2.0,
    "gradient_penalty_ticks": 1.0,
    "gradient_threshold": 1.5,
    "k_vol": 1.3,
    "size_base": 0.005,
    "size_exp": 2.0,
    "size_min_factor": 0.1
  },
  "snapshots_processed": 1000,
  "sharpe_ratio": -1.1695384931513872,
  "capital_base": 10000.0,
  "sharpe_horizon_seconds": 60.0
}