{
  "final_pnl": -1.714181706223826,
  "final_inventory": 0.0038830436940348804,
  "fill_count": 266,
  "max_drawdown": 1.714181706223826,
  "pnl_attribution": {
    "inventory_moves": -0.10435533492821651,
    "fees": -1.7674897368916247,
    "spread_capture": 0.19994983960079682,
    "adverse_selection": -0.04628414413349651,
    "funding_rates": 0.0
  },
  "additional_metrics": {
    "orders_placed": 532,
    "orders_placed_buy": 258,
    "orders_placed_sell": 274,
    "maker_qty_placed": 1.528896862952668,
    "maker_qty_filled": 0.31647171309137356,
    "maker_fill_qty_rate": 0.20699350018953566,
    "avg_fill_latency_sec": 0.1866143731509938,
    "std_fill_latency_sec": 0.11286095843191594,
    "avg_queue_position": 1.1394592413417224,
    "std_queue_position": 1.416346026110179,
    "avg_order_lifetime_sec": 0.21445750878527273,
    "std_order_lifetime_sec": 0.12937299665122218,
    "avg_competition_size": 0.6314740640757921,
    "std_competition_size": 0.11997789136409731,
    "forced_liquidations": 0,
    "avg_forced_liq_cost": 0.0,
    "std_forced_liq_cost": 0.0
  },
  "strategy": "skew_mid_spread",
  "strategy_kwargs": {
    "gamma": 0.1,
    "gamma_cap_factor": 5.0,
    "gamma_imb": 0.5,
    "gamma_inv_scale": 4.0,
    "gamma_vol_scale": 2.0,
    "gradient_penalty_ticks": 1.0,
    "gradient_threshold": 1.5,
    "k_vol": 1.3,
    "size_base": 0.005,
    "size_exp": 1.0,
    "size_min_factor": 0.1
  },
  "snapshots_processed": 1000,
  "sharpe_ratio": -1.0977553329495209,
  "capital_base": 10000.0,
  "sharpe_horizon_seconds": 60.0
}