{
  "final_pnl": -7.052429631661653,
  "final_inventory": 0.00940480356851104,
  "fill_count": 273,
  "max_drawdown": 7.052429631661653,
  "pnl_attribution": {
    "inventory_moves": -0.5473231606935085,
    "fees": -7.2500130992626355,
    "spread_capture": 0.9273255439120531,
    "adverse_selection": -0.1910060876640087,
    "funding_rates": 0.0
  },
  "additional_metrics": {
    "orders_placed": 532,
    "orders_placed_buy": 261,
    "orders_placed_sell": 271,
    "maker_qty_placed": 6.102578545780961,
    "maker_qty_filled": 1.2972320082669877,
    "maker_fill_qty_rate": 0.21257112850498802,
    "avg_fill_latency_sec": 0.18824840199415852,
    "std_fill_latency_sec": 0.11537502539318797,
    "avg_queue_position": 1.2141591602411805,
    "std_queue_position": 1.4294674036164225,
    "avg_order_lifetime_sec": 0.20900636265991598,
    "std_order_lifetime_sec": 0.11601852690601465,
    "avg_competition_size": 0.7340595366718056,
    "std_competition_size": 0.14658679512646472,
    "forced_liquidations": 0,
    "avg_forced_liq_cost": 0.0,
    "std_forced_liq_cost": 0.0
  },
  "strategy": "skew_mid_spread",
  "strategy_kwargs": {
    "gamma": 0.1,
    "gamma_cap_factor": 5.0,
    "gamma_imb": 0.5,
    "gamma_inv_scale": 4.0,
    "gamma_vol_scale": 2.0,
    "gradient_penalty_ticks": 1.0,
    "gradient_threshold": 1.5,
    "k_vol": 1.3,
    "size_base": 0.02,
    "size_exp": 3.0,
    "size_min_factor": 0.1
  },
  "snapshots_processed": 1000,
  "sharpe_ratio": -1.2341477130991185,
  "capital_base": 10000.0,
  "sharpe_horizon_seconds": 60.0
}