{
  "final_pnl": -1.5514909234298102,
  "final_inventory": 0.00011383868525767721,
  "fill_count": 262,
  "max_drawdown": 1.5514909234298102,
  "pnl_attribution": {
    "inventory_moves": -0.06629602924717122,
    "fees": -1.6834875546386339,
    "spread_capture": 0.25173567401451374,
    "adverse_selection": -0.04981633734994753,
    "funding_rates": 0.0
  },
  "additional_metrics": {
    "orders_placed": 533,
    "orders_placed_buy": 260,
    "orders_placed_sell": 273,
    "maker_qty_placed": 1.5333884987326272,
    "maker_qty_filled": 0.3253031337257468,
    "maker_fill_qty_rate": 0.21214658515739204,
    "avg_fill_latency_sec": 0.19460810036272616,
    "std_fill_latency_sec": 0.10825592762216281,
    "avg_queue_position": 1.1066003720092359,
    "std_queue_position": 1.3816896807604497,
    "avg_order_lifetime_sec": 0.20817566562343287,
    "std_order_lifetime_sec": 0.10252564868068414,
    "avg_competition_size": 0.6283992420323005,
    "std_competition_size": 0.12236109364056745,
    "forced_liquidations": 0,
    "avg_forced_liq_cost": 0.0,
    "std_forced_liq_cost": 0.0
  },
  "strategy": "skew_mid_spread",
  "strategy_kwargs": {
    "gamma": 0.1,
    "gamma_cap_factor": 5.0,
    "gamma_imb": 0.5,
    "gamma_inv_scale": 4.0,
    "gamma_vol_scale": 1.0,
    "gradient_penalty_ticks": 1.0,
    "gradient_threshold": 1.5,
    "k_vol": 1.3,
    "size_base": 0.005,
    "size_exp": 2.0,
    "size_min_factor": 0.3
  },
  "snapshots_processed": 1000,
  "sharpe_ratio": -1.1316996404309962,
  "capital_base": 10000.0,
  "sharpe_horizon_seconds": 60.0
}