{
  "final_pnl": -1.7260310840301827,
  "final_inventory": 0.003933430464830431,
  "fill_count": 270,
  "max_drawdown": 1.7260310840301827,
  "pnl_attribution": {
    "inventory_moves": -0.13846648671375078,
    "fees": -1.7909371101876266,
    "spread_capture": 0.24997999220333356,
    "adverse_selection": -0.04893270660749802,
    "funding_rates": 0.0
  },
  "additional_metrics": {
    "orders_placed": 605,
    "orders_placed_buy": 300,
    "orders_placed_sell": 305,
    "maker_qty_placed": 1.7222039419123107,
    "maker_qty_filled": 0.31978860013404725,
    "maker_fill_qty_rate": 0.18568567424073978,
    "avg_fill_latency_sec": 0.185812896297824,
    "std_fill_latency_sec": 0.10958765630869778,
    "avg_queue_position": 1.1078340748453093,
    "std_queue_position": 1.4167894550936224,
    "avg_order_lifetime_sec": 0.19714837997190415,
    "std_order_lifetime_sec": 0.10253652275607811,
    "avg_competition_size": 0.6272171659296611,
    "std_competition_size": 0.12477253979669976,
    "forced_liquidations": 0,
    "avg_forced_liq_cost": 0.0,
    "std_forced_liq_cost": 0.0
  },
  "strategy": "skew_mid_spread",
  "strategy_kwargs": {
    "gamma": 0.1,
    "gamma_cap_factor": 5.0,
    "gamma_imb": 0.5,
    "gamma_inv_scale": 4.0,
    "gamma_vol_scale": 2.0,
    "gradient_penalty_ticks": 1.0,
    "gradient_threshold": 1.5,
    "k_vol": 1.3,
    "size_base": 0.005,
    "size_exp": 3.0,
    "size_min_factor": 0.1
  },
  "snapshots_processed": 1000,
  "sharpe_ratio": -1.185223735710645,
  "capital_base": 10000.0,
  "sharpe_horizon_seconds": 60.0
}