{
  "final_pnl": -16.575676655527786,
  "final_inventory": -0.01696567244398843,
  "fill_count": 282,
  "max_drawdown": 16.575676655527786,
  "pnl_attribution": {
    "inventory_moves": -0.37747820522860587,
    "fees": -14.942381144550458,
    "spread_capture": 2.0302125394025916,
    "adverse_selection": -3.1686531304046692,
    "funding_rates": 0.0
  },
  "additional_metrics": {
    "orders_placed": 535,
    "orders_placed_buy": 264,
    "orders_placed_sell": 271,
    "maker_qty_placed": 12.260484911559496,
    "maker_qty_filled": 2.653134494031483,
    "maker_fill_qty_rate": 0.21639719090800727,
    "avg_fill_latency_sec": 0.1859693220056639,
    "std_fill_latency_sec": 0.11639605516827033,
    "avg_queue_position": 1.2043152369009593,
    "std_queue_position": 1.3795306077197436,
    "avg_order_lifetime_sec": 0.19828833831599885,
    "std_order_lifetime_sec": 0.11260363446084194,
    "avg_competition_size": 0.8750455422236352,
    "std_competition_size": 0.17097486516020402,
    "forced_liquidations": 12,
    "avg_forced_liq_cost": 0.23120260352252878,
    "std_forced_liq_cost": 0.10580571926785642
  },
  "strategy": "skew_mid_spread",
  "strategy_kwargs": {
    "gamma": 0.1,
    "gamma_cap_factor": 5.0,
    "gamma_imb": 0.5,
    "gamma_inv_scale": 4.0,
    "gamma_vol_scale": 2.0,
    "gradient_penalty_ticks": 1.0,
    "gradient_threshold": 1.5,
    "k_vol": 1.3,
    "size_base": 0.04,
    "size_exp": 3.0,
    "size_min_factor": 0.1
  },
  "snapshots_processed": 1000,
  "sharpe_ratio": -1.153302727491517,
  "capital_base": 10000.0,
  "sharpe_horizon_seconds": 60.0
}