{
  "final_pnl": -7.635092789209011,
  "final_inventory": 0.021620422747726034,
  "fill_count": 279,
  "max_drawdown": 7.635092789209011,
  "pnl_attribution": {
    "inventory_moves": -0.5913320603407641,
    "fees": -7.5488792867914265,
    "spread_capture": 0.8400735536766033,
    "adverse_selection": -0.31628542511521035,
    "funding_rates": 0.0
  },
  "additional_metrics": {
    "orders_placed": 536,
    "orders_placed_buy": 262,
    "orders_placed_sell": 274,
    "maker_qty_placed": 6.157430777678391,
    "maker_qty_filled": 1.292766252248724,
    "maker_fill_qty_rate": 0.20995221853491158,
    "avg_fill_latency_sec": 0.1855678970431104,
    "std_fill_latency_sec": 0.11990422296370627,
    "avg_queue_position": 1.1277594870879453,
    "std_queue_position": 1.3888447732971168,
    "avg_order_lifetime_sec": 0.20259876015745562,
    "std_order_lifetime_sec": 0.12300649320263451,
    "avg_competition_size": 0.7364753188460906,
    "std_competition_size": 0.15066135167687028,
    "forced_liquidations": 2,
    "avg_forced_liq_cost": 0.06074258269779943,
    "std_forced_liq_cost": 0.023047449159383553
  },
  "strategy": "skew_mid_spread",
  "strategy_kwargs": {
    "gamma": 0.1,
    "gamma_cap_factor": 5.0,
    "gamma_imb": 0.5,
    "gamma_inv_scale": 4.0,
    "gamma_vol_scale": 2.0,
    "gradient_penalty_ticks": 1.0,
    "gradient_threshold": 1.5,
    "k_vol": 1.3,
    "size_base": 0.02,
    "size_exp": 1.0,
    "size_min_factor": 0.1
  },
  "snapshots_processed": 1000,
  "sharpe_ratio": -1.2349644730715426,
  "capital_base": 10000.0,
  "sharpe_horizon_seconds": 60.0
}