{
  "final_pnl": -3.670534940372818,
  "final_inventory": -0.023874085588891706,
  "fill_count": 145,
  "max_drawdown": 4.596503827733613,
  "pnl_attribution": {
    "inventory_moves": -0.886443952460901,
    "fees": -3.760070191411657,
    "spread_capture": 1.2347411732895028,
    "adverse_selection": -0.18032691687913946,
    "funding_rates": 0.0
  },
  "additional_metrics": {
    "orders_placed": 2963,
    "orders_placed_buy": 1539,
    "orders_placed_sell": 1424,
    "maker_qty_placed": 64.88840838245675,
    "maker_qty_filled": 1.2194995353844174,
    "maker_fill_qty_rate": 0.0187937963926716,
    "avg_fill_latency_sec": 0.19811111320683986,
    "std_fill_latency_sec": 0.102111898179651,
    "avg_queue_position": 0.7509799853803777,
    "std_queue_position": 1.275251799273442,
    "avg_order_lifetime_sec": 0.19811111320683986,
    "std_order_lifetime_sec": 0.102111898179651,
    "avg_competition_size": 0.354868691174353,
    "std_competition_size": 0.06669885363575528,
    "forced_liquidations": 0,
    "avg_forced_liq_cost": 0.0,
    "std_forced_liq_cost": 0.0,
    "taker_qty_hedge": 0.32207763355185703,
    "taker_qty_cross": 0.0,
    "taker_trades_hedge": 17,
    "taker_trades_cross": 0,
    "taker_qty_total": 0.32207763355185703,
    "notional_traded_btc": 1.5415771689362743,
    "notional_traded_usdt": 26517.609181133983
  },
  "strategy": "skew_mid_spread",
  "strategy_kwargs": {
    "extra_spread_ticks": 38.0,
    "gamma": 0.16,
    "gamma_cap_factor": 5.0,
    "gamma_imb": 0.5,
    "gamma_inv_scale": 1.0,
    "gamma_vol_scale": 2.0,
    "gradient_penalty_ticks": 1.0,
    "gradient_threshold": 1.5,
    "k_vol": 8.0,
    "size_base": 0.04,
    "size_exp": 2.0,
    "size_min_factor": 0.3
  },
  "snapshots_processed": 10000,
  "sharpe_ratio": -0.29966973540661623,
  "capital_base": 10000.0,
  "sharpe_horizon_seconds": 60.0
}