{
  "final_pnl": -7.8041164722671965,
  "final_inventory": 0.009764789256789388,
  "fill_count": 286,
  "max_drawdown": 7.8041164722671965,
  "pnl_attribution": {
    "inventory_moves": -0.1797769122630299,
    "fees": -7.272525639022857,
    "spread_capture": 0.9434891437271277,
    "adverse_selection": -1.2499733753010644,
    "funding_rates": 0.0
  },
  "additional_metrics": {
    "orders_placed": 532,
    "orders_placed_buy": 260,
    "orders_placed_sell": 272,
    "maker_qty_placed": 6.112769619162308,
    "maker_qty_filled": 1.3249502319195055,
    "maker_fill_qty_rate": 0.21675121335606234,
    "avg_fill_latency_sec": 0.18940853200307706,
    "std_fill_latency_sec": 0.11448515576755122,
    "avg_queue_position": 1.1476924295499846,
    "std_queue_position": 1.3851670893804156,
    "avg_order_lifetime_sec": 0.2016524323603002,
    "std_order_lifetime_sec": 0.11027413230895547,
    "avg_competition_size": 0.73707289846626,
    "std_competition_size": 0.14554140651543573,
    "forced_liquidations": 11,
    "avg_forced_liq_cost": 0.0943966230533079,
    "std_forced_liq_cost": 0.05137287033972741
  },
  "strategy": "skew_mid_spread",
  "strategy_kwargs": {
    "gamma": 0.1,
    "gamma_cap_factor": 5.0,
    "gamma_imb": 0.5,
    "gamma_inv_scale": 4.0,
    "gamma_vol_scale": 2.0,
    "gradient_penalty_ticks": 1.0,
    "gradient_threshold": 1.5,
    "k_vol": 1.3,
    "size_base": 0.02,
    "size_exp": 3.0,
    "size_min_factor": 0.2
  },
  "snapshots_processed": 1000,
  "sharpe_ratio": -1.1562903048100124,
  "capital_base": 10000.0,
  "sharpe_horizon_seconds": 60.0
}