{
  "final_pnl": -0.21966959712881362,
  "final_inventory": 0.008400474056984982,
  "fill_count": 34,
  "max_drawdown": 0.3440405479814217,
  "pnl_attribution": {
    "inventory_moves": -0.20231417092734905,
    "fees": -0.07359769876831626,
    "spread_capture": 0.06297631580784997,
    "adverse_selection": -0.005754332295387699,
    "funding_rates": 0.0
  },
  "additional_metrics": {
    "orders_placed": 1588,
    "orders_placed_buy": 821,
    "orders_placed_sell": 767,
    "maker_qty_placed": 4.360719208799459,
    "maker_qty_filled": 0.042795064845780266,
    "maker_fill_qty_rate": 0.009813763004832885,
    "avg_fill_latency_sec": 0.25070584521574135,
    "std_fill_latency_sec": 0.0008920744009906896,
    "avg_queue_position": 1.424357681346045,
    "std_queue_position": 2.0956252236539625,
    "avg_order_lifetime_sec": 0.25070584521574135,
    "std_order_lifetime_sec": 0.0008920744009906896,
    "avg_competition_size": 0.2584413223148653,
    "std_competition_size": 0.049097181911911134,
    "forced_liquidations": 0,
    "avg_forced_liq_cost": 0.0,
    "std_forced_liq_cost": 0.0,
    "taker_qty_hedge": 0.0,
    "taker_qty_cross": 0.0,
    "taker_trades_hedge": 0,
    "taker_trades_cross": 0,
    "taker_qty_total": 0.0,
    "notional_traded_btc": 0.042795064845780266,
    "notional_traded_usdt": 735.9769876831624
  },
  "strategy": "skew_mid_spread",
  "strategy_kwargs": {
    "extra_spread_ticks": 24.0,
    "gamma": 0.16,
    "gamma_cap_factor": 5.0,
    "gamma_imb": 0.5,
    "gamma_inv_scale": 4.0,
    "gamma_vol_scale": 1.0,
    "gradient_penalty_ticks": 1.0,
    "gradient_threshold": 1.5,
    "k_vol": 6.0,
    "size_base": 0.005,
    "size_exp": 2.0,
    "size_min_factor": 0.3
  },
  "snapshots_processed": 10000,
  "sharpe_ratio": -0.2023071522096704,
  "capital_base": 10000.0,
  "sharpe_horizon_seconds": 60.0
}