{
  "final_pnl": -0.331055727590865,
  "final_inventory": 0.0814391804,
  "fill_count": 55,
  "max_drawdown": 3.53813131590141,
  "pnl_attribution": {
    "inventory_moves": 0.7888096792677923,
    "fees": -1.6313888818465723,
    "spread_capture": 0.6017837239202262,
    "adverse_selection": -0.06528473007271143,
    "funding_rates": 0.0
  },
  "additional_metrics": {
    "orders_placed": 1586,
    "orders_placed_buy": 819,
    "orders_placed_sell": 767,
    "maker_qty_placed": 34.79294424258651,
    "maker_qty_filled": 0.4559834207420672,
    "maker_fill_qty_rate": 0.013105629048315614,
    "avg_fill_latency_sec": 0.18003123998641968,
    "std_fill_latency_sec": 0.11261839928705497,
    "avg_queue_position": 1.3725459110332792,
    "std_queue_position": 2.0624888608825946,
    "avg_order_lifetime_sec": 0.18003123998641968,
    "std_order_lifetime_sec": 0.11261839928705497,
    "avg_competition_size": 0.3544839939286335,
    "std_competition_size": 0.06934496253045151,
    "forced_liquidations": 0,
    "avg_forced_liq_cost": 0.0,
    "std_forced_liq_cost": 0.0,
    "taker_qty_hedge": 0.16414042817805302,
    "taker_qty_cross": 0.0,
    "taker_trades_hedge": 9,
    "taker_trades_cross": 0,
    "taker_qty_total": 0.16414042817805302,
    "notional_traded_btc": 0.6201238489201202,
    "notional_traded_usdt": 10666.336455570476
  },
  "strategy": "skew_mid_spread",
  "strategy_kwargs": {
    "extra_spread_ticks": 34.0,
    "gamma": 0.08,
    "gamma_cap_factor": 5.0,
    "gamma_imb": 0.5,
    "gamma_inv_scale": 1.0,
    "gamma_vol_scale": 2.0,
    "gradient_penalty_ticks": 1.0,
    "gradient_threshold": 1.5,
    "k_vol": 4.0,
    "size_base": 0.04,
    "size_exp": 2.0,
    "size_min_factor": 0.3
  },
  "snapshots_processed": 10000,
  "sharpe_ratio": -0.023958279689196896,
  "capital_base": 10000.0,
  "sharpe_horizon_seconds": 60.0
}