{
  "final_pnl": -7.624888415486566,
  "final_inventory": 0.011666018793026003,
  "fill_count": 286,
  "max_drawdown": 7.624888415486566,
  "pnl_attribution": {
    "inventory_moves": -0.27300788675049903,
    "fees": -7.391660974850073,
    "spread_capture": 1.0775293209445178,
    "adverse_selection": -0.9894376175045302,
    "funding_rates": 0.0
  },
  "additional_metrics": {
    "orders_placed": 531,
    "orders_placed_buy": 260,
    "orders_placed_sell": 271,
    "maker_qty_placed": 6.103867262503844,
    "maker_qty_filled": 1.338204460302109,
    "maker_fill_qty_rate": 0.21923878792756862,
    "avg_fill_latency_sec": 0.1939756041619836,
    "std_fill_latency_sec": 0.1306495920595374,
    "avg_queue_position": 1.170056736814736,
    "std_queue_position": 1.3931634112128501,
    "avg_order_lifetime_sec": 0.21079877382371484,
    "std_order_lifetime_sec": 0.1324171671315748,
    "avg_competition_size": 0.735517894091362,
    "std_competition_size": 0.14692777928863243,
    "forced_liquidations": 8,
    "avg_forced_liq_cost": 0.09939565418795596,
    "std_forced_liq_cost": 0.05948383206022698
  },
  "strategy": "skew_mid_spread",
  "strategy_kwargs": {
    "gamma": 0.1,
    "gamma_cap_factor": 5.0,
    "gamma_imb": 0.5,
    "gamma_inv_scale": 4.0,
    "gamma_vol_scale": 2.0,
    "gradient_penalty_ticks": 1.0,
    "gradient_threshold": 1.5,
    "k_vol": 1.3,
    "size_base": 0.02,
    "size_exp": 2.0,
    "size_min_factor": 0.1
  },
  "snapshots_processed": 1000,
  "sharpe_ratio": -1.1880827974781594,
  "capital_base": 10000.0,
  "sharpe_horizon_seconds": 60.0
}