{
  "final_pnl": -0.47768557390372735,
  "final_inventory": 0.004884735988799634,
  "fill_count": 100,
  "max_drawdown": 0.6066599711903109,
  "pnl_attribution": {
    "inventory_moves": -0.3929587426857648,
    "fees": -0.2099834043133633,
    "spread_capture": 0.16293346303115672,
    "adverse_selection": -0.018638509241264204,
    "funding_rates": 0.0
  },
  "additional_metrics": {
    "orders_placed": 2960,
    "orders_placed_buy": 1535,
    "orders_placed_sell": 1425,
    "maker_qty_placed": 8.116251700932878,
    "maker_qty_filled": 0.12207172218441105,
    "maker_fill_qty_rate": 0.015040406173009665,
    "avg_fill_latency_sec": 0.25060001373291013,
    "std_fill_latency_sec": 0.0013564759539419057,
    "avg_queue_position": 1.2620618308742282,
    "std_queue_position": 1.7643993809763383,
    "avg_order_lifetime_sec": 0.25060001373291013,
    "std_order_lifetime_sec": 0.0013564759539419057,
    "avg_competition_size": 0.26097371110400186,
    "std_competition_size": 0.04810835818895903,
    "forced_liquidations": 0,
    "avg_forced_liq_cost": 0.0,
    "std_forced_liq_cost": 0.0,
    "taker_qty_hedge": 0.0,
    "taker_qty_cross": 0.0,
    "taker_trades_hedge": 0,
    "taker_trades_cross": 0,
    "taker_qty_total": 0.0,
    "notional_traded_btc": 0.12207172218441105,
    "notional_traded_usdt": 2099.8340431336314
  },
  "strategy": "skew_mid_spread",
  "strategy_kwargs": {
    "extra_spread_ticks": 24.0,
    "gamma": 0.08,
    "gamma_cap_factor": 5.0,
    "gamma_imb": 0.5,
    "gamma_inv_scale": 2.0,
    "gamma_vol_scale": 0.0,
    "gradient_penalty_ticks": 1.0,
    "gradient_threshold": 1.5,
    "k_vol": 4.0,
    "size_base": 0.005,
    "size_exp": 2.0,
    "size_min_factor": 0.3
  },
  "snapshots_processed": 10000,
  "sharpe_ratio": -0.3639618104646942,
  "capital_base": 10000.0,
  "sharpe_horizon_seconds": 60.0
}