{
  "final_pnl": -0.32454083838638326,
  "final_inventory": 0.0203543570956874,
  "fill_count": 38,
  "max_drawdown": 0.6074192720352585,
  "pnl_attribution": {
    "inventory_moves": -0.28961876051097685,
    "fees": -0.07732351147319325,
    "spread_capture": 0.05772169749636461,
    "adverse_selection": -0.007132561111384571,
    "funding_rates": 0.0
  },
  "additional_metrics": {
    "orders_placed": 1587,
    "orders_placed_buy": 820,
    "orders_placed_sell": 767,
    "maker_qty_placed": 4.356971944632377,
    "maker_qty_filled": 0.044949039725033335,
    "maker_fill_qty_rate": 0.010316577727889397,
    "avg_fill_latency_sec": 0.2505262901908473,
    "std_fill_latency_sec": 0.0004992827166810988,
    "avg_queue_position": 1.2387137079033597,
    "std_queue_position": 1.4063253203338617,
    "avg_order_lifetime_sec": 0.2505262901908473,
    "std_order_lifetime_sec": 0.0004992827166810988,
    "avg_competition_size": 0.25873106796550993,
    "std_competition_size": 0.0480317309308355,
    "forced_liquidations": 0,
    "avg_forced_liq_cost": 0.0,
    "std_forced_liq_cost": 0.0,
    "taker_qty_hedge": 0.0,
    "taker_qty_cross": 0.0,
    "taker_trades_hedge": 0,
    "taker_trades_cross": 0,
    "taker_qty_total": 0.0,
    "notional_traded_btc": 0.044949039725033335,
    "notional_traded_usdt": 773.2351147319325
  },
  "strategy": "skew_mid_spread",
  "strategy_kwargs": {
    "extra_spread_ticks": 36.0,
    "gamma": 0.16,
    "gamma_cap_factor": 5.0,
    "gamma_imb": 0.5,
    "gamma_inv_scale": 4.0,
    "gamma_vol_scale": 1.0,
    "gradient_penalty_ticks": 1.0,
    "gradient_threshold": 1.5,
    "k_vol": 6.0,
    "size_base": 0.005,
    "size_exp": 2.0,
    "size_min_factor": 0.3
  },
  "snapshots_processed": 10000,
  "sharpe_ratio": -0.16169999539936605,
  "capital_base": 10000.0,
  "sharpe_horizon_seconds": 60.0
}