{
  "final_pnl": -16.126270749384275,
  "final_inventory": 0.05524660233868239,
  "fill_count": 282,
  "max_drawdown": 16.126270749384275,
  "pnl_attribution": {
    "inventory_moves": -0.47933637708768284,
    "fees": -15.287390208497047,
    "spread_capture": 1.9945527655215252,
    "adverse_selection": -2.2429241478495157,
    "funding_rates": 0.0
  },
  "additional_metrics": {
    "orders_placed": 608,
    "orders_placed_buy": 303,
    "orders_placed_sell": 305,
    "maker_qty_placed": 13.804982938084915,
    "maker_qty_filled": 2.5667908474712586,
    "maker_fill_qty_rate": 0.18593219991529628,
    "avg_fill_latency_sec": 0.1776181770093513,
    "std_fill_latency_sec": 0.1137688999631455,
    "avg_queue_position": 1.197815287025391,
    "std_queue_position": 1.4040192567793721,
    "avg_order_lifetime_sec": 0.18675151015772964,
    "std_order_lifetime_sec": 0.1091309112405909,
    "avg_competition_size": 0.8641283468912081,
    "std_competition_size": 0.1740889091060497,
    "forced_liquidations": 12,
    "avg_forced_liq_cost": 0.15540829385151747,
    "std_forced_liq_cost": 0.07924715559317795
  },
  "strategy": "skew_mid_spread",
  "strategy_kwargs": {
    "gamma": 0.1,
    "gamma_cap_factor": 5.0,
    "gamma_imb": 0.5,
    "gamma_inv_scale": 4.0,
    "gamma_vol_scale": 2.0,
    "gradient_penalty_ticks": 1.0,
    "gradient_threshold": 1.5,
    "k_vol": 1.3,
    "size_base": 0.04,
    "size_exp": 3.0,
    "size_min_factor": 0.1
  },
  "snapshots_processed": 1000,
  "sharpe_ratio": -1.1270360106555795,
  "capital_base": 10000.0,
  "sharpe_horizon_seconds": 60.0
}