{
  "final_pnl": -17.382711795513387,
  "final_inventory": 0.03241531789182929,
  "fill_count": 293,
  "max_drawdown": 17.382711795513387,
  "pnl_attribution": {
    "inventory_moves": -0.5299134581200519,
    "fees": -16.253672967124647,
    "spread_capture": 2.059435431020564,
    "adverse_selection": -2.516328555697,
    "funding_rates": 0.0
  },
  "additional_metrics": {
    "orders_placed": 607,
    "orders_placed_buy": 303,
    "orders_placed_sell": 304,
    "maker_qty_placed": 13.797122066439945,
    "maker_qty_filled": 2.649009204175071,
    "maker_fill_qty_rate": 0.19199722894519491,
    "avg_fill_latency_sec": 0.1737572209683457,
    "std_fill_latency_sec": 0.11547773811734617,
    "avg_queue_position": 1.1236256340928028,
    "std_queue_position": 1.3669813817824796,
    "avg_order_lifetime_sec": 0.18246820345090303,
    "std_order_lifetime_sec": 0.11144528619683529,
    "avg_competition_size": 0.8670911977953332,
    "std_competition_size": 0.17670542969118208,
    "forced_liquidations": 15,
    "avg_forced_liq_cost": 0.1413760811113026,
    "std_forced_liq_cost": 0.07934748806461082
  },
  "strategy": "skew_mid_spread",
  "strategy_kwargs": {
    "gamma": 0.1,
    "gamma_cap_factor": 5.0,
    "gamma_imb": 0.5,
    "gamma_inv_scale": 4.0,
    "gamma_vol_scale": 2.0,
    "gradient_penalty_ticks": 1.0,
    "gradient_threshold": 1.5,
    "k_vol": 1.3,
    "size_base": 0.04,
    "size_exp": 1.0,
    "size_min_factor": 0.1
  },
  "snapshots_processed": 1000,
  "sharpe_ratio": -1.1407166232546322,
  "capital_base": 10000.0,
  "sharpe_horizon_seconds": 60.0
}