{
  "final_pnl": -4.769614907436335,
  "final_inventory": 0.0359154337708587,
  "fill_count": 2062,
  "max_drawdown": 5.556347260819166,
  "pnl_attribution": {
    "inventory_moves": -2.477619869682862,
    "fees": -3.1529651250781727,
    "spread_capture": 1.010623748199613,
    "adverse_selection": -0.13612585000748725,
    "funding_rates": 0.0
  },
  "additional_metrics": {
    "orders_placed": 2065,
    "orders_placed_buy": 1072,
    "orders_placed_sell": 993,
    "maker_qty_placed": 45.12033859838387,
    "maker_qty_filled": 0.997704952407731,
    "maker_fill_qty_rate": 0.02211208921298891,
    "avg_fill_latency_sec": 0.0062286283813461395,
    "std_fill_latency_sec": 0.03901751264138134,
    "avg_queue_position": 0.020518195857348605,
    "std_queue_position": 0.2082646537618948,
    "avg_order_lifetime_sec": 0.0062286283813461395,
    "std_order_lifetime_sec": 0.03901751264138134,
    "avg_competition_size": 0.3553349986097726,
    "std_competition_size": 0.0681600664165693,
    "forced_liquidations": 0,
    "avg_forced_liq_cost": 0.0,
    "std_forced_liq_cost": 0.0,
    "taker_qty_hedge": 0.2784010832950159,
    "taker_qty_cross": 0.0,
    "taker_trades_hedge": 1962,
    "taker_trades_cross": 0,
    "taker_qty_total": 0.2784010832950159,
    "notional_traded_btc": 1.276106035702747,
    "notional_traded_usdt": 21950.18766778169
  },
  "strategy": "skew_mid_spread",
  "strategy_kwargs": {
    "extra_spread_ticks": 26.0,
    "gamma": 0.16,
    "gamma_cap_factor": 5.0,
    "gamma_imb": 0.5,
    "gamma_inv_scale": 1.0,
    "gamma_vol_scale": 2.0,
    "gradient_penalty_ticks": 1.0,
    "gradient_threshold": 1.5,
    "k_vol": 4.0,
    "size_base": 0.04,
    "size_exp": 2.0,
    "size_min_factor": 0.3
  },
  "snapshots_processed": 10000,
  "sharpe_ratio": -0.4834686150972952,
  "capital_base": 10000.0,
  "sharpe_horizon_seconds": 60.0
}