{
  "final_pnl": -0.28436136948403146,
  "final_inventory": 0.051903621518467224,
  "fill_count": 163,
  "max_drawdown": 3.448387900230955,
  "pnl_attribution": {
    "inventory_moves": 0.5601180702372148,
    "fees": -2.007421617212793,
    "spread_capture": 1.4165794068151971,
    "adverse_selection": -0.17349387165736382,
    "funding_rates": 0.0
  },
  "additional_metrics": {
    "orders_placed": 2962,
    "orders_placed_buy": 1541,
    "orders_placed_sell": 1421,
    "maker_qty_placed": 64.83246991745199,
    "maker_qty_filled": 1.1893429884145374,
    "maker_fill_qty_rate": 0.01834486623645327,
    "avg_fill_latency_sec": 0.1749270831545194,
    "std_fill_latency_sec": 0.11508785087018375,
    "avg_queue_position": 0.5546986727645277,
    "std_queue_position": 0.8957501839053981,
    "avg_order_lifetime_sec": 0.1749270831545194,
    "std_order_lifetime_sec": 0.11508785087018375,
    "avg_competition_size": 0.35452011613013446,
    "std_competition_size": 0.0673174211837183,
    "forced_liquidations": 0,
    "avg_forced_liq_cost": 0.0,
    "std_forced_liq_cost": 0.0,
    "taker_qty_hedge": 0.4860682421803782,
    "taker_qty_cross": 0.0,
    "taker_trades_hedge": 29,
    "taker_trades_cross": 0,
    "taker_qty_total": 0.4860682421803782,
    "notional_traded_btc": 1.6754112305949154,
    "notional_traded_usdt": 28822.19895774311
  },
  "strategy": "skew_mid_spread",
  "strategy_kwargs": {
    "extra_spread_ticks": 25.0,
    "gamma": 0.16,
    "gamma_cap_factor": 5.0,
    "gamma_imb": 0.5,
    "gamma_inv_scale": 1.0,
    "gamma_vol_scale": 2.0,
    "gradient_penalty_ticks": 1.0,
    "gradient_threshold": 1.5,
    "k_vol": 6.0,
    "size_base": 0.04,
    "size_exp": 2.0,
    "size_min_factor": 0.3
  },
  "snapshots_processed": 10000,
  "sharpe_ratio": -0.024390726996191027,
  "capital_base": 10000.0,
  "sharpe_horizon_seconds": 60.0
}