{
  "final_pnl": -7.651463593183507,
  "final_inventory": 0.029410264291103674,
  "fill_count": 284,
  "max_drawdown": 7.651463593183507,
  "pnl_attribution": {
    "inventory_moves": -0.625712071654976,
    "fees": -7.6983391186793275,
    "spread_capture": 1.0353139815359702,
    "adverse_selection": -0.3590067408616884,
    "funding_rates": 0.0
  },
  "additional_metrics": {
    "orders_placed": 540,
    "orders_placed_buy": 266,
    "orders_placed_sell": 274,
    "maker_qty_placed": 6.19654016374448,
    "maker_qty_filled": 1.325594599553039,
    "maker_fill_qty_rate": 0.21392495885187665,
    "avg_fill_latency_sec": 0.18522423686403217,
    "std_fill_latency_sec": 0.11989380637089372,
    "avg_queue_position": 1.1332275946710255,
    "std_queue_position": 1.3513838650274452,
    "avg_order_lifetime_sec": 0.20497575095205595,
    "std_order_lifetime_sec": 0.13013200536318542,
    "avg_competition_size": 0.7341481455255383,
    "std_competition_size": 0.1460993341135739,
    "forced_liquidations": 3,
    "avg_forced_liq_cost": 0.051779590485698496,
    "std_forced_liq_cost": 0.02934071581587268
  },
  "strategy": "skew_mid_spread",
  "strategy_kwargs": {
    "gamma": 0.1,
    "gamma_cap_factor": 5.0,
    "gamma_imb": 0.5,
    "gamma_inv_scale": 4.0,
    "gamma_vol_scale": 2.0,
    "gradient_penalty_ticks": 1.0,
    "gradient_threshold": 1.5,
    "k_vol": 1.3,
    "size_base": 0.02,
    "size_exp": 3.0,
    "size_min_factor": 0.2
  },
  "snapshots_processed": 1000,
  "sharpe_ratio": -1.1855195615143224,
  "capital_base": 10000.0,
  "sharpe_horizon_seconds": 60.0
}