{
  "final_pnl": -0.1398174484984338,
  "final_inventory": 0.007899872183024166,
  "fill_count": 40,
  "max_drawdown": 0.3326981899499515,
  "pnl_attribution": {
    "inventory_moves": -0.10645715424273021,
    "fees": -0.08101685442115085,
    "spread_capture": 0.05540584971995401,
    "adverse_selection": -0.006569322347108677,
    "funding_rates": 0.0
  },
  "additional_metrics": {
    "orders_placed": 1588,
    "orders_placed_buy": 821,
    "orders_placed_sell": 767,
    "maker_qty_placed": 4.3607098162028795,
    "maker_qty_filled": 0.047095281308532244,
    "maker_fill_qty_rate": 0.010799911778936213,
    "avg_fill_latency_sec": 0.25059999227523805,
    "std_fill_latency_sec": 0.0005830979089575615,
    "avg_queue_position": 1.0661141415968234,
    "std_queue_position": 1.1396711718274042,
    "avg_order_lifetime_sec": 0.25059999227523805,
    "std_order_lifetime_sec": 0.0005830979089575615,
    "avg_competition_size": 0.2587881850940364,
    "std_competition_size": 0.04890215118426744,
    "forced_liquidations": 0,
    "avg_forced_liq_cost": 0.0,
    "std_forced_liq_cost": 0.0,
    "taker_qty_hedge": 0.0,
    "taker_qty_cross": 0.0,
    "taker_trades_hedge": 0,
    "taker_trades_cross": 0,
    "taker_qty_total": 0.0,
    "notional_traded_btc": 0.047095281308532244,
    "notional_traded_usdt": 810.1685442115087
  },
  "strategy": "skew_mid_spread",
  "strategy_kwargs": {
    "extra_spread_ticks": 24.0,
    "gamma": 0.08,
    "gamma_cap_factor": 5.0,
    "gamma_imb": 0.5,
    "gamma_inv_scale": 4.0,
    "gamma_vol_scale": 0.0,
    "gradient_penalty_ticks": 1.0,
    "gradient_threshold": 1.5,
    "k_vol": 6.0,
    "size_base": 0.005,
    "size_exp": 2.0,
    "size_min_factor": 0.3
  },
  "snapshots_processed": 10000,
  "sharpe_ratio": -0.1231735043814475,
  "capital_base": 10000.0,
  "sharpe_horizon_seconds": 60.0
}