{
  "final_pnl": -15.117264004842582,
  "final_inventory": 0.046461549568077076,
  "fill_count": 285,
  "max_drawdown": 15.117264004842582,
  "pnl_attribution": {
    "inventory_moves": -1.1693748948142464,
    "fees": -15.028594761865522,
    "spread_capture": 1.873506486417355,
    "adverse_selection": -0.7652004187149638,
    "funding_rates": 0.0
  },
  "additional_metrics": {
    "orders_placed": 608,
    "orders_placed_buy": 303,
    "orders_placed_sell": 305,
    "maker_qty_placed": 13.821649154599806,
    "maker_qty_filled": 2.587977163296207,
    "maker_fill_qty_rate": 0.18724083749694484,
    "avg_fill_latency_sec": 0.1821878736669367,
    "std_fill_latency_sec": 0.11156916755198963,
    "avg_queue_position": 1.2150040575652754,
    "std_queue_position": 1.410140295145522,
    "avg_order_lifetime_sec": 0.191321206815315,
    "std_order_lifetime_sec": 0.10644434796502793,
    "avg_competition_size": 0.8689600234026669,
    "std_competition_size": 0.1710900109307088,
    "forced_liquidations": 3,
    "avg_forced_liq_cost": 0.12666825519381122,
    "std_forced_liq_cost": 0.08272681718231362
  },
  "strategy": "skew_mid_spread",
  "strategy_kwargs": {
    "gamma": 0.1,
    "gamma_cap_factor": 5.0,
    "gamma_imb": 0.5,
    "gamma_inv_scale": 4.0,
    "gamma_vol_scale": 2.0,
    "gradient_penalty_ticks": 1.0,
    "gradient_threshold": 1.5,
    "k_vol": 1.3,
    "size_base": 0.04,
    "size_exp": 2.0,
    "size_min_factor": 0.3
  },
  "snapshots_processed": 1000,
  "sharpe_ratio": -1.221542059252071,
  "capital_base": 10000.0,
  "sharpe_horizon_seconds": 60.0
}