{
  "final_pnl": -0.7204663415996038,
  "final_inventory": 0.004120815849530026,
  "fill_count": 171,
  "max_drawdown": 3.2794416294673283,
  "pnl_attribution": {
    "inventory_moves": -0.7328067378914698,
    "fees": -1.383942554382485,
    "spread_capture": 1.69130890239874,
    "adverse_selection": -0.20141771129394523,
    "funding_rates": 0.0
  },
  "additional_metrics": {
    "orders_placed": 2967,
    "orders_placed_buy": 1543,
    "orders_placed_sell": 1424,
    "maker_qty_placed": 64.98631391846268,
    "maker_qty_filled": 1.3304452890672631,
    "maker_fill_qty_rate": 0.020472699693916355,
    "avg_fill_latency_sec": 0.20040000112433182,
    "std_fill_latency_sec": 0.10020288951150541,
    "avg_queue_position": 0.7459992233730267,
    "std_queue_position": 1.1511180103203347,
    "avg_order_lifetime_sec": 0.20040000112433182,
    "std_order_lifetime_sec": 0.10020288951150541,
    "avg_competition_size": 0.35377692873070204,
    "std_competition_size": 0.06751654296595364,
    "forced_liquidations": 0,
    "avg_forced_liq_cost": 0.0,
    "std_forced_liq_cost": 0.0,
    "taker_qty_hedge": 0.33512405871590256,
    "taker_qty_cross": 0.0,
    "taker_trades_hedge": 19,
    "taker_trades_cross": 0,
    "taker_qty_total": 0.33512405871590256,
    "notional_traded_btc": 1.665569347783165,
    "notional_traded_usdt": 28651.556743741377
  },
  "strategy": "skew_mid_spread",
  "strategy_kwargs": {
    "extra_spread_ticks": 25.0,
    "gamma": 0.08,
    "gamma_cap_factor": 5.0,
    "gamma_imb": 0.5,
    "gamma_inv_scale": 1.0,
    "gamma_vol_scale": 2.0,
    "gradient_penalty_ticks": 1.0,
    "gradient_threshold": 1.5,
    "k_vol": 4.0,
    "size_base": 0.04,
    "size_exp": 2.0,
    "size_min_factor": 0.3
  },
  "snapshots_processed": 10000,
  "sharpe_ratio": -0.07649690043227324,
  "capital_base": 10000.0,
  "sharpe_horizon_seconds": 60.0
}