{
  "final_pnl": -1.633164381100869,
  "final_inventory": 0.006147821344151053,
  "fill_count": 265,
  "max_drawdown": 1.633164381100869,
  "pnl_attribution": {
    "inventory_moves": -0.10414613408139432,
    "fees": -1.757737805252377,
    "spread_capture": 0.2719017278931154,
    "adverse_selection": -0.04563014882788242,
    "funding_rates": 0.0
  },
  "additional_metrics": {
    "orders_placed": 533,
    "orders_placed_buy": 260,
    "orders_placed_sell": 273,
    "maker_qty_placed": 1.5311300013407785,
    "maker_qty_filled": 0.3190795442619754,
    "maker_fill_qty_rate": 0.20839480905120017,
    "avg_fill_latency_sec": 0.18784867776067635,
    "std_fill_latency_sec": 0.112212305914593,
    "avg_queue_position": 1.1030936372569133,
    "std_queue_position": 1.386597634856197,
    "avg_order_lifetime_sec": 0.21093420292201795,
    "std_order_lifetime_sec": 0.12223589652660008,
    "avg_competition_size": 0.6352301253916116,
    "std_competition_size": 0.11938969360776086,
    "forced_liquidations": 0,
    "avg_forced_liq_cost": 0.0,
    "std_forced_liq_cost": 0.0
  },
  "strategy": "skew_mid_spread",
  "strategy_kwargs": {
    "gamma": 0.1,
    "gamma_cap_factor": 5.0,
    "gamma_imb": 0.5,
    "gamma_inv_scale": 4.0,
    "gamma_vol_scale": 2.0,
    "gradient_penalty_ticks": 1.0,
    "gradient_threshold": 1.5,
    "k_vol": 1.3,
    "size_base": 0.005,
    "size_exp": 3.0,
    "size_min_factor": 0.1
  },
  "snapshots_processed": 1000,
  "sharpe_ratio": -1.0920098578164408,
  "capital_base": 10000.0,
  "sharpe_horizon_seconds": 60.0
}