{
  "final_pnl": -1.7101027270182385,
  "final_inventory": 0.003358222480621114,
  "fill_count": 265,
  "max_drawdown": 1.7101027270182385,
  "pnl_attribution": {
    "inventory_moves": -0.14181995733525113,
    "fees": -1.8087744354397732,
    "spread_capture": 0.28402783214988675,
    "adverse_selection": -0.045686482313345246,
    "funding_rates": 0.0
  },
  "additional_metrics": {
    "orders_placed": 607,
    "orders_placed_buy": 302,
    "orders_placed_sell": 305,
    "maker_qty_placed": 1.7271152475620757,
    "maker_qty_filled": 0.3175214987837229,
    "maker_fill_qty_rate": 0.18384499773939408,
    "avg_fill_latency_sec": 0.18333332523021822,
    "std_fill_latency_sec": 0.11092486511988058,
    "avg_queue_position": 1.1205526753725585,
    "std_queue_position": 1.4389301237957446,
    "avg_order_lifetime_sec": 0.1948169851614759,
    "std_order_lifetime_sec": 0.10413599492768537,
    "avg_competition_size": 0.6263545499488116,
    "std_competition_size": 0.1254522622318241,
    "forced_liquidations": 0,
    "avg_forced_liq_cost": 0.0,
    "std_forced_liq_cost": 0.0
  },
  "strategy": "skew_mid_spread",
  "strategy_kwargs": {
    "gamma": 0.1,
    "gamma_cap_factor": 5.0,
    "gamma_imb": 0.5,
    "gamma_inv_scale": 4.0,
    "gamma_vol_scale": 2.0,
    "gradient_penalty_ticks": 1.0,
    "gradient_threshold": 1.5,
    "k_vol": 1.3,
    "size_base": 0.005,
    "size_exp": 3.0,
    "size_min_factor": 0.1
  },
  "snapshots_processed": 1000,
  "sharpe_ratio": -1.1741970676711975,
  "capital_base": 10000.0,
  "sharpe_horizon_seconds": 60.0
}