{
  "final_pnl": -3.2390707272006694,
  "final_inventory": 0.025713089359922975,
  "fill_count": 174,
  "max_drawdown": 4.846383794782014,
  "pnl_attribution": {
    "inventory_moves": -0.27301882139355427,
    "fees": -4.298905976026894,
    "spread_capture": 1.6679004036324405,
    "adverse_selection": -0.19528692834454203,
    "funding_rates": 0.0
  },
  "additional_metrics": {
    "orders_placed": 2964,
    "orders_placed_buy": 1538,
    "orders_placed_sell": 1426,
    "maker_qty_placed": 64.90725329465907,
    "maker_qty_filled": 1.338543488167651,
    "maker_fill_qty_rate": 0.020622402277463092,
    "avg_fill_latency_sec": 0.1896767664437342,
    "std_fill_latency_sec": 0.10729820814278031,
    "avg_queue_position": 0.7139912389692579,
    "std_queue_position": 1.2471922680021899,
    "avg_order_lifetime_sec": 0.1896767664437342,
    "std_order_lifetime_sec": 0.10729820814278031,
    "avg_competition_size": 0.3554504055191369,
    "std_competition_size": 0.06845922166130786,
    "forced_liquidations": 0,
    "avg_forced_liq_cost": 0.0,
    "std_forced_liq_cost": 0.0,
    "taker_qty_hedge": 0.38677223276841805,
    "taker_qty_cross": 0.0,
    "taker_trades_hedge": 24,
    "taker_trades_cross": 0,
    "taker_qty_total": 0.38677223276841805,
    "notional_traded_btc": 1.725315720936068,
    "notional_traded_usdt": 29679.03170713943
  },
  "strategy": "skew_mid_spread",
  "strategy_kwargs": {
    "extra_spread_ticks": 34.0,
    "gamma": 0.08,
    "gamma_cap_factor": 5.0,
    "gamma_imb": 0.5,
    "gamma_inv_scale": 1.0,
    "gamma_vol_scale": 2.0,
    "gradient_penalty_ticks": 1.0,
    "gradient_threshold": 1.5,
    "k_vol": 4.0,
    "size_base": 0.04,
    "size_exp": 2.0,
    "size_min_factor": 0.3
  },
  "snapshots_processed": 10000,
  "sharpe_ratio": -0.2518324240956888,
  "capital_base": 10000.0,
  "sharpe_horizon_seconds": 60.0
}