{
  "final_pnl": -7.700848381036849,
  "final_inventory": 0.025716709729700214,
  "fill_count": 281,
  "max_drawdown": 7.700848381036849,
  "pnl_attribution": {
    "inventory_moves": -0.6787156895638177,
    "fees": -7.798052423960762,
    "spread_capture": 0.9777726181456433,
    "adverse_selection": -0.19615223841303792,
    "funding_rates": 0.0
  },
  "additional_metrics": {
    "orders_placed": 614,
    "orders_placed_buy": 307,
    "orders_placed_sell": 307,
    "maker_qty_placed": 6.97748255187981,
    "maker_qty_filled": 1.2867092703094183,
    "maker_fill_qty_rate": 0.1844088123105037,
    "avg_fill_latency_sec": 0.17870121176649884,
    "std_fill_latency_sec": 0.11326404979011603,
    "avg_queue_position": 1.1082544883625594,
    "std_queue_position": 1.3816398950070563,
    "avg_order_lifetime_sec": 0.18942072333359136,
    "std_order_lifetime_sec": 0.10758671486095703,
    "avg_competition_size": 0.7436580528885541,
    "std_competition_size": 0.14406521249879858,
    "forced_liquidations": 0,
    "avg_forced_liq_cost": 0.0,
    "std_forced_liq_cost": 0.0
  },
  "strategy": "skew_mid_spread",
  "strategy_kwargs": {
    "gamma": 0.1,
    "gamma_cap_factor": 5.0,
    "gamma_imb": 0.5,
    "gamma_inv_scale": 4.0,
    "gamma_vol_scale": 2.0,
    "gradient_penalty_ticks": 1.0,
    "gradient_threshold": 1.5,
    "k_vol": 1.3,
    "size_base": 0.02,
    "size_exp": 2.0,
    "size_min_factor": 0.2
  },
  "snapshots_processed": 1000,
  "sharpe_ratio": -1.1887864187916775,
  "capital_base": 10000.0,
  "sharpe_horizon_seconds": 60.0
}