{
  "final_pnl": -3.284568738139569,
  "final_inventory": 0.009569499886983104,
  "fill_count": 267,
  "max_drawdown": 3.284568738139569,
  "pnl_attribution": {
    "inventory_moves": -0.17444330470645886,
    "fees": -3.4582480707017744,
    "spread_capture": 0.45051558789791296,
    "adverse_selection": -0.09835168078013333,
    "funding_rates": 0.0
  },
  "additional_metrics": {
    "orders_placed": 535,
    "orders_placed_buy": 262,
    "orders_placed_sell": 273,
    "maker_qty_placed": 3.075627472417038,
    "maker_qty_filled": 0.6419482587610565,
    "maker_fill_qty_rate": 0.20872107058419848,
    "avg_fill_latency_sec": 0.19284209922740334,
    "std_fill_latency_sec": 0.11304785067675988,
    "avg_queue_position": 1.1301213818629208,
    "std_queue_position": 1.372025910851009,
    "avg_order_lifetime_sec": 0.21428288754663968,
    "std_order_lifetime_sec": 0.12327074550808327,
    "avg_competition_size": 0.6719134251364403,
    "std_competition_size": 0.1313809162010838,
    "forced_liquidations": 0,
    "avg_forced_liq_cost": 0.0,
    "std_forced_liq_cost": 0.0
  },
  "strategy": "skew_mid_spread",
  "strategy_kwargs": {
    "gamma": 0.1,
    "gamma_cap_factor": 5.0,
    "gamma_imb": 0.5,
    "gamma_inv_scale": 4.0,
    "gamma_vol_scale": 2.0,
    "gradient_penalty_ticks": 1.0,
    "gradient_threshold": 1.5,
    "k_vol": 1.3,
    "size_base": 0.01,
    "size_exp": 3.0,
    "size_min_factor": 0.1
  },
  "snapshots_processed": 1000,
  "sharpe_ratio": -1.1344938357049346,
  "capital_base": 10000.0,
  "sharpe_horizon_seconds": 60.0
}