{
  "final_pnl": -3.5398851306017605,
  "final_inventory": 0.00710928025436819,
  "fill_count": 270,
  "max_drawdown": 3.5398851306017605,
  "pnl_attribution": {
    "inventory_moves": -0.269133798103437,
    "fees": -3.6733970747494693,
    "spread_capture": 0.5014916208236591,
    "adverse_selection": -0.09740311314965865,
    "funding_rates": 0.0
  },
  "additional_metrics": {
    "orders_placed": 606,
    "orders_placed_buy": 301,
    "orders_placed_sell": 305,
    "maker_qty_placed": 3.4486558919296226,
    "maker_qty_filled": 0.6379741786364053,
    "maker_fill_qty_rate": 0.1849921240705289,
    "avg_fill_latency_sec": 0.18301922388565847,
    "std_fill_latency_sec": 0.11108961491295655,
    "avg_queue_position": 1.1211853540230738,
    "std_queue_position": 1.4296357769635584,
    "avg_order_lifetime_sec": 0.19267306878016546,
    "std_order_lifetime_sec": 0.10553326665677047,
    "avg_competition_size": 0.6665234258097968,
    "std_competition_size": 0.1301187609911834,
    "forced_liquidations": 0,
    "avg_forced_liq_cost": 0.0,
    "std_forced_liq_cost": 0.0
  },
  "strategy": "skew_mid_spread",
  "strategy_kwargs": {
    "gamma": 0.1,
    "gamma_cap_factor": 5.0,
    "gamma_imb": 0.5,
    "gamma_inv_scale": 4.0,
    "gamma_vol_scale": 2.0,
    "gradient_penalty_ticks": 1.0,
    "gradient_threshold": 1.5,
    "k_vol": 1.3,
    "size_base": 0.01,
    "size_exp": 3.0,
    "size_min_factor": 0.2
  },
  "snapshots_processed": 1000,
  "sharpe_ratio": -1.1803925586057131,
  "capital_base": 10000.0,
  "sharpe_horizon_seconds": 60.0
}