{
  "final_pnl": -2.0453579801942396,
  "final_inventory": 0.06287109155933021,
  "fill_count": 100,
  "max_drawdown": 4.359017583352397,
  "pnl_attribution": {
    "inventory_moves": 0.22955435248877143,
    "fees": -2.762635454178193,
    "spread_capture": 0.5961269028982227,
    "adverse_selection": -0.10050459015443852,
    "funding_rates": 0.0
  },
  "additional_metrics": {
    "orders_placed": 1589,
    "orders_placed_buy": 821,
    "orders_placed_sell": 768,
    "maker_qty_placed": 34.85117615554955,
    "maker_qty_filled": 0.6650878999061671,
    "maker_fill_qty_rate": 0.019083657232620007,
    "avg_fill_latency_sec": 0.1602458992942435,
    "std_fill_latency_sec": 0.12035761509114971,
    "avg_queue_position": 0.6805235341619702,
    "std_queue_position": 1.2844624637661266,
    "avg_order_lifetime_sec": 0.1602458992942435,
    "std_order_lifetime_sec": 0.12035761509114971,
    "avg_competition_size": 0.35414774158964746,
    "std_competition_size": 0.07016064475021817,
    "forced_liquidations": 0,
    "avg_forced_liq_cost": 0.0,
    "std_forced_liq_cost": 0.0,
    "taker_qty_hedge": 0.3135922291181744,
    "taker_qty_cross": 0.0,
    "taker_trades_hedge": 22,
    "taker_trades_cross": 0,
    "taker_qty_total": 0.3135922291181744,
    "notional_traded_btc": 0.9786801290243414,
    "notional_traded_usdt": 16835.240723373656
  },
  "strategy": "skew_mid_spread",
  "strategy_kwargs": {
    "extra_spread_ticks": 38.0,
    "gamma": 0.2,
    "gamma_cap_factor": 5.0,
    "gamma_imb": 0.5,
    "gamma_inv_scale": 1.0,
    "gamma_vol_scale": 2.0,
    "gradient_penalty_ticks": 1.0,
    "gradient_threshold": 1.5,
    "k_vol": 4.0,
    "size_base": 0.04,
    "size_exp": 2.0,
    "size_min_factor": 0.3
  },
  "snapshots_processed": 10000,
  "sharpe_ratio": -0.15732392332129214,
  "capital_base": 10000.0,
  "sharpe_horizon_seconds": 60.0
}