{
  "final_pnl": -1.6557759812276345,
  "final_inventory": 0.004096094253635312,
  "fill_count": 262,
  "max_drawdown": 1.6557759812276345,
  "pnl_attribution": {
    "inventory_moves": -0.10887382263886687,
    "fees": -1.6863137825076853,
    "spread_capture": 0.18548301969984107,
    "adverse_selection": -0.049178220725079366,
    "funding_rates": 0.0
  },
  "additional_metrics": {
    "orders_placed": 527,
    "orders_placed_buy": 256,
    "orders_placed_sell": 271,
    "maker_qty_placed": 1.5134198673418597,
    "maker_qty_filled": 0.3140852931987846,
    "maker_fill_qty_rate": 0.20753348094368398,
    "avg_fill_latency_sec": 0.19163086590350875,
    "std_fill_latency_sec": 0.11009241476908496,
    "avg_queue_position": 1.147454980996988,
    "std_queue_position": 1.422963331773807,
    "avg_order_lifetime_sec": 0.2118254955983002,
    "std_order_lifetime_sec": 0.11135110881911274,
    "avg_competition_size": 0.6430600381003755,
    "std_competition_size": 0.12447226506423288,
    "forced_liquidations": 0,
    "avg_forced_liq_cost": 0.0,
    "std_forced_liq_cost": 0.0
  },
  "strategy": "skew_mid_spread",
  "strategy_kwargs": {
    "gamma": 0.1,
    "gamma_cap_factor": 5.0,
    "gamma_imb": 0.5,
    "gamma_inv_scale": 4.0,
    "gamma_vol_scale": 2.0,
    "gradient_penalty_ticks": 1.0,
    "gradient_threshold": 1.5,
    "k_vol": 1.3,
    "size_base": 0.005,
    "size_exp": 2.0,
    "size_min_factor": 0.2
  },
  "snapshots_processed": 1000,
  "sharpe_ratio": -1.1541552703371014,
  "capital_base": 10000.0,
  "sharpe_horizon_seconds": 60.0
}