{
  "final_pnl": -1.4159675255104958,
  "final_inventory": 0.024856541978703586,
  "fill_count": 5082,
  "max_drawdown": 4.64109738553816,
  "pnl_attribution": {
    "inventory_moves": 0.031113710663799147,
    "fees": -2.632689187450506,
    "spread_capture": 1.4112285799926252,
    "adverse_selection": -0.16962941715492247,
    "funding_rates": 0.0
  },
  "additional_metrics": {
    "orders_placed": 2963,
    "orders_placed_buy": 1540,
    "orders_placed_sell": 1423,
    "maker_qty_placed": 64.85207684067309,
    "maker_qty_filled": 1.1734447200158191,
    "maker_fill_qty_rate": 0.018094173343109855,
    "avg_fill_latency_sec": 0.0029930306449443495,
    "std_fill_latency_sec": 0.027218815920718672,
    "avg_queue_position": 0.008186827135895126,
    "std_queue_position": 0.11217230278010211,
    "avg_order_lifetime_sec": 0.0029930306449443495,
    "std_order_lifetime_sec": 0.027218815920718672,
    "avg_competition_size": 0.3528535313791859,
    "std_competition_size": 0.06745988437060137,
    "forced_liquidations": 0,
    "avg_forced_liq_cost": 0.0,
    "std_forced_liq_cost": 0.0,
    "taker_qty_hedge": 0.6374802282698747,
    "taker_qty_cross": 0.0,
    "taker_trades_hedge": 4962,
    "taker_trades_cross": 0,
    "taker_qty_total": 0.6374802282698747,
    "notional_traded_btc": 1.8109249482856964,
    "notional_traded_usdt": 31155.14445773092
  },
  "strategy": "skew_mid_spread",
  "strategy_kwargs": {
    "extra_spread_ticks": 20.0,
    "gamma": 0.08,
    "gamma_cap_factor": 5.0,
    "gamma_imb": 0.5,
    "gamma_inv_scale": 1.0,
    "gamma_vol_scale": 2.0,
    "gradient_penalty_ticks": 1.0,
    "gradient_threshold": 1.5,
    "k_vol": 4.0,
    "size_base": 0.04,
    "size_exp": 2.0,
    "size_min_factor": 0.3
  },
  "snapshots_processed": 10000,
  "sharpe_ratio": -0.10783658356573184,
  "capital_base": 10000.0,
  "sharpe_horizon_seconds": 60.0
}