{
  "final_pnl": -1.6701288883123198,
  "final_inventory": 0.005321509624385552,
  "fill_count": 266,
  "max_drawdown": 1.6701288883123198,
  "pnl_attribution": {
    "inventory_moves": -0.09829807123684056,
    "fees": -1.7676753974225587,
    "spread_capture": 0.23597371280401905,
    "adverse_selection": -0.046291906450572996,
    "funding_rates": 0.0
  },
  "additional_metrics": {
    "orders_placed": 530,
    "orders_placed_buy": 259,
    "orders_placed_sell": 271,
    "maker_qty_placed": 1.5208433640891812,
    "maker_qty_filled": 0.31654019448080933,
    "maker_fill_qty_rate": 0.20813464552306626,
    "avg_fill_latency_sec": 0.1866143731509938,
    "std_fill_latency_sec": 0.11286095843191594,
    "avg_queue_position": 1.0926499027933505,
    "std_queue_position": 1.351785201173335,
    "avg_order_lifetime_sec": 0.2111895349290636,
    "std_order_lifetime_sec": 0.12187643244227304,
    "avg_competition_size": 0.6381102425284659,
    "std_competition_size": 0.12416497895991462,
    "forced_liquidations": 0,
    "avg_forced_liq_cost": 0.0,
    "std_forced_liq_cost": 0.0
  },
  "strategy": "skew_mid_spread",
  "strategy_kwargs": {
    "gamma": 0.1,
    "gamma_cap_factor": 5.0,
    "gamma_imb": 0.5,
    "gamma_inv_scale": 4.0,
    "gamma_vol_scale": 2.0,
    "gradient_penalty_ticks": 1.0,
    "gradient_threshold": 1.5,
    "k_vol": 1.3,
    "size_base": 0.005,
    "size_exp": 1.0,
    "size_min_factor": 0.1
  },
  "snapshots_processed": 1000,
  "sharpe_ratio": -1.084783561406585,
  "capital_base": 10000.0,
  "sharpe_horizon_seconds": 60.0
}