{
  "final_pnl": -1.6697713000758085,
  "final_inventory": 0.001981313937711239,
  "fill_count": 265,
  "max_drawdown": 1.6697713000758085,
  "pnl_attribution": {
    "inventory_moves": -0.09981179187780985,
    "fees": -1.7473826332421218,
    "spread_capture": 0.2215858737481748,
    "adverse_selection": -0.046611577529760514,
    "funding_rates": 0.0
  },
  "additional_metrics": {
    "orders_placed": 533,
    "orders_placed_buy": 260,
    "orders_placed_sell": 273,
    "maker_qty_placed": 1.530204731228171,
    "maker_qty_filled": 0.3153002963485303,
    "maker_fill_qty_rate": 0.20605105311330751,
    "avg_fill_latency_sec": 0.18784867776067635,
    "std_fill_latency_sec": 0.112212305914593,
    "avg_queue_position": 1.1133663114287002,
    "std_queue_position": 1.3840615612678848,
    "avg_order_lifetime_sec": 0.21093420292201795,
    "std_order_lifetime_sec": 0.1222358965266001,
    "avg_competition_size": 0.6353409415508369,
    "std_competition_size": 0.11774584831988123,
    "forced_liquidations": 0,
    "avg_forced_liq_cost": 0.0,
    "std_forced_liq_cost": 0.0
  },
  "strategy": "skew_mid_spread",
  "strategy_kwargs": {
    "gamma": 0.1,
    "gamma_cap_factor": 5.0,
    "gamma_imb": 0.5,
    "gamma_inv_scale": 4.0,
    "gamma_vol_scale": 2.0,
    "gradient_penalty_ticks": 1.0,
    "gradient_threshold": 1.5,
    "k_vol": 1.3,
    "size_base": 0.005,
    "size_exp": 2.0,
    "size_min_factor": 0.3
  },
  "snapshots_processed": 1000,
  "sharpe_ratio": -1.115172683407721,
  "capital_base": 10000.0,
  "sharpe_horizon_seconds": 60.0
}