{
  "final_pnl": -1.6955026587602333,
  "final_inventory": 0.002762582556402811,
  "fill_count": 271,
  "max_drawdown": 1.6955026587602333,
  "pnl_attribution": {
    "inventory_moves": -0.10594609895120913,
    "fees": -1.7765325957863372,
    "spread_capture": 0.23232978052425926,
    "adverse_selection": -0.050600206408452045,
    "funding_rates": 0.0
  },
  "additional_metrics": {
    "orders_placed": 535,
    "orders_placed_buy": 263,
    "orders_placed_sell": 272,
    "maker_qty_placed": 1.5350326942546322,
    "maker_qty_filled": 0.3259168797595651,
    "maker_fill_qty_rate": 0.21231917794286526,
    "avg_fill_latency_sec": 0.18907096309046592,
    "std_fill_latency_sec": 0.11146126703247217,
    "avg_queue_position": 1.1497180757231944,
    "std_queue_position": 1.4106833229424078,
    "avg_order_lifetime_sec": 0.21170967163578155,
    "std_order_lifetime_sec": 0.12117308347652729,
    "avg_competition_size": 0.6374693109620934,
    "std_competition_size": 0.12172808227389259,
    "forced_liquidations": 0,
    "avg_forced_liq_cost": 0.0,
    "std_forced_liq_cost": 0.0
  },
  "strategy": "skew_mid_spread",
  "strategy_kwargs": {
    "gamma": 0.1,
    "gamma_cap_factor": 5.0,
    "gamma_imb": 0.5,
    "gamma_inv_scale": 4.0,
    "gamma_vol_scale": 2.0,
    "gradient_penalty_ticks": 1.0,
    "gradient_threshold": 1.5,
    "k_vol": 1.3,
    "size_base": 0.005,
    "size_exp": 3.0,
    "size_min_factor": 0.3
  },
  "snapshots_processed": 1000,
  "sharpe_ratio": -1.1035675024173046,
  "capital_base": 10000.0,
  "sharpe_horizon_seconds": 60.0
}