{
  "final_pnl": -5.210241403876353,
  "final_inventory": 0.042957057706702245,
  "fill_count": 2978,
  "max_drawdown": 6.139322170967716,
  "pnl_attribution": {
    "inventory_moves": -3.619262919533432,
    "fees": -2.301535485001085,
    "spread_capture": 0.8811078112621743,
    "adverse_selection": -0.12693860191071388,
    "funding_rates": 0.0
  },
  "additional_metrics": {
    "orders_placed": 2066,
    "orders_placed_buy": 1072,
    "orders_placed_sell": 994,
    "maker_qty_placed": 45.14099728816585,
    "maker_qty_filled": 0.871020609605776,
    "maker_fill_qty_rate": 0.019295555302986683,
    "avg_fill_latency_sec": 0.004195971552444099,
    "std_fill_latency_sec": 0.0321694251984895,
    "avg_queue_position": 0.012416570277696586,
    "std_queue_position": 0.1595364371959036,
    "avg_order_lifetime_sec": 0.004195971552444099,
    "std_order_lifetime_sec": 0.0321694251984895,
    "avg_competition_size": 0.3541718407938785,
    "std_competition_size": 0.06777984454073062,
    "forced_liquidations": 0,
    "avg_forced_liq_cost": 0.0,
    "std_forced_liq_cost": 0.0,
    "taker_qty_hedge": 0.15561354057607993,
    "taker_qty_cross": 0.0,
    "taker_trades_hedge": 2880,
    "taker_trades_cross": 0,
    "taker_qty_total": 0.15561354057607993,
    "notional_traded_btc": 1.0266341501818546,
    "notional_traded_usdt": 17660.370053127994
  },
  "strategy": "skew_mid_spread",
  "strategy_kwargs": {
    "extra_spread_ticks": 30.0,
    "gamma": 0.12,
    "gamma_cap_factor": 5.0,
    "gamma_imb": 0.5,
    "gamma_inv_scale": 1.0,
    "gamma_vol_scale": 2.0,
    "gradient_penalty_ticks": 1.0,
    "gradient_threshold": 1.5,
    "k_vol": 6.0,
    "size_base": 0.04,
    "size_exp": 2.0,
    "size_min_factor": 0.3
  },
  "snapshots_processed": 10000,
  "sharpe_ratio": -0.4295189892192594,
  "capital_base": 10000.0,
  "sharpe_horizon_seconds": 60.0
}