{
  "final_pnl": -1.5444701040214568,
  "final_inventory": 0.0006939070392607235,
  "fill_count": 261,
  "max_drawdown": 1.5444701040214568,
  "pnl_attribution": {
    "inventory_moves": -0.06533358268653353,
    "fees": -1.6488447271798283,
    "spread_capture": 0.2190560543692997,
    "adverse_selection": -0.04859659250756508,
    "funding_rates": 0.0
  },
  "additional_metrics": {
    "orders_placed": 530,
    "orders_placed_buy": 260,
    "orders_placed_sell": 270,
    "maker_qty_placed": 1.5259776358616317,
    "maker_qty_filled": 0.32146154598518967,
    "maker_fill_qty_rate": 0.21065940838882533,
    "avg_fill_latency_sec": 0.19593196499104404,
    "std_fill_latency_sec": 0.10742291146951509,
    "avg_queue_position": 1.1364577749031486,
    "std_queue_position": 1.4152594069583857,
    "avg_order_lifetime_sec": 0.20959182661406847,
    "std_order_lifetime_sec": 0.10142090381211877,
    "avg_competition_size": 0.6320775336416088,
    "std_competition_size": 0.12038090532542293,
    "forced_liquidations": 0,
    "avg_forced_liq_cost": 0.0,
    "std_forced_liq_cost": 0.0
  },
  "strategy": "skew_mid_spread",
  "strategy_kwargs": {
    "gamma": 0.1,
    "gamma_cap_factor": 5.0,
    "gamma_imb": 0.5,
    "gamma_inv_scale": 4.0,
    "gamma_vol_scale": 2.0,
    "gradient_penalty_ticks": 1.0,
    "gradient_threshold": 1.5,
    "k_vol": 1.3,
    "size_base": 0.005,
    "size_exp": 3.0,
    "size_min_factor": 0.2
  },
  "snapshots_processed": 1000,
  "sharpe_ratio": -1.2294020328621968,
  "capital_base": 10000.0,
  "sharpe_horizon_seconds": 60.0
}