{
  "final_pnl": -7.554182215277251,
  "final_inventory": 0.0077687665044452545,
  "fill_count": 283,
  "max_drawdown": 7.554182215277251,
  "pnl_attribution": {
    "inventory_moves": -0.5627613442553521,
    "fees": -7.4888377044390815,
    "spread_capture": 0.9873159952774386,
    "adverse_selection": -0.4762222306982426,
    "funding_rates": 0.0
  },
  "additional_metrics": {
    "orders_placed": 540,
    "orders_placed_buy": 265,
    "orders_placed_sell": 275,
    "maker_qty_placed": 6.205916343282852,
    "maker_qty_filled": 1.323070192738588,
    "maker_fill_qty_rate": 0.21319497710771596,
    "avg_fill_latency_sec": 0.1859631845556154,
    "std_fill_latency_sec": 0.11303693154590208,
    "avg_queue_position": 1.1634905089736873,
    "std_queue_position": 1.410000789979138,
    "avg_order_lifetime_sec": 0.19982207772190586,
    "std_order_lifetime_sec": 0.10808567600493944,
    "avg_competition_size": 0.741597251684021,
    "std_competition_size": 0.14902977994165015,
    "forced_liquidations": 3,
    "avg_forced_liq_cost": 0.08795125819123269,
    "std_forced_liq_cost": 0.035753174416073244
  },
  "strategy": "skew_mid_spread",
  "strategy_kwargs": {
    "gamma": 0.1,
    "gamma_cap_factor": 5.0,
    "gamma_imb": 0.5,
    "gamma_inv_scale": 4.0,
    "gamma_vol_scale": 2.0,
    "gradient_penalty_ticks": 1.0,
    "gradient_threshold": 1.5,
    "k_vol": 1.3,
    "size_base": 0.02,
    "size_exp": 3.0,
    "size_min_factor": 0.1
  },
  "snapshots_processed": 1000,
  "sharpe_ratio": -1.2007042025665091,
  "capital_base": 10000.0,
  "sharpe_horizon_seconds": 60.0
}