{
  "final_pnl": -0.8501068794867024,
  "final_inventory": 0.030695084216341068,
  "fill_count": 1422,
  "max_drawdown": 3.0208772817659337,
  "pnl_attribution": {
    "inventory_moves": -0.014313965457007909,
    "fees": -1.2866801130025574,
    "spread_capture": 0.5821405713532262,
    "adverse_selection": -0.08490680244955093,
    "funding_rates": 0.0
  },
  "additional_metrics": {
    "orders_placed": 1586,
    "orders_placed_buy": 820,
    "orders_placed_sell": 766,
    "maker_qty_placed": 34.79449477400185,
    "maker_qty_filled": 0.5793218986454111,
    "maker_fill_qty_rate": 0.016649814932167818,
    "avg_fill_latency_sec": 0.005588065626636673,
    "std_fill_latency_sec": 0.03701281776092587,
    "avg_queue_position": 0.028775283505744827,
    "std_queue_position": 0.31937517910635504,
    "avg_order_lifetime_sec": 0.005588065626636673,
    "std_order_lifetime_sec": 0.03701281776092587,
    "avg_competition_size": 0.35674366145617287,
    "std_competition_size": 0.06956912026912172,
    "forced_liquidations": 0,
    "avg_forced_liq_cost": 0.0,
    "std_forced_liq_cost": 0.0,
    "taker_qty_hedge": 0.05624079399718176,
    "taker_qty_cross": 0.0,
    "taker_trades_hedge": 1360,
    "taker_trades_cross": 0,
    "taker_qty_total": 0.05624079399718176,
    "notional_traded_btc": 0.635562692642594,
    "notional_traded_usdt": 10931.28708335705
  },
  "strategy": "skew_mid_spread",
  "strategy_kwargs": {
    "extra_spread_ticks": 34.0,
    "gamma": 0.12,
    "gamma_cap_factor": 5.0,
    "gamma_imb": 0.5,
    "gamma_inv_scale": 1.0,
    "gamma_vol_scale": 2.0,
    "gradient_penalty_ticks": 1.0,
    "gradient_threshold": 1.5,
    "k_vol": 8.0,
    "size_base": 0.04,
    "size_exp": 2.0,
    "size_min_factor": 0.3
  },
  "snapshots_processed": 10000,
  "sharpe_ratio": -0.0741951084890051,
  "capital_base": 10000.0,
  "sharpe_horizon_seconds": 60.0
}