{
  "final_pnl": -0.018883171873312676,
  "final_inventory": 0.03490572819262182,
  "fill_count": 146,
  "max_drawdown": 3.063454781571636,
  "pnl_attribution": {
    "inventory_moves": -0.020226695672708513,
    "fees": -0.9341862585150182,
    "spread_capture": 1.1349264121663927,
    "adverse_selection": -0.1835798515119432,
    "funding_rates": 0.0
  },
  "additional_metrics": {
    "orders_placed": 2964,
    "orders_placed_buy": 1537,
    "orders_placed_sell": 1427,
    "maker_qty_placed": 64.96409331226843,
    "maker_qty_filled": 1.236751046526841,
    "maker_fill_qty_rate": 0.01903745566927325,
    "avg_fill_latency_sec": 0.20661249458789827,
    "std_fill_latency_sec": 0.09516058462090085,
    "avg_queue_position": 1.0115242601695233,
    "std_queue_position": 1.663074852894947,
    "avg_order_lifetime_sec": 0.20661249458789827,
    "std_order_lifetime_sec": 0.09516058462090085,
    "avg_competition_size": 0.3545365581650748,
    "std_competition_size": 0.06728425879747103,
    "forced_liquidations": 0,
    "avg_forced_liq_cost": 0.0,
    "std_forced_liq_cost": 0.0,
    "taker_qty_hedge": 0.2262106837508597,
    "taker_qty_cross": 0.0,
    "taker_trades_hedge": 14,
    "taker_trades_cross": 0,
    "taker_qty_total": 0.2262106837508597,
    "notional_traded_btc": 1.4629617302776996,
    "notional_traded_usdt": 25164.087791232552
  },
  "strategy": "skew_mid_spread",
  "strategy_kwargs": {
    "extra_spread_ticks": 20.0,
    "gamma": 0.16,
    "gamma_cap_factor": 5.0,
    "gamma_imb": 0.5,
    "gamma_inv_scale": 1.0,
    "gamma_vol_scale": 2.0,
    "gradient_penalty_ticks": 1.0,
    "gradient_threshold": 1.5,
    "k_vol": 2.0,
    "size_base": 0.04,
    "size_exp": 2.0,
    "size_min_factor": 0.3
  },
  "snapshots_processed": 10000,
  "sharpe_ratio": -0.00046805722924443753,
  "capital_base": 10000.0,
  "sharpe_horizon_seconds": 60.0
}