{
  "final_pnl": -6.980292916810868,
  "final_inventory": 0.01681481431014013,
  "fill_count": 278,
  "max_drawdown": 6.980292916810868,
  "pnl_attribution": {
    "inventory_moves": -0.5308286160769409,
    "fees": -7.250019196054255,
    "spread_capture": 1.0540067968969944,
    "adverse_selection": -0.2356585074075796,
    "funding_rates": 0.0
  },
  "additional_metrics": {
    "orders_placed": 541,
    "orders_placed_buy": 266,
    "orders_placed_sell": 275,
    "maker_qty_placed": 6.227551888890995,
    "maker_qty_filled": 1.311409596802239,
    "maker_fill_qty_rate": 0.21058188196578406,
    "avg_fill_latency_sec": 0.19063521481160098,
    "std_fill_latency_sec": 0.11399748290379158,
    "avg_queue_position": 1.1595609607786546,
    "std_queue_position": 1.3751894075815572,
    "avg_order_lifetime_sec": 0.2016918164379192,
    "std_order_lifetime_sec": 0.11057572945265798,
    "avg_competition_size": 0.7363486905430677,
    "std_competition_size": 0.1373573041472239,
    "forced_liquidations": 1,
    "avg_forced_liq_cost": 0.027739633307141076,
    "std_forced_liq_cost": 0.0
  },
  "strategy": "skew_mid_spread",
  "strategy_kwargs": {
    "gamma": 0.1,
    "gamma_cap_factor": 5.0,
    "gamma_imb": 0.5,
    "gamma_inv_scale": 4.0,
    "gamma_vol_scale": 2.0,
    "gradient_penalty_ticks": 1.0,
    "gradient_threshold": 1.5,
    "k_vol": 1.3,
    "size_base": 0.02,
    "size_exp": 1.0,
    "size_min_factor": 0.3
  },
  "snapshots_processed": 1000,
  "sharpe_ratio": -1.2192343568553503,
  "capital_base": 10000.0,
  "sharpe_horizon_seconds": 60.0
}