{
  "final_pnl": -1.6756157324361993,
  "final_inventory": 0.006260213296937996,
  "fill_count": 269,
  "max_drawdown": 1.6756157324361993,
  "pnl_attribution": {
    "inventory_moves": -0.13687009950312132,
    "fees": -1.8093135819520356,
    "spread_capture": 0.3116463067039032,
    "adverse_selection": -0.04690868909661716,
    "funding_rates": 0.0
  },
  "additional_metrics": {
    "orders_placed": 606,
    "orders_placed_buy": 302,
    "orders_placed_sell": 304,
    "maker_qty_placed": 1.7217299652269447,
    "maker_qty_filled": 0.3203080788723436,
    "maker_fill_qty_rate": 0.1860385108823515,
    "avg_fill_latency_sec": 0.18419999307201754,
    "std_fill_latency_sec": 0.11046729648016301,
    "avg_queue_position": 1.1335344245940635,
    "std_queue_position": 1.430088327857981,
    "avg_order_lifetime_sec": 0.1971548311171993,
    "std_order_lifetime_sec": 0.10253987914430143,
    "avg_competition_size": 0.6367740148713468,
    "std_competition_size": 0.12599515508948297,
    "forced_liquidations": 0,
    "avg_forced_liq_cost": 0.0,
    "std_forced_liq_cost": 0.0
  },
  "strategy": "skew_mid_spread",
  "strategy_kwargs": {
    "gamma": 0.1,
    "gamma_cap_factor": 5.0,
    "gamma_imb": 0.5,
    "gamma_inv_scale": 4.0,
    "gamma_vol_scale": 2.0,
    "gradient_penalty_ticks": 1.0,
    "gradient_threshold": 1.5,
    "k_vol": 1.3,
    "size_base": 0.005,
    "size_exp": 1.0,
    "size_min_factor": 0.3
  },
  "snapshots_processed": 1000,
  "sharpe_ratio": -1.1463638263868816,
  "capital_base": 10000.0,
  "sharpe_horizon_seconds": 60.0
}