{
  "final_pnl": -1.7158396743216144,
  "final_inventory": 0.003868211307394708,
  "fill_count": 265,
  "max_drawdown": 1.7158396743216144,
  "pnl_attribution": {
    "inventory_moves": -0.105950708556131,
    "fees": -1.7543727868879488,
    "spread_capture": 0.18865343250250532,
    "adverse_selection": -0.04950593840217494,
    "funding_rates": 0.0
  },
  "additional_metrics": {
    "orders_placed": 532,
    "orders_placed_buy": 258,
    "orders_placed_sell": 274,
    "maker_qty_placed": 1.5288033657694655,
    "maker_qty_filled": 0.32046596227139135,
    "maker_fill_qty_rate": 0.20961882309180874,
    "avg_fill_latency_sec": 0.1878420977216018,
    "std_fill_latency_sec": 0.11220863183367216,
    "avg_queue_position": 1.0901178127059934,
    "std_queue_position": 1.3526685627977257,
    "avg_order_lifetime_sec": 0.21586841187979044,
    "std_order_lifetime_sec": 0.12861927029945824,
    "avg_competition_size": 0.6384955694146296,
    "std_competition_size": 0.12415760390396209,
    "forced_liquidations": 0,
    "avg_forced_liq_cost": 0.0,
    "std_forced_liq_cost": 0.0
  },
  "strategy": "skew_mid_spread",
  "strategy_kwargs": {
    "gamma": 0.1,
    "gamma_cap_factor": 5.0,
    "gamma_imb": 0.5,
    "gamma_inv_scale": 4.0,
    "gamma_vol_scale": 2.0,
    "gradient_penalty_ticks": 1.0,
    "gradient_threshold": 1.5,
    "k_vol": 1.3,
    "size_base": 0.005,
    "size_exp": 2.0,
    "size_min_factor": 0.3
  },
  "snapshots_processed": 1000,
  "sharpe_ratio": -1.1335563028873037,
  "capital_base": 10000.0,
  "sharpe_horizon_seconds": 60.0
}