{
  "final_pnl": -17.492037162674023,
  "final_inventory": 0.050312080967881236,
  "fill_count": 295,
  "max_drawdown": 17.492037162674023,
  "pnl_attribution": {
    "inventory_moves": -0.4528526438162318,
    "fees": -15.655660283808555,
    "spread_capture": 1.5975588509858212,
    "adverse_selection": -2.8465562901163346,
    "funding_rates": 0.0
  },
  "additional_metrics": {
    "orders_placed": 608,
    "orders_placed_buy": 303,
    "orders_placed_sell": 305,
    "maker_qty_placed": 13.808794692143016,
    "maker_qty_filled": 2.6977331598581755,
    "maker_fill_qty_rate": 0.19536340571368932,
    "avg_fill_latency_sec": 0.17912208895350612,
    "std_fill_latency_sec": 0.11305849318062161,
    "avg_queue_position": 1.212359888628626,
    "std_queue_position": 1.4108942754333864,
    "avg_order_lifetime_sec": 0.1878837166830551,
    "std_order_lifetime_sec": 0.10847761480582095,
    "avg_competition_size": 0.8763221525274693,
    "std_competition_size": 0.167346951768984,
    "forced_liquidations": 15,
    "avg_forced_liq_cost": 0.16137251607077727,
    "std_forced_liq_cost": 0.0956065030831854
  },
  "strategy": "skew_mid_spread",
  "strategy_kwargs": {
    "gamma": 0.1,
    "gamma_cap_factor": 5.0,
    "gamma_imb": 0.5,
    "gamma_inv_scale": 4.0,
    "gamma_vol_scale": 2.0,
    "gradient_penalty_ticks": 1.0,
    "gradient_threshold": 1.5,
    "k_vol": 1.3,
    "size_base": 0.04,
    "size_exp": 1.0,
    "size_min_factor": 0.3
  },
  "snapshots_processed": 1000,
  "sharpe_ratio": -1.126001658100297,
  "capital_base": 10000.0,
  "sharpe_horizon_seconds": 60.0
}