{
  "final_pnl": -3.1810881260716997,
  "final_inventory": 0.04467529945208876,
  "fill_count": 1512,
  "max_drawdown": 3.884368183396873,
  "pnl_attribution": {
    "inventory_moves": -1.9291004555794717,
    "fees": -1.943864357327967,
    "spread_capture": 0.8445197093801998,
    "adverse_selection": -0.11368059841878514,
    "funding_rates": 0.0
  },
  "additional_metrics": {
    "orders_placed": 2062,
    "orders_placed_buy": 1069,
    "orders_placed_sell": 993,
    "maker_qty_placed": 45.088208856465315,
    "maker_qty_filled": 0.7605212261602017,
    "maker_fill_qty_rate": 0.016867408252593485,
    "avg_fill_latency_sec": 0.007163265773228237,
    "std_fill_latency_sec": 0.04176890709064831,
    "avg_queue_position": 0.021783687839619998,
    "std_queue_position": 0.20743965397315914,
    "avg_order_lifetime_sec": 0.007163265773228237,
    "std_order_lifetime_sec": 0.04176890709064831,
    "avg_competition_size": 0.3542996277675796,
    "std_competition_size": 0.06861397654933778,
    "forced_liquidations": 0,
    "avg_forced_liq_cost": 0.0,
    "std_forced_liq_cost": 0.0,
    "taker_qty_hedge": 0.12320311408483194,
    "taker_qty_cross": 0.0,
    "taker_trades_hedge": 1428,
    "taker_trades_cross": 0,
    "taker_qty_total": 0.12320311408483194,
    "notional_traded_btc": 0.8837243402450337,
    "notional_traded_usdt": 15200.117957311912
  },
  "strategy": "skew_mid_spread",
  "strategy_kwargs": {
    "extra_spread_ticks": 30.0,
    "gamma": 0.08,
    "gamma_cap_factor": 5.0,
    "gamma_imb": 0.5,
    "gamma_inv_scale": 1.0,
    "gamma_vol_scale": 2.0,
    "gradient_penalty_ticks": 1.0,
    "gradient_threshold": 1.5,
    "k_vol": 4.0,
    "size_base": 0.04,
    "size_exp": 2.0,
    "size_min_factor": 0.3
  },
  "snapshots_processed": 10000,
  "sharpe_ratio": -0.4005031945444303,
  "capital_base": 10000.0,
  "sharpe_horizon_seconds": 60.0
}