{
  "final_pnl": -16.14304245025596,
  "final_inventory": 0.034199886570385175,
  "fill_count": 302,
  "max_drawdown": 16.14304245025596,
  "pnl_attribution": {
    "inventory_moves": -0.4458922827219173,
    "fees": -15.358279613256803,
    "spread_capture": 2.3108463438950957,
    "adverse_selection": -2.4838801863842623,
    "funding_rates": 0.0
  },
  "additional_metrics": {
    "orders_placed": 532,
    "orders_placed_buy": 262,
    "orders_placed_sell": 270,
    "maker_qty_placed": 12.192948890268553,
    "maker_qty_filled": 2.837346775447376,
    "maker_fill_qty_rate": 0.2327039013270958,
    "avg_fill_latency_sec": 0.19112138389852007,
    "std_fill_latency_sec": 0.11628608312919973,
    "avg_queue_position": 1.2524236597677454,
    "std_queue_position": 1.3604608713193866,
    "avg_order_lifetime_sec": 0.20128323163600326,
    "std_order_lifetime_sec": 0.1132051941791409,
    "avg_competition_size": 0.8776051575950334,
    "std_competition_size": 0.1745483994257526,
    "forced_liquidations": 13,
    "avg_forced_liq_cost": 0.1580973637068815,
    "std_forced_liq_cost": 0.07532743044618391
  },
  "strategy": "skew_mid_spread",
  "strategy_kwargs": {
    "gamma": 0.1,
    "gamma_cap_factor": 5.0,
    "gamma_imb": 0.5,
    "gamma_inv_scale": 4.0,
    "gamma_vol_scale": 2.0,
    "gradient_penalty_ticks": 1.0,
    "gradient_threshold": 1.5,
    "k_vol": 1.3,
    "size_base": 0.04,
    "size_exp": 3.0,
    "size_min_factor": 0.2
  },
  "snapshots_processed": 1000,
  "sharpe_ratio": -1.0874462055760312,
  "capital_base": 10000.0,
  "sharpe_horizon_seconds": 60.0
}