{
  "final_pnl": -0.2700497402511246,
  "final_inventory": 0.011798026190844788,
  "fill_count": 44,
  "max_drawdown": 0.4363876231291215,
  "pnl_attribution": {
    "inventory_moves": -0.23165735504866536,
    "fees": -0.0949368791229622,
    "spread_capture": 0.06990885259827934,
    "adverse_selection": -0.008474452781483522,
    "funding_rates": 0.0
  },
  "additional_metrics": {
    "orders_placed": 1586,
    "orders_placed_buy": 819,
    "orders_placed_sell": 767,
    "maker_qty_placed": 4.3568723311416635,
    "maker_qty_filled": 0.05519584601078935,
    "maker_fill_qty_rate": 0.012668685656971265,
    "avg_fill_latency_sec": 0.2508181550286033,
    "std_fill_latency_sec": 0.0006492162053183117,
    "avg_queue_position": 1.3691832606062162,
    "std_queue_position": 1.2167773303967389,
    "avg_order_lifetime_sec": 0.2508181550286033,
    "std_order_lifetime_sec": 0.0006492162053183117,
    "avg_competition_size": 0.26045593942718964,
    "std_competition_size": 0.050310457140090935,
    "forced_liquidations": 0,
    "avg_forced_liq_cost": 0.0,
    "std_forced_liq_cost": 0.0,
    "taker_qty_hedge": 0.0,
    "taker_qty_cross": 0.0,
    "taker_trades_hedge": 0,
    "taker_trades_cross": 0,
    "taker_qty_total": 0.0,
    "notional_traded_btc": 0.05519584601078935,
    "notional_traded_usdt": 949.368791229622
  },
  "strategy": "skew_mid_spread",
  "strategy_kwargs": {
    "extra_spread_ticks": 24.0,
    "gamma": 0.12,
    "gamma_cap_factor": 5.0,
    "gamma_imb": 0.5,
    "gamma_inv_scale": 2.0,
    "gamma_vol_scale": 1.0,
    "gradient_penalty_ticks": 1.0,
    "gradient_threshold": 1.5,
    "k_vol": 4.0,
    "size_base": 0.005,
    "size_exp": 2.0,
    "size_min_factor": 0.3
  },
  "snapshots_processed": 10000,
  "sharpe_ratio": -0.22796534807377491,
  "capital_base": 10000.0,
  "sharpe_horizon_seconds": 60.0
}