{
  "final_pnl": -2.9605778381519485,
  "final_inventory": -0.00430899246223676,
  "fill_count": 163,
  "max_drawdown": 4.5344682653649215,
  "pnl_attribution": {
    "inventory_moves": 0.1145080634035879,
    "fees": -4.383658935940383,
    "spread_capture": 1.5868368582447567,
    "adverse_selection": -0.1799880664747442,
    "funding_rates": 0.0
  },
  "additional_metrics": {
    "orders_placed": 2965,
    "orders_placed_buy": 1540,
    "orders_placed_sell": 1425,
    "maker_qty_placed": 64.9285007416971,
    "maker_qty_filled": 1.2483495114325063,
    "maker_fill_qty_rate": 0.0192265260582371,
    "avg_fill_latency_sec": 0.1792526220020495,
    "std_fill_latency_sec": 0.1129527058079516,
    "avg_queue_position": 0.7296911221855593,
    "std_queue_position": 1.157442957942102,
    "avg_order_lifetime_sec": 0.1792526220020495,
    "std_order_lifetime_sec": 0.1129527058079516,
    "avg_competition_size": 0.3569239582547004,
    "std_competition_size": 0.06624933618663247,
    "forced_liquidations": 0,
    "avg_forced_liq_cost": 0.0,
    "std_forced_liq_cost": 0.0,
    "taker_qty_hedge": 0.4332723463700552,
    "taker_qty_cross": 0.0,
    "taker_trades_hedge": 27,
    "taker_trades_cross": 0,
    "taker_qty_total": 0.4332723463700552,
    "notional_traded_btc": 1.6816218578025603,
    "notional_traded_usdt": 28926.842668196674
  },
  "strategy": "skew_mid_spread",
  "strategy_kwargs": {
    "extra_spread_ticks": 26.0,
    "gamma": 0.16,
    "gamma_cap_factor": 5.0,
    "gamma_imb": 0.5,
    "gamma_inv_scale": 1.0,
    "gamma_vol_scale": 2.0,
    "gradient_penalty_ticks": 1.0,
    "gradient_threshold": 1.5,
    "k_vol": 6.0,
    "size_base": 0.04,
    "size_exp": 2.0,
    "size_min_factor": 0.3
  },
  "snapshots_processed": 10000,
  "sharpe_ratio": -0.26236094952604994,
  "capital_base": 10000.0,
  "sharpe_horizon_seconds": 60.0
}