{
  "final_pnl": -22.486034009083596,
  "final_inventory": 0.011978468405649558,
  "fill_count": 311,
  "max_drawdown": 22.486034009083596,
  "pnl_attribution": {
    "inventory_moves": -0.09011740386155431,
    "fees": -17.594539492242404,
    "spread_capture": 2.0707717478853183,
    "adverse_selection": -6.575429957450795,
    "funding_rates": 0.0
  },
  "additional_metrics": {
    "orders_placed": 538,
    "orders_placed_buy": 265,
    "orders_placed_sell": 273,
    "maker_qty_placed": 12.371399482388382,
    "maker_qty_filled": 2.75201709188394,
    "maker_fill_qty_rate": 0.22244994156090775,
    "avg_fill_latency_sec": 0.16875400645210142,
    "std_fill_latency_sec": 0.12301264152232587,
    "avg_queue_position": 1.1040593435959358,
    "std_queue_position": 1.349718180105099,
    "avg_order_lifetime_sec": 0.17815507414506718,
    "std_order_lifetime_sec": 0.12208895404346597,
    "avg_competition_size": 0.8750876722651216,
    "std_competition_size": 0.17652621272281102,
    "forced_liquidations": 31,
    "avg_forced_liq_cost": 0.19869293871803007,
    "std_forced_liq_cost": 0.1105035374433541
  },
  "strategy": "skew_mid_spread",
  "strategy_kwargs": {
    "gamma": 0.1,
    "gamma_cap_factor": 5.0,
    "gamma_imb": 0.5,
    "gamma_inv_scale": 4.0,
    "gamma_vol_scale": 2.0,
    "gradient_penalty_ticks": 1.0,
    "gradient_threshold": 1.5,
    "k_vol": 1.3,
    "size_base": 0.04,
    "size_exp": 1.0,
    "size_min_factor": 0.2
  },
  "snapshots_processed": 1000,
  "sharpe_ratio": -1.3284716138027972,
  "capital_base": 10000.0,
  "sharpe_horizon_seconds": 60.0
}