{
  "final_pnl": -1.355398416526441,
  "final_inventory": 0.0804391804,
  "fill_count": 78,
  "max_drawdown": 3.241904249352956,
  "pnl_attribution": {
    "inventory_moves": 0.22686632910787133,
    "fees": -2.054362986888939,
    "spread_capture": 0.6042475917396939,
    "adverse_selection": -0.09412751611787618,
    "funding_rates": 0.0
  },
  "additional_metrics": {
    "orders_placed": 1586,
    "orders_placed_buy": 820,
    "orders_placed_sell": 766,
    "maker_qty_placed": 34.789089871691765,
    "maker_qty_filled": 0.6620771121257857,
    "maker_fill_qty_rate": 0.01903117082302646,
    "avg_fill_latency_sec": 0.1936136159029874,
    "std_fill_latency_sec": 0.1050032822105093,
    "avg_queue_position": 1.214311400144246,
    "std_queue_position": 1.8373446495697128,
    "avg_order_lifetime_sec": 0.1936136159029874,
    "std_order_lifetime_sec": 0.1050032822105093,
    "avg_competition_size": 0.35278614459410884,
    "std_competition_size": 0.07024673695609729,
    "forced_liquidations": 0,
    "avg_forced_liq_cost": 0.0,
    "std_forced_liq_cost": 0.0,
    "taker_qty_hedge": 0.177372352673204,
    "taker_qty_cross": 0.0,
    "taker_trades_hedge": 10,
    "taker_trades_cross": 0,
    "taker_qty_total": 0.177372352673204,
    "notional_traded_btc": 0.8394494647989895,
    "notional_traded_usdt": 14440.045971235624
  },
  "strategy": "skew_mid_spread",
  "strategy_kwargs": {
    "extra_spread_ticks": 30.0,
    "gamma": 0.08,
    "gamma_cap_factor": 5.0,
    "gamma_imb": 0.5,
    "gamma_inv_scale": 1.0,
    "gamma_vol_scale": 2.0,
    "gradient_penalty_ticks": 1.0,
    "gradient_threshold": 1.5,
    "k_vol": 4.0,
    "size_base": 0.04,
    "size_exp": 2.0,
    "size_min_factor": 0.3
  },
  "snapshots_processed": 10000,
  "sharpe_ratio": -0.1036454000204145,
  "capital_base": 10000.0,
  "sharpe_horizon_seconds": 60.0
}