{
  "final_pnl": -3.5459567470770708,
  "final_inventory": 0.0025592522569034496,
  "fill_count": 273,
  "max_drawdown": 3.5459567470770708,
  "pnl_attribution": {
    "inventory_moves": -0.2770354353454024,
    "fees": -3.6404578784953983,
    "spread_capture": 0.4656836703287675,
    "adverse_selection": -0.09844404848604563,
    "funding_rates": 0.0
  },
  "additional_metrics": {
    "orders_placed": 610,
    "orders_placed_buy": 303,
    "orders_placed_sell": 307,
    "maker_qty_placed": 3.4704345441067037,
    "maker_qty_filled": 0.6434806870363708,
    "maker_fill_qty_rate": 0.18541790051309093,
    "avg_fill_latency_sec": 0.185057319653262,
    "std_fill_latency_sec": 0.11002062276338745,
    "avg_queue_position": 1.142109209570545,
    "std_queue_position": 1.4109529887072896,
    "avg_order_lifetime_sec": 0.19624840226143028,
    "std_order_lifetime_sec": 0.10318140660219767,
    "avg_competition_size": 0.6651754269812603,
    "std_competition_size": 0.1307956718749446,
    "forced_liquidations": 0,
    "avg_forced_liq_cost": 0.0,
    "std_forced_liq_cost": 0.0
  },
  "strategy": "skew_mid_spread",
  "strategy_kwargs": {
    "gamma": 0.1,
    "gamma_cap_factor": 5.0,
    "gamma_imb": 0.5,
    "gamma_inv_scale": 4.0,
    "gamma_vol_scale": 2.0,
    "gradient_penalty_ticks": 1.0,
    "gradient_threshold": 1.5,
    "k_vol": 1.3,
    "size_base": 0.01,
    "size_exp": 3.0,
    "size_min_factor": 0.3
  },
  "snapshots_processed": 1000,
  "sharpe_ratio": -1.2534622856877915,
  "capital_base": 10000.0,
  "sharpe_horizon_seconds": 60.0
}