{
  "final_pnl": -3.333623051779796,
  "final_inventory": 0.007471783127861328,
  "fill_count": 266,
  "max_drawdown": 3.333623051779796,
  "pnl_attribution": {
    "inventory_moves": -0.19835693611450939,
    "fees": -3.5385379287748338,
    "spread_capture": 0.49350909779027163,
    "adverse_selection": -0.0948870227604804,
    "funding_rates": 0.0
  },
  "additional_metrics": {
    "orders_placed": 531,
    "orders_placed_buy": 259,
    "orders_placed_sell": 272,
    "maker_qty_placed": 3.0459780218588945,
    "maker_qty_filled": 0.6343561943922538,
    "maker_fill_qty_rate": 0.20826026643656473,
    "avg_fill_latency_sec": 0.18666012458551942,
    "std_fill_latency_sec": 0.11288805991040707,
    "avg_queue_position": 1.1217063384065944,
    "std_queue_position": 1.4247173673283748,
    "avg_order_lifetime_sec": 0.20632679010528365,
    "std_order_lifetime_sec": 0.11498284991660822,
    "avg_competition_size": 0.655777521563379,
    "std_competition_size": 0.12824606481774198,
    "forced_liquidations": 0,
    "avg_forced_liq_cost": 0.0,
    "std_forced_liq_cost": 0.0
  },
  "strategy": "skew_mid_spread",
  "strategy_kwargs": {
    "gamma": 0.1,
    "gamma_cap_factor": 5.0,
    "gamma_imb": 0.5,
    "gamma_inv_scale": 4.0,
    "gamma_vol_scale": 2.0,
    "gradient_penalty_ticks": 1.0,
    "gradient_threshold": 1.5,
    "k_vol": 1.3,
    "size_base": 0.01,
    "size_exp": 2.0,
    "size_min_factor": 0.2
  },
  "snapshots_processed": 1000,
  "sharpe_ratio": -1.115071929343503,
  "capital_base": 10000.0,
  "sharpe_horizon_seconds": 60.0
}