{
  "final_pnl": -1.6563628782896558,
  "final_inventory": 0.003629388098788289,
  "fill_count": 263,
  "max_drawdown": 1.6563628782896558,
  "pnl_attribution": {
    "inventory_moves": -0.10154310109279827,
    "fees": -1.749722291563986,
    "spread_capture": 0.2395911951889693,
    "adverse_selection": -0.04713800021489362,
    "funding_rates": 0.0
  },
  "additional_metrics": {
    "orders_placed": 528,
    "orders_placed_buy": 257,
    "orders_placed_sell": 271,
    "maker_qty_placed": 1.5180528715557664,
    "maker_qty_filled": 0.31613253450912726,
    "maker_fill_qty_rate": 0.20824869833758883,
    "avg_fill_latency_sec": 0.18743045756358975,
    "std_fill_latency_sec": 0.11246512193775209,
    "avg_queue_position": 1.0915095999879774,
    "std_queue_position": 1.3408675655773843,
    "avg_order_lifetime_sec": 0.21066886699752302,
    "std_order_lifetime_sec": 0.12259634663876151,
    "avg_competition_size": 0.6263798883468928,
    "std_competition_size": 0.12434663971103035,
    "forced_liquidations": 0,
    "avg_forced_liq_cost": 0.0,
    "std_forced_liq_cost": 0.0
  },
  "strategy": "skew_mid_spread",
  "strategy_kwargs": {
    "gamma": 0.1,
    "gamma_cap_factor": 5.0,
    "gamma_imb": 0.5,
    "gamma_inv_scale": 4.0,
    "gamma_vol_scale": 2.0,
    "gradient_penalty_ticks": 1.0,
    "gradient_threshold": 1.5,
    "k_vol": 1.3,
    "size_base": 0.005,
    "size_exp": 1.0,
    "size_min_factor": 0.2
  },
  "snapshots_processed": 1000,
  "sharpe_ratio": -1.122829573347096,
  "capital_base": 10000.0,
  "sharpe_horizon_seconds": 60.0
}