{
  "final_pnl": -21.853979214260107,
  "final_inventory": 0.02400659971831111,
  "fill_count": 311,
  "max_drawdown": 21.853979214260107,
  "pnl_attribution": {
    "inventory_moves": -0.11585336261852801,
    "fees": -17.558771884651193,
    "spread_capture": 1.851329328658082,
    "adverse_selection": -5.780924060666526,
    "funding_rates": 0.0
  },
  "additional_metrics": {
    "orders_placed": 606,
    "orders_placed_buy": 302,
    "orders_placed_sell": 304,
    "maker_qty_placed": 13.779242466846354,
    "maker_qty_filled": 2.7543000104032958,
    "maker_fill_qty_rate": 0.19988762205399166,
    "avg_fill_latency_sec": 0.16608555814161657,
    "std_fill_latency_sec": 0.1183846835139695,
    "avg_queue_position": 1.0915990832661688,
    "std_queue_position": 1.3285937930378746,
    "avg_order_lifetime_sec": 0.17414438150783274,
    "std_order_lifetime_sec": 0.11531387068384863,
    "avg_competition_size": 0.8705604925888096,
    "std_competition_size": 0.16798489778988657,
    "forced_liquidations": 32,
    "avg_forced_liq_cost": 0.16778922047319883,
    "std_forced_liq_cost": 0.10329739316750432
  },
  "strategy": "skew_mid_spread",
  "strategy_kwargs": {
    "gamma": 0.1,
    "gamma_cap_factor": 5.0,
    "gamma_imb": 0.5,
    "gamma_inv_scale": 4.0,
    "gamma_vol_scale": 2.0,
    "gradient_penalty_ticks": 1.0,
    "gradient_threshold": 1.5,
    "k_vol": 1.3,
    "size_base": 0.04,
    "size_exp": 1.0,
    "size_min_factor": 0.1
  },
  "snapshots_processed": 1000,
  "sharpe_ratio": -1.3449706953339584,
  "capital_base": 10000.0,
  "sharpe_horizon_seconds": 60.0
}