{
  "final_pnl": -7.400340200729261,
  "final_inventory": 0.011990089879600496,
  "fill_count": 276,
  "max_drawdown": 7.400340200729261,
  "pnl_attribution": {
    "inventory_moves": -0.6204912674226594,
    "fees": -7.542945541713352,
    "spread_capture": 0.9582715769005112,
    "adverse_selection": -0.18640678068997973,
    "funding_rates": 0.0
  },
  "additional_metrics": {
    "orders_placed": 612,
    "orders_placed_buy": 305,
    "orders_placed_sell": 307,
    "maker_qty_placed": 6.960819209491396,
    "maker_qty_filled": 1.2772839438436718,
    "maker_fill_qty_rate": 0.18349621005844208,
    "avg_fill_latency_sec": 0.18162499517202377,
    "std_fill_latency_sec": 0.11186195155734494,
    "avg_queue_position": 1.1108042450550644,
    "std_queue_position": 1.400312113240983,
    "avg_order_lifetime_sec": 0.191018745303154,
    "std_order_lifetime_sec": 0.10661012070198513,
    "avg_competition_size": 0.7237418604425218,
    "std_competition_size": 0.14592323904815777,
    "forced_liquidations": 0,
    "avg_forced_liq_cost": 0.0,
    "std_forced_liq_cost": 0.0
  },
  "strategy": "skew_mid_spread",
  "strategy_kwargs": {
    "gamma": 0.1,
    "gamma_cap_factor": 5.0,
    "gamma_imb": 0.5,
    "gamma_inv_scale": 4.0,
    "gamma_vol_scale": 2.0,
    "gradient_penalty_ticks": 1.0,
    "gradient_threshold": 1.5,
    "k_vol": 1.3,
    "size_base": 0.02,
    "size_exp": 1.0,
    "size_min_factor": 0.3
  },
  "snapshots_processed": 1000,
  "sharpe_ratio": -1.1959429802807346,
  "capital_base": 10000.0,
  "sharpe_horizon_seconds": 60.0
}