{
  "final_pnl": -4.986339569988559,
  "final_inventory": -0.01447756882393995,
  "fill_count": 95,
  "max_drawdown": 5.270637490410081,
  "pnl_attribution": {
    "inventory_moves": -3.6212796908285236,
    "fees": -2.0977159093044673,
    "spread_capture": 0.8993058647886255,
    "adverse_selection": -0.11772343748362422,
    "funding_rates": 0.0
  },
  "additional_metrics": {
    "orders_placed": 2064,
    "orders_placed_buy": 1070,
    "orders_placed_sell": 994,
    "maker_qty_placed": 45.115626506928685,
    "maker_qty_filled": 0.7814356032557647,
    "maker_fill_qty_rate": 0.01732073039339828,
    "avg_fill_latency_sec": 0.19864150713074882,
    "std_fill_latency_sec": 0.10166001199563655,
    "avg_queue_position": 0.6536010546011508,
    "std_queue_position": 1.0302193335470866,
    "avg_order_lifetime_sec": 0.19864150713074882,
    "std_order_lifetime_sec": 0.10166001199563655,
    "avg_competition_size": 0.3530281736378284,
    "std_competition_size": 0.06775421151760554,
    "forced_liquidations": 0,
    "avg_forced_liq_cost": 0.0,
    "std_forced_liq_cost": 0.0,
    "taker_qty_hedge": 0.146024175312118,
    "taker_qty_cross": 0.0,
    "taker_trades_hedge": 11,
    "taker_trades_cross": 0,
    "taker_qty_total": 0.146024175312118,
    "notional_traded_btc": 0.9274597785678825,
    "notional_traded_usdt": 15952.281576837124
  },
  "strategy": "skew_mid_spread",
  "strategy_kwargs": {
    "extra_spread_ticks": 38.0,
    "gamma": 0.12,
    "gamma_cap_factor": 5.0,
    "gamma_imb": 0.5,
    "gamma_inv_scale": 1.0,
    "gamma_vol_scale": 2.0,
    "gradient_penalty_ticks": 1.0,
    "gradient_threshold": 1.5,
    "k_vol": 4.0,
    "size_base": 0.04,
    "size_exp": 2.0,
    "size_min_factor": 0.3
  },
  "snapshots_processed": 10000,
  "sharpe_ratio": -0.48378678543066106,
  "capital_base": 10000.0,
  "sharpe_horizon_seconds": 60.0
}