{
  "final_pnl": -0.03972402222825622,
  "final_inventory": 0.022612242775210026,
  "fill_count": 40,
  "max_drawdown": 0.7489760029438912,
  "pnl_attribution": {
    "inventory_moves": -0.011730769918052011,
    "fees": -0.08617387021784412,
    "spread_capture": 0.06544726698715789,
    "adverse_selection": -0.006956543801748045,
    "funding_rates": 0.0
  },
  "additional_metrics": {
    "orders_placed": 1588,
    "orders_placed_buy": 821,
    "orders_placed_sell": 767,
    "maker_qty_placed": 4.35854053684075,
    "maker_qty_filled": 0.05010184914660265,
    "maker_fill_qty_rate": 0.011495097664714743,
    "avg_fill_latency_sec": 0.2504999876022339,
    "std_fill_latency_sec": 0.000499987606781473,
    "avg_queue_position": 1.4510764150598061,
    "std_queue_position": 1.8672592829896817,
    "avg_order_lifetime_sec": 0.2504999876022339,
    "std_order_lifetime_sec": 0.000499987606781473,
    "avg_competition_size": 0.25964130846783723,
    "std_competition_size": 0.04898065564309587,
    "forced_liquidations": 0,
    "avg_forced_liq_cost": 0.0,
    "std_forced_liq_cost": 0.0,
    "taker_qty_hedge": 0.0,
    "taker_qty_cross": 0.0,
    "taker_trades_hedge": 0,
    "taker_trades_cross": 0,
    "taker_qty_total": 0.0,
    "notional_traded_btc": 0.05010184914660265,
    "notional_traded_usdt": 861.738702178441
  },
  "strategy": "skew_mid_spread",
  "strategy_kwargs": {
    "extra_spread_ticks": 28.0,
    "gamma": 0.08,
    "gamma_cap_factor": 5.0,
    "gamma_imb": 0.5,
    "gamma_inv_scale": 4.0,
    "gamma_vol_scale": 1.0,
    "gradient_penalty_ticks": 1.0,
    "gradient_threshold": 1.5,
    "k_vol": 8.0,
    "size_base": 0.005,
    "size_exp": 2.0,
    "size_min_factor": 0.3
  },
  "snapshots_processed": 10000,
  "sharpe_ratio": -0.014365475471424312,
  "capital_base": 10000.0,
  "sharpe_horizon_seconds": 60.0
}