{
  "final_pnl": 0.6166077632642555,
  "final_inventory": 0.060914878137316206,
  "fill_count": 209,
  "max_drawdown": 2.3161170613766444,
  "pnl_attribution": {
    "inventory_moves": 0.3335211231100881,
    "fees": -0.11271049738598282,
    "spread_capture": 0.5072526346072633,
    "adverse_selection": -0.08092664852566193,
    "funding_rates": 0.0
  },
  "additional_metrics": {
    "orders_placed": 1586,
    "orders_placed_buy": 820,
    "orders_placed_sell": 766,
    "maker_qty_placed": 34.802003584949055,
    "maker_qty_filled": 0.5476688171700052,
    "maker_fill_qty_rate": 0.015736703659408203,
    "avg_fill_latency_sec": 0.043646063697472044,
    "std_fill_latency_sec": 0.09504405919666067,
    "avg_queue_position": 0.18189119339755055,
    "std_queue_position": 0.6275877224430273,
    "avg_order_lifetime_sec": 0.043646063697472044,
    "std_order_lifetime_sec": 0.09504405919666067,
    "avg_competition_size": 0.3541624690976666,
    "std_competition_size": 0.07032957485095752,
    "forced_liquidations": 0,
    "avg_forced_liq_cost": 0.0,
    "std_forced_liq_cost": 0.0,
    "taker_qty_hedge": 0.02730736899617048,
    "taker_qty_cross": 0.0,
    "taker_trades_hedge": 147,
    "taker_trades_cross": 0,
    "taker_qty_total": 0.02730736899617048,
    "notional_traded_btc": 0.5749761861661756,
    "notional_traded_usdt": 9889.213274992195
  },
  "strategy": "skew_mid_spread",
  "strategy_kwargs": {
    "extra_spread_ticks": 30.0,
    "gamma": 0.08,
    "gamma_cap_factor": 5.0,
    "gamma_imb": 0.5,
    "gamma_inv_scale": 1.0,
    "gamma_vol_scale": 2.0,
    "gradient_penalty_ticks": 1.0,
    "gradient_threshold": 1.5,
    "k_vol": 4.0,
    "size_base": 0.04,
    "size_exp": 2.0,
    "size_min_factor": 0.3
  },
  "snapshots_processed": 10000,
  "sharpe_ratio": 0.052123547940821295,
  "capital_base": 10000.0,
  "sharpe_horizon_seconds": 60.0
}