{
  "final_pnl": -7.926451506469675,
  "final_inventory": -0.00075314811861436,
  "fill_count": 285,
  "max_drawdown": 7.926451506469675,
  "pnl_attribution": {
    "inventory_moves": -0.242222715635453,
    "fees": -7.530390264167108,
    "spread_capture": 1.0096748249051102,
    "adverse_selection": -1.1303311462794279,
    "funding_rates": 0.0
  },
  "additional_metrics": {
    "orders_placed": 531,
    "orders_placed_buy": 259,
    "orders_placed_sell": 272,
    "maker_qty_placed": 6.094596538100302,
    "maker_qty_filled": 1.298365164820706,
    "maker_fill_qty_rate": 0.21303545800021226,
    "avg_fill_latency_sec": 0.1810903563556901,
    "std_fill_latency_sec": 0.11545769509375885,
    "avg_queue_position": 1.1340923677165167,
    "std_queue_position": 1.3999910583728539,
    "avg_order_lifetime_sec": 0.2022289095154728,
    "std_order_lifetime_sec": 0.1257345487541304,
    "avg_competition_size": 0.7403164678738852,
    "std_competition_size": 0.14410008666000898,
    "forced_liquidations": 11,
    "avg_forced_liq_cost": 0.08491843516562514,
    "std_forced_liq_cost": 0.05653389302720175
  },
  "strategy": "skew_mid_spread",
  "strategy_kwargs": {
    "gamma": 0.1,
    "gamma_cap_factor": 5.0,
    "gamma_imb": 0.5,
    "gamma_inv_scale": 4.0,
    "gamma_vol_scale": 2.0,
    "gradient_penalty_ticks": 1.0,
    "gradient_threshold": 1.5,
    "k_vol": 1.3,
    "size_base": 0.02,
    "size_exp": 3.0,
    "size_min_factor": 0.1
  },
  "snapshots_processed": 1000,
  "sharpe_ratio": -1.1126577167256746,
  "capital_base": 10000.0,
  "sharpe_horizon_seconds": 60.0
}