{
  "final_pnl": -0.18727400731768284,
  "final_inventory": 0.020246209216688,
  "fill_count": 46,
  "max_drawdown": 0.661525611369143,
  "pnl_attribution": {
    "inventory_moves": -0.1380239732492232,
    "fees": -0.093965818536222,
    "spread_capture": 0.05187882262109256,
    "adverse_selection": -0.008817519272127287,
    "funding_rates": 0.0
  },
  "additional_metrics": {
    "orders_placed": 1590,
    "orders_placed_buy": 823,
    "orders_placed_sell": 767,
    "maker_qty_placed": 4.367087293272145,
    "maker_qty_filled": 0.05463522160797552,
    "maker_fill_qty_rate": 0.01251067769864494,
    "avg_fill_latency_sec": 0.2506956432176673,
    "std_fill_latency_sec": 0.0007480325144972719,
    "avg_queue_position": 1.3560752636933335,
    "std_queue_position": 1.3538227224046548,
    "avg_order_lifetime_sec": 0.2506956432176673,
    "std_order_lifetime_sec": 0.0007480325144972719,
    "avg_competition_size": 0.2594511914479845,
    "std_competition_size": 0.04911789963772029,
    "forced_liquidations": 0,
    "avg_forced_liq_cost": 0.0,
    "std_forced_liq_cost": 0.0,
    "taker_qty_hedge": 0.0,
    "taker_qty_cross": 0.0,
    "taker_trades_hedge": 0,
    "taker_trades_cross": 0,
    "taker_qty_total": 0.0,
    "notional_traded_btc": 0.05463522160797552,
    "notional_traded_usdt": 939.6581853622197
  },
  "strategy": "skew_mid_spread",
  "strategy_kwargs": {
    "extra_spread_ticks": 32.0,
    "gamma": 0.08,
    "gamma_cap_factor": 5.0,
    "gamma_imb": 0.5,
    "gamma_inv_scale": 2.0,
    "gamma_vol_scale": 0.0,
    "gradient_penalty_ticks": 1.0,
    "gradient_threshold": 1.5,
    "k_vol": 4.0,
    "size_base": 0.005,
    "size_exp": 2.0,
    "size_min_factor": 0.3
  },
  "snapshots_processed": 10000,
  "sharpe_ratio": -0.07825615530533439,
  "capital_base": 10000.0,
  "sharpe_horizon_seconds": 60.0
}