{
  "final_pnl": -0.8822106957741198,
  "final_inventory": 0.058307130516824984,
  "fill_count": 3129,
  "max_drawdown": 3.4996186224216217,
  "pnl_attribution": {
    "inventory_moves": 0.3514455925372704,
    "fees": -1.7868457278268557,
    "spread_capture": 0.647807812788441,
    "adverse_selection": -0.0807594758848172,
    "funding_rates": 0.0
  },
  "additional_metrics": {
    "orders_placed": 1587,
    "orders_placed_buy": 821,
    "orders_placed_sell": 766,
    "maker_qty_placed": 34.797885127878175,
    "maker_qty_filled": 0.5253385613217784,
    "maker_fill_qty_rate": 0.015096853138954288,
    "avg_fill_latency_sec": 0.002507424031325969,
    "std_fill_latency_sec": 0.024940524185394167,
    "avg_queue_position": 0.012668528011005563,
    "std_queue_position": 0.2174572720780395,
    "avg_order_lifetime_sec": 0.002507424031325969,
    "std_order_lifetime_sec": 0.024940524185394167,
    "avg_competition_size": 0.35634164781125033,
    "std_competition_size": 0.07043998095915034,
    "forced_liquidations": 0,
    "avg_forced_liq_cost": 0.0,
    "std_forced_liq_cost": 0.0,
    "taker_qty_hedge": 0.17116621384574568,
    "taker_qty_cross": 0.0,
    "taker_trades_hedge": 3067,
    "taker_trades_cross": 0,
    "taker_qty_total": 0.17116621384574568,
    "notional_traded_btc": 0.6965047751675241,
    "notional_traded_usdt": 11979.470023926031
  },
  "strategy": "skew_mid_spread",
  "strategy_kwargs": {
    "extra_spread_ticks": 34.0,
    "gamma": 0.16,
    "gamma_cap_factor": 5.0,
    "gamma_imb": 0.5,
    "gamma_inv_scale": 1.0,
    "gamma_vol_scale": 2.0,
    "gradient_penalty_ticks": 1.0,
    "gradient_threshold": 1.5,
    "k_vol": 8.0,
    "size_base": 0.04,
    "size_exp": 2.0,
    "size_min_factor": 0.3
  },
  "snapshots_processed": 10000,
  "sharpe_ratio": -0.06297219014039257,
  "capital_base": 10000.0,
  "sharpe_horizon_seconds": 60.0
}