{
  "final_pnl": -23.251215108975885,
  "final_inventory": 0.03940716369680927,
  "fill_count": 315,
  "max_drawdown": 23.251215108975885,
  "pnl_attribution": {
    "inventory_moves": -0.14180254140478235,
    "fees": -18.258662803138257,
    "spread_capture": 1.9687778836576892,
    "adverse_selection": -6.564991542900431,
    "funding_rates": 0.0
  },
  "additional_metrics": {
    "orders_placed": 606,
    "orders_placed_buy": 302,
    "orders_placed_sell": 304,
    "maker_qty_placed": 13.770607247093473,
    "maker_qty_filled": 2.673849880576113,
    "maker_fill_qty_rate": 0.19417080398836267,
    "avg_fill_latency_sec": 0.15835232561734056,
    "std_fill_latency_sec": 0.12080390969928874,
    "avg_queue_position": 1.0756972581694344,
    "std_queue_position": 1.3863967365315102,
    "avg_order_lifetime_sec": 0.1674611333738337,
    "std_order_lifetime_sec": 0.11795559337194508,
    "avg_competition_size": 0.8741442991994808,
    "std_competition_size": 0.1758946436116388,
    "forced_liquidations": 37,
    "avg_forced_liq_cost": 0.16629552719007867,
    "std_forced_liq_cost": 0.09132073320696224
  },
  "strategy": "skew_mid_spread",
  "strategy_kwargs": {
    "gamma": 0.1,
    "gamma_cap_factor": 5.0,
    "gamma_imb": 0.5,
    "gamma_inv_scale": 4.0,
    "gamma_vol_scale": 2.0,
    "gradient_penalty_ticks": 1.0,
    "gradient_threshold": 1.5,
    "k_vol": 1.3,
    "size_base": 0.04,
    "size_exp": 1.0,
    "size_min_factor": 0.2
  },
  "snapshots_processed": 1000,
  "sharpe_ratio": -1.2787068806030624,
  "capital_base": 10000.0,
  "sharpe_horizon_seconds": 60.0
}