{
  "final_pnl": -1.782417320931927,
  "final_inventory": 0.0033425316215324385,
  "fill_count": 273,
  "max_drawdown": 1.782417320931927,
  "pnl_attribution": {
    "inventory_moves": -0.14120721639334208,
    "fees": -1.8030677587175967,
    "spread_capture": 0.20703638839272634,
    "adverse_selection": -0.0473828575185502,
    "funding_rates": 0.0
  },
  "additional_metrics": {
    "orders_placed": 538,
    "orders_placed_buy": 264,
    "orders_placed_sell": 274,
    "maker_qty_placed": 1.5457038155797915,
    "maker_qty_filled": 0.3180327189952769,
    "maker_fill_qty_rate": 0.2057526906446713,
    "avg_fill_latency_sec": 0.1866815242038411,
    "std_fill_latency_sec": 0.11277140040262866,
    "avg_queue_position": 1.1757605301049916,
    "std_queue_position": 1.4876089305844151,
    "avg_order_lifetime_sec": 0.2042484010101124,
    "std_order_lifetime_sec": 0.11595560286270634,
    "avg_competition_size": 0.6408740024370059,
    "std_competition_size": 0.12009618745955153,
    "forced_liquidations": 0,
    "avg_forced_liq_cost": 0.0,
    "std_forced_liq_cost": 0.0
  },
  "strategy": "skew_mid_spread",
  "strategy_kwargs": {
    "gamma": 0.1,
    "gamma_cap_factor": 5.0,
    "gamma_imb": 0.5,
    "gamma_inv_scale": 4.0,
    "gamma_vol_scale": 2.0,
    "gradient_penalty_ticks": 1.0,
    "gradient_threshold": 1.5,
    "k_vol": 1.3,
    "size_base": 0.005,
    "size_exp": 1.0,
    "size_min_factor": 0.2
  },
  "snapshots_processed": 1000,
  "sharpe_ratio": -1.2001565237691478,
  "capital_base": 10000.0,
  "sharpe_horizon_seconds": 60.0
}