{
  "final_pnl": -1.604820207976445,
  "final_inventory": 0.002595446311920708,
  "fill_count": 262,
  "max_drawdown": 1.604820207976445,
  "pnl_attribution": {
    "inventory_moves": -0.1018323203933872,
    "fees": -1.7259625556574139,
    "spread_capture": 0.2679722595346987,
    "adverse_selection": -0.04762139085262852,
    "funding_rates": 0.0
  },
  "additional_metrics": {
    "orders_placed": 527,
    "orders_placed_buy": 255,
    "orders_placed_sell": 272,
    "maker_qty_placed": 1.515510578770484,
    "maker_qty_filled": 0.3162547763227042,
    "maker_fill_qty_rate": 0.2086786992798678,
    "avg_fill_latency_sec": 0.188679993947347,
    "std_fill_latency_sec": 0.11178981986820458,
    "avg_queue_position": 1.0777881726097969,
    "std_queue_position": 1.351277747595961,
    "avg_order_lifetime_sec": 0.21207332611083984,
    "std_order_lifetime_sec": 0.12178758142089612,
    "avg_competition_size": 0.6261958828639261,
    "std_competition_size": 0.12335106552979193,
    "forced_liquidations": 0,
    "avg_forced_liq_cost": 0.0,
    "std_forced_liq_cost": 0.0
  },
  "strategy": "skew_mid_spread",
  "strategy_kwargs": {
    "gamma": 0.1,
    "gamma_cap_factor": 5.0,
    "gamma_imb": 0.5,
    "gamma_inv_scale": 4.0,
    "gamma_vol_scale": 2.0,
    "gradient_penalty_ticks": 1.0,
    "gradient_threshold": 1.5,
    "k_vol": 1.3,
    "size_base": 0.005,
    "size_exp": 2.0,
    "size_min_factor": 0.3
  },
  "snapshots_processed": 1000,
  "sharpe_ratio": -1.1352363705164596,
  "capital_base": 10000.0,
  "sharpe_horizon_seconds": 60.0
}