{
  "final_pnl": -0.3647284411890723,
  "final_inventory": 0.01582889151186906,
  "fill_count": 54,
  "max_drawdown": 0.6250190909377125,
  "pnl_attribution": {
    "inventory_moves": -0.31236773655584915,
    "fees": -0.11328602992328106,
    "spread_capture": 0.083731053805029,
    "adverse_selection": -0.008982231403710069,
    "funding_rates": 0.0
  },
  "additional_metrics": {
    "orders_placed": 1588,
    "orders_placed_buy": 821,
    "orders_placed_sell": 767,
    "maker_qty_placed": 4.360397466671924,
    "maker_qty_filled": 0.06585726559011924,
    "maker_fill_qty_rate": 0.015103500562389061,
    "avg_fill_latency_sec": 0.250481473075019,
    "std_fill_latency_sec": 0.0006869306229124135,
    "avg_queue_position": 0.9836128262793022,
    "std_queue_position": 0.9833172247130829,
    "avg_order_lifetime_sec": 0.250481473075019,
    "std_order_lifetime_sec": 0.0006869306229124135,
    "avg_competition_size": 0.25856442088134696,
    "std_competition_size": 0.04826735441339634,
    "forced_liquidations": 0,
    "avg_forced_liq_cost": 0.0,
    "std_forced_liq_cost": 0.0,
    "taker_qty_hedge": 0.0,
    "taker_qty_cross": 0.0,
    "taker_trades_hedge": 0,
    "taker_trades_cross": 0,
    "taker_qty_total": 0.0,
    "notional_traded_btc": 0.06585726559011924,
    "notional_traded_usdt": 1132.8602992328106
  },
  "strategy": "skew_mid_spread",
  "strategy_kwargs": {
    "extra_spread_ticks": 32.0,
    "gamma": 0.12,
    "gamma_cap_factor": 5.0,
    "gamma_imb": 0.5,
    "gamma_inv_scale": 4.0,
    "gamma_vol_scale": 0.0,
    "gradient_penalty_ticks": 1.0,
    "gradient_threshold": 1.5,
    "k_vol": 8.0,
    "size_base": 0.005,
    "size_exp": 2.0,
    "size_min_factor": 0.3
  },
  "snapshots_processed": 10000,
  "sharpe_ratio": -0.1911771186504932,
  "capital_base": 10000.0,
  "sharpe_horizon_seconds": 60.0
}