{
  "final_pnl": -0.4815305672309478,
  "final_inventory": 0.03482416387182296,
  "fill_count": 80,
  "max_drawdown": 1.0566508241172414,
  "pnl_attribution": {
    "inventory_moves": -0.4059476492248366,
    "fees": -0.17684516998081407,
    "spread_capture": 0.12521140559916044,
    "adverse_selection": -0.01645983400182808,
    "funding_rates": 0.0
  },
  "additional_metrics": {
    "orders_placed": 2962,
    "orders_placed_buy": 1540,
    "orders_placed_sell": 1422,
    "maker_qty_placed": 8.117719487140489,
    "maker_qty_filled": 0.10280782435315294,
    "maker_fill_qty_rate": 0.012664618987637322,
    "avg_fill_latency_sec": 0.25042499899864196,
    "std_fill_latency_sec": 0.0005868315586229708,
    "avg_queue_position": 1.6393290028052998,
    "std_queue_position": 1.9593459215506974,
    "avg_order_lifetime_sec": 0.25042499899864196,
    "std_order_lifetime_sec": 0.0005868315586229708,
    "avg_competition_size": 0.2606590832636387,
    "std_competition_size": 0.04770407288796542,
    "forced_liquidations": 0,
    "avg_forced_liq_cost": 0.0,
    "std_forced_liq_cost": 0.0,
    "taker_qty_hedge": 0.0,
    "taker_qty_cross": 0.0,
    "taker_trades_hedge": 0,
    "taker_trades_cross": 0,
    "taker_qty_total": 0.0,
    "notional_traded_btc": 0.10280782435315294,
    "notional_traded_usdt": 1768.4516998081401
  },
  "strategy": "skew_mid_spread",
  "strategy_kwargs": {
    "extra_spread_ticks": 24.0,
    "gamma": 0.16,
    "gamma_cap_factor": 5.0,
    "gamma_imb": 0.5,
    "gamma_inv_scale": 1.0,
    "gamma_vol_scale": 1.0,
    "gradient_penalty_ticks": 1.0,
    "gradient_threshold": 1.5,
    "k_vol": 8.0,
    "size_base": 0.005,
    "size_exp": 2.0,
    "size_min_factor": 0.3
  },
  "snapshots_processed": 10000,
  "sharpe_ratio": -0.13792127101004617,
  "capital_base": 10000.0,
  "sharpe_horizon_seconds": 60.0
}