{
  "final_pnl": -2.4404013650109846,
  "final_inventory": 0.019714107741127473,
  "fill_count": 2016,
  "max_drawdown": 2.9863861001849727,
  "pnl_attribution": {
    "inventory_moves": -2.5861747432007207,
    "fees": -0.6067849666293674,
    "spread_capture": 0.8790666848096033,
    "adverse_selection": -0.12567148026605873,
    "funding_rates": 0.0
  },
  "additional_metrics": {
    "orders_placed": 2062,
    "orders_placed_buy": 1069,
    "orders_placed_sell": 993,
    "maker_qty_placed": 45.08689819430379,
    "maker_qty_filled": 0.8002622287458446,
    "maker_fill_qty_rate": 0.017749329867339344,
    "avg_fill_latency_sec": 0.005199493818645236,
    "std_fill_latency_sec": 0.035710761725197,
    "avg_queue_position": 0.020795024551790556,
    "std_queue_position": 0.22647331179138838,
    "avg_order_lifetime_sec": 0.005199493818645236,
    "std_order_lifetime_sec": 0.035710761725197,
    "avg_competition_size": 0.35333497179293105,
    "std_competition_size": 0.06872364751275392,
    "forced_liquidations": 0,
    "avg_forced_liq_cost": 0.0,
    "std_forced_liq_cost": 0.0,
    "taker_qty_hedge": 0.14694496172611618,
    "taker_qty_cross": 0.0,
    "taker_trades_hedge": 1934,
    "taker_trades_cross": 0,
    "taker_qty_total": 0.14694496172611618,
    "notional_traded_btc": 0.9472071904719622,
    "notional_traded_usdt": 16293.301156383139
  },
  "strategy": "skew_mid_spread",
  "strategy_kwargs": {
    "extra_spread_ticks": 20.0,
    "gamma": 0.12,
    "gamma_cap_factor": 5.0,
    "gamma_imb": 0.5,
    "gamma_inv_scale": 1.0,
    "gamma_vol_scale": 2.0,
    "gradient_penalty_ticks": 1.0,
    "gradient_threshold": 1.5,
    "k_vol": 4.0,
    "size_base": 0.04,
    "size_exp": 2.0,
    "size_min_factor": 0.3
  },
  "snapshots_processed": 10000,
  "sharpe_ratio": -0.3030533262956756,
  "capital_base": 10000.0,
  "sharpe_horizon_seconds": 60.0
}