{
  "final_pnl": -2.0552364068989846,
  "final_inventory": 0.03561785273551993,
  "fill_count": 146,
  "max_drawdown": 3.0719902485288912,
  "pnl_attribution": {
    "inventory_moves": -2.198815176761155,
    "fees": -1.1136230732327304,
    "spread_capture": 1.4368524544531154,
    "adverse_selection": -0.17189826306533817,
    "funding_rates": 0.0
  },
  "additional_metrics": {
    "orders_placed": 2065,
    "orders_placed_buy": 1071,
    "orders_placed_sell": 994,
    "maker_qty_placed": 45.14835034835031,
    "maker_qty_filled": 1.2062075430748085,
    "maker_fill_qty_rate": 0.026716536346690294,
    "avg_fill_latency_sec": 0.20109878057315025,
    "std_fill_latency_sec": 0.09977600428685592,
    "avg_queue_position": 0.5474752487883981,
    "std_queue_position": 0.7615565756667717,
    "avg_order_lifetime_sec": 0.20109878057315025,
    "std_order_lifetime_sec": 0.09977600428685592,
    "avg_competition_size": 0.35467753234027,
    "std_competition_size": 0.0685131841595104,
    "forced_liquidations": 0,
    "avg_forced_liq_cost": 0.0,
    "std_forced_liq_cost": 0.0,
    "taker_qty_hedge": 0.26965366017536124,
    "taker_qty_cross": 0.0,
    "taker_trades_hedge": 16,
    "taker_trades_cross": 0,
    "taker_qty_total": 0.26965366017536124,
    "notional_traded_btc": 1.47586120325017,
    "notional_traded_usdt": 25388.458445589986
  },
  "strategy": "skew_mid_spread",
  "strategy_kwargs": {
    "extra_spread_ticks": 30.0,
    "gamma": 0.12,
    "gamma_cap_factor": 5.0,
    "gamma_imb": 0.5,
    "gamma_inv_scale": 1.0,
    "gamma_vol_scale": 2.0,
    "gradient_penalty_ticks": 1.0,
    "gradient_threshold": 1.5,
    "k_vol": 6.0,
    "size_base": 0.04,
    "size_exp": 2.0,
    "size_min_factor": 0.3
  },
  "snapshots_processed": 10000,
  "sharpe_ratio": -0.254277062094007,
  "capital_base": 10000.0,
  "sharpe_horizon_seconds": 60.0
}