{
  "final_pnl": -0.5368341615758254,
  "final_inventory": 0.037761048134604874,
  "fill_count": 99,
  "max_drawdown": 1.4309371612125688,
  "pnl_attribution": {
    "inventory_moves": -0.39376134830270454,
    "fees": -0.2455319199115612,
    "spread_capture": 0.18904966051632496,
    "adverse_selection": -0.06684306077997772,
    "funding_rates": 0.0
  },
  "additional_metrics": {
    "orders_placed": 2964,
    "orders_placed_buy": 1539,
    "orders_placed_sell": 1425,
    "maker_qty_placed": 8.119921365936369,
    "maker_qty_filled": 0.12014594556046199,
    "maker_fill_qty_rate": 0.01479644200305714,
    "avg_fill_latency_sec": 0.23580391266766718,
    "std_fill_latency_sec": 0.05896493248756766,
    "avg_queue_position": 1.5116257155556228,
    "std_queue_position": 2.107700668698403,
    "avg_order_lifetime_sec": 0.23580391266766718,
    "std_order_lifetime_sec": 0.05896493248756766,
    "avg_competition_size": 0.2593957030102207,
    "std_competition_size": 0.04753883976815251,
    "forced_liquidations": 3,
    "avg_forced_liq_cost": 0.01614525873431644,
    "std_forced_liq_cost": 0.010079512663084685,
    "taker_qty_hedge": 0.0,
    "taker_qty_cross": 0.007527552763039097,
    "taker_trades_hedge": 0,
    "taker_trades_cross": 3,
    "taker_qty_total": 0.007527552763039097,
    "notional_traded_btc": 0.12767349832350108,
    "notional_traded_usdt": 2196.273329596175
  },
  "strategy": "skew_mid_spread",
  "strategy_kwargs": {
    "extra_spread_ticks": 36.0,
    "gamma": 0.08,
    "gamma_cap_factor": 5.0,
    "gamma_imb": 0.5,
    "gamma_inv_scale": 4.0,
    "gamma_vol_scale": 0.0,
    "gradient_penalty_ticks": 1.0,
    "gradient_threshold": 1.5,
    "k_vol": 6.0,
    "size_base": 0.005,
    "size_exp": 2.0,
    "size_min_factor": 0.3
  },
  "snapshots_processed": 10000,
  "sharpe_ratio": -0.12573418622449387,
  "capital_base": 10000.0,
  "sharpe_horizon_seconds": 60.0
}