{
  "final_pnl": -1.639879506717989,
  "final_inventory": 0.002281976239654083,
  "fill_count": 263,
  "max_drawdown": 1.639879506717989,
  "pnl_attribution": {
    "inventory_moves": -0.09594122418612114,
    "fees": -1.7565279426084508,
    "spread_capture": 0.2575842678860686,
    "adverse_selection": -0.047443858505955186,
    "funding_rates": 0.0
  },
  "additional_metrics": {
    "orders_placed": 535,
    "orders_placed_buy": 262,
    "orders_placed_sell": 273,
    "maker_qty_placed": 1.536249592848643,
    "maker_qty_filled": 0.31861077148072253,
    "maker_fill_qty_rate": 0.20739518693048287,
    "avg_fill_latency_sec": 0.18743707960015102,
    "std_fill_latency_sec": 0.11246883526459209,
    "avg_queue_position": 1.0955063712079138,
    "std_queue_position": 1.3583134965122028,
    "avg_order_lifetime_sec": 0.20901985989501146,
    "std_order_lifetime_sec": 0.11323107758750993,
    "avg_competition_size": 0.633971626688065,
    "std_competition_size": 0.122651970256773,
    "forced_liquidations": 0,
    "avg_forced_liq_cost": 0.0,
    "std_forced_liq_cost": 0.0
  },
  "strategy": "skew_mid_spread",
  "strategy_kwargs": {
    "gamma": 0.1,
    "gamma_cap_factor": 5.0,
    "gamma_imb": 0.5,
    "gamma_inv_scale": 4.0,
    "gamma_vol_scale": 2.0,
    "gradient_penalty_ticks": 1.0,
    "gradient_threshold": 1.5,
    "k_vol": 1.3,
    "size_base": 0.005,
    "size_exp": 1.0,
    "size_min_factor": 0.2
  },
  "snapshots_processed": 1000,
  "sharpe_ratio": -1.0917207881509552,
  "capital_base": 10000.0,
  "sharpe_horizon_seconds": 60.0
}