{
  "final_pnl": -3.663661795455482,
  "final_inventory": 0.007766724227612316,
  "fill_count": 276,
  "max_drawdown": 3.663661795455482,
  "pnl_attribution": {
    "inventory_moves": -0.2963645214694039,
    "fees": -3.6889907513589746,
    "spread_capture": 0.4078042049038298,
    "adverse_selection": -0.09161052155389748,
    "funding_rates": 0.0
  },
  "additional_metrics": {
    "orders_placed": 535,
    "orders_placed_buy": 262,
    "orders_placed_sell": 273,
    "maker_qty_placed": 3.0739963333220897,
    "maker_qty_filled": 0.6488109865560052,
    "maker_fill_qty_rate": 0.21106433326640653,
    "avg_fill_latency_sec": 0.18588049756655903,
    "std_fill_latency_sec": 0.11312798621989231,
    "avg_queue_position": 1.1710581429680078,
    "std_queue_position": 1.445747416474034,
    "avg_order_lifetime_sec": 0.20794967885287302,
    "std_order_lifetime_sec": 0.1231007575620091,
    "avg_competition_size": 0.6654909593382498,
    "std_competition_size": 0.12924462323549993,
    "forced_liquidations": 0,
    "avg_forced_liq_cost": 0.0,
    "std_forced_liq_cost": 0.0
  },
  "strategy": "skew_mid_spread",
  "strategy_kwargs": {
    "gamma": 0.1,
    "gamma_cap_factor": 5.0,
    "gamma_imb": 0.5,
    "gamma_inv_scale": 4.0,
    "gamma_vol_scale": 2.0,
    "gradient_penalty_ticks": 1.0,
    "gradient_threshold": 1.5,
    "k_vol": 1.3,
    "size_base": 0.01,
    "size_exp": 2.0,
    "size_min_factor": 0.1
  },
  "snapshots_processed": 1000,
  "sharpe_ratio": -1.2316931816881433,
  "capital_base": 10000.0,
  "sharpe_horizon_seconds": 60.0
}