{
  "final_pnl": -1.3605659795885003,
  "final_inventory": 0.06287109155933021,
  "fill_count": 90,
  "max_drawdown": 4.556838310420062,
  "pnl_attribution": {
    "inventory_moves": 0.8691650576794667,
    "fees": -2.6933276277586717,
    "spread_capture": 0.5787475777476009,
    "adverse_selection": -0.09658655190155527,
    "funding_rates": 0.0
  },
  "additional_metrics": {
    "orders_placed": 1587,
    "orders_placed_buy": 821,
    "orders_placed_sell": 766,
    "maker_qty_placed": 34.823907435891584,
    "maker_qty_filled": 0.6080383790424022,
    "maker_fill_qty_rate": 0.017460372020622873,
    "avg_fill_latency_sec": 0.1594363516027277,
    "std_fill_latency_sec": 0.12052351003903344,
    "avg_queue_position": 0.634562691084001,
    "std_queue_position": 1.3482426257211404,
    "avg_order_lifetime_sec": 0.1594363516027277,
    "std_order_lifetime_sec": 0.12052351003903344,
    "avg_competition_size": 0.3570699038673958,
    "std_competition_size": 0.07145626867936494,
    "forced_liquidations": 0,
    "avg_forced_liq_cost": 0.0,
    "std_forced_liq_cost": 0.0,
    "taker_qty_hedge": 0.31920456631955213,
    "taker_qty_cross": 0.0,
    "taker_trades_hedge": 20,
    "taker_trades_cross": 0,
    "taker_qty_total": 0.31920456631955213,
    "notional_traded_btc": 0.9272429453619544,
    "notional_traded_usdt": 15949.497691445746
  },
  "strategy": "skew_mid_spread",
  "strategy_kwargs": {
    "extra_spread_ticks": 38.0,
    "gamma": 0.16,
    "gamma_cap_factor": 5.0,
    "gamma_imb": 0.5,
    "gamma_inv_scale": 1.0,
    "gamma_vol_scale": 2.0,
    "gradient_penalty_ticks": 1.0,
    "gradient_threshold": 1.5,
    "k_vol": 6.0,
    "size_base": 0.04,
    "size_exp": 2.0,
    "size_min_factor": 0.3
  },
  "snapshots_processed": 10000,
  "sharpe_ratio": -0.0874118237173952,
  "capital_base": 10000.0,
  "sharpe_horizon_seconds": 60.0
}