{
  "final_pnl": -3.434488032298759,
  "final_inventory": 0.005111405246292641,
  "fill_count": 269,
  "max_drawdown": 3.434488032298759,
  "pnl_attribution": {
    "inventory_moves": -0.24436934554156672,
    "fees": -3.5141686805079293,
    "spread_capture": 0.4225212440305783,
    "adverse_selection": -0.09503894045254245,
    "funding_rates": 0.0
  },
  "additional_metrics": {
    "orders_placed": 534,
    "orders_placed_buy": 262,
    "orders_placed_sell": 272,
    "maker_qty_placed": 3.0729087919999776,
    "maker_qty_filled": 0.6272618886932493,
    "maker_fill_qty_rate": 0.20412642585626534,
    "avg_fill_latency_sec": 0.18866882540962912,
    "std_fill_latency_sec": 0.11171037596405292,
    "avg_queue_position": 1.1238998495832253,
    "std_queue_position": 1.4041881391306266,
    "avg_order_lifetime_sec": 0.201707784231607,
    "std_order_lifetime_sec": 0.10714572256541938,
    "avg_competition_size": 0.6619603888032283,
    "std_competition_size": 0.1260997730840205,
    "forced_liquidations": 0,
    "avg_forced_liq_cost": 0.0,
    "std_forced_liq_cost": 0.0
  },
  "strategy": "skew_mid_spread",
  "strategy_kwargs": {
    "gamma": 0.1,
    "gamma_cap_factor": 5.0,
    "gamma_imb": 0.5,
    "gamma_inv_scale": 4.0,
    "gamma_vol_scale": 2.0,
    "gradient_penalty_ticks": 1.0,
    "gradient_threshold": 1.5,
    "k_vol": 1.3,
    "size_base": 0.01,
    "size_exp": 3.0,
    "size_min_factor": 0.3
  },
  "snapshots_processed": 1000,
  "sharpe_ratio": -1.1325995493521566,
  "capital_base": 10000.0,
  "sharpe_horizon_seconds": 60.0
}