{
  "final_pnl": -7.422301202943345,
  "final_inventory": 0.010018341266247453,
  "fill_count": 277,
  "max_drawdown": 7.422301202943345,
  "pnl_attribution": {
    "inventory_moves": -0.6000618745513181,
    "fees": -7.378812817362798,
    "spread_capture": 0.8205619346356811,
    "adverse_selection": -0.25631859811368846,
    "funding_rates": 0.0
  },
  "additional_metrics": {
    "orders_placed": 543,
    "orders_placed_buy": 268,
    "orders_placed_sell": 275,
    "maker_qty_placed": 6.245250268777066,
    "maker_qty_filled": 1.2875274140817565,
    "maker_fill_qty_rate": 0.20616105979270513,
    "avg_fill_latency_sec": 0.18783124387264252,
    "std_fill_latency_sec": 0.11880062948952598,
    "avg_queue_position": 1.1474766268595011,
    "std_queue_position": 1.3879568429220706,
    "avg_order_lifetime_sec": 0.20038124173879623,
    "std_order_lifetime_sec": 0.11480073897354974,
    "avg_competition_size": 0.7322561623828102,
    "std_competition_size": 0.14500413911048202,
    "forced_liquidations": 2,
    "avg_forced_liq_cost": 0.03320148598841547,
    "std_forced_liq_cost": 0.03242522687682659
  },
  "strategy": "skew_mid_spread",
  "strategy_kwargs": {
    "gamma": 0.1,
    "gamma_cap_factor": 5.0,
    "gamma_imb": 0.5,
    "gamma_inv_scale": 4.0,
    "gamma_vol_scale": 2.0,
    "gradient_penalty_ticks": 1.0,
    "gradient_threshold": 1.5,
    "k_vol": 1.3,
    "size_base": 0.02,
    "size_exp": 2.0,
    "size_min_factor": 0.3
  },
  "snapshots_processed": 1000,
  "sharpe_ratio": -1.2273328122339615,
  "capital_base": 10000.0,
  "sharpe_horizon_seconds": 60.0
}