{
  "final_pnl": -15.904903920967627,
  "final_inventory": 0.05891241329907719,
  "fill_count": 286,
  "max_drawdown": 15.904903920967627,
  "pnl_attribution": {
    "inventory_moves": -1.19530239671265,
    "fees": -15.510308871091151,
    "spread_capture": 1.9947215000233145,
    "adverse_selection": -1.117546854133831,
    "funding_rates": 0.0
  },
  "additional_metrics": {
    "orders_placed": 532,
    "orders_placed_buy": 260,
    "orders_placed_sell": 272,
    "maker_qty_placed": 12.20712559888844,
    "maker_qty_filled": 2.643408508117031,
    "maker_fill_qty_rate": 0.21654635128500155,
    "avg_fill_latency_sec": 0.18713252802929245,
    "std_fill_latency_sec": 0.13091520034456397,
    "avg_queue_position": 1.19103889188032,
    "std_queue_position": 1.3777288698710346,
    "avg_order_lifetime_sec": 0.2007289133876203,
    "std_order_lifetime_sec": 0.1324164389690775,
    "avg_competition_size": 0.8663582667714859,
    "std_competition_size": 0.16992812752782507,
    "forced_liquidations": 4,
    "avg_forced_liq_cost": 0.1831009173572229,
    "std_forced_liq_cost": 0.09707699981764313
  },
  "strategy": "skew_mid_spread",
  "strategy_kwargs": {
    "gamma": 0.1,
    "gamma_cap_factor": 5.0,
    "gamma_imb": 0.5,
    "gamma_inv_scale": 4.0,
    "gamma_vol_scale": 2.0,
    "gradient_penalty_ticks": 1.0,
    "gradient_threshold": 1.5,
    "k_vol": 1.3,
    "size_base": 0.04,
    "size_exp": 3.0,
    "size_min_factor": 0.1
  },
  "snapshots_processed": 1000,
  "sharpe_ratio": -1.1984327746138435,
  "capital_base": 10000.0,
  "sharpe_horizon_seconds": 60.0
}