{
  "final_pnl": -9.264077885205552,
  "final_inventory": 0.006721944604379774,
  "fill_count": 1501,
  "max_drawdown": 9.264077885205552,
  "pnl_attribution": {
    "inventory_moves": 0.04938855638233262,
    "fees": -9.366509771312193,
    "spread_capture": 1.2107385697445825,
    "adverse_selection": -1.1477193412041307,
    "funding_rates": 0.0
  },
  "additional_metrics": {
    "orders_placed": 2851,
    "orders_placed_buy": 1421,
    "orders_placed_sell": 1430,
    "maker_qty_placed": 8.113835055848119,
    "maker_qty_filled": 1.7286370748616304,
    "maker_fill_qty_rate": 0.2130480916808507,
    "avg_fill_latency_sec": 0.19223659383111344,
    "std_fill_latency_sec": 0.11590634295695655,
    "avg_queue_position": 1.1185345039969683,
    "std_queue_position": 1.8093680859096013,
    "avg_order_lifetime_sec": 0.19924824804692834,
    "std_order_lifetime_sec": 0.11542957964908551,
    "avg_competition_size": 0.63398786579445,
    "std_competition_size": 0.12095314625790606,
    "forced_liquidations": 43,
    "avg_forced_liq_cost": 0.020694534911384586,
    "std_forced_liq_cost": 0.011483642783127777
  },
  "strategy": "skew_mid_spread",
  "strategy_kwargs": {
    "gamma": 0.05,
    "gamma_cap_factor": 5.0,
    "gamma_imb": 0.5,
    "gamma_inv_scale": 1.0,
    "gamma_vol_scale": 1.0,
    "gradient_penalty_ticks": 1.0,
    "gradient_threshold": 1.5,
    "k_vol": 1.3,
    "size_base": 0.005,
    "size_exp": 2.0,
    "size_min_factor": 0.3
  },
  "snapshots_processed": 5000,
  "sharpe_ratio": -1.3438258091089053,
  "capital_base": 10000.0,
  "sharpe_horizon_seconds": 60.0
}