{
  "final_pnl": -0.2030544178433047,
  "final_inventory": 0.016598021829393017,
  "fill_count": 40,
  "max_drawdown": 0.5169496034068288,
  "pnl_attribution": {
    "inventory_moves": -0.1613160557606459,
    "fees": -0.08634202562513445,
    "spread_capture": 0.061281342984076746,
    "adverse_selection": -0.007473964605038846,
    "funding_rates": 0.0
  },
  "additional_metrics": {
    "orders_placed": 1586,
    "orders_placed_buy": 819,
    "orders_placed_sell": 767,
    "maker_qty_placed": 4.35556007012451,
    "maker_qty_filled": 0.05019311740162886,
    "maker_fill_qty_rate": 0.011523918071044767,
    "avg_fill_latency_sec": 0.2505499839782715,
    "std_fill_latency_sec": 0.0005894870058879754,
    "avg_queue_position": 1.336888549770656,
    "std_queue_position": 1.9287116066993675,
    "avg_order_lifetime_sec": 0.2505499839782715,
    "std_order_lifetime_sec": 0.0005894870058879754,
    "avg_competition_size": 0.258634421023941,
    "std_competition_size": 0.04982365233383895,
    "forced_liquidations": 0,
    "avg_forced_liq_cost": 0.0,
    "std_forced_liq_cost": 0.0,
    "taker_qty_hedge": 0.0,
    "taker_qty_cross": 0.0,
    "taker_trades_hedge": 0,
    "taker_trades_cross": 0,
    "taker_qty_total": 0.0,
    "notional_traded_btc": 0.05019311740162886,
    "notional_traded_usdt": 863.4202562513443
  },
  "strategy": "skew_mid_spread",
  "strategy_kwargs": {
    "extra_spread_ticks": 36.0,
    "gamma": 0.16,
    "gamma_cap_factor": 5.0,
    "gamma_imb": 0.5,
    "gamma_inv_scale": 4.0,
    "gamma_vol_scale": 0.0,
    "gradient_penalty_ticks": 1.0,
    "gradient_threshold": 1.5,
    "k_vol": 6.0,
    "size_base": 0.005,
    "size_exp": 2.0,
    "size_min_factor": 0.3
  },
  "snapshots_processed": 10000,
  "sharpe_ratio": -0.11746561443515463,
  "capital_base": 10000.0,
  "sharpe_horizon_seconds": 60.0
}