{
  "final_pnl": -7.8391449921582534,
  "final_inventory": 0.006935064976876739,
  "fill_count": 283,
  "max_drawdown": 7.8391449921582534,
  "pnl_attribution": {
    "inventory_moves": -0.5939411604423128,
    "fees": -7.648004387767535,
    "spread_capture": 0.7994177551494511,
    "adverse_selection": -0.37695256696058466,
    "funding_rates": 0.0
  },
  "additional_metrics": {
    "orders_placed": 537,
    "orders_placed_buy": 263,
    "orders_placed_sell": 274,
    "maker_qty_placed": 6.175707936075048,
    "maker_qty_filled": 1.3068504604133153,
    "maker_fill_qty_rate": 0.21161144178781877,
    "avg_fill_latency_sec": 0.18480487422245304,
    "std_fill_latency_sec": 0.11692304336934041,
    "avg_queue_position": 1.127572699436538,
    "std_queue_position": 1.3639456089934507,
    "avg_order_lifetime_sec": 0.20467682437198917,
    "std_order_lifetime_sec": 0.12751742827602794,
    "avg_competition_size": 0.735159374784133,
    "std_competition_size": 0.14631798004106078,
    "forced_liquidations": 2,
    "avg_forced_liq_cost": 0.09470766035427304,
    "std_forced_liq_cost": 0.015235886334613341
  },
  "strategy": "skew_mid_spread",
  "strategy_kwargs": {
    "gamma": 0.1,
    "gamma_cap_factor": 5.0,
    "gamma_imb": 0.5,
    "gamma_inv_scale": 4.0,
    "gamma_vol_scale": 2.0,
    "gradient_penalty_ticks": 1.0,
    "gradient_threshold": 1.5,
    "k_vol": 1.3,
    "size_base": 0.02,
    "size_exp": 1.0,
    "size_min_factor": 0.3
  },
  "snapshots_processed": 1000,
  "sharpe_ratio": -1.221255203365558,
  "capital_base": 10000.0,
  "sharpe_horizon_seconds": 60.0
}