{
  "final_pnl": -7.327281981295528,
  "final_inventory": 0.021335253440943697,
  "fill_count": 271,
  "max_drawdown": 7.327281981295528,
  "pnl_attribution": {
    "inventory_moves": -0.6183110639419247,
    "fees": -7.3360119661762955,
    "spread_capture": 0.8169491528509565,
    "adverse_selection": -0.18848083448556666,
    "funding_rates": 0.0
  },
  "additional_metrics": {
    "orders_placed": 538,
    "orders_placed_buy": 263,
    "orders_placed_sell": 275,
    "maker_qty_placed": 6.187722376730153,
    "maker_qty_filled": 1.2478266925845134,
    "maker_fill_qty_rate": 0.20166171276157294,
    "avg_fill_latency_sec": 0.18349044186294458,
    "std_fill_latency_sec": 0.11445203703217749,
    "avg_queue_position": 1.131337620290293,
    "std_queue_position": 1.3695931561624621,
    "avg_order_lifetime_sec": 0.20424840252870208,
    "std_order_lifetime_sec": 0.12585947519285506,
    "avg_competition_size": 0.7388516208926628,
    "std_competition_size": 0.13987750882075617,
    "forced_liquidations": 0,
    "avg_forced_liq_cost": 0.0,
    "std_forced_liq_cost": 0.0
  },
  "strategy": "skew_mid_spread",
  "strategy_kwargs": {
    "gamma": 0.1,
    "gamma_cap_factor": 5.0,
    "gamma_imb": 0.5,
    "gamma_inv_scale": 4.0,
    "gamma_vol_scale": 2.0,
    "gradient_penalty_ticks": 1.0,
    "gradient_threshold": 1.5,
    "k_vol": 1.3,
    "size_base": 0.02,
    "size_exp": 2.0,
    "size_min_factor": 0.1
  },
  "snapshots_processed": 1000,
  "sharpe_ratio": -1.2352184118156602,
  "capital_base": 10000.0,
  "sharpe_horizon_seconds": 60.0
}