{
  "final_pnl": -3.5272743188834284,
  "final_inventory": 0.008290319593504944,
  "fill_count": 276,
  "max_drawdown": 3.5272743188834284,
  "pnl_attribution": {
    "inventory_moves": -0.2754890954183488,
    "fees": -3.684777909313444,
    "spread_capture": 0.5203996716000786,
    "adverse_selection": -0.09572946229572118,
    "funding_rates": 0.0
  },
  "additional_metrics": {
    "orders_placed": 536,
    "orders_placed_buy": 263,
    "orders_placed_sell": 273,
    "maker_qty_placed": 3.0792792585553075,
    "maker_qty_filled": 0.6472085833056185,
    "maker_fill_qty_rate": 0.21018184093159079,
    "avg_fill_latency_sec": 0.18745911346291597,
    "std_fill_latency_sec": 0.11573297648122795,
    "avg_queue_position": 1.1497342515297677,
    "std_queue_position": 1.4455422193375278,
    "avg_order_lifetime_sec": 0.20638364066117965,
    "std_order_lifetime_sec": 0.11763185919923137,
    "avg_competition_size": 0.6680567441799948,
    "std_competition_size": 0.1275277091963055,
    "forced_liquidations": 0,
    "avg_forced_liq_cost": 0.0,
    "std_forced_liq_cost": 0.0
  },
  "strategy": "skew_mid_spread",
  "strategy_kwargs": {
    "gamma": 0.1,
    "gamma_cap_factor": 5.0,
    "gamma_imb": 0.5,
    "gamma_inv_scale": 4.0,
    "gamma_vol_scale": 2.0,
    "gradient_penalty_ticks": 1.0,
    "gradient_threshold": 1.5,
    "k_vol": 1.3,
    "size_base": 0.01,
    "size_exp": 1.0,
    "size_min_factor": 0.1
  },
  "snapshots_processed": 1000,
  "sharpe_ratio": -1.2090357404142604,
  "capital_base": 10000.0,
  "sharpe_horizon_seconds": 60.0
}