{
  "final_pnl": -1.813248267322706,
  "final_inventory": 0.0027942642151852137,
  "fill_count": 272,
  "max_drawdown": 1.813248267322706,
  "pnl_attribution": {
    "inventory_moves": -0.13449950290763288,
    "fees": -1.825260439876591,
    "spread_capture": 0.19171035344796833,
    "adverse_selection": -0.04717540110359572,
    "funding_rates": 0.0
  },
  "additional_metrics": {
    "orders_placed": 608,
    "orders_placed_buy": 303,
    "orders_placed_sell": 305,
    "maker_qty_placed": 1.7287324379632494,
    "maker_qty_filled": 0.3147420831009705,
    "maker_fill_qty_rate": 0.18206523819949372,
    "avg_fill_latency_sec": 0.1834522219979839,
    "std_fill_latency_sec": 0.1108672453689798,
    "avg_queue_position": 1.1151131090600248,
    "std_queue_position": 1.4307053177788658,
    "avg_order_lifetime_sec": 0.1946433046061522,
    "std_order_lifetime_sec": 0.10425611201161679,
    "avg_competition_size": 0.6345024036544227,
    "std_competition_size": 0.11798356196824829,
    "forced_liquidations": 0,
    "avg_forced_liq_cost": 0.0,
    "std_forced_liq_cost": 0.0
  },
  "strategy": "skew_mid_spread",
  "strategy_kwargs": {
    "gamma": 0.1,
    "gamma_cap_factor": 5.0,
    "gamma_imb": 0.5,
    "gamma_inv_scale": 4.0,
    "gamma_vol_scale": 2.0,
    "gradient_penalty_ticks": 1.0,
    "gradient_threshold": 1.5,
    "k_vol": 1.3,
    "size_base": 0.005,
    "size_exp": 1.0,
    "size_min_factor": 0.1
  },
  "snapshots_processed": 1000,
  "sharpe_ratio": -1.1317125429534627,
  "capital_base": 10000.0,
  "sharpe_horizon_seconds": 60.0
}