{
  "final_pnl": -1.109382404900316,
  "final_inventory": 0.033899131653742656,
  "fill_count": 179,
  "max_drawdown": 4.145512983581284,
  "pnl_attribution": {
    "inventory_moves": 0.049836517807646134,
    "fees": -2.3596792864246283,
    "spread_capture": 1.4650945862061797,
    "adverse_selection": -0.21188652495857996,
    "funding_rates": 0.0
  },
  "additional_metrics": {
    "orders_placed": 2954,
    "orders_placed_buy": 1528,
    "orders_placed_sell": 1426,
    "maker_qty_placed": 64.64014840922437,
    "maker_qty_filled": 1.3858347906547948,
    "maker_fill_qty_rate": 0.021439226622459787,
    "avg_fill_latency_sec": 0.17253772942525036,
    "std_fill_latency_sec": 0.1160096061240544,
    "avg_queue_position": 0.5602979189210353,
    "std_queue_position": 1.064604342453655,
    "avg_order_lifetime_sec": 0.17253772942525036,
    "std_order_lifetime_sec": 0.1160096061240544,
    "avg_competition_size": 0.35528736628533314,
    "std_competition_size": 0.06737941505224479,
    "forced_liquidations": 0,
    "avg_forced_liq_cost": 0.0,
    "std_forced_liq_cost": 0.0,
    "taker_qty_hedge": 0.5714600308565976,
    "taker_qty_cross": 0.0,
    "taker_trades_hedge": 33,
    "taker_trades_cross": 0,
    "taker_qty_total": 0.5714600308565976,
    "notional_traded_btc": 1.9572948215113908,
    "notional_traded_usdt": 33669.543258055
  },
  "strategy": "skew_mid_spread",
  "strategy_kwargs": {
    "extra_spread_ticks": 10.0,
    "gamma": 0.12,
    "gamma_cap_factor": 5.0,
    "gamma_imb": 0.5,
    "gamma_inv_scale": 1.0,
    "gamma_vol_scale": 2.0,
    "gradient_penalty_ticks": 1.0,
    "gradient_threshold": 1.5,
    "k_vol": 6.0,
    "size_base": 0.04,
    "size_exp": 2.0,
    "size_min_factor": 0.3
  },
  "snapshots_processed": 10000,
  "sharpe_ratio": -0.07852123152129417,
  "capital_base": 10000.0,
  "sharpe_horizon_seconds": 60.0
}