{
  "final_pnl": -0.3121871621860919,
  "final_inventory": 0.012579774518951386,
  "fill_count": 70,
  "max_drawdown": 0.5875413689846027,
  "pnl_attribution": {
    "inventory_moves": -0.27501678535993057,
    "fees": -0.1448396248018257,
    "spread_capture": 0.1243742904661154,
    "adverse_selection": -0.012611061287503536,
    "funding_rates": 0.0
  },
  "additional_metrics": {
    "orders_placed": 2959,
    "orders_placed_buy": 1539,
    "orders_placed_sell": 1420,
    "maker_qty_placed": 8.110324205368753,
    "maker_qty_filled": 0.0841997760684478,
    "maker_fill_qty_rate": 0.010381801508342968,
    "avg_fill_latency_sec": 0.2503999982561384,
    "std_fill_latency_sec": 0.0005952148210042181,
    "avg_queue_position": 1.25456906492355,
    "std_queue_position": 1.2607461183226805,
    "avg_order_lifetime_sec": 0.2503999982561384,
    "std_order_lifetime_sec": 0.0005952148210042181,
    "avg_competition_size": 0.25991046460670686,
    "std_competition_size": 0.04697360313036737,
    "forced_liquidations": 0,
    "avg_forced_liq_cost": 0.0,
    "std_forced_liq_cost": 0.0,
    "taker_qty_hedge": 0.0,
    "taker_qty_cross": 0.0,
    "taker_trades_hedge": 0,
    "taker_trades_cross": 0,
    "taker_qty_total": 0.0,
    "notional_traded_btc": 0.0841997760684478,
    "notional_traded_usdt": 1448.3962480182565
  },
  "strategy": "skew_mid_spread",
  "strategy_kwargs": {
    "extra_spread_ticks": 36.0,
    "gamma": 0.16,
    "gamma_cap_factor": 5.0,
    "gamma_imb": 0.5,
    "gamma_inv_scale": 4.0,
    "gamma_vol_scale": 1.0,
    "gradient_penalty_ticks": 1.0,
    "gradient_threshold": 1.5,
    "k_vol": 4.0,
    "size_base": 0.005,
    "size_exp": 2.0,
    "size_min_factor": 0.3
  },
  "snapshots_processed": 10000,
  "sharpe_ratio": -0.1729646528004601,
  "capital_base": 10000.0,
  "sharpe_horizon_seconds": 60.0
}