{
  "final_pnl": -1.7568175095366314,
  "final_inventory": 0.0032056663385112336,
  "fill_count": 269,
  "max_drawdown": 1.7568175095366314,
  "pnl_attribution": {
    "inventory_moves": -0.13116199966792313,
    "fees": -1.8212548957480592,
    "spread_capture": 0.24073909628397042,
    "adverse_selection": -0.04728961958565768,
    "funding_rates": 0.0
  },
  "additional_metrics": {
    "orders_placed": 609,
    "orders_placed_buy": 304,
    "orders_placed_sell": 305,
    "maker_qty_placed": 1.7320101401596664,
    "maker_qty_filled": 0.3220647015500626,
    "maker_fill_qty_rate": 0.18594850808458482,
    "avg_fill_latency_sec": 0.18419999307201754,
    "std_fill_latency_sec": 0.11046729648016301,
    "avg_queue_position": 1.115490816766798,
    "std_queue_position": 1.4200556357111698,
    "avg_order_lifetime_sec": 0.1955354767460977,
    "std_order_lifetime_sec": 0.10365265916356749,
    "avg_competition_size": 0.6308820307220441,
    "std_competition_size": 0.12078770127713907,
    "forced_liquidations": 0,
    "avg_forced_liq_cost": 0.0,
    "std_forced_liq_cost": 0.0
  },
  "strategy": "skew_mid_spread",
  "strategy_kwargs": {
    "gamma": 0.1,
    "gamma_cap_factor": 5.0,
    "gamma_imb": 0.5,
    "gamma_inv_scale": 4.0,
    "gamma_vol_scale": 2.0,
    "gradient_penalty_ticks": 1.0,
    "gradient_threshold": 1.5,
    "k_vol": 1.3,
    "size_base": 0.005,
    "size_exp": 3.0,
    "size_min_factor": 0.1
  },
  "snapshots_processed": 1000,
  "sharpe_ratio": -1.1617363382386998,
  "capital_base": 10000.0,
  "sharpe_horizon_seconds": 60.0
}