{
  "final_pnl": -7.633361752345081,
  "final_inventory": 0.013928718561931988,
  "fill_count": 297,
  "max_drawdown": 7.633361752345081,
  "pnl_attribution": {
    "inventory_moves": -0.8648689345398827,
    "fees": -7.511831512609962,
    "spread_capture": 1.1706304808107335,
    "adverse_selection": -0.42318339479424866,
    "funding_rates": 0.0
  },
  "additional_metrics": {
    "orders_placed": 635,
    "orders_placed_buy": 321,
    "orders_placed_sell": 314,
    "maker_qty_placed": 7.261100552583473,
    "maker_qty_filled": 1.4098625150176554,
    "maker_fill_qty_rate": 0.1941665047616,
    "avg_fill_latency_sec": 0.18978697590574006,
    "std_fill_latency_sec": 0.10741486785617112,
    "avg_queue_position": 1.2850445200914218,
    "std_queue_position": 1.547300134815196,
    "avg_order_lifetime_sec": 0.19423076386987811,
    "std_order_lifetime_sec": 0.10461306262651786,
    "avg_competition_size": 0.7465117964944226,
    "std_competition_size": 0.13838828730870992,
    "forced_liquidations": 3,
    "avg_forced_liq_cost": 0.07219739142861577,
    "std_forced_liq_cost": 0.03766009023217873
  },
  "strategy": "skew_mid_spread",
  "strategy_kwargs": {
    "gamma": 0.05,
    "gamma_cap_factor": 5.0,
    "gamma_imb": 0.5,
    "gamma_inv_scale": 4.0,
    "gamma_vol_scale": 2.0,
    "gradient_penalty_ticks": 1.0,
    "gradient_threshold": 1.5,
    "k_vol": 2.0,
    "size_base": 0.02,
    "size_exp": 1.0,
    "size_min_factor": 0.2
  },
  "snapshots_processed": 1000,
  "sharpe_ratio": -1.5493455320043703,
  "capital_base": 10000.0,
  "sharpe_horizon_seconds": 60.0
}