{
  "final_pnl": -7.472311567385987,
  "final_inventory": 0.02381700961523707,
  "fill_count": 281,
  "max_drawdown": 7.472311567385987,
  "pnl_attribution": {
    "inventory_moves": -0.6373596176266565,
    "fees": -7.692791487639517,
    "spread_capture": 1.0630216776502663,
    "adverse_selection": -0.19988380707361744,
    "funding_rates": 0.0
  },
  "additional_metrics": {
    "orders_placed": 542,
    "orders_placed_buy": 266,
    "orders_placed_sell": 276,
    "maker_qty_placed": 6.222225135443094,
    "maker_qty_filled": 1.3182039330678,
    "maker_fill_qty_rate": 0.2118541043394645,
    "avg_fill_latency_sec": 0.18442330916235053,
    "std_fill_latency_sec": 0.11716669886286318,
    "avg_queue_position": 1.1325916798523425,
    "std_queue_position": 1.3720870959073888,
    "avg_order_lifetime_sec": 0.20441717311648502,
    "std_order_lifetime_sec": 0.1278531965412878,
    "avg_competition_size": 0.7365571461055501,
    "std_competition_size": 0.14705829439597642,
    "forced_liquidations": 0,
    "avg_forced_liq_cost": 0.0,
    "std_forced_liq_cost": 0.0
  },
  "strategy": "skew_mid_spread",
  "strategy_kwargs": {
    "gamma": 0.1,
    "gamma_cap_factor": 5.0,
    "gamma_imb": 0.5,
    "gamma_inv_scale": 4.0,
    "gamma_vol_scale": 2.0,
    "gradient_penalty_ticks": 1.0,
    "gradient_threshold": 1.5,
    "k_vol": 1.3,
    "size_base": 0.02,
    "size_exp": 2.0,
    "size_min_factor": 0.3
  },
  "snapshots_processed": 1000,
  "sharpe_ratio": -1.1795491434779188,
  "capital_base": 10000.0,
  "sharpe_horizon_seconds": 60.0
}