{
  "final_pnl": -3.3922865102940705,
  "final_inventory": 0.005909152141517227,
  "fill_count": 265,
  "max_drawdown": 3.3922865102940705,
  "pnl_attribution": {
    "inventory_moves": -0.2560172309247884,
    "fees": -3.4957501773878095,
    "spread_capture": 0.4469795463739719,
    "adverse_selection": -0.09265273712650735,
    "funding_rates": 0.0
  },
  "additional_metrics": {
    "orders_placed": 603,
    "orders_placed_buy": 300,
    "orders_placed_sell": 303,
    "maker_qty_placed": 3.4323435224052665,
    "maker_qty_filled": 0.6152767784759009,
    "maker_fill_qty_rate": 0.17925850791436412,
    "avg_fill_latency_sec": 0.1861973624480398,
    "std_fill_latency_sec": 0.10938849049537479,
    "avg_queue_position": 1.0867934972837854,
    "std_queue_position": 1.3749886826341113,
    "avg_order_lifetime_sec": 0.19775657277358205,
    "std_order_lifetime_sec": 0.10212311625704457,
    "avg_competition_size": 0.6567023005225671,
    "std_competition_size": 0.1264939119401301,
    "forced_liquidations": 0,
    "avg_forced_liq_cost": 0.0,
    "std_forced_liq_cost": 0.0
  },
  "strategy": "skew_mid_spread",
  "strategy_kwargs": {
    "gamma": 0.1,
    "gamma_cap_factor": 5.0,
    "gamma_imb": 0.5,
    "gamma_inv_scale": 4.0,
    "gamma_vol_scale": 2.0,
    "gradient_penalty_ticks": 1.0,
    "gradient_threshold": 1.5,
    "k_vol": 1.3,
    "size_base": 0.01,
    "size_exp": 2.0,
    "size_min_factor": 0.2
  },
  "snapshots_processed": 1000,
  "sharpe_ratio": -1.1871276949400147,
  "capital_base": 10000.0,
  "sharpe_horizon_seconds": 60.0
}