{
  "final_pnl": -3.472792107522764,
  "final_inventory": 0.007050741356030683,
  "fill_count": 268,
  "max_drawdown": 3.472792107522764,
  "pnl_attribution": {
    "inventory_moves": -0.2600810332040665,
    "fees": -3.5558673034581503,
    "spread_capture": 0.4439286940426976,
    "adverse_selection": -0.09562071260403641,
    "funding_rates": 0.0
  },
  "additional_metrics": {
    "orders_placed": 606,
    "orders_placed_buy": 300,
    "orders_placed_sell": 306,
    "maker_qty_placed": 3.446609478741138,
    "maker_qty_filled": 0.6302116795109018,
    "maker_fill_qty_rate": 0.18284974941259793,
    "avg_fill_latency_sec": 0.18539609692313455,
    "std_fill_latency_sec": 0.10982035794449552,
    "avg_queue_position": 1.132721974065904,
    "std_queue_position": 1.433594384098392,
    "avg_order_lifetime_sec": 0.19518181101068274,
    "std_order_lifetime_sec": 0.10389538897625636,
    "avg_competition_size": 0.6738487585970321,
    "std_competition_size": 0.13076207015845182,
    "forced_liquidations": 0,
    "avg_forced_liq_cost": 0.0,
    "std_forced_liq_cost": 0.0
  },
  "strategy": "skew_mid_spread",
  "strategy_kwargs": {
    "gamma": 0.1,
    "gamma_cap_factor": 5.0,
    "gamma_imb": 0.5,
    "gamma_inv_scale": 4.0,
    "gamma_vol_scale": 2.0,
    "gradient_penalty_ticks": 1.0,
    "gradient_threshold": 1.5,
    "k_vol": 1.3,
    "size_base": 0.01,
    "size_exp": 3.0,
    "size_min_factor": 0.2
  },
  "snapshots_processed": 1000,
  "sharpe_ratio": -1.2259520112702655,
  "capital_base": 10000.0,
  "sharpe_horizon_seconds": 60.0
}