{
  "final_pnl": -7.555587777575056,
  "final_inventory": 0.01337961966818714,
  "fill_count": 281,
  "max_drawdown": 7.555587777575056,
  "pnl_attribution": {
    "inventory_moves": -0.6581981323104629,
    "fees": -7.508256891934338,
    "spread_capture": 0.7939011565708631,
    "adverse_selection": -0.1898880917133133,
    "funding_rates": 0.0
  },
  "additional_metrics": {
    "orders_placed": 612,
    "orders_placed_buy": 305,
    "orders_placed_sell": 307,
    "maker_qty_placed": 6.952042528774161,
    "maker_qty_filled": 1.251650306412569,
    "maker_fill_qty_rate": 0.1800406572934573,
    "avg_fill_latency_sec": 0.18131901296369868,
    "std_fill_latency_sec": 0.1119730272073546,
    "avg_queue_position": 1.1254372369777172,
    "std_queue_position": 1.362735671012377,
    "avg_order_lifetime_sec": 0.19210428840543595,
    "std_order_lifetime_sec": 0.10592094256216233,
    "avg_competition_size": 0.7337667757372541,
    "std_competition_size": 0.1389273536410093,
    "forced_liquidations": 0,
    "avg_forced_liq_cost": 0.0,
    "std_forced_liq_cost": 0.0
  },
  "strategy": "skew_mid_spread",
  "strategy_kwargs": {
    "gamma": 0.1,
    "gamma_cap_factor": 5.0,
    "gamma_imb": 0.5,
    "gamma_inv_scale": 4.0,
    "gamma_vol_scale": 2.0,
    "gradient_penalty_ticks": 1.0,
    "gradient_threshold": 1.5,
    "k_vol": 1.3,
    "size_base": 0.02,
    "size_exp": 3.0,
    "size_min_factor": 0.2
  },
  "snapshots_processed": 1000,
  "sharpe_ratio": -1.2328435239196003,
  "capital_base": 10000.0,
  "sharpe_horizon_seconds": 60.0
}