{
  "final_pnl": -1.5947470677547244,
  "final_inventory": 0.0011585716791428348,
  "fill_count": 262,
  "max_drawdown": 1.5947470677547244,
  "pnl_attribution": {
    "inventory_moves": -0.0867376745631777,
    "fees": -1.6893880581281868,
    "spread_capture": 0.2314240970181653,
    "adverse_selection": -0.04703535091964083,
    "funding_rates": 0.0
  },
  "additional_metrics": {
    "orders_placed": 530,
    "orders_placed_buy": 258,
    "orders_placed_sell": 272,
    "maker_qty_placed": 1.5240112434341944,
    "maker_qty_filled": 0.31518416125154464,
    "maker_fill_qty_rate": 0.2068122283279953,
    "avg_fill_latency_sec": 0.19165100027250764,
    "std_fill_latency_sec": 0.1101037882713613,
    "avg_queue_position": 1.0839084564283277,
    "std_queue_position": 1.3522929949575253,
    "avg_order_lifetime_sec": 0.20512750804824317,
    "std_order_lifetime_sec": 0.10490015803376296,
    "avg_competition_size": 0.6353506945460969,
    "std_competition_size": 0.12250814929982115,
    "forced_liquidations": 0,
    "avg_forced_liq_cost": 0.0,
    "std_forced_liq_cost": 0.0
  },
  "strategy": "skew_mid_spread",
  "strategy_kwargs": {
    "gamma": 0.1,
    "gamma_cap_factor": 5.0,
    "gamma_imb": 0.5,
    "gamma_inv_scale": 4.0,
    "gamma_vol_scale": 2.0,
    "gradient_penalty_ticks": 1.0,
    "gradient_threshold": 1.5,
    "k_vol": 1.3,
    "size_base": 0.005,
    "size_exp": 1.0,
    "size_min_factor": 0.1
  },
  "snapshots_processed": 1000,
  "sharpe_ratio": -1.1082296285570452,
  "capital_base": 10000.0,
  "sharpe_horizon_seconds": 60.0
}