{
  "final_pnl": -1.6004112024129427,
  "final_inventory": 0.00053815531974628,
  "fill_count": 262,
  "max_drawdown": 1.6004112024129427,
  "pnl_attribution": {
    "inventory_moves": -0.08492409950483852,
    "fees": -1.689151444992598,
    "spread_capture": 0.2210544155119582,
    "adverse_selection": -0.04609471264886344,
    "funding_rates": 0.0
  },
  "additional_metrics": {
    "orders_placed": 536,
    "orders_placed_buy": 264,
    "orders_placed_sell": 272,
    "maker_qty_placed": 1.5396846315699484,
    "maker_qty_filled": 0.3151110697071677,
    "maker_fill_qty_rate": 0.2046594888628997,
    "avg_fill_latency_sec": 0.191624153380426,
    "std_fill_latency_sec": 0.11008882514893795,
    "avg_queue_position": 1.141249823207337,
    "std_queue_position": 1.422030965899635,
    "avg_order_lifetime_sec": 0.20510066115616152,
    "std_order_lifetime_sec": 0.10488790202486133,
    "avg_competition_size": 0.6336866137440825,
    "std_competition_size": 0.12126288664888935,
    "forced_liquidations": 0,
    "avg_forced_liq_cost": 0.0,
    "std_forced_liq_cost": 0.0
  },
  "strategy": "skew_mid_spread",
  "strategy_kwargs": {
    "gamma": 0.05,
    "gamma_cap_factor": 5.0,
    "gamma_imb": 0.5,
    "gamma_inv_scale": 2.0,
    "gamma_vol_scale": 0.0,
    "gradient_penalty_ticks": 1.0,
    "gradient_threshold": 1.5,
    "k_vol": 1.3,
    "size_base": 0.005,
    "size_exp": 2.0,
    "size_min_factor": 0.3
  },
  "snapshots_processed": 1000,
  "sharpe_ratio": -1.2309737721992684,
  "capital_base": 10000.0,
  "sharpe_horizon_seconds": 60.0
}