{
  "final_pnl": -3.1713372199064906,
  "final_inventory": 0.0019481428247403567,
  "fill_count": 261,
  "max_drawdown": 3.1713372199064906,
  "pnl_attribution": {
    "inventory_moves": -0.17733536826098878,
    "fees": -3.4293539469648553,
    "spread_capture": 0.5323679126177344,
    "adverse_selection": -0.09407258863587173,
    "funding_rates": 0.0
  },
  "additional_metrics": {
    "orders_placed": 534,
    "orders_placed_buy": 261,
    "orders_placed_sell": 273,
    "maker_qty_placed": 3.0708896513444346,
    "maker_qty_filled": 0.6314142091748103,
    "maker_fill_qty_rate": 0.20561279657130543,
    "avg_fill_latency_sec": 0.18999328389263792,
    "std_fill_latency_sec": 0.1111137924070546,
    "avg_queue_position": 1.1144479675184782,
    "std_queue_position": 1.3719076974574358,
    "avg_order_lifetime_sec": 0.20346979166837348,
    "std_order_lifetime_sec": 0.10617040210081277,
    "avg_competition_size": 0.6671990604199741,
    "std_competition_size": 0.13089155169475236,
    "forced_liquidations": 0,
    "avg_forced_liq_cost": 0.0,
    "std_forced_liq_cost": 0.0
  },
  "strategy": "skew_mid_spread",
  "strategy_kwargs": {
    "gamma": 0.1,
    "gamma_cap_factor": 5.0,
    "gamma_imb": 0.5,
    "gamma_inv_scale": 4.0,
    "gamma_vol_scale": 2.0,
    "gradient_penalty_ticks": 1.0,
    "gradient_threshold": 1.5,
    "k_vol": 1.3,
    "size_base": 0.01,
    "size_exp": 3.0,
    "size_min_factor": 0.1
  },
  "snapshots_processed": 1000,
  "sharpe_ratio": -1.079503838263237,
  "capital_base": 10000.0,
  "sharpe_horizon_seconds": 60.0
}