{
  "final_pnl": -0.36200194193588686,
  "final_inventory": 0.059876839292478834,
  "fill_count": 3192,
  "max_drawdown": 3.191481630090493,
  "pnl_attribution": {
    "inventory_moves": 0.06489412630897536,
    "fees": -0.8796109893649915,
    "spread_capture": 0.5529421806437859,
    "adverse_selection": -0.10220125221994224,
    "funding_rates": 0.0
  },
  "additional_metrics": {
    "orders_placed": 1584,
    "orders_placed_buy": 819,
    "orders_placed_sell": 765,
    "maker_qty_placed": 34.74852910127914,
    "maker_qty_filled": 0.7068397886990874,
    "maker_fill_qty_rate": 0.02034157436244021,
    "avg_fill_latency_sec": 0.0032618215295179653,
    "std_fill_latency_sec": 0.028408649296135468,
    "avg_queue_position": 0.01152445667473933,
    "std_queue_position": 0.15557182145790274,
    "avg_order_lifetime_sec": 0.0032618215295179653,
    "std_order_lifetime_sec": 0.028408649296135468,
    "avg_competition_size": 0.3542033488066944,
    "std_competition_size": 0.07151571339835733,
    "forced_liquidations": 0,
    "avg_forced_liq_cost": 0.0,
    "std_forced_liq_cost": 0.0,
    "taker_qty_hedge": 0.21300446298319395,
    "taker_qty_cross": 0.0,
    "taker_trades_hedge": 3110,
    "taker_trades_cross": 0,
    "taker_qty_total": 0.21300446298319395,
    "notional_traded_btc": 0.9198442516822796,
    "notional_traded_usdt": 15822.356579801872
  },
  "strategy": "skew_mid_spread",
  "strategy_kwargs": {
    "extra_spread_ticks": 25.0,
    "gamma": 0.16,
    "gamma_cap_factor": 5.0,
    "gamma_imb": 0.5,
    "gamma_inv_scale": 1.0,
    "gamma_vol_scale": 2.0,
    "gradient_penalty_ticks": 1.0,
    "gradient_threshold": 1.5,
    "k_vol": 4.0,
    "size_base": 0.04,
    "size_exp": 2.0,
    "size_min_factor": 0.3
  },
  "snapshots_processed": 10000,
  "sharpe_ratio": -0.028120727829850832,
  "capital_base": 10000.0,
  "sharpe_horizon_seconds": 60.0
}