{
  "final_pnl": -1.7869969380590192,
  "final_inventory": 0.005124785941442814,
  "fill_count": 272,
  "max_drawdown": 1.7869969380590192,
  "pnl_attribution": {
    "inventory_moves": -0.13294817675753026,
    "fees": -1.7897050113284056,
    "spread_capture": 0.17727859436813295,
    "adverse_selection": -0.047849471343105174,
    "funding_rates": 0.0
  },
  "additional_metrics": {
    "orders_placed": 606,
    "orders_placed_buy": 302,
    "orders_placed_sell": 304,
    "maker_qty_placed": 1.7216135456127584,
    "maker_qty_filled": 0.32195525046033663,
    "maker_fill_qty_rate": 0.1870078516057133,
    "avg_fill_latency_sec": 0.18624358452283418,
    "std_fill_latency_sec": 0.1093673133167606,
    "avg_queue_position": 1.1502023033147077,
    "std_queue_position": 1.4268100067747698,
    "avg_order_lifetime_sec": 0.2007243526287568,
    "std_order_lifetime_sec": 0.09996207766362143,
    "avg_competition_size": 0.6332566310922809,
    "std_competition_size": 0.12474568823485724,
    "forced_liquidations": 0,
    "avg_forced_liq_cost": 0.0,
    "std_forced_liq_cost": 0.0
  },
  "strategy": "skew_mid_spread",
  "strategy_kwargs": {
    "gamma": 0.1,
    "gamma_cap_factor": 5.0,
    "gamma_imb": 0.5,
    "gamma_inv_scale": 4.0,
    "gamma_vol_scale": 2.0,
    "gradient_penalty_ticks": 1.0,
    "gradient_threshold": 1.5,
    "k_vol": 1.3,
    "size_base": 0.005,
    "size_exp": 2.0,
    "size_min_factor": 0.2
  },
  "snapshots_processed": 1000,
  "sharpe_ratio": -1.116648681254137,
  "capital_base": 10000.0,
  "sharpe_horizon_seconds": 60.0
}