{
  "final_pnl": -1.6304574922960455,
  "final_inventory": 0.001656185242845768,
  "fill_count": 262,
  "max_drawdown": 1.6304574922960455,
  "pnl_attribution": {
    "inventory_moves": -0.10035901324324664,
    "fees": -1.6785929076958415,
    "spread_capture": 0.19672551013213718,
    "adverse_selection": -0.04698843046690912,
    "funding_rates": 0.0
  },
  "additional_metrics": {
    "orders_placed": 535,
    "orders_placed_buy": 262,
    "orders_placed_sell": 273,
    "maker_qty_placed": 1.5351239743247185,
    "maker_qty_filled": 0.3138977883206901,
    "maker_fill_qty_rate": 0.2044771585687532,
    "avg_fill_latency_sec": 0.191624153380426,
    "std_fill_latency_sec": 0.11008882514893796,
    "avg_queue_position": 1.1327155355090948,
    "std_queue_position": 1.4047777991120647,
    "avg_order_lifetime_sec": 0.20510066115616152,
    "std_order_lifetime_sec": 0.10488790202486133,
    "avg_competition_size": 0.6329724668373623,
    "std_competition_size": 0.12433038518791689,
    "forced_liquidations": 0,
    "avg_forced_liq_cost": 0.0,
    "std_forced_liq_cost": 0.0
  },
  "strategy": "skew_mid_spread",
  "strategy_kwargs": {
    "gamma": 0.05,
    "gamma_cap_factor": 5.0,
    "gamma_imb": 0.5,
    "gamma_inv_scale": 4.0,
    "gamma_vol_scale": 0.0,
    "gradient_penalty_ticks": 1.0,
    "gradient_threshold": 1.5,
    "k_vol": 1.3,
    "size_base": 0.005,
    "size_exp": 2.0,
    "size_min_factor": 0.3
  },
  "snapshots_processed": 1000,
  "sharpe_ratio": -1.1571933544860118,
  "capital_base": 10000.0,
  "sharpe_horizon_seconds": 60.0
}