{
  "final_pnl": -5.359376669281119,
  "final_inventory": -0.015857584589315965,
  "fill_count": 2838,
  "max_drawdown": 5.609069825086408,
  "pnl_attribution": {
    "inventory_moves": -3.4166630924270898,
    "fees": -2.9057420912956493,
    "spread_capture": 1.11613440661747,
    "adverse_selection": -0.15353793296420445,
    "funding_rates": 0.0
  },
  "additional_metrics": {
    "orders_placed": 2960,
    "orders_placed_buy": 1539,
    "orders_placed_sell": 1421,
    "maker_qty_placed": 64.82611917968731,
    "maker_qty_filled": 1.1064408815346725,
    "maker_fill_qty_rate": 0.017067825369397802,
    "avg_fill_latency_sec": 0.00522410046282432,
    "std_fill_latency_sec": 0.035788472453261756,
    "avg_queue_position": 0.019536729283797825,
    "std_queue_position": 0.24399437820838318,
    "avg_order_lifetime_sec": 0.00522410046282432,
    "std_order_lifetime_sec": 0.035788472453261756,
    "avg_competition_size": 0.3552337775433457,
    "std_competition_size": 0.06678196934158263,
    "forced_liquidations": 0,
    "avg_forced_liq_cost": 0.0,
    "std_forced_liq_cost": 0.0,
    "taker_qty_hedge": 0.19425461179637907,
    "taker_qty_cross": 0.0,
    "taker_trades_hedge": 2722,
    "taker_trades_cross": 0,
    "taker_qty_total": 0.19425461179637907,
    "notional_traded_btc": 1.3006954933310486,
    "notional_traded_usdt": 22372.98402450204
  },
  "strategy": "skew_mid_spread",
  "strategy_kwargs": {
    "extra_spread_ticks": 38.0,
    "gamma": 0.08,
    "gamma_cap_factor": 5.0,
    "gamma_imb": 0.5,
    "gamma_inv_scale": 1.0,
    "gamma_vol_scale": 2.0,
    "gradient_penalty_ticks": 1.0,
    "gradient_threshold": 1.5,
    "k_vol": 4.0,
    "size_base": 0.04,
    "size_exp": 2.0,
    "size_min_factor": 0.3
  },
  "snapshots_processed": 10000,
  "sharpe_ratio": -0.5722680195425737,
  "capital_base": 10000.0,
  "sharpe_horizon_seconds": 60.0
}