{
  "final_pnl": -3.5800994464716496,
  "final_inventory": 0.003160478195895781,
  "fill_count": 270,
  "max_drawdown": 3.5800994464716496,
  "pnl_attribution": {
    "inventory_moves": -0.295469934823866,
    "fees": -3.669123700042545,
    "spread_capture": 0.47533640602683713,
    "adverse_selection": -0.09699853702278104,
    "funding_rates": 0.0
  },
  "additional_metrics": {
    "orders_placed": 607,
    "orders_placed_buy": 302,
    "orders_placed_sell": 305,
    "maker_qty_placed": 3.448133352944408,
    "maker_qty_filled": 0.6415377866864665,
    "maker_fill_qty_rate": 0.1860536472983705,
    "avg_fill_latency_sec": 0.18301922235733423,
    "std_fill_latency_sec": 0.11108961397770496,
    "avg_queue_position": 1.121295853903303,
    "std_queue_position": 1.4036340524641473,
    "avg_order_lifetime_sec": 0.19589101656889304,
    "std_order_lifetime_sec": 0.10341468026231697,
    "avg_competition_size": 0.6809770134319437,
    "std_competition_size": 0.129663047138207,
    "forced_liquidations": 0,
    "avg_forced_liq_cost": 0.0,
    "std_forced_liq_cost": 0.0
  },
  "strategy": "skew_mid_spread",
  "strategy_kwargs": {
    "gamma": 0.1,
    "gamma_cap_factor": 5.0,
    "gamma_imb": 0.5,
    "gamma_inv_scale": 4.0,
    "gamma_vol_scale": 2.0,
    "gradient_penalty_ticks": 1.0,
    "gradient_threshold": 1.5,
    "k_vol": 1.3,
    "size_base": 0.01,
    "size_exp": 1.0,
    "size_min_factor": 0.1
  },
  "snapshots_processed": 1000,
  "sharpe_ratio": -1.1541829449100025,
  "capital_base": 10000.0,
  "sharpe_horizon_seconds": 60.0
}