{
  "final_pnl": -3.497874090460755,
  "final_inventory": 0.009143131644956122,
  "fill_count": 272,
  "max_drawdown": 3.497874090460755,
  "pnl_attribution": {
    "inventory_moves": -0.2694593137773344,
    "fees": -3.6407517490178463,
    "spread_capture": 0.5344061297307993,
    "adverse_selection": -0.11577672868028584,
    "funding_rates": 0.0
  },
  "additional_metrics": {
    "orders_placed": 609,
    "orders_placed_buy": 303,
    "orders_placed_sell": 306,
    "maker_qty_placed": 3.4632133784209995,
    "maker_qty_filled": 0.6357185845794053,
    "maker_fill_qty_rate": 0.1835632157523172,
    "avg_fill_latency_sec": 0.1834585924816739,
    "std_fill_latency_sec": 0.11087115517471609,
    "avg_queue_position": 1.0919546960619806,
    "std_queue_position": 1.40432048653662,
    "avg_order_lifetime_sec": 0.1930573184019441,
    "std_order_lifetime_sec": 0.10530593484076631,
    "avg_competition_size": 0.666996326551343,
    "std_competition_size": 0.13270386385120744,
    "forced_liquidations": 1,
    "avg_forced_liq_cost": 0.023695308533825475,
    "std_forced_liq_cost": 0.0
  },
  "strategy": "skew_mid_spread",
  "strategy_kwargs": {
    "gamma": 0.1,
    "gamma_cap_factor": 5.0,
    "gamma_imb": 0.5,
    "gamma_inv_scale": 4.0,
    "gamma_vol_scale": 2.0,
    "gradient_penalty_ticks": 1.0,
    "gradient_threshold": 1.5,
    "k_vol": 1.3,
    "size_base": 0.01,
    "size_exp": 3.0,
    "size_min_factor": 0.3
  },
  "snapshots_processed": 1000,
  "sharpe_ratio": -1.1733828754202495,
  "capital_base": 10000.0,
  "sharpe_horizon_seconds": 60.0
}