{
  "final_pnl": -0.35267757652582077,
  "final_inventory": 0.022417052475146807,
  "fill_count": 48,
  "max_drawdown": 0.6681470770017768,
  "pnl_attribution": {
    "inventory_moves": -0.31761940840666925,
    "fees": -0.10418041478719987,
    "spread_capture": 0.0773758428218275,
    "adverse_selection": -0.008109155403789692,
    "funding_rates": 0.0
  },
  "additional_metrics": {
    "orders_placed": 1587,
    "orders_placed_buy": 820,
    "orders_placed_sell": 767,
    "maker_qty_placed": 4.357958918301604,
    "maker_qty_filled": 0.06056799008651157,
    "maker_fill_qty_rate": 0.013898247143209946,
    "avg_fill_latency_sec": 0.2506249745686849,
    "std_fill_latency_sec": 0.000753459054572624,
    "avg_queue_position": 1.5699673166647286,
    "std_queue_position": 1.8704680558890088,
    "avg_order_lifetime_sec": 0.2506249745686849,
    "std_order_lifetime_sec": 0.000753459054572624,
    "avg_competition_size": 0.26004458057867846,
    "std_competition_size": 0.049979823541628395,
    "forced_liquidations": 0,
    "avg_forced_liq_cost": 0.0,
    "std_forced_liq_cost": 0.0,
    "taker_qty_hedge": 0.0,
    "taker_qty_cross": 0.0,
    "taker_trades_hedge": 0,
    "taker_trades_cross": 0,
    "taker_qty_total": 0.0,
    "notional_traded_btc": 0.06056799008651157,
    "notional_traded_usdt": 1041.804147871999
  },
  "strategy": "skew_mid_spread",
  "strategy_kwargs": {
    "extra_spread_ticks": 32.0,
    "gamma": 0.12,
    "gamma_cap_factor": 5.0,
    "gamma_imb": 0.5,
    "gamma_inv_scale": 1.0,
    "gamma_vol_scale": 0.0,
    "gradient_penalty_ticks": 1.0,
    "gradient_threshold": 1.5,
    "k_vol": 4.0,
    "size_base": 0.005,
    "size_exp": 2.0,
    "size_min_factor": 0.3
  },
  "snapshots_processed": 10000,
  "sharpe_ratio": -0.16033051319300434,
  "capital_base": 10000.0,
  "sharpe_horizon_seconds": 60.0
}