{
  "final_pnl": -7.987866226336337,
  "final_inventory": 0.0071613334247734445,
  "fill_count": 282,
  "max_drawdown": 7.987866226336337,
  "pnl_attribution": {
    "inventory_moves": -0.6335167854857979,
    "fees": -7.698295375339427,
    "spread_capture": 0.7470477317084576,
    "adverse_selection": -0.4005765531934094,
    "funding_rates": 0.0
  },
  "additional_metrics": {
    "orders_placed": 612,
    "orders_placed_buy": 306,
    "orders_placed_sell": 306,
    "maker_qty_placed": 6.952577195965483,
    "maker_qty_filled": 1.2873753592029975,
    "maker_fill_qty_rate": 0.18516520175425735,
    "avg_fill_latency_sec": 0.18022560637171675,
    "std_fill_latency_sec": 0.11252768154295874,
    "avg_queue_position": 1.1180681015736391,
    "std_queue_position": 1.3781414550073872,
    "avg_order_lifetime_sec": 0.18940853200307706,
    "std_order_lifetime_sec": 0.10757877247809783,
    "avg_competition_size": 0.740894775302028,
    "std_competition_size": 0.14249750382779044,
    "forced_liquidations": 2,
    "avg_forced_liq_cost": 0.1063210172520674,
    "std_forced_liq_cost": 0.04274830543495371
  },
  "strategy": "skew_mid_spread",
  "strategy_kwargs": {
    "gamma": 0.1,
    "gamma_cap_factor": 5.0,
    "gamma_imb": 0.5,
    "gamma_inv_scale": 4.0,
    "gamma_vol_scale": 2.0,
    "gradient_penalty_ticks": 1.0,
    "gradient_threshold": 1.5,
    "k_vol": 1.3,
    "size_base": 0.02,
    "size_exp": 3.0,
    "size_min_factor": 0.2
  },
  "snapshots_processed": 1000,
  "sharpe_ratio": -1.2116460820207045,
  "capital_base": 10000.0,
  "sharpe_horizon_seconds": 60.0
}