{
  "final_pnl": -0.24682421195029747,
  "final_inventory": 0.022100342833118975,
  "fill_count": 86,
  "max_drawdown": 0.8965004367873917,
  "pnl_attribution": {
    "inventory_moves": -0.17021364103288497,
    "fees": -0.18757951765613165,
    "spread_capture": 0.1331621345246909,
    "adverse_selection": -0.016205355847014172,
    "funding_rates": 0.0
  },
  "additional_metrics": {
    "orders_placed": 2964,
    "orders_placed_buy": 1541,
    "orders_placed_sell": 1423,
    "maker_qty_placed": 8.121865418116169,
    "maker_qty_filled": 0.10906424922690451,
    "maker_fill_qty_rate": 0.013428472846106515,
    "avg_fill_latency_sec": 0.2504418561624926,
    "std_fill_latency_sec": 0.0006922310161043456,
    "avg_queue_position": 1.5133993808196162,
    "std_queue_position": 1.9618971063547155,
    "avg_order_lifetime_sec": 0.2504418561624926,
    "std_order_lifetime_sec": 0.0006922310161043456,
    "avg_competition_size": 0.2603241273778876,
    "std_competition_size": 0.04707529550088599,
    "forced_liquidations": 0,
    "avg_forced_liq_cost": 0.0,
    "std_forced_liq_cost": 0.0,
    "taker_qty_hedge": 0.0,
    "taker_qty_cross": 0.0,
    "taker_trades_hedge": 0,
    "taker_trades_cross": 0,
    "taker_qty_total": 0.0,
    "notional_traded_btc": 0.10906424922690451,
    "notional_traded_usdt": 1875.7951765613166
  },
  "strategy": "skew_mid_spread",
  "strategy_kwargs": {
    "extra_spread_ticks": 24.0,
    "gamma": 0.08,
    "gamma_cap_factor": 5.0,
    "gamma_imb": 0.5,
    "gamma_inv_scale": 1.0,
    "gamma_vol_scale": 0.0,
    "gradient_penalty_ticks": 1.0,
    "gradient_threshold": 1.5,
    "k_vol": 4.0,
    "size_base": 0.005,
    "size_exp": 2.0,
    "size_min_factor": 0.3
  },
  "snapshots_processed": 10000,
  "sharpe_ratio": -0.08076704880788418,
  "capital_base": 10000.0,
  "sharpe_horizon_seconds": 60.0
}