{
  "final_pnl": -23.36506318877764,
  "final_inventory": 0.03104197900349999,
  "fill_count": 326,
  "max_drawdown": 23.36506318877764,
  "pnl_attribution": {
    "inventory_moves": -0.13635856156161177,
    "fees": -18.542891767924306,
    "spread_capture": 2.407562865456045,
    "adverse_selection": -6.8171411369850565,
    "funding_rates": 0.0
  },
  "additional_metrics": {
    "orders_placed": 537,
    "orders_placed_buy": 265,
    "orders_placed_sell": 272,
    "maker_qty_placed": 12.318721623480275,
    "maker_qty_filled": 2.8032450497190284,
    "maker_fill_qty_rate": 0.22755973674864632,
    "avg_fill_latency_sec": 0.16571716949193163,
    "std_fill_latency_sec": 0.12628275348827103,
    "avg_queue_position": 1.0913916422160406,
    "std_queue_position": 1.350246077402066,
    "avg_order_lifetime_sec": 0.1821767645652848,
    "std_order_lifetime_sec": 0.13702865644596973,
    "avg_competition_size": 0.8704780764138079,
    "std_competition_size": 0.1755725721302854,
    "forced_liquidations": 36,
    "avg_forced_liq_cost": 0.1778376977765708,
    "std_forced_liq_cost": 0.10069353184084769
  },
  "strategy": "skew_mid_spread",
  "strategy_kwargs": {
    "gamma": 0.1,
    "gamma_cap_factor": 5.0,
    "gamma_imb": 0.5,
    "gamma_inv_scale": 4.0,
    "gamma_vol_scale": 2.0,
    "gradient_penalty_ticks": 1.0,
    "gradient_threshold": 1.5,
    "k_vol": 1.3,
    "size_base": 0.04,
    "size_exp": 3.0,
    "size_min_factor": 0.1
  },
  "snapshots_processed": 1000,
  "sharpe_ratio": -1.3022510307741837,
  "capital_base": 10000.0,
  "sharpe_horizon_seconds": 60.0
}