{
  "final_pnl": 0.5108367155607993,
  "final_inventory": 0.0804391804,
  "fill_count": 70,
  "max_drawdown": 2.919314826542177,
  "pnl_attribution": {
    "inventory_moves": 0.6818271069736888,
    "fees": -0.6582026304180809,
    "spread_capture": 0.6331843938806119,
    "adverse_selection": -0.08368168628372566,
    "funding_rates": 0.0
  },
  "additional_metrics": {
    "orders_placed": 1587,
    "orders_placed_buy": 822,
    "orders_placed_sell": 765,
    "maker_qty_placed": 34.80997936898841,
    "maker_qty_filled": 0.5441146092459639,
    "maker_fill_qty_rate": 0.015630994878747497,
    "avg_fill_latency_sec": 0.18789998888969422,
    "std_fill_latency_sec": 0.10848566080353755,
    "avg_queue_position": 1.0276017215800648,
    "std_queue_position": 1.5249284101284735,
    "avg_order_lifetime_sec": 0.18789998888969422,
    "std_order_lifetime_sec": 0.10848566080353755,
    "avg_competition_size": 0.35240174026419824,
    "std_competition_size": 0.07202659788126414,
    "forced_liquidations": 0,
    "avg_forced_liq_cost": 0.0,
    "std_forced_liq_cost": 0.0,
    "taker_qty_hedge": 0.15941475320711923,
    "taker_qty_cross": 0.0,
    "taker_trades_hedge": 10,
    "taker_trades_cross": 0,
    "taker_qty_total": 0.15941475320711923,
    "notional_traded_btc": 0.7035293624530831,
    "notional_traded_usdt": 12101.230214132944
  },
  "strategy": "skew_mid_spread",
  "strategy_kwargs": {
    "extra_spread_ticks": 10.0,
    "gamma": 0.12,
    "gamma_cap_factor": 5.0,
    "gamma_imb": 0.5,
    "gamma_inv_scale": 1.0,
    "gamma_vol_scale": 2.0,
    "gradient_penalty_ticks": 1.0,
    "gradient_threshold": 1.5,
    "k_vol": 6.0,
    "size_base": 0.04,
    "size_exp": 2.0,
    "size_min_factor": 0.3
  },
  "snapshots_processed": 10000,
  "sharpe_ratio": 0.03905723853436516,
  "capital_base": 10000.0,
  "sharpe_horizon_seconds": 60.0
}