{
  "final_pnl": -2.618593687611792,
  "final_inventory": 0.030719589112563964,
  "fill_count": 158,
  "max_drawdown": 4.882922422844786,
  "pnl_attribution": {
    "inventory_moves": 0.2473728353121451,
    "fees": -3.985766511516457,
    "spread_capture": 1.3611571652878927,
    "adverse_selection": -0.178597388712139,
    "funding_rates": 0.0
  },
  "additional_metrics": {
    "orders_placed": 2961,
    "orders_placed_buy": 1539,
    "orders_placed_sell": 1422,
    "maker_qty_placed": 64.82363255860159,
    "maker_qty_filled": 1.142505249859181,
    "maker_fill_qty_rate": 0.017624826082159747,
    "avg_fill_latency_sec": 0.18450548884632822,
    "std_fill_latency_sec": 0.11042896769471294,
    "avg_queue_position": 0.6677471547563025,
    "std_queue_position": 1.2728973076555667,
    "avg_order_lifetime_sec": 0.18450548884632822,
    "std_order_lifetime_sec": 0.11042896769471294,
    "avg_competition_size": 0.35568014610614973,
    "std_competition_size": 0.06811925082888064,
    "forced_liquidations": 0,
    "avg_forced_liq_cost": 0.0,
    "std_forced_liq_cost": 0.0,
    "taker_qty_hedge": 0.39136012811550813,
    "taker_qty_cross": 0.0,
    "taker_trades_hedge": 24,
    "taker_trades_cross": 0,
    "taker_qty_total": 0.39136012811550813,
    "notional_traded_btc": 1.5338653779746874,
    "notional_traded_usdt": 26388.71398666198
  },
  "strategy": "skew_mid_spread",
  "strategy_kwargs": {
    "extra_spread_ticks": 34.0,
    "gamma": 0.12,
    "gamma_cap_factor": 5.0,
    "gamma_imb": 0.5,
    "gamma_inv_scale": 1.0,
    "gamma_vol_scale": 2.0,
    "gradient_penalty_ticks": 1.0,
    "gradient_threshold": 1.5,
    "k_vol": 8.0,
    "size_base": 0.04,
    "size_exp": 2.0,
    "size_min_factor": 0.3
  },
  "snapshots_processed": 10000,
  "sharpe_ratio": -0.19788701614842957,
  "capital_base": 10000.0,
  "sharpe_horizon_seconds": 60.0
}