{
  "final_pnl": -1.6038061208873842,
  "final_inventory": 0.000987791934386883,
  "fill_count": 263,
  "max_drawdown": 1.6038061208873842,
  "pnl_attribution": {
    "inventory_moves": -0.08504725136546555,
    "fees": -1.6852913698288512,
    "spread_capture": 0.21376558268328721,
    "adverse_selection": -0.046112802624266286,
    "funding_rates": 0.0
  },
  "additional_metrics": {
    "orders_placed": 534,
    "orders_placed_buy": 261,
    "orders_placed_sell": 273,
    "maker_qty_placed": 1.533808146818478,
    "maker_qty_filled": 0.3224472824162364,
    "maker_fill_qty_rate": 0.21022660694890488,
    "avg_fill_latency_sec": 0.19330871825250204,
    "std_fill_latency_sec": 0.10905930080208612,
    "avg_queue_position": 1.1372595477455518,
    "std_queue_position": 1.4075690846644702,
    "avg_order_lifetime_sec": 0.20678522602823757,
    "std_order_lifetime_sec": 0.10358788325257376,
    "avg_competition_size": 0.6367729078968313,
    "std_competition_size": 0.1238380874418574,
    "forced_liquidations": 0,
    "avg_forced_liq_cost": 0.0,
    "std_forced_liq_cost": 0.0
  },
  "strategy": "skew_mid_spread",
  "strategy_kwargs": {
    "gamma": 0.1,
    "gamma_cap_factor": 5.0,
    "gamma_imb": 0.5,
    "gamma_inv_scale": 4.0,
    "gamma_vol_scale": 2.0,
    "gradient_penalty_ticks": 1.0,
    "gradient_threshold": 1.5,
    "k_vol": 1.3,
    "size_base": 0.005,
    "size_exp": 1.0,
    "size_min_factor": 0.2
  },
  "snapshots_processed": 1000,
  "sharpe_ratio": -1.1678112288231268,
  "capital_base": 10000.0,
  "sharpe_horizon_seconds": 60.0
}