{
  "final_pnl": -1.69058375491295,
  "final_inventory": 0.0011815146960975369,
  "fill_count": 268,
  "max_drawdown": 1.69058375491295,
  "pnl_attribution": {
    "inventory_moves": -0.13138476309265912,
    "fees": -1.7755785125412973,
    "spread_capture": 0.26246042521841434,
    "adverse_selection": -0.048407810173683015,
    "funding_rates": 0.0
  },
  "additional_metrics": {
    "orders_placed": 607,
    "orders_placed_buy": 303,
    "orders_placed_sell": 304,
    "maker_qty_placed": 1.7273520060144094,
    "maker_qty_filled": 0.31415824088146815,
    "maker_fill_qty_rate": 0.18187273919132352,
    "avg_fill_latency_sec": 0.1854025899589836,
    "std_fill_latency_sec": 0.10982420689620377,
    "avg_queue_position": 1.1221155856218228,
    "std_queue_position": 1.4226966483829295,
    "avg_order_lifetime_sec": 0.1968116806699084,
    "std_order_lifetime_sec": 0.1027835138441832,
    "avg_competition_size": 0.6303669859107202,
    "std_competition_size": 0.11995422883777376,
    "forced_liquidations": 0,
    "avg_forced_liq_cost": 0.0,
    "std_forced_liq_cost": 0.0
  },
  "strategy": "skew_mid_spread",
  "strategy_kwargs": {
    "gamma": 0.1,
    "gamma_cap_factor": 5.0,
    "gamma_imb": 0.5,
    "gamma_inv_scale": 4.0,
    "gamma_vol_scale": 2.0,
    "gradient_penalty_ticks": 1.0,
    "gradient_threshold": 1.5,
    "k_vol": 1.3,
    "size_base": 0.005,
    "size_exp": 1.0,
    "size_min_factor": 0.3
  },
  "snapshots_processed": 1000,
  "sharpe_ratio": -1.1687817196169534,
  "capital_base": 10000.0,
  "sharpe_horizon_seconds": 60.0
}