{
  "final_pnl": -0.16435366488440195,
  "final_inventory": 0.01478426922302727,
  "fill_count": 36,
  "max_drawdown": 0.4969318138228118,
  "pnl_attribution": {
    "inventory_moves": -0.1371063200333381,
    "fees": -0.0750172558378183,
    "spread_capture": 0.05616523543134093,
    "adverse_selection": -0.006330845252609158,
    "funding_rates": 0.0
  },
  "additional_metrics": {
    "orders_placed": 1588,
    "orders_placed_buy": 821,
    "orders_placed_sell": 767,
    "maker_qty_placed": 4.360386588729157,
    "maker_qty_filled": 0.04361241372038788,
    "maker_fill_qty_rate": 0.010001960338360457,
    "avg_fill_latency_sec": 0.2504444387223985,
    "std_fill_latency_sec": 0.0005983328775784054,
    "avg_queue_position": 1.102689528808693,
    "std_queue_position": 1.2226987902031412,
    "avg_order_lifetime_sec": 0.2504444387223985,
    "std_order_lifetime_sec": 0.0005983328775784054,
    "avg_competition_size": 0.2585447445703273,
    "std_competition_size": 0.05027175257198463,
    "forced_liquidations": 0,
    "avg_forced_liq_cost": 0.0,
    "std_forced_liq_cost": 0.0,
    "taker_qty_hedge": 0.0,
    "taker_qty_cross": 0.0,
    "taker_trades_hedge": 0,
    "taker_trades_cross": 0,
    "taker_qty_total": 0.0,
    "notional_traded_btc": 0.04361241372038788,
    "notional_traded_usdt": 750.1725583781828
  },
  "strategy": "skew_mid_spread",
  "strategy_kwargs": {
    "extra_spread_ticks": 28.0,
    "gamma": 0.16,
    "gamma_cap_factor": 5.0,
    "gamma_imb": 0.5,
    "gamma_inv_scale": 4.0,
    "gamma_vol_scale": 0.0,
    "gradient_penalty_ticks": 1.0,
    "gradient_threshold": 1.5,
    "k_vol": 6.0,
    "size_base": 0.005,
    "size_exp": 2.0,
    "size_min_factor": 0.3
  },
  "snapshots_processed": 10000,
  "sharpe_ratio": -0.09659347312224163,
  "capital_base": 10000.0,
  "sharpe_horizon_seconds": 60.0
}