{
  "final_pnl": -3.5911171707630274,
  "final_inventory": 0.007473561458239826,
  "fill_count": 274,
  "max_drawdown": 3.5911171707630274,
  "pnl_attribution": {
    "inventory_moves": -0.29288308611439123,
    "fees": -3.642473510494921,
    "spread_capture": 0.42070956921442754,
    "adverse_selection": -0.09221351750138937,
    "funding_rates": 0.0
  },
  "additional_metrics": {
    "orders_placed": 536,
    "orders_placed_buy": 262,
    "orders_placed_sell": 274,
    "maker_qty_placed": 3.081386384656056,
    "maker_qty_filled": 0.6318393170327087,
    "maker_fill_qty_rate": 0.20505033714012288,
    "avg_fill_latency_sec": 0.18706961523128462,
    "std_fill_latency_sec": 0.1159948204852127,
    "avg_queue_position": 1.1544085833330358,
    "std_queue_position": 1.4254289860750868,
    "avg_order_lifetime_sec": 0.21086075336118287,
    "std_order_lifetime_sec": 0.12450074887483277,
    "avg_competition_size": 0.6652344537244922,
    "std_competition_size": 0.13096220034111852,
    "forced_liquidations": 0,
    "avg_forced_liq_cost": 0.0,
    "std_forced_liq_cost": 0.0
  },
  "strategy": "skew_mid_spread",
  "strategy_kwargs": {
    "gamma": 0.1,
    "gamma_cap_factor": 5.0,
    "gamma_imb": 0.5,
    "gamma_inv_scale": 4.0,
    "gamma_vol_scale": 2.0,
    "gradient_penalty_ticks": 1.0,
    "gradient_threshold": 1.5,
    "k_vol": 1.3,
    "size_base": 0.01,
    "size_exp": 1.0,
    "size_min_factor": 0.3
  },
  "snapshots_processed": 1000,
  "sharpe_ratio": -1.1551735620828634,
  "capital_base": 10000.0,
  "sharpe_horizon_seconds": 60.0
}