{
  "final_pnl": -3.487879493544824,
  "final_inventory": 0.009140865389225197,
  "fill_count": 268,
  "max_drawdown": 3.487879493544824,
  "pnl_attribution": {
    "inventory_moves": -0.278819951389506,
    "fees": -3.5535585303410686,
    "spread_capture": 0.49143079247829924,
    "adverse_selection": -0.1414079006358969,
    "funding_rates": 0.0
  },
  "additional_metrics": {
    "orders_placed": 607,
    "orders_placed_buy": 302,
    "orders_placed_sell": 305,
    "maker_qty_placed": 3.456102262360375,
    "maker_qty_filled": 0.6283767247530283,
    "maker_fill_qty_rate": 0.18181658905077447,
    "avg_fill_latency_sec": 0.18539609692313455,
    "std_fill_latency_sec": 0.10982035794449552,
    "avg_queue_position": 1.1309188588298074,
    "std_queue_position": 1.4351122373973388,
    "avg_order_lifetime_sec": 0.19518181101068274,
    "std_order_lifetime_sec": 0.10389538897625636,
    "avg_competition_size": 0.6662627011325056,
    "std_competition_size": 0.13047254949773565,
    "forced_liquidations": 1,
    "avg_forced_liq_cost": 0.04011787807822054,
    "std_forced_liq_cost": 0.0
  },
  "strategy": "skew_mid_spread",
  "strategy_kwargs": {
    "gamma": 0.1,
    "gamma_cap_factor": 5.0,
    "gamma_imb": 0.5,
    "gamma_inv_scale": 4.0,
    "gamma_vol_scale": 2.0,
    "gradient_penalty_ticks": 1.0,
    "gradient_threshold": 1.5,
    "k_vol": 1.3,
    "size_base": 0.01,
    "size_exp": 2.0,
    "size_min_factor": 0.3
  },
  "snapshots_processed": 1000,
  "sharpe_ratio": -1.203668064819704,
  "capital_base": 10000.0,
  "sharpe_horizon_seconds": 60.0
}