{
  "final_pnl": -6.914432585241229,
  "final_inventory": 0.001004281282489498,
  "fill_count": 275,
  "max_drawdown": 6.914432585241229,
  "pnl_attribution": {
    "inventory_moves": -0.20943342312151111,
    "fees": -6.96269621204964,
    "spread_capture": 1.1775016606876365,
    "adverse_selection": -0.8945377269606872,
    "funding_rates": 0.0
  },
  "additional_metrics": {
    "orders_placed": 534,
    "orders_placed_buy": 262,
    "orders_placed_sell": 272,
    "maker_qty_placed": 6.12930524080249,
    "maker_qty_filled": 1.2990588204526021,
    "maker_fill_qty_rate": 0.21194226252672652,
    "avg_fill_latency_sec": 0.18708227254167387,
    "std_fill_latency_sec": 0.11252706726805542,
    "avg_queue_position": 1.1768308671571202,
    "std_queue_position": 1.432392966569118,
    "avg_order_lifetime_sec": 0.19979113114031055,
    "std_order_lifetime_sec": 0.1083196730929328,
    "avg_competition_size": 0.7394954050050349,
    "std_competition_size": 0.14802096624053798,
    "forced_liquidations": 9,
    "avg_forced_liq_cost": 0.07787130609781329,
    "std_forced_liq_cost": 0.06377818198373292
  },
  "strategy": "skew_mid_spread",
  "strategy_kwargs": {
    "gamma": 0.1,
    "gamma_cap_factor": 5.0,
    "gamma_imb": 0.5,
    "gamma_inv_scale": 4.0,
    "gamma_vol_scale": 2.0,
    "gradient_penalty_ticks": 1.0,
    "gradient_threshold": 1.5,
    "k_vol": 1.3,
    "size_base": 0.02,
    "size_exp": 2.0,
    "size_min_factor": 0.1
  },
  "snapshots_processed": 1000,
  "sharpe_ratio": -1.2357974876096425,
  "capital_base": 10000.0,
  "sharpe_horizon_seconds": 60.0
}