{
  "final_pnl": -4.711151600313315,
  "final_inventory": 0.0018341378561274853,
  "fill_count": 293,
  "max_drawdown": 4.711151600313315,
  "pnl_attribution": {
    "inventory_moves": -0.5394291142033163,
    "fees": -4.416915753342039,
    "spread_capture": 0.33734779508621027,
    "adverse_selection": -0.09841760579533025,
    "funding_rates": 0.0
  },
  "additional_metrics": {
    "orders_placed": 593,
    "orders_placed_buy": 301,
    "orders_placed_sell": 292,
    "maker_qty_placed": 3.3833117595075732,
    "maker_qty_filled": 0.6564750228659006,
    "maker_fill_qty_rate": 0.19403326371597746,
    "avg_fill_latency_sec": 0.16885714258466447,
    "std_fill_latency_sec": 0.11735984762153033,
    "avg_queue_position": 1.511273912239869,
    "std_queue_position": 1.7707507237364946,
    "avg_order_lifetime_sec": 0.17744000026157924,
    "std_order_lifetime_sec": 0.11379673926794766,
    "avg_competition_size": 0.669873358736862,
    "std_competition_size": 0.12749203170409393,
    "forced_liquidations": 0,
    "avg_forced_liq_cost": 0.0,
    "std_forced_liq_cost": 0.0
  },
  "strategy": "skew_mid_spread",
  "strategy_kwargs": {
    "gamma": 0.1,
    "gamma_cap_factor": 5.0,
    "gamma_imb": 0.5,
    "gamma_inv_scale": 4.0,
    "gamma_vol_scale": 2.0,
    "gradient_penalty_ticks": 1.0,
    "gradient_threshold": 1.5,
    "k_vol": 0.8,
    "size_base": 0.01,
    "size_exp": 1.0,
    "size_min_factor": 0.2
  },
  "snapshots_processed": 1000,
  "sharpe_ratio": -1.3633495940711726,
  "capital_base": 10000.0,
  "sharpe_horizon_seconds": 60.0
}