{
  "final_pnl": -1.5782262693519442,
  "final_inventory": 0.004798473057827147,
  "fill_count": 266,
  "max_drawdown": 1.5782262693519442,
  "pnl_attribution": {
    "inventory_moves": -0.10869109460484812,
    "fees": -1.681222644792145,
    "spread_capture": 0.2563573850297229,
    "adverse_selection": -0.04764298476287777,
    "funding_rates": 0.0
  },
  "additional_metrics": {
    "orders_placed": 526,
    "orders_placed_buy": 256,
    "orders_placed_sell": 270,
    "maker_qty_placed": 1.5077028503371064,
    "maker_qty_filled": 0.3174937906120077,
    "maker_fill_qty_rate": 0.21058114371875034,
    "avg_fill_latency_sec": 0.1923973449808083,
    "std_fill_latency_sec": 0.10956077570741521,
    "avg_queue_position": 1.150501253458225,
    "std_queue_position": 1.3723163742621693,
    "avg_order_lifetime_sec": 0.21232449613659587,
    "std_order_lifetime_sec": 0.11069500454943206,
    "avg_competition_size": 0.6335102289352336,
    "std_competition_size": 0.12098509241056746,
    "forced_liquidations": 0,
    "avg_forced_liq_cost": 0.0,
    "std_forced_liq_cost": 0.0
  },
  "strategy": "skew_mid_spread",
  "strategy_kwargs": {
    "gamma": 0.1,
    "gamma_cap_factor": 5.0,
    "gamma_imb": 0.5,
    "gamma_inv_scale": 4.0,
    "gamma_vol_scale": 2.0,
    "gradient_penalty_ticks": 1.0,
    "gradient_threshold": 1.5,
    "k_vol": 1.3,
    "size_base": 0.005,
    "size_exp": 3.0,
    "size_min_factor": 0.2
  },
  "snapshots_processed": 1000,
  "sharpe_ratio": -1.1758975369862203,
  "capital_base": 10000.0,
  "sharpe_horizon_seconds": 60.0
}