{
  "final_pnl": -3.619591104259598,
  "final_inventory": 0.008730384971559254,
  "fill_count": 274,
  "max_drawdown": 3.619591104259598,
  "pnl_attribution": {
    "inventory_moves": -0.28521495810950165,
    "fees": -3.690666034295748,
    "spread_capture": 0.49533030229817,
    "adverse_selection": -0.1317955769251545,
    "funding_rates": 0.0
  },
  "additional_metrics": {
    "orders_placed": 607,
    "orders_placed_buy": 303,
    "orders_placed_sell": 304,
    "maker_qty_placed": 3.4560894251054126,
    "maker_qty_filled": 0.6537463002944431,
    "maker_fill_qty_rate": 0.18915780811270633,
    "avg_fill_latency_sec": 0.18386708181115646,
    "std_fill_latency_sec": 0.11063796773309816,
    "avg_queue_position": 1.115418241508451,
    "std_queue_position": 1.4217384342910966,
    "avg_order_lifetime_sec": 0.19340505630155153,
    "std_order_lifetime_sec": 0.10506230664679607,
    "avg_competition_size": 0.673838305745742,
    "std_competition_size": 0.12973354160902023,
    "forced_liquidations": 1,
    "avg_forced_liq_cost": 0.025952427171491457,
    "std_forced_liq_cost": 0.0
  },
  "strategy": "skew_mid_spread",
  "strategy_kwargs": {
    "gamma": 0.1,
    "gamma_cap_factor": 5.0,
    "gamma_imb": 0.5,
    "gamma_inv_scale": 4.0,
    "gamma_vol_scale": 2.0,
    "gradient_penalty_ticks": 1.0,
    "gradient_threshold": 1.5,
    "k_vol": 1.3,
    "size_base": 0.01,
    "size_exp": 2.0,
    "size_min_factor": 0.1
  },
  "snapshots_processed": 1000,
  "sharpe_ratio": -1.165527885376596,
  "capital_base": 10000.0,
  "sharpe_horizon_seconds": 60.0
}