{
  "final_pnl": -1.5139869517697662,
  "final_inventory": 0.01248996880784306,
  "fill_count": 2276,
  "max_drawdown": 3.6493544862241833,
  "pnl_attribution": {
    "inventory_moves": -1.0172219813026666,
    "fees": -1.4402198807131232,
    "spread_capture": 1.211117938738995,
    "adverse_selection": -0.16600869929566536,
    "funding_rates": 0.0
  },
  "additional_metrics": {
    "orders_placed": 2955,
    "orders_placed_buy": 1530,
    "orders_placed_sell": 1425,
    "maker_qty_placed": 64.68268435186538,
    "maker_qty_filled": 1.1100345309201782,
    "maker_fill_qty_rate": 0.01716123166567632,
    "avg_fill_latency_sec": 0.006669372925093758,
    "std_fill_latency_sec": 0.04033562700542088,
    "avg_queue_position": 0.02307253064454671,
    "std_queue_position": 0.238612763214729,
    "avg_order_lifetime_sec": 0.006669372925093758,
    "std_order_lifetime_sec": 0.04033562700542088,
    "avg_competition_size": 0.3541368536088841,
    "std_competition_size": 0.06712401579559638,
    "forced_liquidations": 0,
    "avg_forced_liq_cost": 0.0,
    "std_forced_liq_cost": 0.0,
    "taker_qty_hedge": 0.34872952046828554,
    "taker_qty_cross": 0.0,
    "taker_trades_hedge": 2158,
    "taker_trades_cross": 0,
    "taker_qty_total": 0.34872952046828554,
    "notional_traded_btc": 1.4587640513884625,
    "notional_traded_usdt": 25092.816518228465
  },
  "strategy": "skew_mid_spread",
  "strategy_kwargs": {
    "extra_spread_ticks": 10.0,
    "gamma": 0.16,
    "gamma_cap_factor": 5.0,
    "gamma_imb": 0.5,
    "gamma_inv_scale": 1.0,
    "gamma_vol_scale": 2.0,
    "gradient_penalty_ticks": 1.0,
    "gradient_threshold": 1.5,
    "k_vol": 6.0,
    "size_base": 0.04,
    "size_exp": 2.0,
    "size_min_factor": 0.3
  },
  "snapshots_processed": 10000,
  "sharpe_ratio": -0.15833017525469933,
  "capital_base": 10000.0,
  "sharpe_horizon_seconds": 60.0
}