{
  "final_pnl": -7.539652045143157,
  "final_inventory": 0.010343933241614799,
  "fill_count": 270,
  "max_drawdown": 7.539652045143157,
  "pnl_attribution": {
    "inventory_moves": -0.6047630270187401,
    "fees": -7.595801306622313,
    "spread_capture": 0.8587619797339526,
    "adverse_selection": -0.2189850920340637,
    "funding_rates": 0.0
  },
  "additional_metrics": {
    "orders_placed": 610,
    "orders_placed_buy": 304,
    "orders_placed_sell": 306,
    "maker_qty_placed": 6.932970030803313,
    "maker_qty_filled": 1.2455944601495998,
    "maker_fill_qty_rate": 0.17966246134274355,
    "avg_fill_latency_sec": 0.17753797090506251,
    "std_fill_latency_sec": 0.11377985586997978,
    "avg_queue_position": 1.0865243718539739,
    "std_queue_position": 1.3644144077050877,
    "avg_order_lifetime_sec": 0.18865822387647024,
    "std_order_lifetime_sec": 0.10800449667490766,
    "avg_competition_size": 0.7281144974503627,
    "std_competition_size": 0.1412048142512295,
    "forced_liquidations": 1,
    "avg_forced_liq_cost": 0.046200731418768924,
    "std_forced_liq_cost": 0.0
  },
  "strategy": "skew_mid_spread",
  "strategy_kwargs": {
    "gamma": 0.1,
    "gamma_cap_factor": 5.0,
    "gamma_imb": 0.5,
    "gamma_inv_scale": 4.0,
    "gamma_vol_scale": 2.0,
    "gradient_penalty_ticks": 1.0,
    "gradient_threshold": 1.5,
    "k_vol": 1.3,
    "size_base": 0.02,
    "size_exp": 1.0,
    "size_min_factor": 0.2
  },
  "snapshots_processed": 1000,
  "sharpe_ratio": -1.1762561050528602,
  "capital_base": 10000.0,
  "sharpe_horizon_seconds": 60.0
}