{
  "final_pnl": -3.6111203361197113,
  "final_inventory": 0.010010722977784997,
  "fill_count": 274,
  "max_drawdown": 3.6111203361197113,
  "pnl_attribution": {
    "inventory_moves": -0.29466450420776596,
    "fees": -3.6650079119254038,
    "spread_capture": 0.4624221637589285,
    "adverse_selection": -0.1173503227899903,
    "funding_rates": 0.0
  },
  "additional_metrics": {
    "orders_placed": 610,
    "orders_placed_buy": 304,
    "orders_placed_sell": 306,
    "maker_qty_placed": 3.472834906448494,
    "maker_qty_filled": 0.6444214404746318,
    "maker_fill_qty_rate": 0.1855606321158674,
    "avg_fill_latency_sec": 0.18386708181115646,
    "std_fill_latency_sec": 0.11063796773309816,
    "avg_queue_position": 1.1238129618335737,
    "std_queue_position": 1.4056093933248668,
    "avg_order_lifetime_sec": 0.1949873347825642,
    "std_order_lifetime_sec": 0.10401496515212184,
    "avg_competition_size": 0.6657715617093484,
    "std_competition_size": 0.13016115307460244,
    "forced_liquidations": 1,
    "avg_forced_liq_cost": 0.01797079352208979,
    "std_forced_liq_cost": 0.0
  },
  "strategy": "skew_mid_spread",
  "strategy_kwargs": {
    "gamma": 0.1,
    "gamma_cap_factor": 5.0,
    "gamma_imb": 0.5,
    "gamma_inv_scale": 4.0,
    "gamma_vol_scale": 2.0,
    "gradient_penalty_ticks": 1.0,
    "gradient_threshold": 1.5,
    "k_vol": 1.3,
    "size_base": 0.01,
    "size_exp": 2.0,
    "size_min_factor": 0.2
  },
  "snapshots_processed": 1000,
  "sharpe_ratio": -1.187632774195965,
  "capital_base": 10000.0,
  "sharpe_horizon_seconds": 60.0
}