{
  "final_pnl": -0.11783941603607673,
  "final_inventory": 0.061870704874100055,
  "fill_count": 1204,
  "max_drawdown": 3.444033134241181,
  "pnl_attribution": {
    "inventory_moves": 0.36368574914919727,
    "fees": -1.0679712482305372,
    "spread_capture": 0.7239647732619978,
    "adverse_selection": -0.10224959417847093,
    "funding_rates": 0.0
  },
  "additional_metrics": {
    "orders_placed": 1589,
    "orders_placed_buy": 821,
    "orders_placed_sell": 768,
    "maker_qty_placed": 34.84701997116934,
    "maker_qty_filled": 0.6745451107304814,
    "maker_fill_qty_rate": 0.019357325570122378,
    "avg_fill_latency_sec": 0.007942587469210458,
    "std_fill_latency_sec": 0.0438936838540452,
    "avg_queue_position": 0.044092403749719955,
    "std_queue_position": 0.3733161896235549,
    "avg_order_lifetime_sec": 0.007942587469210458,
    "std_order_lifetime_sec": 0.0438936838540452,
    "avg_competition_size": 0.35303957813336273,
    "std_competition_size": 0.07003856297177014,
    "forced_liquidations": 0,
    "avg_forced_liq_cost": 0.0,
    "std_forced_liq_cost": 0.0,
    "taker_qty_hedge": 0.25858950966874866,
    "taker_qty_cross": 0.0,
    "taker_trades_hedge": 1130,
    "taker_trades_cross": 0,
    "taker_qty_total": 0.25858950966874866,
    "notional_traded_btc": 0.9331346203992285,
    "notional_traded_usdt": 16053.261053282828
  },
  "strategy": "skew_mid_spread",
  "strategy_kwargs": {
    "extra_spread_ticks": 20.0,
    "gamma": 0.12,
    "gamma_cap_factor": 5.0,
    "gamma_imb": 0.5,
    "gamma_inv_scale": 1.0,
    "gamma_vol_scale": 2.0,
    "gradient_penalty_ticks": 1.0,
    "gradient_threshold": 1.5,
    "k_vol": 6.0,
    "size_base": 0.04,
    "size_exp": 2.0,
    "size_min_factor": 0.3
  },
  "snapshots_processed": 10000,
  "sharpe_ratio": -0.009104754616549846,
  "capital_base": 10000.0,
  "sharpe_horizon_seconds": 60.0
}