{
  "final_pnl": -0.3944335623746156,
  "final_inventory": 0.011848410201432319,
  "fill_count": 76,
  "max_drawdown": 0.5650918838255166,
  "pnl_attribution": {
    "inventory_moves": -0.3294228683853408,
    "fees": -0.15897615760843686,
    "spread_capture": 0.10972823342896922,
    "adverse_selection": -0.013133113717035343,
    "funding_rates": 0.0
  },
  "additional_metrics": {
    "orders_placed": 2964,
    "orders_placed_buy": 1540,
    "orders_placed_sell": 1424,
    "maker_qty_placed": 8.125058975924143,
    "maker_qty_filled": 0.0924366582497752,
    "maker_fill_qty_rate": 0.011376736897994205,
    "avg_fill_latency_sec": 0.2506315896385594,
    "std_fill_latency_sec": 0.0015117391152196637,
    "avg_queue_position": 1.2764497342342556,
    "std_queue_position": 1.265541157550687,
    "avg_order_lifetime_sec": 0.2506315896385594,
    "std_order_lifetime_sec": 0.0015117391152196637,
    "avg_competition_size": 0.25971290796130025,
    "std_competition_size": 0.047545198373212534,
    "forced_liquidations": 0,
    "avg_forced_liq_cost": 0.0,
    "std_forced_liq_cost": 0.0,
    "taker_qty_hedge": 0.0,
    "taker_qty_cross": 0.0,
    "taker_trades_hedge": 0,
    "taker_trades_cross": 0,
    "taker_qty_total": 0.0,
    "notional_traded_btc": 0.0924366582497752,
    "notional_traded_usdt": 1589.761576084369
  },
  "strategy": "skew_mid_spread",
  "strategy_kwargs": {
    "extra_spread_ticks": 24.0,
    "gamma": 0.08,
    "gamma_cap_factor": 5.0,
    "gamma_imb": 0.5,
    "gamma_inv_scale": 2.0,
    "gamma_vol_scale": 0.0,
    "gradient_penalty_ticks": 1.0,
    "gradient_threshold": 1.5,
    "k_vol": 6.0,
    "size_base": 0.005,
    "size_exp": 2.0,
    "size_min_factor": 0.3
  },
  "snapshots_processed": 10000,
  "sharpe_ratio": -0.2527321465192106,
  "capital_base": 10000.0,
  "sharpe_horizon_seconds": 60.0
}