{
  "final_pnl": 0.08514598803776607,
  "final_inventory": 0.07745373099204587,
  "fill_count": 332,
  "max_drawdown": 2.299172569957591,
  "pnl_attribution": {
    "inventory_moves": -0.20506810142910137,
    "fees": -0.22620027692754663,
    "spread_capture": 0.6345048302980683,
    "adverse_selection": -0.09792363299847925,
    "funding_rates": 0.0
  },
  "additional_metrics": {
    "orders_placed": 1588,
    "orders_placed_buy": 822,
    "orders_placed_sell": 766,
    "maker_qty_placed": 34.859072707922174,
    "maker_qty_filled": 0.5976901163294839,
    "maker_fill_qty_rate": 0.017145898324301984,
    "avg_fill_latency_sec": 0.02766554969608983,
    "std_fill_latency_sec": 0.07854624501318275,
    "avg_queue_position": 0.10700057308595619,
    "std_queue_position": 0.48243323158819473,
    "avg_order_lifetime_sec": 0.02766554969608983,
    "std_order_lifetime_sec": 0.07854624501318275,
    "avg_competition_size": 0.3552236852366012,
    "std_competition_size": 0.07194144710156493,
    "forced_liquidations": 0,
    "avg_forced_liq_cost": 0.0,
    "std_forced_liq_cost": 0.0,
    "taker_qty_hedge": 0.0547677610147387,
    "taker_qty_cross": 0.0,
    "taker_trades_hedge": 266,
    "taker_trades_cross": 0,
    "taker_qty_total": 0.0547677610147387,
    "notional_traded_btc": 0.6524578773442229,
    "notional_traded_usdt": 11222.943412418217
  },
  "strategy": "skew_mid_spread",
  "strategy_kwargs": {
    "extra_spread_ticks": 25.0,
    "gamma": 0.08,
    "gamma_cap_factor": 5.0,
    "gamma_imb": 0.5,
    "gamma_inv_scale": 1.0,
    "gamma_vol_scale": 2.0,
    "gradient_penalty_ticks": 1.0,
    "gradient_threshold": 1.5,
    "k_vol": 2.0,
    "size_base": 0.04,
    "size_exp": 2.0,
    "size_min_factor": 0.3
  },
  "snapshots_processed": 10000,
  "sharpe_ratio": 0.009432360070731203,
  "capital_base": 10000.0,
  "sharpe_horizon_seconds": 60.0
}