{
  "final_pnl": -2.472882677184316,
  "final_inventory": -0.025227039595745213,
  "fill_count": 171,
  "max_drawdown": 3.497497201889928,
  "pnl_attribution": {
    "inventory_moves": -2.2878937854560397,
    "fees": -1.8463407942351213,
    "spread_capture": 1.967247511036951,
    "adverse_selection": -0.22371536813191714,
    "funding_rates": 0.0
  },
  "additional_metrics": {
    "orders_placed": 2962,
    "orders_placed_buy": 1538,
    "orders_placed_sell": 1424,
    "maker_qty_placed": 64.88373735408439,
    "maker_qty_filled": 1.4114316694603941,
    "maker_fill_qty_rate": 0.021753242445913843,
    "avg_fill_latency_sec": 0.186653056923224,
    "std_fill_latency_sec": 0.10923211337659004,
    "avg_queue_position": 0.75045171575207,
    "std_queue_position": 1.3518809059512518,
    "avg_order_lifetime_sec": 0.186653056923224,
    "std_order_lifetime_sec": 0.10923211337659004,
    "avg_competition_size": 0.35349708874633096,
    "std_competition_size": 0.06757275799436559,
    "forced_liquidations": 0,
    "avg_forced_liq_cost": 0.0,
    "std_forced_liq_cost": 0.0,
    "taker_qty_hedge": 0.44718913829301776,
    "taker_qty_cross": 0.0,
    "taker_trades_hedge": 25,
    "taker_trades_cross": 0,
    "taker_qty_total": 0.44718913829301776,
    "notional_traded_btc": 1.85862080775341,
    "notional_traded_usdt": 31970.301153595436
  },
  "strategy": "skew_mid_spread",
  "strategy_kwargs": {
    "extra_spread_ticks": 30.0,
    "gamma": 0.08,
    "gamma_cap_factor": 5.0,
    "gamma_imb": 0.5,
    "gamma_inv_scale": 1.0,
    "gamma_vol_scale": 2.0,
    "gradient_penalty_ticks": 1.0,
    "gradient_threshold": 1.5,
    "k_vol": 6.0,
    "size_base": 0.04,
    "size_exp": 2.0,
    "size_min_factor": 0.3
  },
  "snapshots_processed": 10000,
  "sharpe_ratio": -0.22837935398309525,
  "capital_base": 10000.0,
  "sharpe_horizon_seconds": 60.0
}