{
  "final_pnl": -1.2988499586717808,
  "final_inventory": 0.04378661307025543,
  "fill_count": 230,
  "max_drawdown": 2.427773433517359,
  "pnl_attribution": {
    "inventory_moves": -1.8306253963920809,
    "fees": -0.07816086989812722,
    "spread_capture": 0.7750196422240686,
    "adverse_selection": -0.09770452415333482,
    "funding_rates": 0.0
  },
  "additional_metrics": {
    "orders_placed": 1584,
    "orders_placed_buy": 817,
    "orders_placed_sell": 767,
    "maker_qty_placed": 34.782465085183226,
    "maker_qty_filled": 0.6188534256438514,
    "maker_fill_qty_rate": 0.01779210944733969,
    "avg_fill_latency_sec": 0.04499999682108561,
    "std_fill_latency_sec": 0.0962147103306231,
    "avg_queue_position": 0.13398625812663978,
    "std_queue_position": 0.44561780052326255,
    "avg_order_lifetime_sec": 0.04499999682108561,
    "std_order_lifetime_sec": 0.0962147103306231,
    "avg_competition_size": 0.3541211932301355,
    "std_competition_size": 0.06965149010562911,
    "forced_liquidations": 0,
    "avg_forced_liq_cost": 0.0,
    "std_forced_liq_cost": 0.0,
    "taker_qty_hedge": 0.018947648708812423,
    "taker_qty_cross": 0.0,
    "taker_trades_hedge": 160,
    "taker_trades_cross": 0,
    "taker_qty_total": 0.018947648708812423,
    "notional_traded_btc": 0.6378010743526643,
    "notional_traded_usdt": 10969.98570678806
  },
  "strategy": "skew_mid_spread",
  "strategy_kwargs": {
    "extra_spread_ticks": 30.0,
    "gamma": 0.16,
    "gamma_cap_factor": 5.0,
    "gamma_imb": 0.5,
    "gamma_inv_scale": 1.0,
    "gamma_vol_scale": 2.0,
    "gradient_penalty_ticks": 1.0,
    "gradient_threshold": 1.5,
    "k_vol": 4.0,
    "size_base": 0.04,
    "size_exp": 2.0,
    "size_min_factor": 0.3
  },
  "snapshots_processed": 10000,
  "sharpe_ratio": -0.17728583487564434,
  "capital_base": 10000.0,
  "sharpe_horizon_seconds": 60.0
}