{
  "final_pnl": -2.0900913996465533,
  "final_inventory": -0.015479144531956743,
  "fill_count": 2453,
  "max_drawdown": 3.3588768270565197,
  "pnl_attribution": {
    "inventory_moves": -2.2289350914706714,
    "fees": -1.120637929327602,
    "spread_capture": 1.583302600235462,
    "adverse_selection": -0.18413738209823366,
    "funding_rates": 0.0
  },
  "additional_metrics": {
    "orders_placed": 2963,
    "orders_placed_buy": 1538,
    "orders_placed_sell": 1425,
    "maker_qty_placed": 64.88977519747998,
    "maker_qty_filled": 1.228405628925961,
    "maker_fill_qty_rate": 0.018930650093755705,
    "avg_fill_latency_sec": 0.0072546140259544326,
    "std_fill_latency_sec": 0.0420210995372063,
    "avg_queue_position": 0.024565642850284498,
    "std_queue_position": 0.2625406448702184,
    "avg_order_lifetime_sec": 0.0072546140259544326,
    "std_order_lifetime_sec": 0.0420210995372063,
    "avg_competition_size": 0.3555769811327151,
    "std_competition_size": 0.06695462670429532,
    "forced_liquidations": 0,
    "avg_forced_liq_cost": 0.0,
    "std_forced_liq_cost": 0.0,
    "taker_qty_hedge": 0.271352095434801,
    "taker_qty_cross": 0.0,
    "taker_trades_hedge": 2315,
    "taker_trades_cross": 0,
    "taker_qty_total": 0.271352095434801,
    "notional_traded_btc": 1.499757724360765,
    "notional_traded_usdt": 25799.684466459046
  },
  "strategy": "skew_mid_spread",
  "strategy_kwargs": {
    "extra_spread_ticks": 15.0,
    "gamma": 0.12,
    "gamma_cap_factor": 5.0,
    "gamma_imb": 0.5,
    "gamma_inv_scale": 1.0,
    "gamma_vol_scale": 2.0,
    "gradient_penalty_ticks": 1.0,
    "gradient_threshold": 1.5,
    "k_vol": 6.0,
    "size_base": 0.04,
    "size_exp": 2.0,
    "size_min_factor": 0.3
  },
  "snapshots_processed": 10000,
  "sharpe_ratio": -0.23211231460386958,
  "capital_base": 10000.0,
  "sharpe_horizon_seconds": 60.0
}