{
  "final_pnl": -0.3108429811691167,
  "final_inventory": 0.021853507059599927,
  "fill_count": 50,
  "max_drawdown": 0.7864828239162307,
  "pnl_attribution": {
    "inventory_moves": -0.2566946043137281,
    "fees": -0.09689880625728704,
    "spread_capture": 0.050291961942815336,
    "adverse_selection": -0.008142370961004564,
    "funding_rates": 0.0
  },
  "additional_metrics": {
    "orders_placed": 1586,
    "orders_placed_buy": 820,
    "orders_placed_sell": 766,
    "maker_qty_placed": 4.354002315958732,
    "maker_qty_filled": 0.056340977131166495,
    "maker_fill_qty_rate": 0.012940042986348403,
    "avg_fill_latency_sec": 0.25059998512268067,
    "std_fill_latency_sec": 0.000748318022580731,
    "avg_queue_position": 0.9806891439235631,
    "std_queue_position": 1.0167903965039429,
    "avg_order_lifetime_sec": 0.25059998512268067,
    "std_order_lifetime_sec": 0.000748318022580731,
    "avg_competition_size": 0.2594572251090286,
    "std_competition_size": 0.04923324204891343,
    "forced_liquidations": 0,
    "avg_forced_liq_cost": 0.0,
    "std_forced_liq_cost": 0.0,
    "taker_qty_hedge": 0.0,
    "taker_qty_cross": 0.0,
    "taker_trades_hedge": 0,
    "taker_trades_cross": 0,
    "taker_qty_total": 0.0,
    "notional_traded_btc": 0.056340977131166495,
    "notional_traded_usdt": 968.9880625728703
  },
  "strategy": "skew_mid_spread",
  "strategy_kwargs": {
    "extra_spread_ticks": 36.0,
    "gamma": 0.16,
    "gamma_cap_factor": 5.0,
    "gamma_imb": 0.5,
    "gamma_inv_scale": 2.0,
    "gamma_vol_scale": 0.0,
    "gradient_penalty_ticks": 1.0,
    "gradient_threshold": 1.5,
    "k_vol": 8.0,
    "size_base": 0.005,
    "size_exp": 2.0,
    "size_min_factor": 0.3
  },
  "snapshots_processed": 10000,
  "sharpe_ratio": -0.12190007052201633,
  "capital_base": 10000.0,
  "sharpe_horizon_seconds": 60.0
}