{
  "final_pnl": -22.720373363117687,
  "final_inventory": 0.042975416938925676,
  "fill_count": 312,
  "max_drawdown": 22.720373363117687,
  "pnl_attribution": {
    "inventory_moves": -0.1537849050731792,
    "fees": -17.874037117118245,
    "spread_capture": 1.7030855780602443,
    "adverse_selection": -6.1330713951858815,
    "funding_rates": 0.0
  },
  "additional_metrics": {
    "orders_placed": 534,
    "orders_placed_buy": 263,
    "orders_placed_sell": 271,
    "maker_qty_placed": 12.242242705581138,
    "maker_qty_filled": 2.7532189343343734,
    "maker_fill_qty_rate": 0.22489498048255518,
    "avg_fill_latency_sec": 0.16430687399768323,
    "std_fill_latency_sec": 0.12172012359325639,
    "avg_queue_position": 1.1044741680086345,
    "std_queue_position": 1.3473181822618012,
    "avg_order_lifetime_sec": 0.178904756667122,
    "std_order_lifetime_sec": 0.12695651952267223,
    "avg_competition_size": 0.8802751745177714,
    "std_competition_size": 0.1764165141685606,
    "forced_liquidations": 34,
    "avg_forced_liq_cost": 0.16843464934372093,
    "std_forced_liq_cost": 0.10574509733864845
  },
  "strategy": "skew_mid_spread",
  "strategy_kwargs": {
    "gamma": 0.1,
    "gamma_cap_factor": 5.0,
    "gamma_imb": 0.5,
    "gamma_inv_scale": 4.0,
    "gamma_vol_scale": 2.0,
    "gradient_penalty_ticks": 1.0,
    "gradient_threshold": 1.5,
    "k_vol": 1.3,
    "size_base": 0.04,
    "size_exp": 1.0,
    "size_min_factor": 0.1
  },
  "snapshots_processed": 1000,
  "sharpe_ratio": -1.4072100560712135,
  "capital_base": 10000.0,
  "sharpe_horizon_seconds": 60.0
}