{
  "final_pnl": -7.145880485802991,
  "final_inventory": 0.01356700424693989,
  "fill_count": 273,
  "max_drawdown": 7.145880485802991,
  "pnl_attribution": {
    "inventory_moves": -0.6217844396098607,
    "fees": -7.42789124756678,
    "spread_capture": 1.0983418366557325,
    "adverse_selection": -0.20171777600703045,
    "funding_rates": 0.0
  },
  "additional_metrics": {
    "orders_placed": 610,
    "orders_placed_buy": 304,
    "orders_placed_sell": 306,
    "maker_qty_placed": 6.928490657821536,
    "maker_qty_filled": 1.2712292705928998,
    "maker_fill_qty_rate": 0.18347852849564225,
    "avg_fill_latency_sec": 0.1823354370986359,
    "std_fill_latency_sec": 0.11149766111630492,
    "avg_queue_position": 1.1019265165505634,
    "std_queue_position": 1.3576441447510197,
    "avg_order_lifetime_sec": 0.19345569007004362,
    "std_order_lifetime_sec": 0.1050911321626355,
    "avg_competition_size": 0.7277353286940328,
    "std_competition_size": 0.1385453929896494,
    "forced_liquidations": 0,
    "avg_forced_liq_cost": 0.0,
    "std_forced_liq_cost": 0.0
  },
  "strategy": "skew_mid_spread",
  "strategy_kwargs": {
    "gamma": 0.1,
    "gamma_cap_factor": 5.0,
    "gamma_imb": 0.5,
    "gamma_inv_scale": 4.0,
    "gamma_vol_scale": 2.0,
    "gradient_penalty_ticks": 1.0,
    "gradient_threshold": 1.5,
    "k_vol": 1.3,
    "size_base": 0.02,
    "size_exp": 3.0,
    "size_min_factor": 0.1
  },
  "snapshots_processed": 1000,
  "sharpe_ratio": -1.1438293949289926,
  "capital_base": 10000.0,
  "sharpe_horizon_seconds": 60.0
}