{
  "final_pnl": -2.224380458554151,
  "final_inventory": 0.006934470190467601,
  "fill_count": 301,
  "max_drawdown": 2.224380458554151,
  "pnl_attribution": {
    "inventory_moves": -0.2618505540191995,
    "fees": -2.071926085882124,
    "spread_capture": 0.16753631829327378,
    "adverse_selection": -0.052433411028513045,
    "funding_rates": 0.0
  },
  "additional_metrics": {
    "orders_placed": 529,
    "orders_placed_buy": 267,
    "orders_placed_sell": 262,
    "maker_qty_placed": 1.5212246184000349,
    "maker_qty_filled": 0.3511477617427094,
    "maker_fill_qty_rate": 0.23083228965360356,
    "avg_fill_latency_sec": 0.1818057073865618,
    "std_fill_latency_sec": 0.11494836787577313,
    "avg_queue_position": 1.530008793302428,
    "std_queue_position": 1.7721239587649176,
    "avg_order_lifetime_sec": 0.1889542784009661,
    "std_order_lifetime_sec": 0.11113640323740766,
    "avg_competition_size": 0.6349226532902197,
    "std_competition_size": 0.11958974527569499,
    "forced_liquidations": 0,
    "avg_forced_liq_cost": 0.0,
    "std_forced_liq_cost": 0.0
  },
  "strategy": "skew_mid_spread",
  "strategy_kwargs": {
    "gamma": 0.1,
    "gamma_cap_factor": 5.0,
    "gamma_imb": 0.5,
    "gamma_inv_scale": 2.0,
    "gamma_vol_scale": 1.0,
    "gradient_penalty_ticks": 1.0,
    "gradient_threshold": 1.5,
    "k_vol": 1.0,
    "size_base": 0.005,
    "size_exp": 2.0,
    "size_min_factor": 0.3
  },
  "snapshots_processed": 1000,
  "sharpe_ratio": -1.4327303734005903,
  "capital_base": 10000.0,
  "sharpe_horizon_seconds": 60.0
}