{
  "final_pnl": -3.5600907032603573,
  "final_inventory": 0.0033664307978315535,
  "fill_count": 272,
  "max_drawdown": 3.5600907032603573,
  "pnl_attribution": {
    "inventory_moves": -0.26869186634716563,
    "fees": -3.6532437665262667,
    "spread_capture": 0.45916605070410765,
    "adverse_selection": -0.10126663116846078,
    "funding_rates": 0.0
  },
  "additional_metrics": {
    "orders_placed": 608,
    "orders_placed_buy": 304,
    "orders_placed_sell": 304,
    "maker_qty_placed": 3.4584627395798204,
    "maker_qty_filled": 0.6306958399610246,
    "maker_fill_qty_rate": 0.18236305765076707,
    "avg_fill_latency_sec": 0.1834585924816739,
    "std_fill_latency_sec": 0.11087115517471607,
    "avg_queue_position": 1.1152003198779117,
    "std_queue_position": 1.4178896863795691,
    "avg_order_lifetime_sec": 0.19464967508984218,
    "std_order_lifetime_sec": 0.10425958594120127,
    "avg_competition_size": 0.6690020761446778,
    "std_competition_size": 0.1305049073097692,
    "forced_liquidations": 0,
    "avg_forced_liq_cost": 0.0,
    "std_forced_liq_cost": 0.0
  },
  "strategy": "skew_mid_spread",
  "strategy_kwargs": {
    "gamma": 0.1,
    "gamma_cap_factor": 5.0,
    "gamma_imb": 0.5,
    "gamma_inv_scale": 4.0,
    "gamma_vol_scale": 2.0,
    "gradient_penalty_ticks": 1.0,
    "gradient_threshold": 1.5,
    "k_vol": 1.3,
    "size_base": 0.01,
    "size_exp": 3.0,
    "size_min_factor": 0.3
  },
  "snapshots_processed": 1000,
  "sharpe_ratio": -1.1312591711309299,
  "capital_base": 10000.0,
  "sharpe_horizon_seconds": 60.0
}