{
  "final_pnl": -7.051773804249024,
  "final_inventory": 0.0018225467686844958,
  "fill_count": 277,
  "max_drawdown": 7.051773804249024,
  "pnl_attribution": {
    "inventory_moves": -0.5343010352890191,
    "fees": -7.181484689232336,
    "spread_capture": 0.8713304711343034,
    "adverse_selection": -0.20003586748928523,
    "funding_rates": 0.0
  },
  "additional_metrics": {
    "orders_placed": 536,
    "orders_placed_buy": 261,
    "orders_placed_sell": 275,
    "maker_qty_placed": 6.16194929330598,
    "maker_qty_filled": 1.3101490763454713,
    "maker_fill_qty_rate": 0.21261925633966977,
    "avg_fill_latency_sec": 0.19184176680407947,
    "std_fill_latency_sec": 0.11334111599394919,
    "avg_queue_position": 1.1813050365622864,
    "std_queue_position": 1.39577701220942,
    "avg_order_lifetime_sec": 0.20455062540271615,
    "std_order_lifetime_sec": 0.10860959352930263,
    "avg_competition_size": 0.7333488254327698,
    "std_competition_size": 0.14761506974060848,
    "forced_liquidations": 0,
    "avg_forced_liq_cost": 0.0,
    "std_forced_liq_cost": 0.0
  },
  "strategy": "skew_mid_spread",
  "strategy_kwargs": {
    "gamma": 0.1,
    "gamma_cap_factor": 5.0,
    "gamma_imb": 0.5,
    "gamma_inv_scale": 4.0,
    "gamma_vol_scale": 2.0,
    "gradient_penalty_ticks": 1.0,
    "gradient_threshold": 1.5,
    "k_vol": 1.3,
    "size_base": 0.02,
    "size_exp": 1.0,
    "size_min_factor": 0.3
  },
  "snapshots_processed": 1000,
  "sharpe_ratio": -1.2308731689297772,
  "capital_base": 10000.0,
  "sharpe_horizon_seconds": 60.0
}