{
  "final_pnl": -3.316421788544176,
  "final_inventory": 0.0019240919574040269,
  "fill_count": 273,
  "max_drawdown": 3.316421788544176,
  "pnl_attribution": {
    "inventory_moves": -0.23960279798773862,
    "fees": -3.579766409764687,
    "spread_capture": 0.6007319598925601,
    "adverse_selection": -0.09414392362057933,
    "funding_rates": 0.0
  },
  "additional_metrics": {
    "orders_placed": 536,
    "orders_placed_buy": 262,
    "orders_placed_sell": 274,
    "maker_qty_placed": 3.0814110223555926,
    "maker_qty_filled": 0.6510055936758339,
    "maker_fill_qty_rate": 0.2112686652162914,
    "avg_fill_latency_sec": 0.1910640964141259,
    "std_fill_latency_sec": 0.11385481237654008,
    "avg_queue_position": 1.1364261789786991,
    "std_queue_position": 1.4268021158394817,
    "avg_order_lifetime_sec": 0.20393588909736046,
    "std_order_lifetime_sec": 0.10916598670182319,
    "avg_competition_size": 0.6674084524393171,
    "std_competition_size": 0.1283944673284033,
    "forced_liquidations": 0,
    "avg_forced_liq_cost": 0.0,
    "std_forced_liq_cost": 0.0
  },
  "strategy": "skew_mid_spread",
  "strategy_kwargs": {
    "gamma": 0.1,
    "gamma_cap_factor": 5.0,
    "gamma_imb": 0.5,
    "gamma_inv_scale": 4.0,
    "gamma_vol_scale": 2.0,
    "gradient_penalty_ticks": 1.0,
    "gradient_threshold": 1.5,
    "k_vol": 1.3,
    "size_base": 0.01,
    "size_exp": 1.0,
    "size_min_factor": 0.3
  },
  "snapshots_processed": 1000,
  "sharpe_ratio": -1.1364018758882184,
  "capital_base": 10000.0,
  "sharpe_horizon_seconds": 60.0
}