{
  "final_pnl": -3.1790319995343452,
  "final_inventory": 0.008276951127300437,
  "fill_count": 265,
  "max_drawdown": 3.1790319995343452,
  "pnl_attribution": {
    "inventory_moves": -0.18285800779112896,
    "fees": -3.4408523632769143,
    "spread_capture": 0.5460224016001469,
    "adverse_selection": -0.09850786070656382,
    "funding_rates": 0.0
  },
  "additional_metrics": {
    "orders_placed": 536,
    "orders_placed_buy": 263,
    "orders_placed_sell": 273,
    "maker_qty_placed": 3.076862766633882,
    "maker_qty_filled": 0.6407773206329608,
    "maker_fill_qty_rate": 0.20825671121301828,
    "avg_fill_latency_sec": 0.19075495991485797,
    "std_fill_latency_sec": 0.1105693230153006,
    "avg_queue_position": 1.148085650594748,
    "std_queue_position": 1.4313637865064672,
    "avg_order_lifetime_sec": 0.20405297089886193,
    "std_order_lifetime_sec": 0.10558313063160095,
    "avg_competition_size": 0.6620525503305579,
    "std_competition_size": 0.1273674161410621,
    "forced_liquidations": 0,
    "avg_forced_liq_cost": 0.0,
    "std_forced_liq_cost": 0.0
  },
  "strategy": "skew_mid_spread",
  "strategy_kwargs": {
    "gamma": 0.1,
    "gamma_cap_factor": 5.0,
    "gamma_imb": 0.5,
    "gamma_inv_scale": 4.0,
    "gamma_vol_scale": 2.0,
    "gradient_penalty_ticks": 1.0,
    "gradient_threshold": 1.5,
    "k_vol": 1.3,
    "size_base": 0.01,
    "size_exp": 2.0,
    "size_min_factor": 0.3
  },
  "snapshots_processed": 1000,
  "sharpe_ratio": -1.1365367380064828,
  "capital_base": 10000.0,
  "sharpe_horizon_seconds": 60.0
}