{
  "final_pnl": -2.1633780750798906,
  "final_inventory": 0.010120020078716728,
  "fill_count": 304,
  "max_drawdown": 2.1633780750798906,
  "pnl_attribution": {
    "inventory_moves": -0.26011058751930516,
    "fees": -2.052424628625072,
    "spread_capture": 0.20374388279548736,
    "adverse_selection": -0.05371544353914339,
    "funding_rates": 0.0
  },
  "additional_metrics": {
    "orders_placed": 523,
    "orders_placed_buy": 265,
    "orders_placed_sell": 258,
    "maker_qty_placed": 1.5044202459710359,
    "maker_qty_filled": 0.3527951892579372,
    "maker_fill_qty_rate": 0.23450574412485634,
    "avg_fill_latency_sec": 0.18361362950368362,
    "std_fill_latency_sec": 0.1140167853193122,
    "avg_queue_position": 1.5419512622708245,
    "std_queue_position": 1.8014175023795787,
    "avg_order_lifetime_sec": 0.19214772094379773,
    "std_order_lifetime_sec": 0.10922188826761962,
    "avg_competition_size": 0.6307823837527426,
    "std_competition_size": 0.12275694043075915,
    "forced_liquidations": 0,
    "avg_forced_liq_cost": 0.0,
    "std_forced_liq_cost": 0.0
  },
  "strategy": "skew_mid_spread",
  "strategy_kwargs": {
    "gamma": 0.1,
    "gamma_cap_factor": 5.0,
    "gamma_imb": 0.5,
    "gamma_inv_scale": 4.0,
    "gamma_vol_scale": 0.0,
    "gradient_penalty_ticks": 1.0,
    "gradient_threshold": 1.5,
    "k_vol": 1.0,
    "size_base": 0.005,
    "size_exp": 2.0,
    "size_min_factor": 0.3
  },
  "snapshots_processed": 1000,
  "sharpe_ratio": -1.4521084660057724,
  "capital_base": 10000.0,
  "sharpe_horizon_seconds": 60.0
}