{
  "final_pnl": -3.469535368420111,
  "final_inventory": 0.006005804571146408,
  "fill_count": 271,
  "max_drawdown": 3.469535368420111,
  "pnl_attribution": {
    "inventory_moves": -0.24768731050009934,
    "fees": -3.606859252871046,
    "spread_capture": 0.4706005519796844,
    "adverse_selection": -0.08989099483298175,
    "funding_rates": 0.0
  },
  "additional_metrics": {
    "orders_placed": 609,
    "orders_placed_buy": 303,
    "orders_placed_sell": 306,
    "maker_qty_placed": 3.466338236517795,
    "maker_qty_filled": 0.6311259644483507,
    "maker_fill_qty_rate": 0.1820728161491723,
    "avg_fill_latency_sec": 0.18463460910014617,
    "std_fill_latency_sec": 0.11024553143179508,
    "avg_queue_position": 1.134676706413716,
    "std_queue_position": 1.4095710988292147,
    "avg_order_lifetime_sec": 0.19589742941734117,
    "std_order_lifetime_sec": 0.1034181283683144,
    "avg_competition_size": 0.676512985303753,
    "std_competition_size": 0.12646200040505273,
    "forced_liquidations": 0,
    "avg_forced_liq_cost": 0.0,
    "std_forced_liq_cost": 0.0
  },
  "strategy": "skew_mid_spread",
  "strategy_kwargs": {
    "gamma": 0.1,
    "gamma_cap_factor": 5.0,
    "gamma_imb": 0.5,
    "gamma_inv_scale": 4.0,
    "gamma_vol_scale": 2.0,
    "gradient_penalty_ticks": 1.0,
    "gradient_threshold": 1.5,
    "k_vol": 1.3,
    "size_base": 0.01,
    "size_exp": 1.0,
    "size_min_factor": 0.3
  },
  "snapshots_processed": 1000,
  "sharpe_ratio": -1.1513585846880545,
  "capital_base": 10000.0,
  "sharpe_horizon_seconds": 60.0
}