{
  "final_pnl": -7.800425801973688,
  "final_inventory": 0.018105595556749662,
  "fill_count": 278,
  "max_drawdown": 7.800425801973688,
  "pnl_attribution": {
    "inventory_moves": -0.25263118307912724,
    "fees": -7.3586789871345895,
    "spread_capture": 0.9200789842817756,
    "adverse_selection": -1.0556356224546728,
    "funding_rates": 0.0
  },
  "additional_metrics": {
    "orders_placed": 607,
    "orders_placed_buy": 303,
    "orders_placed_sell": 304,
    "maker_qty_placed": 6.893255862071648,
    "maker_qty_filled": 1.304982588348575,
    "maker_fill_qty_rate": 0.1893129479683038,
    "avg_fill_latency_sec": 0.182049684643005,
    "std_fill_latency_sec": 0.11164327329369246,
    "avg_queue_position": 1.1650116047036712,
    "std_queue_position": 1.4317331556603554,
    "avg_order_lifetime_sec": 0.19140993290065977,
    "std_order_lifetime_sec": 0.10639382037919452,
    "avg_competition_size": 0.7470099990077683,
    "std_competition_size": 0.1453796899142855,
    "forced_liquidations": 10,
    "avg_forced_liq_cost": 0.0860695330420044,
    "std_forced_liq_cost": 0.05106738726693489
  },
  "strategy": "skew_mid_spread",
  "strategy_kwargs": {
    "gamma": 0.1,
    "gamma_cap_factor": 5.0,
    "gamma_imb": 0.5,
    "gamma_inv_scale": 4.0,
    "gamma_vol_scale": 2.0,
    "gradient_penalty_ticks": 1.0,
    "gradient_threshold": 1.5,
    "k_vol": 1.3,
    "size_base": 0.02,
    "size_exp": 3.0,
    "size_min_factor": 0.3
  },
  "snapshots_processed": 1000,
  "sharpe_ratio": -1.1700611955269766,
  "capital_base": 10000.0,
  "sharpe_horizon_seconds": 60.0
}