{
  "final_pnl": -1.7483506492462766,
  "final_inventory": 0.0031159998131632728,
  "fill_count": 268,
  "max_drawdown": 1.7483506492462766,
  "pnl_attribution": {
    "inventory_moves": -0.13695980668712301,
    "fees": -1.8210215138970969,
    "spread_capture": 0.2542709732099122,
    "adverse_selection": -0.04661645555037988,
    "funding_rates": 0.0
  },
  "additional_metrics": {
    "orders_placed": 609,
    "orders_placed_buy": 303,
    "orders_placed_sell": 306,
    "maker_qty_placed": 1.7321298219658594,
    "maker_qty_filled": 0.31321512899968074,
    "maker_fill_qty_rate": 0.1808265899170312,
    "avg_fill_latency_sec": 0.18258708984621108,
    "std_fill_latency_sec": 0.11131661984810522,
    "avg_queue_position": 1.109566432736103,
    "std_queue_position": 1.421353530046393,
    "avg_order_lifetime_sec": 0.19392257352029124,
    "std_order_lifetime_sec": 0.10473206811105197,
    "avg_competition_size": 0.6375085226935192,
    "std_competition_size": 0.12156483488600191,
    "forced_liquidations": 0,
    "avg_forced_liq_cost": 0.0,
    "std_forced_liq_cost": 0.0
  },
  "strategy": "skew_mid_spread",
  "strategy_kwargs": {
    "gamma": 0.1,
    "gamma_cap_factor": 5.0,
    "gamma_imb": 0.5,
    "gamma_inv_scale": 4.0,
    "gamma_vol_scale": 2.0,
    "gradient_penalty_ticks": 1.0,
    "gradient_threshold": 1.5,
    "k_vol": 1.3,
    "size_base": 0.005,
    "size_exp": 2.0,
    "size_min_factor": 0.1
  },
  "snapshots_processed": 1000,
  "sharpe_ratio": -1.1301886652812423,
  "capital_base": 10000.0,
  "sharpe_horizon_seconds": 60.0
}