{
  "final_pnl": 0.1785174387441657,
  "final_inventory": 0.0814391804,
  "fill_count": 96,
  "max_drawdown": 3.8216075516302226,
  "pnl_attribution": {
    "inventory_moves": 1.0320593746031306,
    "fees": -1.4086038211975018,
    "spread_capture": 0.7092121664873797,
    "adverse_selection": -0.09511132509663482,
    "funding_rates": 0.0
  },
  "additional_metrics": {
    "orders_placed": 1590,
    "orders_placed_buy": 823,
    "orders_placed_sell": 767,
    "maker_qty_placed": 34.874146606156614,
    "maker_qty_filled": 0.7110327765267445,
    "maker_fill_qty_rate": 0.02038853551189752,
    "avg_fill_latency_sec": 0.16405170950396308,
    "std_fill_latency_sec": 0.11901656630026151,
    "avg_queue_position": 0.8084292595308038,
    "std_queue_position": 1.6298043094388541,
    "avg_order_lifetime_sec": 0.16405170950396308,
    "std_order_lifetime_sec": 0.11901656630026151,
    "avg_competition_size": 0.3554107316172865,
    "std_competition_size": 0.0699763563521962,
    "forced_liquidations": 0,
    "avg_forced_liq_cost": 0.0,
    "std_forced_liq_cost": 0.0,
    "taker_qty_hedge": 0.34111744474883426,
    "taker_qty_cross": 0.0,
    "taker_trades_hedge": 20,
    "taker_trades_cross": 0,
    "taker_qty_total": 0.34111744474883426,
    "notional_traded_btc": 1.0521502212755787,
    "notional_traded_usdt": 18100.956731328664
  },
  "strategy": "skew_mid_spread",
  "strategy_kwargs": {
    "extra_spread_ticks": 10.0,
    "gamma": 0.12,
    "gamma_cap_factor": 5.0,
    "gamma_imb": 0.5,
    "gamma_inv_scale": 1.0,
    "gamma_vol_scale": 2.0,
    "gradient_penalty_ticks": 1.0,
    "gradient_threshold": 1.5,
    "k_vol": 6.0,
    "size_base": 0.04,
    "size_exp": 2.0,
    "size_min_factor": 0.3
  },
  "snapshots_processed": 10000,
  "sharpe_ratio": 0.011886327539672016,
  "capital_base": 10000.0,
  "sharpe_horizon_seconds": 60.0
}