{
  "final_pnl": -4.430954639150514,
  "final_inventory": -0.018868587504363914,
  "fill_count": 124,
  "max_drawdown": 5.01550310215498,
  "pnl_attribution": {
    "inventory_moves": -1.8262700899059403,
    "fees": -3.396300585986973,
    "spread_capture": 0.9260960495068794,
    "adverse_selection": -0.13465193443391046,
    "funding_rates": 0.0
  },
  "additional_metrics": {
    "orders_placed": 2065,
    "orders_placed_buy": 1071,
    "orders_placed_sell": 994,
    "maker_qty_placed": 45.125892997243795,
    "maker_qty_filled": 0.9225998394108018,
    "maker_fill_qty_rate": 0.020445021209157067,
    "avg_fill_latency_sec": 0.18091667029592726,
    "std_fill_latency_sec": 0.11220093190781535,
    "avg_queue_position": 0.6355649658650996,
    "std_queue_position": 1.1808397146532965,
    "avg_order_lifetime_sec": 0.18091667029592726,
    "std_order_lifetime_sec": 0.11220093190781535,
    "avg_competition_size": 0.35316352233857035,
    "std_competition_size": 0.06877054000256541,
    "forced_liquidations": 0,
    "avg_forced_liq_cost": 0.0,
    "std_forced_liq_cost": 0.0,
    "taker_qty_hedge": 0.35050971589379565,
    "taker_qty_cross": 0.0,
    "taker_trades_hedge": 20,
    "taker_trades_cross": 0,
    "taker_qty_total": 0.35050971589379565,
    "notional_traded_btc": 1.2731095553045972,
    "notional_traded_usdt": 21901.184856686366
  },
  "strategy": "skew_mid_spread",
  "strategy_kwargs": {
    "extra_spread_ticks": 34.0,
    "gamma": 0.2,
    "gamma_cap_factor": 5.0,
    "gamma_imb": 0.5,
    "gamma_inv_scale": 1.0,
    "gamma_vol_scale": 2.0,
    "gradient_penalty_ticks": 1.0,
    "gradient_threshold": 1.5,
    "k_vol": 6.0,
    "size_base": 0.04,
    "size_exp": 2.0,
    "size_min_factor": 0.3
  },
  "snapshots_processed": 10000,
  "sharpe_ratio": -0.41332687159821974,
  "capital_base": 10000.0,
  "sharpe_horizon_seconds": 60.0
}