{
  "final_pnl": -22.86737606233146,
  "final_inventory": 0.05,
  "fill_count": 326,
  "max_drawdown": 22.86737606233146,
  "pnl_attribution": {
    "inventory_moves": -0.10740594570472911,
    "fees": -18.027600480355662,
    "spread_capture": 1.8244824104085438,
    "adverse_selection": -6.29474168073977,
    "funding_rates": 0.0
  },
  "additional_metrics": {
    "orders_placed": 535,
    "orders_placed_buy": 264,
    "orders_placed_sell": 271,
    "maker_qty_placed": 12.261837290835787,
    "maker_qty_filled": 2.8560157844208733,
    "maker_fill_qty_rate": 0.23291907376355364,
    "avg_fill_latency_sec": 0.16780710341361574,
    "std_fill_latency_sec": 0.12560938923987305,
    "avg_queue_position": 1.1214525677357057,
    "std_queue_position": 1.3563928678045676,
    "avg_order_lifetime_sec": 0.185619285263991,
    "std_order_lifetime_sec": 0.13564226699430354,
    "avg_competition_size": 0.8738236531360184,
    "std_competition_size": 0.17312086109364191,
    "forced_liquidations": 37,
    "avg_forced_liq_cost": 0.1585233040931487,
    "std_forced_liq_cost": 0.09471994061925183
  },
  "strategy": "skew_mid_spread",
  "strategy_kwargs": {
    "gamma": 0.1,
    "gamma_cap_factor": 5.0,
    "gamma_imb": 0.5,
    "gamma_inv_scale": 4.0,
    "gamma_vol_scale": 2.0,
    "gradient_penalty_ticks": 1.0,
    "gradient_threshold": 1.5,
    "k_vol": 1.3,
    "size_base": 0.04,
    "size_exp": 1.0,
    "size_min_factor": 0.1
  },
  "snapshots_processed": 1000,
  "sharpe_ratio": -1.3058550496021037,
  "capital_base": 10000.0,
  "sharpe_horizon_seconds": 60.0
}