{
  "final_pnl": -1.647375485752491,
  "final_inventory": 0.004724284518516943,
  "fill_count": 263,
  "max_drawdown": 1.647375485752491,
  "pnl_attribution": {
    "inventory_moves": -0.09951516735389421,
    "fees": -1.7494692998399801,
    "spread_capture": 0.2466434674689502,
    "adverse_selection": -0.04748273449559584,
    "funding_rates": 0.0
  },
  "additional_metrics": {
    "orders_placed": 530,
    "orders_placed_buy": 258,
    "orders_placed_sell": 272,
    "maker_qty_placed": 1.521705140753989,
    "maker_qty_filled": 0.31607032359785275,
    "maker_fill_qty_rate": 0.20770799488870967,
    "avg_fill_latency_sec": 0.18743707960015102,
    "std_fill_latency_sec": 0.11246883526459209,
    "avg_queue_position": 1.091458449548224,
    "std_queue_position": 1.3815820595336965,
    "avg_order_lifetime_sec": 0.21067548903408428,
    "std_order_lifetime_sec": 0.12259849791607597,
    "avg_competition_size": 0.6262495059389519,
    "std_competition_size": 0.12108692426900507,
    "forced_liquidations": 0,
    "avg_forced_liq_cost": 0.0,
    "std_forced_liq_cost": 0.0
  },
  "strategy": "skew_mid_spread",
  "strategy_kwargs": {
    "gamma": 0.1,
    "gamma_cap_factor": 5.0,
    "gamma_imb": 0.5,
    "gamma_inv_scale": 4.0,
    "gamma_vol_scale": 2.0,
    "gradient_penalty_ticks": 1.0,
    "gradient_threshold": 1.5,
    "k_vol": 1.3,
    "size_base": 0.005,
    "size_exp": 3.0,
    "size_min_factor": 0.2
  },
  "snapshots_processed": 1000,
  "sharpe_ratio": -1.1132549308977022,
  "capital_base": 10000.0,
  "sharpe_horizon_seconds": 60.0
}