{
  "final_pnl": -4.179990427815937,
  "final_inventory": 0.016318848405161998,
  "fill_count": 177,
  "max_drawdown": 5.366936381753476,
  "pnl_attribution": {
    "inventory_moves": -0.7485894184469097,
    "fees": -5.0423018231195655,
    "spread_capture": 1.992235200680359,
    "adverse_selection": -0.22653989584969517,
    "funding_rates": 0.0
  },
  "additional_metrics": {
    "orders_placed": 2964,
    "orders_placed_buy": 1539,
    "orders_placed_sell": 1425,
    "maker_qty_placed": 64.93470539389614,
    "maker_qty_filled": 1.4157740112154795,
    "maker_fill_qty_rate": 0.02180304049471459,
    "avg_fill_latency_sec": 0.17999028465122852,
    "std_fill_latency_sec": 0.11267777295491449,
    "avg_queue_position": 0.8088813856628134,
    "std_queue_position": 1.4425698192184875,
    "avg_order_lifetime_sec": 0.17999028465122852,
    "std_order_lifetime_sec": 0.11267777295491449,
    "avg_competition_size": 0.352560488110039,
    "std_competition_size": 0.06744765512835146,
    "forced_liquidations": 0,
    "avg_forced_liq_cost": 0.0,
    "std_forced_liq_cost": 0.0,
    "taker_qty_hedge": 0.5049532557046161,
    "taker_qty_cross": 0.0,
    "taker_trades_hedge": 29,
    "taker_trades_cross": 0,
    "taker_qty_total": 0.5049532557046161,
    "notional_traded_btc": 1.9207272669200957,
    "notional_traded_usdt": 33043.36799746095
  },
  "strategy": "skew_mid_spread",
  "strategy_kwargs": {
    "extra_spread_ticks": 34.0,
    "gamma": 0.12,
    "gamma_cap_factor": 5.0,
    "gamma_imb": 0.5,
    "gamma_inv_scale": 1.0,
    "gamma_vol_scale": 2.0,
    "gradient_penalty_ticks": 1.0,
    "gradient_threshold": 1.5,
    "k_vol": 8.0,
    "size_base": 0.04,
    "size_exp": 2.0,
    "size_min_factor": 0.3
  },
  "snapshots_processed": 10000,
  "sharpe_ratio": -0.3874539168715677,
  "capital_base": 10000.0,
  "sharpe_horizon_seconds": 60.0
}