{
  "final_pnl": -1.7768568783540104,
  "final_inventory": 0.003865558677565969,
  "fill_count": 269,
  "max_drawdown": 1.7768568783540104,
  "pnl_attribution": {
    "inventory_moves": -0.1363186090882231,
    "fees": -1.8071920746681642,
    "spread_capture": 0.21392332385926044,
    "adverse_selection": -0.05052215603433012,
    "funding_rates": 0.0
  },
  "additional_metrics": {
    "orders_placed": 608,
    "orders_placed_buy": 303,
    "orders_placed_sell": 305,
    "maker_qty_placed": 1.727465286552746,
    "maker_qty_filled": 0.31957464770019606,
    "maker_fill_qty_rate": 0.18499627760273274,
    "avg_fill_latency_sec": 0.18419999307201754,
    "std_fill_latency_sec": 0.11046729648016301,
    "avg_queue_position": 1.1287022071536696,
    "std_queue_position": 1.4032643469770856,
    "avg_order_lifetime_sec": 0.1971548311171993,
    "std_order_lifetime_sec": 0.10253987914430143,
    "avg_competition_size": 0.6385592039358223,
    "std_competition_size": 0.12082495791719843,
    "forced_liquidations": 0,
    "avg_forced_liq_cost": 0.0,
    "std_forced_liq_cost": 0.0
  },
  "strategy": "skew_mid_spread",
  "strategy_kwargs": {
    "gamma": 0.1,
    "gamma_cap_factor": 5.0,
    "gamma_imb": 0.5,
    "gamma_inv_scale": 4.0,
    "gamma_vol_scale": 2.0,
    "gradient_penalty_ticks": 1.0,
    "gradient_threshold": 1.5,
    "k_vol": 1.3,
    "size_base": 0.005,
    "size_exp": 3.0,
    "size_min_factor": 0.2
  },
  "snapshots_processed": 1000,
  "sharpe_ratio": -1.146603548946559,
  "capital_base": 10000.0,
  "sharpe_horizon_seconds": 60.0
}