{
  "final_pnl": -0.27696631333492405,
  "final_inventory": 0.013089869743984427,
  "fill_count": 2860,
  "max_drawdown": 2.9978089756878035,
  "pnl_attribution": {
    "inventory_moves": 0.0798275750557105,
    "fees": -0.8616882452600404,
    "spread_capture": 0.6313612488206319,
    "adverse_selection": -0.10221056198305516,
    "funding_rates": 0.0
  },
  "additional_metrics": {
    "orders_placed": 1588,
    "orders_placed_buy": 818,
    "orders_placed_sell": 770,
    "maker_qty_placed": 34.84784200632524,
    "maker_qty_filled": 0.6537669819467984,
    "maker_fill_qty_rate": 0.018760615989596517,
    "avg_fill_latency_sec": 0.003015215736032798,
    "std_fill_latency_sec": 0.027323649197356928,
    "avg_queue_position": 0.009963912187114857,
    "std_queue_position": 0.1361347570518804,
    "avg_order_lifetime_sec": 0.003015215736032798,
    "std_order_lifetime_sec": 0.027323649197356928,
    "avg_competition_size": 0.3552218175748538,
    "std_competition_size": 0.06952155670980902,
    "forced_liquidations": 0,
    "avg_forced_liq_cost": 0.0,
    "std_forced_liq_cost": 0.0,
    "taker_qty_hedge": 0.2086595484088366,
    "taker_qty_cross": 0.0,
    "taker_trades_hedge": 2792,
    "taker_trades_cross": 0,
    "taker_qty_total": 0.2086595484088366,
    "notional_traded_btc": 0.8624265303556342,
    "notional_traded_usdt": 14834.92935927588
  },
  "strategy": "skew_mid_spread",
  "strategy_kwargs": {
    "extra_spread_ticks": 20.0,
    "gamma": 0.16,
    "gamma_cap_factor": 5.0,
    "gamma_imb": 0.5,
    "gamma_inv_scale": 1.0,
    "gamma_vol_scale": 2.0,
    "gradient_penalty_ticks": 1.0,
    "gradient_threshold": 1.5,
    "k_vol": 6.0,
    "size_base": 0.04,
    "size_exp": 2.0,
    "size_min_factor": 0.3
  },
  "snapshots_processed": 10000,
  "sharpe_ratio": -0.022998983713912877,
  "capital_base": 10000.0,
  "sharpe_horizon_seconds": 60.0
}