{
  "final_pnl": -4.067719763548666,
  "final_inventory": 0.021715706661932746,
  "fill_count": 2390,
  "max_drawdown": 4.891517289875992,
  "pnl_attribution": {
    "inventory_moves": -1.6904961606030369,
    "fees": -3.305001287796076,
    "spread_capture": 1.1050938566856243,
    "adverse_selection": -0.14284681638604252,
    "funding_rates": 0.0
  },
  "additional_metrics": {
    "orders_placed": 2065,
    "orders_placed_buy": 1070,
    "orders_placed_sell": 995,
    "maker_qty_placed": 45.13412141994955,
    "maker_qty_filled": 0.9456805311699317,
    "maker_fill_qty_rate": 0.020952673972998513,
    "avg_fill_latency_sec": 0.005134500671308535,
    "std_fill_latency_sec": 0.035495726366094944,
    "avg_queue_position": 0.0189840140051473,
    "std_queue_position": 0.20839474172848158,
    "avg_order_lifetime_sec": 0.005134500671308535,
    "std_order_lifetime_sec": 0.035495726366094944,
    "avg_competition_size": 0.3572561373207843,
    "std_competition_size": 0.06878247330779895,
    "forced_liquidations": 0,
    "avg_forced_liq_cost": 0.0,
    "std_forced_liq_cost": 0.0,
    "taker_qty_hedge": 0.3250348661835942,
    "taker_qty_cross": 0.0,
    "taker_trades_hedge": 2294,
    "taker_trades_cross": 0,
    "taker_qty_total": 0.3250348661835942,
    "notional_traded_btc": 1.2707153973535283,
    "notional_traded_usdt": 21862.198211554238
  },
  "strategy": "skew_mid_spread",
  "strategy_kwargs": {
    "extra_spread_ticks": 26.0,
    "gamma": 0.08,
    "gamma_cap_factor": 5.0,
    "gamma_imb": 0.5,
    "gamma_inv_scale": 1.0,
    "gamma_vol_scale": 2.0,
    "gradient_penalty_ticks": 1.0,
    "gradient_threshold": 1.5,
    "k_vol": 6.0,
    "size_base": 0.04,
    "size_exp": 2.0,
    "size_min_factor": 0.3
  },
  "snapshots_processed": 10000,
  "sharpe_ratio": -0.39636324505308906,
  "capital_base": 10000.0,
  "sharpe_horizon_seconds": 60.0
}