{
  "final_pnl": -7.7171781931538135,
  "final_inventory": 0.01647203571106512,
  "fill_count": 285,
  "max_drawdown": 7.7171781931538135,
  "pnl_attribution": {
    "inventory_moves": -0.5949768564925773,
    "fees": -7.603778803906294,
    "spread_capture": 0.8265840597962754,
    "adverse_selection": -0.3230722847000208,
    "funding_rates": 0.0
  },
  "additional_metrics": {
    "orders_placed": 537,
    "orders_placed_buy": 264,
    "orders_placed_sell": 273,
    "maker_qty_placed": 6.167270362747189,
    "maker_qty_filled": 1.3071840627796152,
    "maker_fill_qty_rate": 0.21195504427299577,
    "avg_fill_latency_sec": 0.1852121165304473,
    "std_fill_latency_sec": 0.11667186622623346,
    "avg_queue_position": 1.131609365986713,
    "std_queue_position": 1.386181260987398,
    "avg_order_lifetime_sec": 0.2049636306184711,
    "std_order_lifetime_sec": 0.1271716052125394,
    "avg_competition_size": 0.7320946267717382,
    "std_competition_size": 0.14465885679100943,
    "forced_liquidations": 2,
    "avg_forced_liq_cost": 0.0601411311959547,
    "std_forced_liq_cost": 0.021115246430448677
  },
  "strategy": "skew_mid_spread",
  "strategy_kwargs": {
    "gamma": 0.1,
    "gamma_cap_factor": 5.0,
    "gamma_imb": 0.5,
    "gamma_inv_scale": 4.0,
    "gamma_vol_scale": 2.0,
    "gradient_penalty_ticks": 1.0,
    "gradient_threshold": 1.5,
    "k_vol": 1.3,
    "size_base": 0.02,
    "size_exp": 1.0,
    "size_min_factor": 0.2
  },
  "snapshots_processed": 1000,
  "sharpe_ratio": -1.2468868415675147,
  "capital_base": 10000.0,
  "sharpe_horizon_seconds": 60.0
}