{
  "final_pnl": -7.200436582963448,
  "final_inventory": 0.02368717547940203,
  "fill_count": 273,
  "max_drawdown": 7.200436582963448,
  "pnl_attribution": {
    "inventory_moves": -0.6064187629680922,
    "fees": -7.403090451564518,
    "spread_capture": 1.0147429799804106,
    "adverse_selection": -0.1932527200687083,
    "funding_rates": 0.0
  },
  "additional_metrics": {
    "orders_placed": 611,
    "orders_placed_buy": 304,
    "orders_placed_sell": 307,
    "maker_qty_placed": 6.946501383764581,
    "maker_qty_filled": 1.2622397437395245,
    "maker_fill_qty_rate": 0.1817087011153041,
    "avg_fill_latency_sec": 0.18233543860761425,
    "std_fill_latency_sec": 0.11149766204559264,
    "avg_queue_position": 1.1204013217844841,
    "std_queue_position": 1.3790228497146195,
    "avg_order_lifetime_sec": 0.19187341309800932,
    "std_order_lifetime_sec": 0.10610501667252153,
    "avg_competition_size": 0.7333727690818054,
    "std_competition_size": 0.14333622160339474,
    "forced_liquidations": 0,
    "avg_forced_liq_cost": 0.0,
    "std_forced_liq_cost": 0.0
  },
  "strategy": "skew_mid_spread",
  "strategy_kwargs": {
    "gamma": 0.1,
    "gamma_cap_factor": 5.0,
    "gamma_imb": 0.5,
    "gamma_inv_scale": 4.0,
    "gamma_vol_scale": 2.0,
    "gradient_penalty_ticks": 1.0,
    "gradient_threshold": 1.5,
    "k_vol": 1.3,
    "size_base": 0.02,
    "size_exp": 3.0,
    "size_min_factor": 0.1
  },
  "snapshots_processed": 1000,
  "sharpe_ratio": -1.19097877245296,
  "capital_base": 10000.0,
  "sharpe_horizon_seconds": 60.0
}