{
  "final_pnl": -18.607218331580953,
  "final_inventory": 0.029412005368988886,
  "fill_count": 295,
  "max_drawdown": 18.607218331580953,
  "pnl_attribution": {
    "inventory_moves": -0.47067477712335526,
    "fees": -16.23550510537614,
    "spread_capture": 2.0122746720825706,
    "adverse_selection": -3.7517844020409465,
    "funding_rates": 0.0
  },
  "additional_metrics": {
    "orders_placed": 609,
    "orders_placed_buy": 304,
    "orders_placed_sell": 305,
    "maker_qty_placed": 13.817008862800876,
    "maker_qty_filled": 2.6793625481333496,
    "maker_fill_qty_rate": 0.1939176977259469,
    "avg_fill_latency_sec": 0.17422988085911192,
    "std_fill_latency_sec": 0.11531263583005698,
    "avg_queue_position": 1.1396981912431159,
    "std_queue_position": 1.3418075270965537,
    "avg_order_lifetime_sec": 0.1828907988537317,
    "std_order_lifetime_sec": 0.11126298939017824,
    "avg_competition_size": 0.8765164409699719,
    "std_competition_size": 0.17567527001887595,
    "forced_liquidations": 17,
    "avg_forced_liq_cost": 0.1967793936120404,
    "std_forced_liq_cost": 0.10473894125621594
  },
  "strategy": "skew_mid_spread",
  "strategy_kwargs": {
    "gamma": 0.1,
    "gamma_cap_factor": 5.0,
    "gamma_imb": 0.5,
    "gamma_inv_scale": 4.0,
    "gamma_vol_scale": 2.0,
    "gradient_penalty_ticks": 1.0,
    "gradient_threshold": 1.5,
    "k_vol": 1.3,
    "size_base": 0.04,
    "size_exp": 3.0,
    "size_min_factor": 0.3
  },
  "snapshots_processed": 1000,
  "sharpe_ratio": -1.0408637991297276,
  "capital_base": 10000.0,
  "sharpe_horizon_seconds": 60.0
}