{
  "final_pnl": -3.0174982592907327,
  "final_inventory": 0.04429573411069075,
  "fill_count": 819,
  "max_drawdown": 3.9466208010653645,
  "pnl_attribution": {
    "inventory_moves": -3.098641401641724,
    "fees": -0.988070086985885,
    "spread_capture": 1.2574480380136406,
    "adverse_selection": -0.15558537946918918,
    "funding_rates": 0.0
  },
  "additional_metrics": {
    "orders_placed": 2067,
    "orders_placed_buy": 1074,
    "orders_placed_sell": 993,
    "maker_qty_placed": 45.17660545700773,
    "maker_qty_filled": 1.1001885046395514,
    "maker_fill_qty_rate": 0.024353058259026228,
    "avg_fill_latency_sec": 0.01806544602229333,
    "std_fill_latency_sec": 0.06486392405565986,
    "avg_queue_position": 0.056452508721656754,
    "std_queue_position": 0.317301622454483,
    "avg_order_lifetime_sec": 0.01806544602229333,
    "std_order_lifetime_sec": 0.06486392405565986,
    "avg_competition_size": 0.3552128670619444,
    "std_competition_size": 0.06716363791985176,
    "forced_liquidations": 0,
    "avg_forced_liq_cost": 0.0,
    "std_forced_liq_cost": 0.0,
    "taker_qty_hedge": 0.2392919675919829,
    "taker_qty_cross": 0.0,
    "taker_trades_hedge": 709,
    "taker_trades_cross": 0,
    "taker_qty_total": 0.2392919675919829,
    "notional_traded_btc": 1.3394804722315372,
    "notional_traded_usdt": 23040.8414092489
  },
  "strategy": "skew_mid_spread",
  "strategy_kwargs": {
    "extra_spread_ticks": 20.0,
    "gamma": 0.12,
    "gamma_cap_factor": 5.0,
    "gamma_imb": 0.5,
    "gamma_inv_scale": 1.0,
    "gamma_vol_scale": 2.0,
    "gradient_penalty_ticks": 1.0,
    "gradient_threshold": 1.5,
    "k_vol": 6.0,
    "size_base": 0.04,
    "size_exp": 2.0,
    "size_min_factor": 0.3
  },
  "snapshots_processed": 10000,
  "sharpe_ratio": -0.3181929143244332,
  "capital_base": 10000.0,
  "sharpe_horizon_seconds": 60.0
}