{
  "final_pnl": -7.574837325264525,
  "final_inventory": 0.0017895078149549317,
  "fill_count": 279,
  "max_drawdown": 7.574837325264525,
  "pnl_attribution": {
    "inventory_moves": -0.20963103011169323,
    "fees": -7.122028223964473,
    "spread_capture": 1.0670919075661773,
    "adverse_selection": -1.2537331650481862,
    "funding_rates": 0.0
  },
  "additional_metrics": {
    "orders_placed": 531,
    "orders_placed_buy": 259,
    "orders_placed_sell": 272,
    "maker_qty_placed": 6.1051432218317,
    "maker_qty_filled": 1.2973667319373672,
    "maker_fill_qty_rate": 0.21250389790988783,
    "avg_fill_latency_sec": 0.18943124264478683,
    "std_fill_latency_sec": 0.11462283556617806,
    "avg_queue_position": 1.1280445586651933,
    "std_queue_position": 1.3610729729688005,
    "avg_order_lifetime_sec": 0.20041874051094055,
    "std_order_lifetime_sec": 0.1113641753123092,
    "avg_competition_size": 0.7386209039432979,
    "std_competition_size": 0.14507842507461366,
    "forced_liquidations": 10,
    "avg_forced_liq_cost": 0.10702325696424671,
    "std_forced_liq_cost": 0.05894739632008971
  },
  "strategy": "skew_mid_spread",
  "strategy_kwargs": {
    "gamma": 0.1,
    "gamma_cap_factor": 5.0,
    "gamma_imb": 0.5,
    "gamma_inv_scale": 4.0,
    "gamma_vol_scale": 2.0,
    "gradient_penalty_ticks": 1.0,
    "gradient_threshold": 1.5,
    "k_vol": 1.3,
    "size_base": 0.02,
    "size_exp": 1.0,
    "size_min_factor": 0.3
  },
  "snapshots_processed": 1000,
  "sharpe_ratio": -1.2271048159919846,
  "capital_base": 10000.0,
  "sharpe_horizon_seconds": 60.0
}