{
  "final_pnl": -7.724456143660063,
  "final_inventory": 0.02144254818481703,
  "fill_count": 283,
  "max_drawdown": 7.724456143660063,
  "pnl_attribution": {
    "inventory_moves": -0.6088243375121628,
    "fees": -7.660664594887251,
    "spread_capture": 0.9732554357740124,
    "adverse_selection": -0.4061700221778282,
    "funding_rates": 0.0
  },
  "additional_metrics": {
    "orders_placed": 541,
    "orders_placed_buy": 266,
    "orders_placed_sell": 275,
    "maker_qty_placed": 6.2148382258227475,
    "maker_qty_filled": 1.3257838812850835,
    "maker_fill_qty_rate": 0.21332556586532395,
    "avg_fill_latency_sec": 0.1863536543962432,
    "std_fill_latency_sec": 0.11938049976296412,
    "avg_queue_position": 1.129478484009265,
    "std_queue_position": 1.3650407705683396,
    "avg_order_lifetime_sec": 0.20622560454577935,
    "std_order_lifetime_sec": 0.12953704335913357,
    "avg_competition_size": 0.7308097418968016,
    "std_competition_size": 0.14568338945819279,
    "forced_liquidations": 2,
    "avg_forced_liq_cost": 0.10176724368351048,
    "std_forced_liq_cost": 0.0657134531485635
  },
  "strategy": "skew_mid_spread",
  "strategy_kwargs": {
    "gamma": 0.1,
    "gamma_cap_factor": 5.0,
    "gamma_imb": 0.5,
    "gamma_inv_scale": 4.0,
    "gamma_vol_scale": 2.0,
    "gradient_penalty_ticks": 1.0,
    "gradient_threshold": 1.5,
    "k_vol": 1.3,
    "size_base": 0.02,
    "size_exp": 1.0,
    "size_min_factor": 0.2
  },
  "snapshots_processed": 1000,
  "sharpe_ratio": -1.2325859138839326,
  "capital_base": 10000.0,
  "sharpe_horizon_seconds": 60.0
}