{
  "final_pnl": -0.2701223910207773,
  "final_inventory": 0.01645810095528778,
  "fill_count": 88,
  "max_drawdown": 0.8709864816846675,
  "pnl_attribution": {
    "inventory_moves": -0.18260081748789034,
    "fees": -0.1940511065866922,
    "spread_capture": 0.14135726838940912,
    "adverse_selection": -0.017298246376784034,
    "funding_rates": 0.0
  },
  "additional_metrics": {
    "orders_placed": 2959,
    "orders_placed_buy": 1536,
    "orders_placed_sell": 1423,
    "maker_qty_placed": 8.1101636445971,
    "maker_qty_filled": 0.11280279412651537,
    "maker_fill_qty_rate": 0.013908818498583974,
    "avg_fill_latency_sec": 0.25056817856701935,
    "std_fill_latency_sec": 0.0014365056421533568,
    "avg_queue_position": 1.3555372993172696,
    "std_queue_position": 1.4657850753479202,
    "avg_order_lifetime_sec": 0.25056817856701935,
    "std_order_lifetime_sec": 0.0014365056421533568,
    "avg_competition_size": 0.25901373055614196,
    "std_competition_size": 0.047053771509899374,
    "forced_liquidations": 0,
    "avg_forced_liq_cost": 0.0,
    "std_forced_liq_cost": 0.0,
    "taker_qty_hedge": 0.0,
    "taker_qty_cross": 0.0,
    "taker_trades_hedge": 0,
    "taker_trades_cross": 0,
    "taker_qty_total": 0.0,
    "notional_traded_btc": 0.11280279412651537,
    "notional_traded_usdt": 1940.5110658669223
  },
  "strategy": "skew_mid_spread",
  "strategy_kwargs": {
    "extra_spread_ticks": 24.0,
    "gamma": 0.16,
    "gamma_cap_factor": 5.0,
    "gamma_imb": 0.5,
    "gamma_inv_scale": 2.0,
    "gamma_vol_scale": 1.0,
    "gradient_penalty_ticks": 1.0,
    "gradient_threshold": 1.5,
    "k_vol": 4.0,
    "size_base": 0.005,
    "size_exp": 2.0,
    "size_min_factor": 0.3
  },
  "snapshots_processed": 10000,
  "sharpe_ratio": -0.1005361367043767,
  "capital_base": 10000.0,
  "sharpe_horizon_seconds": 60.0
}