{
  "final_pnl": -4.576206868066947,
  "final_inventory": -0.006476000900329709,
  "fill_count": 145,
  "max_drawdown": 5.110928233274535,
  "pnl_attribution": {
    "inventory_moves": -2.4493799403891727,
    "fees": -3.051299101611419,
    "spread_capture": 1.1227171841762413,
    "adverse_selection": -0.16849851402083305,
    "funding_rates": 0.0
  },
  "additional_metrics": {
    "orders_placed": 2962,
    "orders_placed_buy": 1539,
    "orders_placed_sell": 1423,
    "maker_qty_placed": 64.88117832093285,
    "maker_qty_filled": 1.1280280174281538,
    "maker_fill_qty_rate": 0.01738605935681988,
    "avg_fill_latency_sec": 0.1979629522488441,
    "std_fill_latency_sec": 0.10202957672802983,
    "avg_queue_position": 0.782220931992795,
    "std_queue_position": 1.5390060057913595,
    "avg_order_lifetime_sec": 0.1979629522488441,
    "std_order_lifetime_sec": 0.10202957672802983,
    "avg_competition_size": 0.3563009249616411,
    "std_competition_size": 0.06730074248710742,
    "forced_liquidations": 0,
    "avg_forced_liq_cost": 0.0,
    "std_forced_liq_cost": 0.0,
    "taker_qty_hedge": 0.21522769919221915,
    "taker_qty_cross": 0.0,
    "taker_trades_hedge": 17,
    "taker_trades_cross": 0,
    "taker_qty_total": 0.21522769919221915,
    "notional_traded_btc": 1.3432557166203722,
    "notional_traded_usdt": 23106.379698634784
  },
  "strategy": "skew_mid_spread",
  "strategy_kwargs": {
    "extra_spread_ticks": 34.0,
    "gamma": 0.12,
    "gamma_cap_factor": 5.0,
    "gamma_imb": 0.5,
    "gamma_inv_scale": 1.0,
    "gamma_vol_scale": 2.0,
    "gradient_penalty_ticks": 1.0,
    "gradient_threshold": 1.5,
    "k_vol": 8.0,
    "size_base": 0.04,
    "size_exp": 2.0,
    "size_min_factor": 0.3
  },
  "snapshots_processed": 10000,
  "sharpe_ratio": -0.48124825588854425,
  "capital_base": 10000.0,
  "sharpe_horizon_seconds": 60.0
}