{
  "final_pnl": -0.7085489845649136,
  "final_inventory": 0.06934489480893924,
  "fill_count": 2815,
  "max_drawdown": 3.337158371887199,
  "pnl_attribution": {
    "inventory_moves": -0.4990914182366281,
    "fees": -0.8832839717740589,
    "spread_capture": 0.8044115421089187,
    "adverse_selection": -0.12960626843665732,
    "funding_rates": 0.0
  },
  "additional_metrics": {
    "orders_placed": 2064,
    "orders_placed_buy": 1071,
    "orders_placed_sell": 993,
    "maker_qty_placed": 45.103394033711574,
    "maker_qty_filled": 0.8210191048918971,
    "maker_fill_qty_rate": 0.01820304485906856,
    "avg_fill_latency_sec": 0.003975821074833727,
    "std_fill_latency_sec": 0.031299991280232115,
    "avg_queue_position": 0.012384852526728395,
    "std_queue_position": 0.17105690855424815,
    "avg_order_lifetime_sec": 0.003975821074833727,
    "std_order_lifetime_sec": 0.031299991280232115,
    "avg_competition_size": 0.35271548082418647,
    "std_competition_size": 0.06920581997634527,
    "forced_liquidations": 0,
    "avg_forced_liq_cost": 0.0,
    "std_forced_liq_cost": 0.0,
    "taker_qty_hedge": 0.2138798024240766,
    "taker_qty_cross": 0.0,
    "taker_trades_hedge": 2727,
    "taker_trades_cross": 0,
    "taker_qty_total": 0.2138798024240766,
    "notional_traded_btc": 1.0348989073159756,
    "notional_traded_usdt": 17802.75563435651
  },
  "strategy": "skew_mid_spread",
  "strategy_kwargs": {
    "extra_spread_ticks": 25.0,
    "gamma": 0.16,
    "gamma_cap_factor": 5.0,
    "gamma_imb": 0.5,
    "gamma_inv_scale": 1.0,
    "gamma_vol_scale": 2.0,
    "gradient_penalty_ticks": 1.0,
    "gradient_threshold": 1.5,
    "k_vol": 6.0,
    "size_base": 0.04,
    "size_exp": 2.0,
    "size_min_factor": 0.3
  },
  "snapshots_processed": 10000,
  "sharpe_ratio": -0.06370359736131688,
  "capital_base": 10000.0,
  "sharpe_horizon_seconds": 60.0
}