{
  "final_pnl": -0.26861713819380384,
  "final_inventory": 0.005912481052964279,
  "fill_count": 42,
  "max_drawdown": 0.3624123931513168,
  "pnl_attribution": {
    "inventory_moves": -0.22032379280386627,
    "fees": -0.08785915443469915,
    "spread_capture": 0.05173361832485077,
    "adverse_selection": -0.007223004344638385,
    "funding_rates": 0.0
  },
  "additional_metrics": {
    "orders_placed": 1586,
    "orders_placed_buy": 821,
    "orders_placed_sell": 765,
    "maker_qty_placed": 4.354870494580575,
    "maker_qty_filled": 0.051082174263189416,
    "maker_fill_qty_rate": 0.011729895143095232,
    "avg_fill_latency_sec": 0.250666652406965,
    "std_fill_latency_sec": 0.0008357046653752722,
    "avg_queue_position": 1.0766990334508446,
    "std_queue_position": 1.237247096920624,
    "avg_order_lifetime_sec": 0.250666652406965,
    "std_order_lifetime_sec": 0.0008357046653752722,
    "avg_competition_size": 0.260533863455662,
    "std_competition_size": 0.04872448071138523,
    "forced_liquidations": 0,
    "avg_forced_liq_cost": 0.0,
    "std_forced_liq_cost": 0.0,
    "taker_qty_hedge": 0.0,
    "taker_qty_cross": 0.0,
    "taker_trades_hedge": 0,
    "taker_trades_cross": 0,
    "taker_qty_total": 0.0,
    "notional_traded_btc": 0.051082174263189416,
    "notional_traded_usdt": 878.5915443469916
  },
  "strategy": "skew_mid_spread",
  "strategy_kwargs": {
    "extra_spread_ticks": 32.0,
    "gamma": 0.12,
    "gamma_cap_factor": 5.0,
    "gamma_imb": 0.5,
    "gamma_inv_scale": 1.0,
    "gamma_vol_scale": 0.0,
    "gradient_penalty_ticks": 1.0,
    "gradient_threshold": 1.5,
    "k_vol": 6.0,
    "size_base": 0.005,
    "size_exp": 2.0,
    "size_min_factor": 0.3
  },
  "snapshots_processed": 10000,
  "sharpe_ratio": -0.2874243303140956,
  "capital_base": 10000.0,
  "sharpe_horizon_seconds": 60.0
}