{
  "final_pnl": -3.3155702397307323,
  "final_inventory": -0.0064109346073845525,
  "fill_count": 2544,
  "max_drawdown": 3.991701492597713,
  "pnl_attribution": {
    "inventory_moves": -2.5788158352473043,
    "fees": -1.9990386878826334,
    "spread_capture": 1.6118282295445687,
    "adverse_selection": -0.2538941575853625,
    "funding_rates": 0.0
  },
  "additional_metrics": {
    "orders_placed": 2945,
    "orders_placed_buy": 1524,
    "orders_placed_sell": 1421,
    "maker_qty_placed": 64.48148387570369,
    "maker_qty_filled": 1.602146833298374,
    "maker_fill_qty_rate": 0.0248466185484614,
    "avg_fill_latency_sec": 0.0085593495911699,
    "std_fill_latency_sec": 0.045522621610350915,
    "avg_queue_position": 0.031218781436719727,
    "std_queue_position": 0.30006602092248025,
    "avg_order_lifetime_sec": 0.0085593495911699,
    "std_order_lifetime_sec": 0.045522621610350915,
    "avg_competition_size": 0.355927408004389,
    "std_competition_size": 0.06642979015231079,
    "forced_liquidations": 0,
    "avg_forced_liq_cost": 0.0,
    "std_forced_liq_cost": 0.0,
    "taker_qty_hedge": 0.4840221361911311,
    "taker_qty_cross": 0.0,
    "taker_trades_hedge": 2376,
    "taker_trades_cross": 0,
    "taker_qty_total": 0.4840221361911311,
    "notional_traded_btc": 2.0861689694895054,
    "notional_traded_usdt": 35888.776400009796
  },
  "strategy": "skew_mid_spread",
  "strategy_kwargs": {
    "extra_spread_ticks": 10.0,
    "gamma": 0.08,
    "gamma_cap_factor": 5.0,
    "gamma_imb": 0.5,
    "gamma_inv_scale": 1.0,
    "gamma_vol_scale": 2.0,
    "gradient_penalty_ticks": 1.0,
    "gradient_threshold": 1.5,
    "k_vol": 4.0,
    "size_base": 0.04,
    "size_exp": 2.0,
    "size_min_factor": 0.3
  },
  "snapshots_processed": 10000,
  "sharpe_ratio": -0.35572600627214523,
  "capital_base": 10000.0,
  "sharpe_horizon_seconds": 60.0
}