{
  "final_pnl": 1.6748532999999952,
  "final_inventory": -0.12100000000000008,
  "fill_count": 523,
  "pnl_attribution": {
    "spread_capture": 0.0,
    "inventory_moves": 0.0,
    "fees": 0.0,
    "rebates": 1.7992033000000047,
    "adverse_selection": -0.11510000000269682
  },
  "strategy": "mid_spread",
  "strategy_kwargs": {},
  "snapshots_processed": 5000
}