{
  "final_pnl": 21.984668549694106,
  "final_inventory": 1.0816256871400889,
  "fill_count": 908,
  "max_drawdown": 83.4895455981823,
  "pnl_attribution": {
    "inventory_moves": 3.793945851844507,
    "fees": -44.487106762437215,
    "spread_capture": 73.62907631780203,
    "adverse_selection": -9.698142676053438,
    "funding_rates": 0.0
  },
  "additional_metrics": {
    "orders_placed": 5610,
    "orders_placed_buy": 2888,
    "orders_placed_sell": 2722,
    "maker_qty_placed": 1099.0083130710116,
    "maker_qty_filled": 64.57870422194472,
    "maker_fill_qty_rate": 0.058760887842139564,
    "avg_fill_latency_sec": 0.21301018147750203,
    "std_fill_latency_sec": 0.08975505101293724,
    "avg_queue_position": 1.3000479247148444,
    "std_queue_position": 1.0843454009004574,
    "avg_order_lifetime_sec": 0.21301018147750203,
    "std_order_lifetime_sec": 0.08975505101293724,
    "avg_competition_size": 1.2148830959392876,
    "std_competition_size": 0.26826371629159557,
    "forced_liquidations": 0,
    "avg_forced_liq_cost": 0.0,
    "std_forced_liq_cost": 0.0,
    "taker_qty_hedge": 10.773537275448641,
    "taker_qty_cross": 0.0,
    "taker_trades_hedge": 74,
    "taker_trades_cross": 0,
    "taker_qty_total": 10.773537275448641,
    "notional_traded_btc": 75.35224149739335,
    "notional_traded_usdt": 1296189.5578876268
  },
  "strategy": "skew_mid_spread",
  "strategy_kwargs": {
    "size_base": 0.4,
    "k_vol": 3.0,
    "extra_spread_ticks": 15.0,
    "gamma": 0.5,
    "gradient_threshold": 1.0,
    "gradient_penalty_ticks": 3.0,
    "gamma_imb": 1.0,
    "gamma_inv_scale": 6.0,
    "gamma_vol_scale": 2.0,
    "gamma_cap_factor": 10.0,
    "size_min_factor": 0.05,
    "size_exp": 3.5,
    "use_ticks": "True",
    "clamp_ticks": 2.0
  },
  "snapshots_processed": 10000,
  "sharpe_ratio": 0.0070075842735916605,
  "capital_base": 10000.0,
  "sharpe_horizon_seconds": 60.0
}