{
  "final_pnl": 1.281002358031401,
  "final_inventory": 0.0779621981822552,
  "fill_count": 750,
  "max_drawdown": 0.5728814195899758,
  "pnl_attribution": {
    "inventory_moves": 1.5958067189707483,
    "fees": -3.404043790280298,
    "spread_capture": 3.303181385043125,
    "adverse_selection": -0.19924424653233172,
    "funding_rates": 0.0
  },
  "additional_metrics": {
    "orders_placed": 1852,
    "orders_placed_buy": 923,
    "orders_placed_sell": 929,
    "maker_qty_placed": 10.506648392412579,
    "maker_qty_filled": 1.3343740216284763,
    "maker_fill_qty_rate": 0.12700282447750894,
    "avg_fill_latency_sec": 0.12653876725532426,
    "std_fill_latency_sec": 0.13581540176516826,
    "avg_queue_position": 0.6522940570494272,
    "std_queue_position": 1.3352709543605186,
    "avg_order_lifetime_sec": 0.12653876725532426,
    "std_order_lifetime_sec": 0.13581540176516826,
    "avg_competition_size": 0.6690414000981694,
    "std_competition_size": 0.13120755865548173,
    "forced_liquidations": 0,
    "avg_forced_liq_cost": 0.0,
    "std_forced_liq_cost": 0.0,
    "taker_qty_hedge": 0.03170952710102019,
    "taker_qty_cross": 0.0,
    "taker_trades_hedge": 256,
    "taker_trades_cross": 0,
    "taker_qty_total": 0.03170952710102019
  },
  "strategy": "skew_mid_spread",
  "strategy_kwargs": {
    "size_base": 0.01,
    "k_vol": 4.5,
    "extra_spread_ticks": 2.0,
    "gamma": 0.08,
    "gradient_threshold": 1.5,
    "gradient_penalty_ticks": 1.0,
    "gamma_imb": 0.5,
    "gamma_inv_scale": 4.0,
    "gamma_vol_scale": 2.0,
    "gamma_cap_factor": 5.0,
    "size_min_factor": 0.3,
    "size_exp": 2.0
  },
  "snapshots_processed": 5000,
  "sharpe_ratio": 0.2100421552196788,
  "capital_base": 10000.0,
  "sharpe_horizon_seconds": 60.0
}