{
  "final_pnl": -17.8116730731781,
  "final_inventory": 0.04774872453325629,
  "fill_count": 295,
  "max_drawdown": 17.8116730731781,
  "pnl_attribution": {
    "inventory_moves": -0.4941114802025864,
    "fees": -16.113961543064406,
    "spread_capture": 2.1397758135484737,
    "adverse_selection": -3.21409738774077,
    "funding_rates": 0.0
  },
  "additional_metrics": {
    "orders_placed": 609,
    "orders_placed_buy": 304,
    "orders_placed_sell": 305,
    "maker_qty_placed": 13.816265954807223,
    "maker_qty_filled": 2.7119851577881042,
    "maker_fill_qty_rate": 0.196289298907459,
    "avg_fill_latency_sec": 0.17664739300060822,
    "std_fill_latency_sec": 0.11421446566435933,
    "avg_queue_position": 1.1851049947167491,
    "std_queue_position": 1.4060599663927318,
    "avg_order_lifetime_sec": 0.1868092421162335,
    "std_order_lifetime_sec": 0.10910424990512971,
    "avg_competition_size": 0.8639258344822359,
    "std_competition_size": 0.1747758745556491,
    "forced_liquidations": 15,
    "avg_forced_liq_cost": 0.18939514292899098,
    "std_forced_liq_cost": 0.0955635162910772
  },
  "strategy": "skew_mid_spread",
  "strategy_kwargs": {
    "gamma": 0.1,
    "gamma_cap_factor": 5.0,
    "gamma_imb": 0.5,
    "gamma_inv_scale": 4.0,
    "gamma_vol_scale": 2.0,
    "gradient_penalty_ticks": 1.0,
    "gradient_threshold": 1.5,
    "k_vol": 1.3,
    "size_base": 0.04,
    "size_exp": 3.0,
    "size_min_factor": 0.2
  },
  "snapshots_processed": 1000,
  "sharpe_ratio": -1.068887551224954,
  "capital_base": 10000.0,
  "sharpe_horizon_seconds": 60.0
}