{
  "final_pnl": -4.140238995314576,
  "final_inventory": -0.08170361548268293,
  "fill_count": 164,
  "max_drawdown": 5.5457088775256125,
  "pnl_attribution": {
    "inventory_moves": -0.5365828696431247,
    "fees": -4.668622952617306,
    "spread_capture": 1.3095555992756098,
    "adverse_selection": -0.18747717209574752,
    "funding_rates": 0.0
  },
  "additional_metrics": {
    "orders_placed": 2962,
    "orders_placed_buy": 1538,
    "orders_placed_sell": 1424,
    "maker_qty_placed": 64.92030199661214,
    "maker_qty_filled": 1.2528547638226348,
    "maker_fill_qty_rate": 0.01929835082849761,
    "avg_fill_latency_sec": 0.17748957624038061,
    "std_fill_latency_sec": 0.11389477460191187,
    "avg_queue_position": 0.6770221901599651,
    "std_queue_position": 1.307651055878032,
    "avg_order_lifetime_sec": 0.17748957624038061,
    "std_order_lifetime_sec": 0.11389477460191187,
    "avg_competition_size": 0.35465960150527787,
    "std_competition_size": 0.06702855073295814,
    "forced_liquidations": 0,
    "avg_forced_liq_cost": 0.0,
    "std_forced_liq_cost": 0.0,
    "taker_qty_hedge": 0.4868595645758871,
    "taker_qty_cross": 0.0,
    "taker_trades_hedge": 28,
    "taker_trades_cross": 0,
    "taker_qty_total": 0.4868595645758871,
    "notional_traded_btc": 1.7397143283985217,
    "notional_traded_usdt": 29930.359485801295
  },
  "strategy": "skew_mid_spread",
  "strategy_kwargs": {
    "extra_spread_ticks": 30.0,
    "gamma": 0.2,
    "gamma_cap_factor": 5.0,
    "gamma_imb": 0.5,
    "gamma_inv_scale": 1.0,
    "gamma_vol_scale": 2.0,
    "gradient_penalty_ticks": 1.0,
    "gradient_threshold": 1.5,
    "k_vol": 8.0,
    "size_base": 0.04,
    "size_exp": 2.0,
    "size_min_factor": 0.3
  },
  "snapshots_processed": 10000,
  "sharpe_ratio": -0.2951939655357191,
  "capital_base": 10000.0,
  "sharpe_horizon_seconds": 60.0
}