{
  "final_pnl": -8.428685941928052,
  "final_inventory": 0.009458722937674142,
  "fill_count": 281,
  "max_drawdown": 8.428685941928052,
  "pnl_attribution": {
    "inventory_moves": -0.2523394196172496,
    "fees": -7.588503109892186,
    "spread_capture": 0.837906749310664,
    "adverse_selection": -1.3587204664186059,
    "funding_rates": 0.0
  },
  "additional_metrics": {
    "orders_placed": 605,
    "orders_placed_buy": 302,
    "orders_placed_sell": 303,
    "maker_qty_placed": 6.873301894800061,
    "maker_qty_filled": 1.2712913658001572,
    "maker_fill_qty_rate": 0.18496079253581776,
    "avg_fill_latency_sec": 0.17871950748490123,
    "std_fill_latency_sec": 0.1132756993368146,
    "avg_queue_position": 1.1263362724301145,
    "std_queue_position": 1.4327058644896178,
    "avg_order_lifetime_sec": 0.18637804287235912,
    "std_order_lifetime_sec": 0.10935817284479489,
    "avg_competition_size": 0.7446104629332769,
    "std_competition_size": 0.14547801219145265,
    "forced_liquidations": 11,
    "avg_forced_liq_cost": 0.10596265977678998,
    "std_forced_liq_cost": 0.053743427240692296
  },
  "strategy": "skew_mid_spread",
  "strategy_kwargs": {
    "gamma": 0.1,
    "gamma_cap_factor": 5.0,
    "gamma_imb": 0.5,
    "gamma_inv_scale": 4.0,
    "gamma_vol_scale": 2.0,
    "gradient_penalty_ticks": 1.0,
    "gradient_threshold": 1.5,
    "k_vol": 1.3,
    "size_base": 0.02,
    "size_exp": 2.0,
    "size_min_factor": 0.1
  },
  "snapshots_processed": 1000,
  "sharpe_ratio": -1.1376011752487027,
  "capital_base": 10000.0,
  "sharpe_horizon_seconds": 60.0
}