{
  "final_pnl": -3.614411785712946,
  "final_inventory": 0.010541260365169636,
  "fill_count": 274,
  "max_drawdown": 3.614411785712946,
  "pnl_attribution": {
    "inventory_moves": -0.2954189041335294,
    "fees": -3.6529186265683413,
    "spread_capture": 0.43464798552483186,
    "adverse_selection": -0.09487182089640996,
    "funding_rates": 0.0
  },
  "additional_metrics": {
    "orders_placed": 611,
    "orders_placed_buy": 305,
    "orders_placed_sell": 306,
    "maker_qty_placed": 3.477730094084274,
    "maker_qty_filled": 0.6304606206335499,
    "maker_fill_qty_rate": 0.18128509216571545,
    "avg_fill_latency_sec": 0.18387341197532944,
    "std_fill_latency_sec": 0.11064177990123096,
    "avg_queue_position": 1.1272617359259296,
    "std_queue_position": 1.4300247949397127,
    "avg_order_lifetime_sec": 0.1934113864657245,
    "std_order_lifetime_sec": 0.10506574646219846,
    "avg_competition_size": 0.6683297749774617,
    "std_competition_size": 0.134548035432336,
    "forced_liquidations": 0,
    "avg_forced_liq_cost": 0.0,
    "std_forced_liq_cost": 0.0
  },
  "strategy": "skew_mid_spread",
  "strategy_kwargs": {
    "gamma": 0.1,
    "gamma_cap_factor": 5.0,
    "gamma_imb": 0.5,
    "gamma_inv_scale": 4.0,
    "gamma_vol_scale": 2.0,
    "gradient_penalty_ticks": 1.0,
    "gradient_threshold": 1.5,
    "k_vol": 1.3,
    "size_base": 0.01,
    "size_exp": 2.0,
    "size_min_factor": 0.3
  },
  "snapshots_processed": 1000,
  "sharpe_ratio": -1.1715667703665005,
  "capital_base": 10000.0,
  "sharpe_horizon_seconds": 60.0
}