{
  "final_pnl": -21.816740648495397,
  "final_inventory": 0.038524983023109874,
  "fill_count": 321,
  "max_drawdown": 21.816740648495397,
  "pnl_attribution": {
    "inventory_moves": -0.09642789528937558,
    "fees": -17.947021124778082,
    "spread_capture": 1.8507254158627142,
    "adverse_selection": -5.347396639713668,
    "funding_rates": 0.0
  },
  "additional_metrics": {
    "orders_placed": 537,
    "orders_placed_buy": 266,
    "orders_placed_sell": 271,
    "maker_qty_placed": 12.322582551222844,
    "maker_qty_filled": 2.8189702156416123,
    "maker_fill_qty_rate": 0.22876456326615308,
    "avg_fill_latency_sec": 0.16998963405431244,
    "std_fill_latency_sec": 0.12500897147100729,
    "avg_queue_position": 1.110376869882464,
    "std_queue_position": 1.3771430867002608,
    "avg_order_lifetime_sec": 0.17909844057547614,
    "std_order_lifetime_sec": 0.12404852234332511,
    "avg_competition_size": 0.8715914411461718,
    "std_competition_size": 0.17556500735581032,
    "forced_liquidations": 34,
    "avg_forced_liq_cost": 0.14468598184060324,
    "std_forced_liq_cost": 0.08073939292224036
  },
  "strategy": "skew_mid_spread",
  "strategy_kwargs": {
    "gamma": 0.1,
    "gamma_cap_factor": 5.0,
    "gamma_imb": 0.5,
    "gamma_inv_scale": 4.0,
    "gamma_vol_scale": 2.0,
    "gradient_penalty_ticks": 1.0,
    "gradient_threshold": 1.5,
    "k_vol": 1.3,
    "size_base": 0.04,
    "size_exp": 2.0,
    "size_min_factor": 0.3
  },
  "snapshots_processed": 1000,
  "sharpe_ratio": -1.2251515186865254,
  "capital_base": 10000.0,
  "sharpe_horizon_seconds": 60.0
}