{
  "final_pnl": -1.7264143429729302,
  "final_inventory": 0.004314182348065663,
  "fill_count": 267,
  "max_drawdown": 1.7264143429729302,
  "pnl_attribution": {
    "inventory_moves": -0.12530101816484662,
    "fees": -1.7940669748964513,
    "spread_capture": 0.23989167127690178,
    "adverse_selection": -0.049037470807849794,
    "funding_rates": 0.0
  },
  "additional_metrics": {
    "orders_placed": 532,
    "orders_placed_buy": 259,
    "orders_placed_sell": 273,
    "maker_qty_placed": 1.5299458307028675,
    "maker_qty_filled": 0.3147636631806481,
    "maker_fill_qty_rate": 0.2057351684379855,
    "avg_fill_latency_sec": 0.18540259150715618,
    "std_fill_latency_sec": 0.11348811274024599,
    "avg_queue_position": 1.082168055076516,
    "std_queue_position": 1.356563997964162,
    "avg_order_lifetime_sec": 0.20494155140666218,
    "std_order_lifetime_sec": 0.11578182425695291,
    "avg_competition_size": 0.6300783205247691,
    "std_competition_size": 0.12331765153416983,
    "forced_liquidations": 0,
    "avg_forced_liq_cost": 0.0,
    "std_forced_liq_cost": 0.0
  },
  "strategy": "skew_mid_spread",
  "strategy_kwargs": {
    "gamma": 0.1,
    "gamma_cap_factor": 5.0,
    "gamma_imb": 0.5,
    "gamma_inv_scale": 4.0,
    "gamma_vol_scale": 2.0,
    "gradient_penalty_ticks": 1.0,
    "gradient_threshold": 1.5,
    "k_vol": 1.3,
    "size_base": 0.005,
    "size_exp": 1.0,
    "size_min_factor": 0.2
  },
  "snapshots_processed": 1000,
  "sharpe_ratio": -1.163817624441286,
  "capital_base": 10000.0,
  "sharpe_horizon_seconds": 60.0
}