{
  "final_pnl": -1.6162110548611963,
  "final_inventory": 0.0027951123229594255,
  "fill_count": 262,
  "max_drawdown": 1.6162110548611963,
  "pnl_attribution": {
    "inventory_moves": -0.090406618079999,
    "fees": -1.6870441147289912,
    "spread_capture": 0.20866314742858325,
    "adverse_selection": -0.048136401080540396,
    "funding_rates": 0.0
  },
  "additional_metrics": {
    "orders_placed": 532,
    "orders_placed_buy": 260,
    "orders_placed_sell": 272,
    "maker_qty_placed": 1.5267159453528782,
    "maker_qty_filled": 0.3169741139482331,
    "maker_fill_qty_rate": 0.20761826383818185,
    "avg_fill_latency_sec": 0.19161744245746792,
    "std_fill_latency_sec": 0.11008523586558663,
    "avg_queue_position": 1.1170998850201004,
    "std_queue_position": 1.378791014941985,
    "avg_order_lifetime_sec": 0.20509395023320345,
    "std_order_lifetime_sec": 0.10488499703816637,
    "avg_competition_size": 0.641020849387795,
    "std_competition_size": 0.1216129105676092,
    "forced_liquidations": 0,
    "avg_forced_liq_cost": 0.0,
    "std_forced_liq_cost": 0.0
  },
  "strategy": "skew_mid_spread",
  "strategy_kwargs": {
    "gamma": 0.1,
    "gamma_cap_factor": 5.0,
    "gamma_imb": 0.5,
    "gamma_inv_scale": 1.0,
    "gamma_vol_scale": 1.0,
    "gradient_penalty_ticks": 1.0,
    "gradient_threshold": 1.5,
    "k_vol": 1.3,
    "size_base": 0.005,
    "size_exp": 2.0,
    "size_min_factor": 0.3
  },
  "snapshots_processed": 1000,
  "sharpe_ratio": -1.1583971284788195,
  "capital_base": 10000.0,
  "sharpe_horizon_seconds": 60.0
}