{
  "final_pnl": -3.1027103505948617,
  "final_inventory": 0.030812470319711363,
  "fill_count": 2463,
  "max_drawdown": 4.179148697503479,
  "pnl_attribution": {
    "inventory_moves": -3.0325809321298776,
    "fees": -1.3579317633882342,
    "spread_capture": 1.5140971545710258,
    "adverse_selection": -0.19622771690730823,
    "funding_rates": 0.0
  },
  "additional_metrics": {
    "orders_placed": 2963,
    "orders_placed_buy": 1538,
    "orders_placed_sell": 1425,
    "maker_qty_placed": 64.91813914703891,
    "maker_qty_filled": 1.420643502813789,
    "maker_fill_qty_rate": 0.02188361406349073,
    "avg_fill_latency_sec": 0.007974444746122132,
    "std_fill_latency_sec": 0.04397390994270912,
    "avg_queue_position": 0.03319110657653748,
    "std_queue_position": 0.2918604940071398,
    "avg_order_lifetime_sec": 0.007974444746122132,
    "std_order_lifetime_sec": 0.04397390994270912,
    "avg_competition_size": 0.35538368960723626,
    "std_competition_size": 0.06702383267988656,
    "forced_liquidations": 0,
    "avg_forced_liq_cost": 0.0,
    "std_forced_liq_cost": 0.0,
    "taker_qty_hedge": 0.32883315324917767,
    "taker_qty_cross": 0.0,
    "taker_trades_hedge": 2311,
    "taker_trades_cross": 0,
    "taker_qty_total": 0.32883315324917767,
    "notional_traded_btc": 1.7494766560629689,
    "notional_traded_usdt": 30095.316004727407
  },
  "strategy": "skew_mid_spread",
  "strategy_kwargs": {
    "extra_spread_ticks": 25.0,
    "gamma": 0.16,
    "gamma_cap_factor": 5.0,
    "gamma_imb": 0.5,
    "gamma_inv_scale": 1.0,
    "gamma_vol_scale": 2.0,
    "gradient_penalty_ticks": 1.0,
    "gradient_threshold": 1.5,
    "k_vol": 4.0,
    "size_base": 0.04,
    "size_exp": 2.0,
    "size_min_factor": 0.3
  },
  "snapshots_processed": 10000,
  "sharpe_ratio": -0.3178699061414854,
  "capital_base": 10000.0,
  "sharpe_horizon_seconds": 60.0
}