{
  "final_pnl": -22.423779610202473,
  "final_inventory": 0.05,
  "fill_count": 319,
  "max_drawdown": 22.423779610202473,
  "pnl_attribution": {
    "inventory_moves": -0.18829792460917252,
    "fees": -17.627670050542594,
    "spread_capture": 1.5841156320378385,
    "adverse_selection": -5.947985477431918,
    "funding_rates": 0.0
  },
  "additional_metrics": {
    "orders_placed": 606,
    "orders_placed_buy": 302,
    "orders_placed_sell": 304,
    "maker_qty_placed": 13.766147831599495,
    "maker_qty_filled": 2.7202064186024715,
    "maker_fill_qty_rate": 0.19760113372881086,
    "avg_fill_latency_sec": 0.16137628579877086,
    "std_fill_latency_sec": 0.11989835541279902,
    "avg_queue_position": 1.0855793373843599,
    "std_queue_position": 1.3604400456738341,
    "avg_order_lifetime_sec": 0.16914432687857717,
    "std_order_lifetime_sec": 0.11729999127325573,
    "avg_competition_size": 0.8699370754073723,
    "std_competition_size": 0.1706680245288584,
    "forced_liquidations": 38,
    "avg_forced_liq_cost": 0.1453153879797774,
    "std_forced_liq_cost": 0.1065941583884938
  },
  "strategy": "skew_mid_spread",
  "strategy_kwargs": {
    "gamma": 0.1,
    "gamma_cap_factor": 5.0,
    "gamma_imb": 0.5,
    "gamma_inv_scale": 4.0,
    "gamma_vol_scale": 2.0,
    "gradient_penalty_ticks": 1.0,
    "gradient_threshold": 1.5,
    "k_vol": 1.3,
    "size_base": 0.04,
    "size_exp": 2.0,
    "size_min_factor": 0.1
  },
  "snapshots_processed": 1000,
  "sharpe_ratio": -1.4309047736898897,
  "capital_base": 10000.0,
  "sharpe_horizon_seconds": 60.0
}