{
  "final_pnl": -3.135144381200007,
  "final_inventory": 0.003636415460116899,
  "fill_count": 263,
  "max_drawdown": 3.135144381200007,
  "pnl_attribution": {
    "inventory_moves": -0.19716733236614734,
    "fees": -3.377691055403126,
    "spread_capture": 0.539649069146342,
    "adverse_selection": -0.0977900056044967,
    "funding_rates": 0.0
  },
  "additional_metrics": {
    "orders_placed": 533,
    "orders_placed_buy": 261,
    "orders_placed_sell": 272,
    "maker_qty_placed": 3.063943839304911,
    "maker_qty_filled": 0.6371059552353149,
    "maker_fill_qty_rate": 0.20793656432679566,
    "avg_fill_latency_sec": 0.19330871825250204,
    "std_fill_latency_sec": 0.10905930080208612,
    "avg_queue_position": 1.1643982718015113,
    "std_queue_position": 1.4257514311338768,
    "avg_order_lifetime_sec": 0.20678522602823757,
    "std_order_lifetime_sec": 0.10358788325257376,
    "avg_competition_size": 0.6588955662250621,
    "std_competition_size": 0.13251274439470823,
    "forced_liquidations": 0,
    "avg_forced_liq_cost": 0.0,
    "std_forced_liq_cost": 0.0
  },
  "strategy": "skew_mid_spread",
  "strategy_kwargs": {
    "gamma": 0.1,
    "gamma_cap_factor": 5.0,
    "gamma_imb": 0.5,
    "gamma_inv_scale": 4.0,
    "gamma_vol_scale": 2.0,
    "gradient_penalty_ticks": 1.0,
    "gradient_threshold": 1.5,
    "k_vol": 1.3,
    "size_base": 0.01,
    "size_exp": 3.0,
    "size_min_factor": 0.2
  },
  "snapshots_processed": 1000,
  "sharpe_ratio": -1.1514095724926665,
  "capital_base": 10000.0,
  "sharpe_horizon_seconds": 60.0
}