{
  "final_pnl": -0.4435102307870693,
  "final_inventory": 0.016109794559193348,
  "fill_count": 44,
  "max_drawdown": 0.6707944442387088,
  "pnl_attribution": {
    "inventory_moves": -0.4081194322609771,
    "fees": -0.0940855770116098,
    "spread_capture": 0.07349792159794345,
    "adverse_selection": -0.008373843299848232,
    "funding_rates": 0.0
  },
  "additional_metrics": {
    "orders_placed": 1584,
    "orders_placed_buy": 820,
    "orders_placed_sell": 764,
    "maker_qty_placed": 4.349618516491324,
    "maker_qty_filled": 0.054703341575833855,
    "maker_fill_qty_rate": 0.012576583755202746,
    "avg_fill_latency_sec": 0.25077270377766003,
    "std_fill_latency_sec": 0.0007938358896961674,
    "avg_queue_position": 1.2158071200928633,
    "std_queue_position": 1.2708326088800315,
    "avg_order_lifetime_sec": 0.25077270377766003,
    "std_order_lifetime_sec": 0.0007938358896961674,
    "avg_competition_size": 0.26190247392876087,
    "std_competition_size": 0.04867871822725709,
    "forced_liquidations": 0,
    "avg_forced_liq_cost": 0.0,
    "std_forced_liq_cost": 0.0,
    "taker_qty_hedge": 0.0,
    "taker_qty_cross": 0.0,
    "taker_trades_hedge": 0,
    "taker_trades_cross": 0,
    "taker_qty_total": 0.0,
    "notional_traded_btc": 0.054703341575833855,
    "notional_traded_usdt": 940.8557701160981
  },
  "strategy": "skew_mid_spread",
  "strategy_kwargs": {
    "extra_spread_ticks": 24.0,
    "gamma": 0.08,
    "gamma_cap_factor": 5.0,
    "gamma_imb": 0.5,
    "gamma_inv_scale": 1.0,
    "gamma_vol_scale": 1.0,
    "gradient_penalty_ticks": 1.0,
    "gradient_threshold": 1.5,
    "k_vol": 6.0,
    "size_base": 0.005,
    "size_exp": 2.0,
    "size_min_factor": 0.3
  },
  "snapshots_processed": 10000,
  "sharpe_ratio": -0.24945281747210915,
  "capital_base": 10000.0,
  "sharpe_horizon_seconds": 60.0
}