{
  "final_pnl": -7.863993004988515,
  "final_inventory": 0.012306150693150063,
  "fill_count": 282,
  "max_drawdown": 7.863993004988515,
  "pnl_attribution": {
    "inventory_moves": -0.2583588526641253,
    "fees": -7.476965368462158,
    "spread_capture": 1.1770933284335585,
    "adverse_selection": -1.2816675431628965,
    "funding_rates": 0.0
  },
  "additional_metrics": {
    "orders_placed": 604,
    "orders_placed_buy": 300,
    "orders_placed_sell": 304,
    "maker_qty_placed": 6.8653461152942645,
    "maker_qty_filled": 1.28738779942148,
    "maker_fill_qty_rate": 0.18751972264785075,
    "avg_fill_latency_sec": 0.18024389772880367,
    "std_fill_latency_sec": 0.11254013199030052,
    "avg_queue_position": 1.130509175151708,
    "std_queue_position": 1.418593079810624,
    "avg_order_lifetime_sec": 0.19095731217686723,
    "std_order_lifetime_sec": 0.10666601064997913,
    "avg_competition_size": 0.7319369161735895,
    "std_competition_size": 0.14266235718384843,
    "forced_liquidations": 11,
    "avg_forced_liq_cost": 0.09977083444010514,
    "std_forced_liq_cost": 0.04941437608786109
  },
  "strategy": "skew_mid_spread",
  "strategy_kwargs": {
    "gamma": 0.1,
    "gamma_cap_factor": 5.0,
    "gamma_imb": 0.5,
    "gamma_inv_scale": 4.0,
    "gamma_vol_scale": 2.0,
    "gradient_penalty_ticks": 1.0,
    "gradient_threshold": 1.5,
    "k_vol": 1.3,
    "size_base": 0.02,
    "size_exp": 2.0,
    "size_min_factor": 0.3
  },
  "snapshots_processed": 1000,
  "sharpe_ratio": -1.1221945916150757,
  "capital_base": 10000.0,
  "sharpe_horizon_seconds": 60.0
}