{
  "final_pnl": -1.5373451384875807,
  "final_inventory": 0.04229459340226544,
  "fill_count": 2986,
  "max_drawdown": 3.845647746877148,
  "pnl_attribution": {
    "inventory_moves": 0.11795748568046721,
    "fees": -2.3005032991462824,
    "spread_capture": 0.7433072052810904,
    "adverse_selection": -0.09750878329313938,
    "funding_rates": 0.0
  },
  "additional_metrics": {
    "orders_placed": 1589,
    "orders_placed_buy": 821,
    "orders_placed_sell": 768,
    "maker_qty_placed": 34.85496844331569,
    "maker_qty_filled": 0.5905099504545807,
    "maker_fill_qty_rate": 0.016941916083353267,
    "avg_fill_latency_sec": 0.0027163169153170885,
    "std_fill_latency_sec": 0.02595659595956781,
    "avg_queue_position": 0.011672660148850659,
    "std_queue_position": 0.19252320332531583,
    "avg_order_lifetime_sec": 0.0027163169153170885,
    "std_order_lifetime_sec": 0.02595659595956781,
    "avg_competition_size": 0.3514282915856853,
    "std_competition_size": 0.07042796810076961,
    "forced_liquidations": 0,
    "avg_forced_liq_cost": 0.0,
    "std_forced_liq_cost": 0.0,
    "taker_qty_hedge": 0.24892124220443831,
    "taker_qty_cross": 0.0,
    "taker_trades_hedge": 2922,
    "taker_trades_cross": 0,
    "taker_qty_total": 0.24892124220443831,
    "notional_traded_btc": 0.8394311926590196,
    "notional_traded_usdt": 14438.889722680331
  },
  "strategy": "skew_mid_spread",
  "strategy_kwargs": {
    "extra_spread_ticks": 34.0,
    "gamma": 0.12,
    "gamma_cap_factor": 5.0,
    "gamma_imb": 0.5,
    "gamma_inv_scale": 1.0,
    "gamma_vol_scale": 2.0,
    "gradient_penalty_ticks": 1.0,
    "gradient_threshold": 1.5,
    "k_vol": 4.0,
    "size_base": 0.04,
    "size_exp": 2.0,
    "size_min_factor": 0.3
  },
  "snapshots_processed": 10000,
  "sharpe_ratio": -0.1103049538813116,
  "capital_base": 10000.0,
  "sharpe_horizon_seconds": 60.0
}