{
  "final_pnl": -0.26097914587080595,
  "final_inventory": 0.025375419874203744,
  "fill_count": 44,
  "max_drawdown": 0.7283032392188034,
  "pnl_attribution": {
    "inventory_moves": -0.20163012506211622,
    "fees": -0.08939149107542535,
    "spread_capture": 0.036499114310620744,
    "adverse_selection": -0.007061619041985719,
    "funding_rates": 0.0
  },
  "additional_metrics": {
    "orders_placed": 1588,
    "orders_placed_buy": 822,
    "orders_placed_sell": 766,
    "maker_qty_placed": 4.358982767608772,
    "maker_qty_filled": 0.05197085625814774,
    "maker_fill_qty_rate": 0.01192270284809078,
    "avg_fill_latency_sec": 0.25054544752294367,
    "std_fill_latency_sec": 0.0006555463412908403,
    "avg_queue_position": 1.3590336673940668,
    "std_queue_position": 1.1760448485247992,
    "avg_order_lifetime_sec": 0.25054544752294367,
    "std_order_lifetime_sec": 0.0006555463412908403,
    "avg_competition_size": 0.2597306019384225,
    "std_competition_size": 0.04930065227503152,
    "forced_liquidations": 0,
    "avg_forced_liq_cost": 0.0,
    "std_forced_liq_cost": 0.0,
    "taker_qty_hedge": 0.0,
    "taker_qty_cross": 0.0,
    "taker_trades_hedge": 0,
    "taker_trades_cross": 0,
    "taker_qty_total": 0.0,
    "notional_traded_btc": 0.05197085625814774,
    "notional_traded_usdt": 893.9149107542535
  },
  "strategy": "skew_mid_spread",
  "strategy_kwargs": {
    "extra_spread_ticks": 24.0,
    "gamma": 0.12,
    "gamma_cap_factor": 5.0,
    "gamma_imb": 0.5,
    "gamma_inv_scale": 1.0,
    "gamma_vol_scale": 1.0,
    "gradient_penalty_ticks": 1.0,
    "gradient_threshold": 1.5,
    "k_vol": 6.0,
    "size_base": 0.005,
    "size_exp": 2.0,
    "size_min_factor": 0.3
  },
  "snapshots_processed": 10000,
  "sharpe_ratio": -0.10746947915702205,
  "capital_base": 10000.0,
  "sharpe_horizon_seconds": 60.0
}