{
  "final_pnl": -16.242691506664414,
  "final_inventory": 0.015295401594892774,
  "fill_count": 293,
  "max_drawdown": 16.242691506664414,
  "pnl_attribution": {
    "inventory_moves": -1.2483054126642588,
    "fees": -15.80204286797253,
    "spread_capture": 1.919743973487119,
    "adverse_selection": -1.032967490731196,
    "funding_rates": 0.0
  },
  "additional_metrics": {
    "orders_placed": 539,
    "orders_placed_buy": 267,
    "orders_placed_sell": 272,
    "maker_qty_placed": 12.38721779943774,
    "maker_qty_filled": 2.7471858753205884,
    "maker_fill_qty_rate": 0.22177585958368182,
    "avg_fill_latency_sec": 0.19120709571612657,
    "std_fill_latency_sec": 0.13138893128404894,
    "avg_queue_position": 1.2334067735082876,
    "std_queue_position": 1.386293946226554,
    "avg_order_lifetime_sec": 0.2060414150621764,
    "std_order_lifetime_sec": 0.13156051643489758,
    "avg_competition_size": 0.8746640631300209,
    "std_competition_size": 0.18210522745494448,
    "forced_liquidations": 4,
    "avg_forced_liq_cost": 0.15110765332996423,
    "std_forced_liq_cost": 0.022117766574481237
  },
  "strategy": "skew_mid_spread",
  "strategy_kwargs": {
    "gamma": 0.1,
    "gamma_cap_factor": 5.0,
    "gamma_imb": 0.5,
    "gamma_inv_scale": 4.0,
    "gamma_vol_scale": 2.0,
    "gradient_penalty_ticks": 1.0,
    "gradient_threshold": 1.5,
    "k_vol": 1.3,
    "size_base": 0.04,
    "size_exp": 2.0,
    "size_min_factor": 0.2
  },
  "snapshots_processed": 1000,
  "sharpe_ratio": -1.1867227537367735,
  "capital_base": 10000.0,
  "sharpe_horizon_seconds": 60.0
}