{
  "final_pnl": 0.08870826607926574,
  "final_inventory": 0.043295769189182584,
  "fill_count": 2994,
  "max_drawdown": 3.123085460287257,
  "pnl_attribution": {
    "inventory_moves": -0.37352603013474184,
    "fees": -0.8536466912069681,
    "spread_capture": 1.5284298085712722,
    "adverse_selection": -0.16869824591014604,
    "funding_rates": 0.0
  },
  "additional_metrics": {
    "orders_placed": 2960,
    "orders_placed_buy": 1537,
    "orders_placed_sell": 1423,
    "maker_qty_placed": 64.84093652319798,
    "maker_qty_filled": 1.1425460202094242,
    "maker_fill_qty_rate": 0.017620751356678174,
    "avg_fill_latency_sec": 0.005388604785264535,
    "std_fill_latency_sec": 0.036357951125028695,
    "avg_queue_position": 0.022649983777300695,
    "std_queue_position": 0.29428814437854217,
    "avg_order_lifetime_sec": 0.005388604785264535,
    "std_order_lifetime_sec": 0.036357951125028695,
    "avg_competition_size": 0.35425796903356044,
    "std_competition_size": 0.06626939168779579,
    "forced_liquidations": 0,
    "avg_forced_liq_cost": 0.0,
    "std_forced_liq_cost": 0.0,
    "taker_qty_hedge": 0.2067142336522302,
    "taker_qty_cross": 0.0,
    "taker_trades_hedge": 2868,
    "taker_trades_cross": 0,
    "taker_qty_total": 0.2067142336522302,
    "notional_traded_btc": 1.3492602538616545,
    "notional_traded_usdt": 23209.851426363923
  },
  "strategy": "skew_mid_spread",
  "strategy_kwargs": {
    "extra_spread_ticks": 20.0,
    "gamma": 0.08,
    "gamma_cap_factor": 5.0,
    "gamma_imb": 0.5,
    "gamma_inv_scale": 1.0,
    "gamma_vol_scale": 2.0,
    "gradient_penalty_ticks": 1.0,
    "gradient_threshold": 1.5,
    "k_vol": 4.0,
    "size_base": 0.04,
    "size_exp": 2.0,
    "size_min_factor": 0.3
  },
  "snapshots_processed": 10000,
  "sharpe_ratio": 0.0083823339119677,
  "capital_base": 10000.0,
  "sharpe_horizon_seconds": 60.0
}