{
  "final_pnl": -1.7304857317776623,
  "final_inventory": 0.002969694617292765,
  "fill_count": 265,
  "max_drawdown": 1.7304857317776623,
  "pnl_attribution": {
    "inventory_moves": -0.13151843366077362,
    "fees": -1.8099621351340633,
    "spread_capture": 0.2558163022072237,
    "adverse_selection": -0.04697225943752158,
    "funding_rates": 0.0
  },
  "additional_metrics": {
    "orders_placed": 607,
    "orders_placed_buy": 303,
    "orders_placed_sell": 304,
    "maker_qty_placed": 1.727228311502022,
    "maker_qty_filled": 0.31793335543085055,
    "maker_fill_qty_rate": 0.18407141274471772,
    "avg_fill_latency_sec": 0.18333986226250143,
    "std_fill_latency_sec": 0.1109288231329365,
    "avg_queue_position": 1.1014132731374469,
    "std_queue_position": 1.4190056535489906,
    "avg_order_lifetime_sec": 0.1948235221937591,
    "std_order_lifetime_sec": 0.10413949011427952,
    "avg_competition_size": 0.6332032449932016,
    "std_competition_size": 0.120859028646726,
    "forced_liquidations": 0,
    "avg_forced_liq_cost": 0.0,
    "std_forced_liq_cost": 0.0
  },
  "strategy": "skew_mid_spread",
  "strategy_kwargs": {
    "gamma": 0.1,
    "gamma_cap_factor": 5.0,
    "gamma_imb": 0.5,
    "gamma_inv_scale": 4.0,
    "gamma_vol_scale": 2.0,
    "gradient_penalty_ticks": 1.0,
    "gradient_threshold": 1.5,
    "k_vol": 1.3,
    "size_base": 0.005,
    "size_exp": 2.0,
    "size_min_factor": 0.2
  },
  "snapshots_processed": 1000,
  "sharpe_ratio": -1.1699423277027554,
  "capital_base": 10000.0,
  "sharpe_horizon_seconds": 60.0
}