{
  "final_pnl": -16.823617685626232,
  "final_inventory": 0.00266110698288919,
  "fill_count": 287,
  "max_drawdown": 16.823617685626232,
  "pnl_attribution": {
    "inventory_moves": -0.4854021348261082,
    "fees": -15.43886867015508,
    "spread_capture": 1.8881847035644153,
    "adverse_selection": -2.719608517229101,
    "funding_rates": 0.0
  },
  "additional_metrics": {
    "orders_placed": 608,
    "orders_placed_buy": 302,
    "orders_placed_sell": 306,
    "maker_qty_placed": 13.807594625020206,
    "maker_qty_filled": 2.631271409769981,
    "maker_fill_qty_rate": 0.19056696558877506,
    "avg_fill_latency_sec": 0.1774404715924036,
    "std_fill_latency_sec": 0.11386383082815581,
    "avg_queue_position": 1.184521781994616,
    "std_queue_position": 1.3847199421032281,
    "avg_order_lifetime_sec": 0.18789880474408469,
    "std_order_lifetime_sec": 0.10848637113819729,
    "avg_competition_size": 0.8753079960774223,
    "std_competition_size": 0.172401034223664,
    "forced_liquidations": 14,
    "avg_forced_liq_cost": 0.16706809223409105,
    "std_forced_liq_cost": 0.0989333549155708
  },
  "strategy": "skew_mid_spread",
  "strategy_kwargs": {
    "gamma": 0.1,
    "gamma_cap_factor": 5.0,
    "gamma_imb": 0.5,
    "gamma_inv_scale": 4.0,
    "gamma_vol_scale": 2.0,
    "gradient_penalty_ticks": 1.0,
    "gradient_threshold": 1.5,
    "k_vol": 1.3,
    "size_base": 0.04,
    "size_exp": 3.0,
    "size_min_factor": 0.2
  },
  "snapshots_processed": 1000,
  "sharpe_ratio": -1.1039875044259375,
  "capital_base": 10000.0,
  "sharpe_horizon_seconds": 60.0
}