{
  "final_pnl": -1.7967017998635129,
  "final_inventory": 0.005607915161699395,
  "fill_count": 272,
  "max_drawdown": 1.7967017998635129,
  "pnl_attribution": {
    "inventory_moves": -0.14294255069556372,
    "fees": -1.8457409160172522,
    "spread_capture": 0.23584293668254322,
    "adverse_selection": -0.04753110856519346,
    "funding_rates": 0.0
  },
  "additional_metrics": {
    "orders_placed": 610,
    "orders_placed_buy": 304,
    "orders_placed_sell": 306,
    "maker_qty_placed": 1.7354878778697833,
    "maker_qty_filled": 0.3222230359236011,
    "maker_fill_qty_rate": 0.1856671199104613,
    "avg_fill_latency_sec": 0.18344585303288358,
    "std_fill_latency_sec": 0.1108633934429538,
    "avg_queue_position": 1.1428459803812643,
    "std_queue_position": 1.4610280439626682,
    "avg_order_lifetime_sec": 0.19463693564105186,
    "std_order_lifetime_sec": 0.10425269949977087,
    "avg_competition_size": 0.6383374367572975,
    "std_competition_size": 0.12369094557480714,
    "forced_liquidations": 0,
    "avg_forced_liq_cost": 0.0,
    "std_forced_liq_cost": 0.0
  },
  "strategy": "skew_mid_spread",
  "strategy_kwargs": {
    "gamma": 0.1,
    "gamma_cap_factor": 5.0,
    "gamma_imb": 0.5,
    "gamma_inv_scale": 4.0,
    "gamma_vol_scale": 2.0,
    "gradient_penalty_ticks": 1.0,
    "gradient_threshold": 1.5,
    "k_vol": 1.3,
    "size_base": 0.005,
    "size_exp": 3.0,
    "size_min_factor": 0.2
  },
  "snapshots_processed": 1000,
  "sharpe_ratio": -1.2171669056264256,
  "capital_base": 10000.0,
  "sharpe_horizon_seconds": 60.0
}