{
  "final_pnl": -0.058141793344475445,
  "final_inventory": 0.005000465146633324,
  "fill_count": 36,
  "max_drawdown": 0.2591020325962745,
  "pnl_attribution": {
    "inventory_moves": -0.022981946327921794,
    "fees": -0.0761883931786246,
    "spread_capture": 0.04921777444573894,
    "adverse_selection": -0.006054463464349797,
    "funding_rates": 0.0
  },
  "additional_metrics": {
    "orders_placed": 1589,
    "orders_placed_buy": 821,
    "orders_placed_sell": 768,
    "maker_qty_placed": 4.362161348348908,
    "maker_qty_filled": 0.04429634430763309,
    "maker_fill_qty_rate": 0.010154678098828094,
    "avg_fill_latency_sec": 0.2508888641993205,
    "std_fill_latency_sec": 0.0005665478379849458,
    "avg_queue_position": 1.5992796353756538,
    "std_queue_position": 1.9519918060311412,
    "avg_order_lifetime_sec": 0.2508888641993205,
    "std_order_lifetime_sec": 0.0005665478379849458,
    "avg_competition_size": 0.25896268879968964,
    "std_competition_size": 0.04945582431836196,
    "forced_liquidations": 0,
    "avg_forced_liq_cost": 0.0,
    "std_forced_liq_cost": 0.0,
    "taker_qty_hedge": 0.0,
    "taker_qty_cross": 0.0,
    "taker_trades_hedge": 0,
    "taker_trades_cross": 0,
    "taker_qty_total": 0.0,
    "notional_traded_btc": 0.04429634430763309,
    "notional_traded_usdt": 761.8839317862459
  },
  "strategy": "skew_mid_spread",
  "strategy_kwargs": {
    "extra_spread_ticks": 24.0,
    "gamma": 0.08,
    "gamma_cap_factor": 5.0,
    "gamma_imb": 0.5,
    "gamma_inv_scale": 4.0,
    "gamma_vol_scale": 0.0,
    "gradient_penalty_ticks": 1.0,
    "gradient_threshold": 1.5,
    "k_vol": 6.0,
    "size_base": 0.005,
    "size_exp": 2.0,
    "size_min_factor": 0.3
  },
  "snapshots_processed": 10000,
  "sharpe_ratio": -0.05559535814355742,
  "capital_base": 10000.0,
  "sharpe_horizon_seconds": 60.0
}