{
  "final_pnl": -17.41525037311476,
  "final_inventory": 0.04434258644767031,
  "fill_count": 302,
  "max_drawdown": 17.41525037311476,
  "pnl_attribution": {
    "inventory_moves": -0.5256065907982291,
    "fees": -15.919106656937814,
    "spread_capture": 2.0594933400392064,
    "adverse_selection": -2.883540454297105,
    "funding_rates": 0.0
  },
  "additional_metrics": {
    "orders_placed": 533,
    "orders_placed_buy": 262,
    "orders_placed_sell": 271,
    "maker_qty_placed": 12.21986991810981,
    "maker_qty_filled": 2.704834707500642,
    "maker_fill_qty_rate": 0.22134725865551852,
    "avg_fill_latency_sec": 0.1864431784911589,
    "std_fill_latency_sec": 0.13278432972650264,
    "avg_queue_position": 1.2040819725249565,
    "std_queue_position": 1.3491276727911152,
    "avg_order_lifetime_sec": 0.20211931385777213,
    "std_order_lifetime_sec": 0.13534808569070012,
    "avg_competition_size": 0.8779225958353252,
    "std_competition_size": 0.17392572854211516,
    "forced_liquidations": 15,
    "avg_forced_liq_cost": 0.16505687170867075,
    "std_forced_liq_cost": 0.08750314438672076
  },
  "strategy": "skew_mid_spread",
  "strategy_kwargs": {
    "gamma": 0.1,
    "gamma_cap_factor": 5.0,
    "gamma_imb": 0.5,
    "gamma_inv_scale": 4.0,
    "gamma_vol_scale": 2.0,
    "gradient_penalty_ticks": 1.0,
    "gradient_threshold": 1.5,
    "k_vol": 1.3,
    "size_base": 0.04,
    "size_exp": 3.0,
    "size_min_factor": 0.3
  },
  "snapshots_processed": 1000,
  "sharpe_ratio": -1.087110523945648,
  "capital_base": 10000.0,
  "sharpe_horizon_seconds": 60.0
}