{
  "final_pnl": -16.055645549698966,
  "final_inventory": 0.023575788824174534,
  "fill_count": 283,
  "max_drawdown": 16.055645549698966,
  "pnl_attribution": {
    "inventory_moves": -1.0475579576076206,
    "fees": -15.122152888066534,
    "spread_capture": 1.2263791423372927,
    "adverse_selection": -1.0768562530425603,
    "funding_rates": 0.0
  },
  "additional_metrics": {
    "orders_placed": 537,
    "orders_placed_buy": 264,
    "orders_placed_sell": 273,
    "maker_qty_placed": 12.341575377146611,
    "maker_qty_filled": 2.6226243968157075,
    "maker_fill_qty_rate": 0.2125032110302649,
    "avg_fill_latency_sec": 0.1875153348489773,
    "std_fill_latency_sec": 0.11558649243985204,
    "avg_queue_position": 1.2116391004355602,
    "std_queue_position": 1.3906409614061426,
    "avg_order_lifetime_sec": 0.19675459744740117,
    "std_order_lifetime_sec": 0.11013193780357207,
    "avg_competition_size": 0.8686755123962774,
    "std_competition_size": 0.17162119993209052,
    "forced_liquidations": 3,
    "avg_forced_liq_cost": 0.22467606572208307,
    "std_forced_liq_cost": 0.07559730457091407
  },
  "strategy": "skew_mid_spread",
  "strategy_kwargs": {
    "gamma": 0.1,
    "gamma_cap_factor": 5.0,
    "gamma_imb": 0.5,
    "gamma_inv_scale": 4.0,
    "gamma_vol_scale": 2.0,
    "gradient_penalty_ticks": 1.0,
    "gradient_threshold": 1.5,
    "k_vol": 1.3,
    "size_base": 0.04,
    "size_exp": 3.0,
    "size_min_factor": 0.2
  },
  "snapshots_processed": 1000,
  "sharpe_ratio": -1.1819133963348691,
  "capital_base": 10000.0,
  "sharpe_horizon_seconds": 60.0
}