{
  "final_pnl": -16.027468161561046,
  "final_inventory": 0.04696030898380482,
  "fill_count": 284,
  "max_drawdown": 16.027468161561046,
  "pnl_attribution": {
    "inventory_moves": -1.3819637259710142,
    "fees": -15.3760572492707,
    "spread_capture": 1.673452312761789,
    "adverse_selection": -0.9277252027771399,
    "funding_rates": 0.0
  },
  "additional_metrics": {
    "orders_placed": 610,
    "orders_placed_buy": 305,
    "orders_placed_sell": 305,
    "maker_qty_placed": 13.852676222748945,
    "maker_qty_filled": 2.5593625380103227,
    "maker_fill_qty_rate": 0.18475581879314573,
    "avg_fill_latency_sec": 0.17806023861988482,
    "std_fill_latency_sec": 0.11356685154369166,
    "avg_queue_position": 1.1601419756544524,
    "std_queue_position": 1.3901715981026839,
    "avg_order_lifetime_sec": 0.18713855168905602,
    "std_order_lifetime_sec": 0.1089142959069525,
    "avg_competition_size": 0.8480836027434412,
    "std_competition_size": 0.1664382024592654,
    "forced_liquidations": 5,
    "avg_forced_liq_cost": 0.10728485836543278,
    "std_forced_liq_cost": 0.10573364620305493
  },
  "strategy": "skew_mid_spread",
  "strategy_kwargs": {
    "gamma": 0.1,
    "gamma_cap_factor": 5.0,
    "gamma_imb": 0.5,
    "gamma_inv_scale": 4.0,
    "gamma_vol_scale": 2.0,
    "gradient_penalty_ticks": 1.0,
    "gradient_threshold": 1.5,
    "k_vol": 1.3,
    "size_base": 0.04,
    "size_exp": 2.0,
    "size_min_factor": 0.2
  },
  "snapshots_processed": 1000,
  "sharpe_ratio": -1.1904940262132702,
  "capital_base": 10000.0,
  "sharpe_horizon_seconds": 60.0
}