{
  "final_pnl": -1.1572212334176584,
  "final_inventory": 0.06286554840861747,
  "fill_count": 1659,
  "max_drawdown": 4.389413037708437,
  "pnl_attribution": {
    "inventory_moves": -0.30991678621007585,
    "fees": -2.061471854293553,
    "spread_capture": 1.4722937443221258,
    "adverse_selection": -0.18994609034937393,
    "funding_rates": 0.0
  },
  "additional_metrics": {
    "orders_placed": 2963,
    "orders_placed_buy": 1541,
    "orders_placed_sell": 1422,
    "maker_qty_placed": 64.88435250101872,
    "maker_qty_filled": 1.254770429351505,
    "maker_fill_qty_rate": 0.01933856748176387,
    "avg_fill_latency_sec": 0.010698931386529238,
    "std_fill_latency_sec": 0.05063337807231123,
    "avg_queue_position": 0.05179877641765535,
    "std_queue_position": 0.395529558429079,
    "avg_order_lifetime_sec": 0.010698931386529238,
    "std_order_lifetime_sec": 0.05063337807231123,
    "avg_competition_size": 0.3547463021057028,
    "std_competition_size": 0.06774989074720207,
    "forced_liquidations": 0,
    "avg_forced_liq_cost": 0.0,
    "std_forced_liq_cost": 0.0,
    "taker_qty_hedge": 0.49917689728282505,
    "taker_qty_cross": 0.0,
    "taker_trades_hedge": 1523,
    "taker_trades_cross": 0,
    "taker_qty_total": 0.49917689728282505,
    "notional_traded_btc": 1.753947326634329,
    "notional_traded_usdt": 30171.538858240947
  },
  "strategy": "skew_mid_spread",
  "strategy_kwargs": {
    "extra_spread_ticks": 20.0,
    "gamma": 0.16,
    "gamma_cap_factor": 5.0,
    "gamma_imb": 0.5,
    "gamma_inv_scale": 1.0,
    "gamma_vol_scale": 2.0,
    "gradient_penalty_ticks": 1.0,
    "gradient_threshold": 1.5,
    "k_vol": 6.0,
    "size_base": 0.04,
    "size_exp": 2.0,
    "size_min_factor": 0.3
  },
  "snapshots_processed": 10000,
  "sharpe_ratio": -0.09742798175115863,
  "capital_base": 10000.0,
  "sharpe_horizon_seconds": 60.0
}