{
  "final_pnl": -7.006992339698627,
  "final_inventory": -0.0012739872595792616,
  "fill_count": 275,
  "max_drawdown": 7.006992339698627,
  "pnl_attribution": {
    "inventory_moves": -0.5672312766420314,
    "fees": -7.326360041428176,
    "spread_capture": 1.0739888699746154,
    "adverse_selection": -0.19635165779217933,
    "funding_rates": 0.0
  },
  "additional_metrics": {
    "orders_placed": 542,
    "orders_placed_buy": 267,
    "orders_placed_sell": 275,
    "maker_qty_placed": 6.237471598442563,
    "maker_qty_filled": 1.2928700047321648,
    "maker_fill_qty_rate": 0.207274692049096,
    "avg_fill_latency_sec": 0.18705062775672238,
    "std_fill_latency_sec": 0.11250810204421093,
    "avg_queue_position": 1.1391395089815695,
    "std_queue_position": 1.3650674968155185,
    "avg_order_lifetime_sec": 0.2013417648363717,
    "std_order_lifetime_sec": 0.10719423406406167,
    "avg_competition_size": 0.7268881348576034,
    "std_competition_size": 0.14585870859041095,
    "forced_liquidations": 0,
    "avg_forced_liq_cost": 0.0,
    "std_forced_liq_cost": 0.0
  },
  "strategy": "skew_mid_spread",
  "strategy_kwargs": {
    "gamma": 0.1,
    "gamma_cap_factor": 5.0,
    "gamma_imb": 0.5,
    "gamma_inv_scale": 4.0,
    "gamma_vol_scale": 2.0,
    "gradient_penalty_ticks": 1.0,
    "gradient_threshold": 1.5,
    "k_vol": 1.3,
    "size_base": 0.02,
    "size_exp": 1.0,
    "size_min_factor": 0.3
  },
  "snapshots_processed": 1000,
  "sharpe_ratio": -1.2042717830942438,
  "capital_base": 10000.0,
  "sharpe_horizon_seconds": 60.0
}