{
  "final_pnl": 0.03521337755046261,
  "final_inventory": 0.024711913632898902,
  "fill_count": 92,
  "max_drawdown": 3.3223530249906617,
  "pnl_attribution": {
    "inventory_moves": 0.5009259955204324,
    "fees": -1.2294637930767545,
    "spread_capture": 0.9016741779805326,
    "adverse_selection": -0.10906227801541209,
    "funding_rates": 0.0
  },
  "additional_metrics": {
    "orders_placed": 1588,
    "orders_placed_buy": 822,
    "orders_placed_sell": 766,
    "maker_qty_placed": 34.858517831675876,
    "maker_qty_filled": 0.722480766137139,
    "maker_fill_qty_rate": 0.020726089664105624,
    "avg_fill_latency_sec": 0.1686181675304066,
    "std_fill_latency_sec": 0.11761082600452134,
    "avg_queue_position": 0.7754196287551269,
    "std_queue_position": 1.4258614559458245,
    "avg_order_lifetime_sec": 0.1686181675304066,
    "std_order_lifetime_sec": 0.11761082600452134,
    "avg_competition_size": 0.35292104464001867,
    "std_competition_size": 0.06932955509105661,
    "forced_liquidations": 0,
    "avg_forced_liq_cost": 0.0,
    "std_forced_liq_cost": 0.0,
    "taker_qty_hedge": 0.2977481952565526,
    "taker_qty_cross": 0.0,
    "taker_trades_hedge": 18,
    "taker_trades_cross": 0,
    "taker_qty_total": 0.2977481952565526,
    "notional_traded_btc": 1.0202289613936917,
    "notional_traded_usdt": 17549.890409659703
  },
  "strategy": "skew_mid_spread",
  "strategy_kwargs": {
    "extra_spread_ticks": 10.0,
    "gamma": 0.16,
    "gamma_cap_factor": 5.0,
    "gamma_imb": 0.5,
    "gamma_inv_scale": 1.0,
    "gamma_vol_scale": 2.0,
    "gradient_penalty_ticks": 1.0,
    "gradient_threshold": 1.5,
    "k_vol": 4.0,
    "size_base": 0.04,
    "size_exp": 2.0,
    "size_min_factor": 0.3
  },
  "snapshots_processed": 10000,
  "sharpe_ratio": 0.002557244128477321,
  "capital_base": 10000.0,
  "sharpe_horizon_seconds": 60.0
}