{
  "final_pnl": -15.18173533033223,
  "final_inventory": 0.041409759484584696,
  "fill_count": 282,
  "max_drawdown": 15.18173533033223,
  "pnl_attribution": {
    "inventory_moves": -1.2725258309880365,
    "fees": -15.181045917265813,
    "spread_capture": 2.0613631527065097,
    "adverse_selection": -0.7764134105161921,
    "funding_rates": 0.0
  },
  "additional_metrics": {
    "orders_placed": 610,
    "orders_placed_buy": 304,
    "orders_placed_sell": 306,
    "maker_qty_placed": 13.869548589832679,
    "maker_qty_filled": 2.575131470912507,
    "maker_fill_qty_rate": 0.1856680088925355,
    "avg_fill_latency_sec": 0.18026219053966244,
    "std_fill_latency_sec": 0.11255160386835053,
    "avg_queue_position": 1.198393632673667,
    "std_queue_position": 1.3901655446007617,
    "avg_order_lifetime_sec": 0.18945121474382354,
    "std_order_lifetime_sec": 0.10760413313409013,
    "avg_competition_size": 0.8618186787443346,
    "std_competition_size": 0.17187079580020054,
    "forced_liquidations": 3,
    "avg_forced_liq_cost": 0.1315089930387936,
    "std_forced_liq_cost": 0.10026508242320137
  },
  "strategy": "skew_mid_spread",
  "strategy_kwargs": {
    "gamma": 0.1,
    "gamma_cap_factor": 5.0,
    "gamma_imb": 0.5,
    "gamma_inv_scale": 4.0,
    "gamma_vol_scale": 2.0,
    "gradient_penalty_ticks": 1.0,
    "gradient_threshold": 1.5,
    "k_vol": 1.3,
    "size_base": 0.04,
    "size_exp": 1.0,
    "size_min_factor": 0.1
  },
  "snapshots_processed": 1000,
  "sharpe_ratio": -1.217449631492335,
  "capital_base": 10000.0,
  "sharpe_horizon_seconds": 60.0
}