{
  "final_pnl": -1.7252660180383828,
  "final_inventory": 0.0025565444206058505,
  "fill_count": 268,
  "max_drawdown": 1.7252660180383828,
  "pnl_attribution": {
    "inventory_moves": -0.12601723014335614,
    "fees": -1.7815542201879027,
    "spread_capture": 0.22776249206985036,
    "adverse_selection": -0.04778370396619778,
    "funding_rates": 0.0
  },
  "additional_metrics": {
    "orders_placed": 608,
    "orders_placed_buy": 303,
    "orders_placed_sell": 305,
    "maker_qty_placed": 1.728740630172888,
    "maker_qty_filled": 0.31634104926646045,
    "maker_fill_qty_rate": 0.18298930663463597,
    "avg_fill_latency_sec": 0.1853896038872855,
    "std_fill_latency_sec": 0.10981650847397686,
    "avg_queue_position": 1.1276536689154868,
    "std_queue_position": 1.4419354175768462,
    "avg_order_lifetime_sec": 0.1967986945982103,
    "std_order_lifetime_sec": 0.10277672961197114,
    "avg_competition_size": 0.6317121431498607,
    "std_competition_size": 0.1204212102705605,
    "forced_liquidations": 0,
    "avg_forced_liq_cost": 0.0,
    "std_forced_liq_cost": 0.0
  },
  "strategy": "skew_mid_spread",
  "strategy_kwargs": {
    "gamma": 0.1,
    "gamma_cap_factor": 5.0,
    "gamma_imb": 0.5,
    "gamma_inv_scale": 4.0,
    "gamma_vol_scale": 2.0,
    "gradient_penalty_ticks": 1.0,
    "gradient_threshold": 1.5,
    "k_vol": 1.3,
    "size_base": 0.005,
    "size_exp": 1.0,
    "size_min_factor": 0.3
  },
  "snapshots_processed": 1000,
  "sharpe_ratio": -1.1690007399017923,
  "capital_base": 10000.0,
  "sharpe_horizon_seconds": 60.0
}