{
  "final_pnl": -0.06790320781510673,
  "final_inventory": 0.0187968153363458,
  "fill_count": 34,
  "max_drawdown": 0.5925880676404631,
  "pnl_attribution": {
    "inventory_moves": -0.03325977688431946,
    "fees": -0.0625816017757221,
    "spread_capture": 0.03242642976320079,
    "adverse_selection": -0.006142928453503054,
    "funding_rates": 0.0
  },
  "additional_metrics": {
    "orders_placed": 1588,
    "orders_placed_buy": 821,
    "orders_placed_sell": 767,
    "maker_qty_placed": 4.359992759492108,
    "maker_qty_filled": 0.0363910055047377,
    "maker_fill_qty_rate": 0.008346574756462865,
    "avg_fill_latency_sec": 0.2504705821766573,
    "std_fill_latency_sec": 0.0006960004284049222,
    "avg_queue_position": 1.2089536301017478,
    "std_queue_position": 2.0094505550932142,
    "avg_order_lifetime_sec": 0.2504705821766573,
    "std_order_lifetime_sec": 0.0006960004284049222,
    "avg_competition_size": 0.2612325532965546,
    "std_competition_size": 0.04837762647729955,
    "forced_liquidations": 0,
    "avg_forced_liq_cost": 0.0,
    "std_forced_liq_cost": 0.0,
    "taker_qty_hedge": 0.0,
    "taker_qty_cross": 0.0,
    "taker_trades_hedge": 0,
    "taker_trades_cross": 0,
    "taker_qty_total": 0.0,
    "notional_traded_btc": 0.0363910055047377,
    "notional_traded_usdt": 625.8160177572211
  },
  "strategy": "skew_mid_spread",
  "strategy_kwargs": {
    "extra_spread_ticks": 36.0,
    "gamma": 0.08,
    "gamma_cap_factor": 5.0,
    "gamma_imb": 0.5,
    "gamma_inv_scale": 4.0,
    "gamma_vol_scale": 0.0,
    "gradient_penalty_ticks": 1.0,
    "gradient_threshold": 1.5,
    "k_vol": 8.0,
    "size_base": 0.005,
    "size_exp": 2.0,
    "size_min_factor": 0.3
  },
  "snapshots_processed": 10000,
  "sharpe_ratio": -0.031737660163233386,
  "capital_base": 10000.0,
  "sharpe_horizon_seconds": 60.0
}