{
  "final_pnl": -3.445353056626118,
  "final_inventory": 0.00127178256423078,
  "fill_count": 273,
  "max_drawdown": 3.445353056626118,
  "pnl_attribution": {
    "inventory_moves": -0.25170387273895223,
    "fees": -3.577375650092046,
    "spread_capture": 0.48352755255068786,
    "adverse_selection": -0.10185729437744771,
    "funding_rates": 0.0
  },
  "additional_metrics": {
    "orders_placed": 540,
    "orders_placed_buy": 266,
    "orders_placed_sell": 274,
    "maker_qty_placed": 3.1044579098289615,
    "maker_qty_filled": 0.6555167797558655,
    "maker_fill_qty_rate": 0.21115337968681974,
    "avg_fill_latency_sec": 0.189461533839886,
    "std_fill_latency_sec": 0.1112098019555296,
    "avg_queue_position": 1.1670730584335982,
    "std_queue_position": 1.4289642050059221,
    "avg_order_lifetime_sec": 0.20233332652312058,
    "std_order_lifetime_sec": 0.10659817122591113,
    "avg_competition_size": 0.6670567110604492,
    "std_competition_size": 0.12848372943482522,
    "forced_liquidations": 0,
    "avg_forced_liq_cost": 0.0,
    "std_forced_liq_cost": 0.0
  },
  "strategy": "skew_mid_spread",
  "strategy_kwargs": {
    "gamma": 0.1,
    "gamma_cap_factor": 5.0,
    "gamma_imb": 0.5,
    "gamma_inv_scale": 4.0,
    "gamma_vol_scale": 2.0,
    "gradient_penalty_ticks": 1.0,
    "gradient_threshold": 1.5,
    "k_vol": 1.3,
    "size_base": 0.01,
    "size_exp": 3.0,
    "size_min_factor": 0.2
  },
  "snapshots_processed": 1000,
  "sharpe_ratio": -1.187381060371993,
  "capital_base": 10000.0,
  "sharpe_horizon_seconds": 60.0
}