{
  "final_pnl": -1.563467064184806,
  "final_inventory": 0.0011330443235252924,
  "fill_count": 261,
  "max_drawdown": 1.563467064184806,
  "pnl_attribution": {
    "inventory_moves": -0.09556055165019792,
    "fees": -1.7075756351675697,
    "spread_capture": 0.28831521166086754,
    "adverse_selection": -0.04717571494699403,
    "funding_rates": 0.0
  },
  "additional_metrics": {
    "orders_placed": 531,
    "orders_placed_buy": 259,
    "orders_placed_sell": 272,
    "maker_qty_placed": 1.5263731807360157,
    "maker_qty_filled": 0.3130601027784642,
    "maker_fill_qty_rate": 0.20510063117559948,
    "avg_fill_latency_sec": 0.1899463026315574,
    "std_fill_latency_sec": 0.11108692728693911,
    "avg_queue_position": 1.0918418955560016,
    "std_queue_position": 1.378875340728155,
    "avg_order_lifetime_sec": 0.20342281040729293,
    "std_order_lifetime_sec": 0.10614825066803725,
    "avg_competition_size": 0.6317454673583742,
    "std_competition_size": 0.12532349877315008,
    "forced_liquidations": 0,
    "avg_forced_liq_cost": 0.0,
    "std_forced_liq_cost": 0.0
  },
  "strategy": "skew_mid_spread",
  "strategy_kwargs": {
    "gamma": 0.1,
    "gamma_cap_factor": 5.0,
    "gamma_imb": 0.5,
    "gamma_inv_scale": 4.0,
    "gamma_vol_scale": 2.0,
    "gradient_penalty_ticks": 1.0,
    "gradient_threshold": 1.5,
    "k_vol": 1.3,
    "size_base": 0.005,
    "size_exp": 2.0,
    "size_min_factor": 0.3
  },
  "snapshots_processed": 1000,
  "sharpe_ratio": -1.0985108295529673,
  "capital_base": 10000.0,
  "sharpe_horizon_seconds": 60.0
}