{
  "final_pnl": -0.15363979859102983,
  "final_inventory": 0.00784979347092464,
  "fill_count": 24,
  "max_drawdown": 0.25688965178778744,
  "pnl_attribution": {
    "inventory_moves": -0.1432233396481634,
    "fees": -0.04738288429003096,
    "spread_capture": 0.0421411949849976,
    "adverse_selection": -0.0035398122646342766,
    "funding_rates": 0.0
  },
  "additional_metrics": {
    "orders_placed": 1586,
    "orders_placed_buy": 820,
    "orders_placed_sell": 766,
    "maker_qty_placed": 4.357002648722647,
    "maker_qty_filled": 0.027548357868447098,
    "maker_fill_qty_rate": 0.006322777397558737,
    "avg_fill_latency_sec": 0.25074996550877887,
    "std_fill_latency_sec": 0.0005950842518412621,
    "avg_queue_position": 1.2259243625391694,
    "std_queue_position": 1.1594480112887127,
    "avg_order_lifetime_sec": 0.25074996550877887,
    "std_order_lifetime_sec": 0.0005950842518412621,
    "avg_competition_size": 0.26085289856516325,
    "std_competition_size": 0.048775082131785975,
    "forced_liquidations": 0,
    "avg_forced_liq_cost": 0.0,
    "std_forced_liq_cost": 0.0,
    "taker_qty_hedge": 0.0,
    "taker_qty_cross": 0.0,
    "taker_trades_hedge": 0,
    "taker_trades_cross": 0,
    "taker_qty_total": 0.0,
    "notional_traded_btc": 0.027548357868447098,
    "notional_traded_usdt": 473.8288429003095
  },
  "strategy": "skew_mid_spread",
  "strategy_kwargs": {
    "extra_spread_ticks": 36.0,
    "gamma": 0.08,
    "gamma_cap_factor": 5.0,
    "gamma_imb": 0.5,
    "gamma_inv_scale": 2.0,
    "gamma_vol_scale": 1.0,
    "gradient_penalty_ticks": 1.0,
    "gradient_threshold": 1.5,
    "k_vol": 4.0,
    "size_base": 0.005,
    "size_exp": 2.0,
    "size_min_factor": 0.3
  },
  "snapshots_processed": 10000,
  "sharpe_ratio": -0.19527755218269136,
  "capital_base": 10000.0,
  "sharpe_horizon_seconds": 60.0
}