{
  "final_pnl": -1.6062989044476126,
  "final_inventory": 0.0030816893794598345,
  "fill_count": 257,
  "max_drawdown": 1.6062989044476126,
  "pnl_attribution": {
    "inventory_moves": -0.10219120246250044,
    "fees": -1.701006722568176,
    "spread_capture": 0.23557829705723582,
    "adverse_selection": -0.04422508784818261,
    "funding_rates": 0.0
  },
  "additional_metrics": {
    "orders_placed": 605,
    "orders_placed_buy": 302,
    "orders_placed_sell": 303,
    "maker_qty_placed": 1.7192855668114317,
    "maker_qty_filled": 0.30804319554800685,
    "maker_fill_qty_rate": 0.17916930235115067,
    "avg_fill_latency_sec": 0.18742856849618508,
    "std_fill_latency_sec": 0.10870405263571147,
    "avg_queue_position": 1.0389780342571013,
    "std_queue_position": 1.2853414241214274,
    "avg_order_lifetime_sec": 0.19938094924096347,
    "std_order_lifetime_sec": 0.10096266631896746,
    "avg_competition_size": 0.6250549822023123,
    "std_competition_size": 0.11824118618951625,
    "forced_liquidations": 0,
    "avg_forced_liq_cost": 0.0,
    "std_forced_liq_cost": 0.0
  },
  "strategy": "skew_mid_spread",
  "strategy_kwargs": {
    "gamma": 0.1,
    "gamma_cap_factor": 5.0,
    "gamma_imb": 0.5,
    "gamma_inv_scale": 4.0,
    "gamma_vol_scale": 2.0,
    "gradient_penalty_ticks": 1.0,
    "gradient_threshold": 1.5,
    "k_vol": 1.3,
    "size_base": 0.005,
    "size_exp": 1.0,
    "size_min_factor": 0.3
  },
  "snapshots_processed": 1000,
  "sharpe_ratio": -1.0688316334692456,
  "capital_base": 10000.0,
  "sharpe_horizon_seconds": 60.0
}