{
  "final_pnl": -1.7765267925824446,
  "final_inventory": 0.002809272169838945,
  "fill_count": 270,
  "max_drawdown": 1.7765267925824446,
  "pnl_attribution": {
    "inventory_moves": -0.14475177719873608,
    "fees": -1.826501736917036,
    "spread_capture": 0.2366925795347101,
    "adverse_selection": -0.04784281733328126,
    "funding_rates": 0.0
  },
  "additional_metrics": {
    "orders_placed": 610,
    "orders_placed_buy": 304,
    "orders_placed_sell": 306,
    "maker_qty_placed": 1.7324758275490162,
    "maker_qty_filled": 0.31783611542237183,
    "maker_fill_qty_rate": 0.1834577489441938,
    "avg_fill_latency_sec": 0.183038456317706,
    "std_fill_latency_sec": 0.111101410682267,
    "avg_queue_position": 1.1034311581238971,
    "std_queue_position": 1.4248774589382616,
    "avg_order_lifetime_sec": 0.19591025052926478,
    "std_order_lifetime_sec": 0.10342495861479445,
    "avg_competition_size": 0.6354592112773092,
    "std_competition_size": 0.11886785811115927,
    "forced_liquidations": 0,
    "avg_forced_liq_cost": 0.0,
    "std_forced_liq_cost": 0.0
  },
  "strategy": "skew_mid_spread",
  "strategy_kwargs": {
    "gamma": 0.1,
    "gamma_cap_factor": 5.0,
    "gamma_imb": 0.5,
    "gamma_inv_scale": 4.0,
    "gamma_vol_scale": 2.0,
    "gradient_penalty_ticks": 1.0,
    "gradient_threshold": 1.5,
    "k_vol": 1.3,
    "size_base": 0.005,
    "size_exp": 2.0,
    "size_min_factor": 0.3
  },
  "snapshots_processed": 1000,
  "sharpe_ratio": -1.1402960423707655,
  "capital_base": 10000.0,
  "sharpe_horizon_seconds": 60.0
}