{
  "final_pnl": -22.955425943446244,
  "final_inventory": 0.03104197900349999,
  "fill_count": 319,
  "max_drawdown": 22.955425943446244,
  "pnl_attribution": {
    "inventory_moves": -0.1629372795984762,
    "fees": -18.03640503721127,
    "spread_capture": 1.6091027661459374,
    "adverse_selection": -6.120093271151608,
    "funding_rates": 0.0
  },
  "additional_metrics": {
    "orders_placed": 606,
    "orders_placed_buy": 302,
    "orders_placed_sell": 304,
    "maker_qty_placed": 13.761508398812472,
    "maker_qty_filled": 2.784366130316572,
    "maker_fill_qty_rate": 0.2023300098815363,
    "avg_fill_latency_sec": 0.1635077691448785,
    "std_fill_latency_sec": 0.11923243599153911,
    "avg_queue_position": 1.0864696180348725,
    "std_queue_position": 1.355568154227969,
    "avg_order_lifetime_sec": 0.17131605914219675,
    "std_order_lifetime_sec": 0.11646137536294496,
    "avg_competition_size": 0.8706844749563396,
    "std_competition_size": 0.17221830404982633,
    "forced_liquidations": 36,
    "avg_forced_liq_cost": 0.15817972863808735,
    "std_forced_liq_cost": 0.10197985293461972
  },
  "strategy": "skew_mid_spread",
  "strategy_kwargs": {
    "gamma": 0.1,
    "gamma_cap_factor": 5.0,
    "gamma_imb": 0.5,
    "gamma_inv_scale": 4.0,
    "gamma_vol_scale": 2.0,
    "gradient_penalty_ticks": 1.0,
    "gradient_threshold": 1.5,
    "k_vol": 1.3,
    "size_base": 0.04,
    "size_exp": 3.0,
    "size_min_factor": 0.3
  },
  "snapshots_processed": 1000,
  "sharpe_ratio": -1.3146997169722667,
  "capital_base": 10000.0,
  "sharpe_horizon_seconds": 60.0
}