{
  "final_pnl": -0.47422516551887384,
  "final_inventory": 0.02765655835378259,
  "fill_count": 40,
  "max_drawdown": 0.8328966984227009,
  "pnl_attribution": {
    "inventory_moves": -0.42914374405051464,
    "fees": -0.07591747704130151,
    "spread_capture": 0.043191750980895775,
    "adverse_selection": -0.006606842380909347,
    "funding_rates": 0.0
  },
  "additional_metrics": {
    "orders_placed": 1590,
    "orders_placed_buy": 822,
    "orders_placed_sell": 768,
    "maker_qty_placed": 4.365062675900015,
    "maker_qty_filled": 0.04412529677371397,
    "maker_fill_qty_rate": 0.01010874300095037,
    "avg_fill_latency_sec": 0.2505499839782715,
    "std_fill_latency_sec": 0.0005894667844593957,
    "avg_queue_position": 0.8079624168882346,
    "std_queue_position": 1.1050991828602765,
    "avg_order_lifetime_sec": 0.2505499839782715,
    "std_order_lifetime_sec": 0.0005894667844593957,
    "avg_competition_size": 0.25990722802612876,
    "std_competition_size": 0.049136150383234774,
    "forced_liquidations": 0,
    "avg_forced_liq_cost": 0.0,
    "std_forced_liq_cost": 0.0,
    "taker_qty_hedge": 0.0,
    "taker_qty_cross": 0.0,
    "taker_trades_hedge": 0,
    "taker_trades_cross": 0,
    "taker_qty_total": 0.0,
    "notional_traded_btc": 0.04412529677371397,
    "notional_traded_usdt": 759.1747704130154
  },
  "strategy": "skew_mid_spread",
  "strategy_kwargs": {
    "extra_spread_ticks": 36.0,
    "gamma": 0.12,
    "gamma_cap_factor": 5.0,
    "gamma_imb": 0.5,
    "gamma_inv_scale": 4.0,
    "gamma_vol_scale": 0.0,
    "gradient_penalty_ticks": 1.0,
    "gradient_threshold": 1.5,
    "k_vol": 6.0,
    "size_base": 0.005,
    "size_exp": 2.0,
    "size_min_factor": 0.3
  },
  "snapshots_processed": 10000,
  "sharpe_ratio": -0.18149134812863238,
  "capital_base": 10000.0,
  "sharpe_horizon_seconds": 60.0
}