{
  "final_pnl": -0.14816855007848062,
  "final_inventory": 0.010236794386543397,
  "fill_count": 38,
  "max_drawdown": 0.5335630860427045,
  "pnl_attribution": {
    "inventory_moves": -0.10208693460842812,
    "fees": -0.07543061668273018,
    "spread_capture": 0.038148189453128006,
    "adverse_selection": -0.006489820690700889,
    "funding_rates": 0.0
  },
  "additional_metrics": {
    "orders_placed": 1587,
    "orders_placed_buy": 820,
    "orders_placed_sell": 767,
    "maker_qty_placed": 4.357756806050666,
    "maker_qty_filled": 0.043853061908925,
    "maker_fill_qty_rate": 0.01006321918837596,
    "avg_fill_latency_sec": 0.25042104721069336,
    "std_fill_latency_sec": 0.0005907910250373969,
    "avg_queue_position": 0.8497850357096294,
    "std_queue_position": 0.876977075311938,
    "avg_order_lifetime_sec": 0.25042104721069336,
    "std_order_lifetime_sec": 0.0005907910250373969,
    "avg_competition_size": 0.2594326391952656,
    "std_competition_size": 0.04945224173285161,
    "forced_liquidations": 0,
    "avg_forced_liq_cost": 0.0,
    "std_forced_liq_cost": 0.0,
    "taker_qty_hedge": 0.0,
    "taker_qty_cross": 0.0,
    "taker_trades_hedge": 0,
    "taker_trades_cross": 0,
    "taker_qty_total": 0.0,
    "notional_traded_btc": 0.043853061908925,
    "notional_traded_usdt": 754.3061668273016
  },
  "strategy": "skew_mid_spread",
  "strategy_kwargs": {
    "extra_spread_ticks": 28.0,
    "gamma": 0.16,
    "gamma_cap_factor": 5.0,
    "gamma_imb": 0.5,
    "gamma_inv_scale": 1.0,
    "gamma_vol_scale": 1.0,
    "gradient_penalty_ticks": 1.0,
    "gradient_threshold": 1.5,
    "k_vol": 8.0,
    "size_base": 0.005,
    "size_exp": 2.0,
    "size_min_factor": 0.3
  },
  "snapshots_processed": 10000,
  "sharpe_ratio": -0.08524791963344691,
  "capital_base": 10000.0,
  "sharpe_horizon_seconds": 60.0
}