{
  "final_pnl": -0.5640899640111456,
  "final_inventory": 0.0250925569002506,
  "fill_count": 66,
  "max_drawdown": 0.9049040179725125,
  "pnl_attribution": {
    "inventory_moves": -0.5140945523940741,
    "fees": -0.14688975348727623,
    "spread_capture": 0.11742044769106146,
    "adverse_selection": -0.013632258847349197,
    "funding_rates": 0.0
  },
  "additional_metrics": {
    "orders_placed": 2958,
    "orders_placed_buy": 1537,
    "orders_placed_sell": 1421,
    "maker_qty_placed": 8.107482786440197,
    "maker_qty_filled": 0.08538360236260654,
    "maker_fill_qty_rate": 0.010531456508968605,
    "avg_fill_latency_sec": 0.25045454863345984,
    "std_fill_latency_sec": 0.0006075741581433892,
    "avg_queue_position": 1.162445464374077,
    "std_queue_position": 1.562749534154216,
    "avg_order_lifetime_sec": 0.25045454863345984,
    "std_order_lifetime_sec": 0.0006075741581433892,
    "avg_competition_size": 0.2609270811094885,
    "std_competition_size": 0.047462123707706555,
    "forced_liquidations": 0,
    "avg_forced_liq_cost": 0.0,
    "std_forced_liq_cost": 0.0,
    "taker_qty_hedge": 0.0,
    "taker_qty_cross": 0.0,
    "taker_trades_hedge": 0,
    "taker_trades_cross": 0,
    "taker_qty_total": 0.0,
    "notional_traded_btc": 0.08538360236260654,
    "notional_traded_usdt": 1468.897534872763
  },
  "strategy": "skew_mid_spread",
  "strategy_kwargs": {
    "extra_spread_ticks": 36.0,
    "gamma": 0.16,
    "gamma_cap_factor": 5.0,
    "gamma_imb": 0.5,
    "gamma_inv_scale": 4.0,
    "gamma_vol_scale": 0.0,
    "gradient_penalty_ticks": 1.0,
    "gradient_threshold": 1.5,
    "k_vol": 8.0,
    "size_base": 0.005,
    "size_exp": 2.0,
    "size_min_factor": 0.3
  },
  "snapshots_processed": 10000,
  "sharpe_ratio": -0.23547887910263682,
  "capital_base": 10000.0,
  "sharpe_horizon_seconds": 60.0
}