{
  "final_pnl": -3.3843014558788127,
  "final_inventory": 0.003673888559458459,
  "fill_count": 270,
  "max_drawdown": 3.3843014558788127,
  "pnl_attribution": {
    "inventory_moves": -0.2517585032319766,
    "fees": -3.5872463859785544,
    "spread_capture": 0.541008396857107,
    "adverse_selection": -0.09266897146431574,
    "funding_rates": 0.0
  },
  "additional_metrics": {
    "orders_placed": 609,
    "orders_placed_buy": 304,
    "orders_placed_sell": 305,
    "maker_qty_placed": 3.4642699629069895,
    "maker_qty_filled": 0.6414857075480143,
    "maker_fill_qty_rate": 0.1851719740137461,
    "avg_fill_latency_sec": 0.185812896297824,
    "std_fill_latency_sec": 0.10958765630869778,
    "avg_queue_position": 1.1268581489070728,
    "std_queue_position": 1.4036874272107185,
    "avg_order_lifetime_sec": 0.19714837997190415,
    "std_order_lifetime_sec": 0.10253652275607811,
    "avg_competition_size": 0.6577840545401659,
    "std_competition_size": 0.13294269131776779,
    "forced_liquidations": 0,
    "avg_forced_liq_cost": 0.0,
    "std_forced_liq_cost": 0.0
  },
  "strategy": "skew_mid_spread",
  "strategy_kwargs": {
    "gamma": 0.1,
    "gamma_cap_factor": 5.0,
    "gamma_imb": 0.5,
    "gamma_inv_scale": 4.0,
    "gamma_vol_scale": 2.0,
    "gradient_penalty_ticks": 1.0,
    "gradient_threshold": 1.5,
    "k_vol": 1.3,
    "size_base": 0.01,
    "size_exp": 1.0,
    "size_min_factor": 0.3
  },
  "snapshots_processed": 1000,
  "sharpe_ratio": -1.1334340371859426,
  "capital_base": 10000.0,
  "sharpe_horizon_seconds": 60.0
}