{
  "final_pnl": -0.9820335179483664,
  "final_inventory": 0.042294593003333214,
  "fill_count": 1298,
  "max_drawdown": 2.9323443745470286,
  "pnl_attribution": {
    "inventory_moves": -0.17427988287145646,
    "fees": -1.2506888617192657,
    "spread_capture": 0.5049892187479771,
    "adverse_selection": -0.07063945205797578,
    "funding_rates": 0.0
  },
  "additional_metrics": {
    "orders_placed": 1584,
    "orders_placed_buy": 818,
    "orders_placed_sell": 766,
    "maker_qty_placed": 34.75265051833999,
    "maker_qty_filled": 0.48514984462538996,
    "maker_fill_qty_rate": 0.01396008181791378,
    "avg_fill_latency_sec": 0.005522834222147784,
    "std_fill_latency_sec": 0.036782854763784324,
    "avg_queue_position": 0.023710781635954536,
    "std_queue_position": 0.24159551673388177,
    "avg_order_lifetime_sec": 0.005522834222147784,
    "std_order_lifetime_sec": 0.036782854763784324,
    "avg_competition_size": 0.35440489668570413,
    "std_competition_size": 0.07006403635579667,
    "forced_liquidations": 0,
    "avg_forced_liq_cost": 0.0,
    "std_forced_liq_cost": 0.0,
    "taker_qty_hedge": 0.08060504528086063,
    "taker_qty_cross": 0.0,
    "taker_trades_hedge": 1242,
    "taker_trades_cross": 0,
    "taker_qty_total": 0.08060504528086063,
    "notional_traded_btc": 0.565754889906251,
    "notional_traded_usdt": 9732.587748320171
  },
  "strategy": "skew_mid_spread",
  "strategy_kwargs": {
    "extra_spread_ticks": 30.0,
    "gamma": 0.2,
    "gamma_cap_factor": 5.0,
    "gamma_imb": 0.5,
    "gamma_inv_scale": 1.0,
    "gamma_vol_scale": 2.0,
    "gradient_penalty_ticks": 1.0,
    "gradient_threshold": 1.5,
    "k_vol": 6.0,
    "size_base": 0.04,
    "size_exp": 2.0,
    "size_min_factor": 0.3
  },
  "snapshots_processed": 10000,
  "sharpe_ratio": -0.09936631660275544,
  "capital_base": 10000.0,
  "sharpe_horizon_seconds": 60.0
}