{
  "final_pnl": -2.249236470242977,
  "final_inventory": 0.03299687244293435,
  "fill_count": 93,
  "max_drawdown": 2.9002434949852613,
  "pnl_attribution": {
    "inventory_moves": -2.304064797132907,
    "fees": -0.47305224874644003,
    "spread_capture": 0.6513970957849377,
    "adverse_selection": -0.101269075638029,
    "funding_rates": 0.0
  },
  "additional_metrics": {
    "orders_placed": 2064,
    "orders_placed_buy": 1072,
    "orders_placed_sell": 992,
    "maker_qty_placed": 45.12781736851743,
    "maker_qty_filled": 0.7158079979680667,
    "maker_fill_qty_rate": 0.015861790791314376,
    "avg_fill_latency_sec": 0.2156200075149536,
    "std_fill_latency_sec": 0.08700158701940437,
    "avg_queue_position": 0.8139874962989492,
    "std_queue_position": 1.1874921639871248,
    "avg_order_lifetime_sec": 0.2156200075149536,
    "std_order_lifetime_sec": 0.08700158701940437,
    "avg_competition_size": 0.353214883124328,
    "std_competition_size": 0.0684468453374149,
    "forced_liquidations": 0,
    "avg_forced_liq_cost": 0.0,
    "std_forced_liq_cost": 0.0,
    "taker_qty_hedge": 0.11454662731277104,
    "taker_qty_cross": 0.0,
    "taker_trades_hedge": 7,
    "taker_trades_cross": 0,
    "taker_qty_total": 0.11454662731277104,
    "notional_traded_btc": 0.8303546252808378,
    "notional_traded_usdt": 14285.033380108252
  },
  "strategy": "skew_mid_spread",
  "strategy_kwargs": {
    "extra_spread_ticks": 20.0,
    "gamma": 0.12,
    "gamma_cap_factor": 5.0,
    "gamma_imb": 0.5,
    "gamma_inv_scale": 1.0,
    "gamma_vol_scale": 2.0,
    "gradient_penalty_ticks": 1.0,
    "gradient_threshold": 1.5,
    "k_vol": 6.0,
    "size_base": 0.04,
    "size_exp": 2.0,
    "size_min_factor": 0.3
  },
  "snapshots_processed": 10000,
  "sharpe_ratio": -0.30131689990396265,
  "capital_base": 10000.0,
  "sharpe_horizon_seconds": 60.0
}