{
  "final_pnl": -4.692767340171486,
  "final_inventory": 0.03033021282196279,
  "fill_count": 108,
  "max_drawdown": 5.215988280617239,
  "pnl_attribution": {
    "inventory_moves": -3.36846154041737,
    "fees": -2.1511015568951604,
    "spread_capture": 0.9744959911520688,
    "adverse_selection": -0.12458699679163586,
    "funding_rates": 0.0
  },
  "additional_metrics": {
    "orders_placed": 2064,
    "orders_placed_buy": 1070,
    "orders_placed_sell": 994,
    "maker_qty_placed": 45.09239666130521,
    "maker_qty_filled": 0.8463381308185387,
    "maker_fill_qty_rate": 0.01876897644575189,
    "avg_fill_latency_sec": 0.2004666805267334,
    "std_fill_latency_sec": 0.10023580677855244,
    "avg_queue_position": 0.5710511492209117,
    "std_queue_position": 0.7797777366973315,
    "avg_order_lifetime_sec": 0.2004666805267334,
    "std_order_lifetime_sec": 0.10023580677855244,
    "avg_competition_size": 0.3529794743544346,
    "std_competition_size": 0.06759209437171645,
    "forced_liquidations": 0,
    "avg_forced_liq_cost": 0.0,
    "std_forced_liq_cost": 0.0,
    "taker_qty_hedge": 0.13469326616723104,
    "taker_qty_cross": 0.0,
    "taker_trades_hedge": 12,
    "taker_trades_cross": 0,
    "taker_qty_total": 0.13469326616723104,
    "notional_traded_btc": 0.9810313969857698,
    "notional_traded_usdt": 16875.09193661558
  },
  "strategy": "skew_mid_spread",
  "strategy_kwargs": {
    "extra_spread_ticks": 38.0,
    "gamma": 0.16,
    "gamma_cap_factor": 5.0,
    "gamma_imb": 0.5,
    "gamma_inv_scale": 1.0,
    "gamma_vol_scale": 2.0,
    "gradient_penalty_ticks": 1.0,
    "gradient_threshold": 1.5,
    "k_vol": 6.0,
    "size_base": 0.04,
    "size_exp": 2.0,
    "size_min_factor": 0.3
  },
  "snapshots_processed": 10000,
  "sharpe_ratio": -0.49850280901907873,
  "capital_base": 10000.0,
  "sharpe_horizon_seconds": 60.0
}