{
  "final_pnl": -1.5921186728592147,
  "final_inventory": 0.004463826880198196,
  "fill_count": 265,
  "max_drawdown": 1.5921186728592147,
  "pnl_attribution": {
    "inventory_moves": -0.10547218459087171,
    "fees": -1.7094532988881919,
    "spread_capture": 0.270320593336103,
    "adverse_selection": -0.048880542912823406,
    "funding_rates": 0.0
  },
  "additional_metrics": {
    "orders_placed": 533,
    "orders_placed_buy": 261,
    "orders_placed_sell": 272,
    "maker_qty_placed": 1.5324101963590515,
    "maker_qty_filled": 0.3137336937090605,
    "maker_fill_qty_rate": 0.20473218884504937,
    "avg_fill_latency_sec": 0.1907483378782967,
    "std_fill_latency_sec": 0.11056574460930872,
    "avg_queue_position": 1.1447323685474398,
    "std_queue_position": 1.4362890307129768,
    "avg_order_lifetime_sec": 0.20404634886230064,
    "std_order_lifetime_sec": 0.10558021728879213,
    "avg_competition_size": 0.6355261261473741,
    "std_competition_size": 0.1236851773380023,
    "forced_liquidations": 0,
    "avg_forced_liq_cost": 0.0,
    "std_forced_liq_cost": 0.0
  },
  "strategy": "skew_mid_spread",
  "strategy_kwargs": {
    "gamma": 0.1,
    "gamma_cap_factor": 5.0,
    "gamma_imb": 0.5,
    "gamma_inv_scale": 4.0,
    "gamma_vol_scale": 2.0,
    "gradient_penalty_ticks": 1.0,
    "gradient_threshold": 1.5,
    "k_vol": 1.3,
    "size_base": 0.005,
    "size_exp": 1.0,
    "size_min_factor": 0.3
  },
  "snapshots_processed": 1000,
  "sharpe_ratio": -1.1171613124820536,
  "capital_base": 10000.0,
  "sharpe_horizon_seconds": 60.0
}