{
  "final_pnl": -1.6704642937274912,
  "final_inventory": 0.0014845997935671127,
  "fill_count": 264,
  "max_drawdown": 1.6704642937274912,
  "pnl_attribution": {
    "inventory_moves": -0.10552895933075772,
    "fees": -1.7821577217032858,
    "spread_capture": 0.2632197717661317,
    "adverse_selection": -0.05106842650015479,
    "funding_rates": 0.0
  },
  "additional_metrics": {
    "orders_placed": 535,
    "orders_placed_buy": 260,
    "orders_placed_sell": 275,
    "maker_qty_placed": 1.5360610694614827,
    "maker_qty_filled": 0.31921754679098796,
    "maker_fill_qty_rate": 0.20781566119822326,
    "avg_fill_latency_sec": 0.18622367946725144,
    "std_fill_latency_sec": 0.11312912826987205,
    "avg_queue_position": 1.0922162186906348,
    "std_queue_position": 1.4098146903637874,
    "avg_order_lifetime_sec": 0.20930920462859304,
    "std_order_lifetime_sec": 0.12338249609273043,
    "avg_competition_size": 0.6321991618266857,
    "std_competition_size": 0.12462357614726524,
    "forced_liquidations": 0,
    "avg_forced_liq_cost": 0.0,
    "std_forced_liq_cost": 0.0
  },
  "strategy": "skew_mid_spread",
  "strategy_kwargs": {
    "gamma": 0.1,
    "gamma_cap_factor": 5.0,
    "gamma_imb": 0.5,
    "gamma_inv_scale": 4.0,
    "gamma_vol_scale": 2.0,
    "gradient_penalty_ticks": 1.0,
    "gradient_threshold": 1.5,
    "k_vol": 1.3,
    "size_base": 0.005,
    "size_exp": 3.0,
    "size_min_factor": 0.2
  },
  "snapshots_processed": 1000,
  "sharpe_ratio": -1.1119486172448825,
  "capital_base": 10000.0,
  "sharpe_horizon_seconds": 60.0
}