{
  "final_pnl": -7.248694635620268,
  "final_inventory": -0.002199580208379381,
  "fill_count": 273,
  "max_drawdown": 7.248694635620268,
  "pnl_attribution": {
    "inventory_moves": -0.5193496002297187,
    "fees": -7.294714157164481,
    "spread_capture": 0.8536855628369007,
    "adverse_selection": -0.27563993572093354,
    "funding_rates": 0.0
  },
  "additional_metrics": {
    "orders_placed": 540,
    "orders_placed_buy": 265,
    "orders_placed_sell": 275,
    "maker_qty_placed": 6.210183701334921,
    "maker_qty_filled": 1.2956583321640494,
    "maker_fill_qty_rate": 0.20863446147100914,
    "avg_fill_latency_sec": 0.18828661882193984,
    "std_fill_latency_sec": 0.11541059369729226,
    "avg_queue_position": 1.0976012212473276,
    "std_queue_position": 1.3041741346812672,
    "avg_order_lifetime_sec": 0.20107642556451688,
    "std_order_lifetime_sec": 0.11114250052067659,
    "avg_competition_size": 0.7153789828587129,
    "std_competition_size": 0.14262541069549056,
    "forced_liquidations": 1,
    "avg_forced_liq_cost": 0.07885554794349676,
    "std_forced_liq_cost": 0.0
  },
  "strategy": "skew_mid_spread",
  "strategy_kwargs": {
    "gamma": 0.1,
    "gamma_cap_factor": 5.0,
    "gamma_imb": 0.5,
    "gamma_inv_scale": 4.0,
    "gamma_vol_scale": 2.0,
    "gradient_penalty_ticks": 1.0,
    "gradient_threshold": 1.5,
    "k_vol": 1.3,
    "size_base": 0.02,
    "size_exp": 3.0,
    "size_min_factor": 0.3
  },
  "snapshots_processed": 1000,
  "sharpe_ratio": -1.187636899876853,
  "capital_base": 10000.0,
  "sharpe_horizon_seconds": 60.0
}