{
  "final_pnl": -1.7285416496852122,
  "final_inventory": 0.0032924817491546687,
  "fill_count": 271,
  "max_drawdown": 1.7285416496852122,
  "pnl_attribution": {
    "inventory_moves": -0.13936632467388235,
    "fees": -1.8192444139975108,
    "spread_capture": 0.27704193187325504,
    "adverse_selection": -0.04912330276874554,
    "funding_rates": 0.0
  },
  "additional_metrics": {
    "orders_placed": 610,
    "orders_placed_buy": 304,
    "orders_placed_sell": 306,
    "maker_qty_placed": 1.7365770565247016,
    "maker_qty_filled": 0.32132882267749147,
    "maker_fill_qty_rate": 0.1850357411265964,
    "avg_fill_latency_sec": 0.18461537819642287,
    "std_fill_latency_sec": 0.1102339816346278,
    "avg_queue_position": 1.1119006296622218,
    "std_queue_position": 1.3880206198866685,
    "avg_order_lifetime_sec": 0.19587819851361787,
    "std_order_lifetime_sec": 0.10340791057736372,
    "avg_competition_size": 0.6403761631752225,
    "std_competition_size": 0.12314888763308288,
    "forced_liquidations": 0,
    "avg_forced_liq_cost": 0.0,
    "std_forced_liq_cost": 0.0
  },
  "strategy": "skew_mid_spread",
  "strategy_kwargs": {
    "gamma": 0.1,
    "gamma_cap_factor": 5.0,
    "gamma_imb": 0.5,
    "gamma_inv_scale": 4.0,
    "gamma_vol_scale": 2.0,
    "gradient_penalty_ticks": 1.0,
    "gradient_threshold": 1.5,
    "k_vol": 1.3,
    "size_base": 0.005,
    "size_exp": 3.0,
    "size_min_factor": 0.3
  },
  "snapshots_processed": 1000,
  "sharpe_ratio": -1.1414068287309735,
  "capital_base": 10000.0,
  "sharpe_horizon_seconds": 60.0
}