{
  "final_pnl": -7.051861284320694,
  "final_inventory": 0.013539695703874739,
  "fill_count": 275,
  "max_drawdown": 7.051861284320694,
  "pnl_attribution": {
    "inventory_moves": -0.540346438122758,
    "fees": -7.325038406237358,
    "spread_capture": 1.0441602420820226,
    "adverse_selection": -0.20256409003134201,
    "funding_rates": 0.0
  },
  "additional_metrics": {
    "orders_placed": 544,
    "orders_placed_buy": 268,
    "orders_placed_sell": 276,
    "maker_qty_placed": 6.254999506945647,
    "maker_qty_filled": 1.3032781745455908,
    "maker_fill_qty_rate": 0.20835783809389766,
    "avg_fill_latency_sec": 0.19025315966787218,
    "std_fill_latency_sec": 0.11766735429215336,
    "avg_queue_position": 1.145658544266038,
    "std_queue_position": 1.3984226332330918,
    "avg_order_lifetime_sec": 0.2013797397854962,
    "std_order_lifetime_sec": 0.11436796713841979,
    "avg_competition_size": 0.7354059724941322,
    "std_competition_size": 0.1409231949211937,
    "forced_liquidations": 0,
    "avg_forced_liq_cost": 0.0,
    "std_forced_liq_cost": 0.0
  },
  "strategy": "skew_mid_spread",
  "strategy_kwargs": {
    "gamma": 0.1,
    "gamma_cap_factor": 5.0,
    "gamma_imb": 0.5,
    "gamma_inv_scale": 4.0,
    "gamma_vol_scale": 2.0,
    "gradient_penalty_ticks": 1.0,
    "gradient_threshold": 1.5,
    "k_vol": 1.3,
    "size_base": 0.02,
    "size_exp": 2.0,
    "size_min_factor": 0.2
  },
  "snapshots_processed": 1000,
  "sharpe_ratio": -1.2359846350642119,
  "capital_base": 10000.0,
  "sharpe_horizon_seconds": 60.0
}