{
  "final_pnl": -8.150046350627235,
  "final_inventory": -0.004044861979056343,
  "fill_count": 292,
  "max_drawdown": 8.150046350627235,
  "pnl_attribution": {
    "inventory_moves": -0.19274472093627282,
    "fees": -7.549040461385909,
    "spread_capture": 1.0776170558646165,
    "adverse_selection": -1.4243849605373933,
    "funding_rates": 0.0
  },
  "additional_metrics": {
    "orders_placed": 533,
    "orders_placed_buy": 262,
    "orders_placed_sell": 271,
    "maker_qty_placed": 6.114139982046365,
    "maker_qty_filled": 1.3534948750266622,
    "maker_fill_qty_rate": 0.22137126055358253,
    "avg_fill_latency_sec": 0.18676330916274933,
    "std_fill_latency_sec": 0.11887814970506339,
    "avg_queue_position": 1.099678142091596,
    "std_queue_position": 1.3153548043648997,
    "avg_order_lifetime_sec": 0.19864496394727357,
    "std_order_lifetime_sec": 0.11524197646772008,
    "avg_competition_size": 0.7398877098397003,
    "std_competition_size": 0.14033647012151937,
    "forced_liquidations": 14,
    "avg_forced_liq_cost": 0.08763064442463932,
    "std_forced_liq_cost": 0.0499518700336065
  },
  "strategy": "skew_mid_spread",
  "strategy_kwargs": {
    "gamma": 0.1,
    "gamma_cap_factor": 5.0,
    "gamma_imb": 0.5,
    "gamma_inv_scale": 4.0,
    "gamma_vol_scale": 2.0,
    "gradient_penalty_ticks": 1.0,
    "gradient_threshold": 1.5,
    "k_vol": 1.3,
    "size_base": 0.02,
    "size_exp": 3.0,
    "size_min_factor": 0.3
  },
  "snapshots_processed": 1000,
  "sharpe_ratio": -1.0881044758403997,
  "capital_base": 10000.0,
  "sharpe_horizon_seconds": 60.0
}