{
  "final_pnl": -5.588419837245965,
  "final_inventory": 0.0007969315250854758,
  "fill_count": 2446,
  "max_drawdown": 5.919250170087253,
  "pnl_attribution": {
    "inventory_moves": -3.942824020221522,
    "fees": -2.5709404820923685,
    "spread_capture": 1.1174482097214513,
    "adverse_selection": -0.13457594381495458,
    "funding_rates": 0.0
  },
  "additional_metrics": {
    "orders_placed": 2066,
    "orders_placed_buy": 1072,
    "orders_placed_sell": 994,
    "maker_qty_placed": 45.15021451970804,
    "maker_qty_filled": 0.9406239337486739,
    "maker_fill_qty_rate": 0.020833210733430564,
    "avg_fill_latency_sec": 0.0050154297027715155,
    "std_fill_latency_sec": 0.03509324312496796,
    "avg_queue_position": 0.013898874470988476,
    "std_queue_position": 0.13545610956780219,
    "avg_order_lifetime_sec": 0.0050154297027715155,
    "std_order_lifetime_sec": 0.03509324312496796,
    "avg_competition_size": 0.3547019527859766,
    "std_competition_size": 0.0680540348952429,
    "forced_liquidations": 0,
    "avg_forced_liq_cost": 0.0,
    "std_forced_liq_cost": 0.0,
    "taker_qty_hedge": 0.18460912570714624,
    "taker_qty_cross": 0.0,
    "taker_trades_hedge": 2350,
    "taker_trades_cross": 0,
    "taker_qty_total": 0.18460912570714624,
    "notional_traded_btc": 1.1252330594558217,
    "notional_traded_usdt": 19355.98072942514
  },
  "strategy": "skew_mid_spread",
  "strategy_kwargs": {
    "extra_spread_ticks": 34.0,
    "gamma": 0.08,
    "gamma_cap_factor": 5.0,
    "gamma_imb": 0.5,
    "gamma_inv_scale": 1.0,
    "gamma_vol_scale": 2.0,
    "gradient_penalty_ticks": 1.0,
    "gradient_threshold": 1.5,
    "k_vol": 4.0,
    "size_base": 0.04,
    "size_exp": 2.0,
    "size_min_factor": 0.3
  },
  "snapshots_processed": 10000,
  "sharpe_ratio": -0.4943752949621257,
  "capital_base": 10000.0,
  "sharpe_horizon_seconds": 60.0
}