{
  "final_pnl": -4.787207439592748,
  "final_inventory": 0.001427435228700826,
  "fill_count": 299,
  "max_drawdown": 4.787207439592748,
  "pnl_attribution": {
    "inventory_moves": -0.5157286227546372,
    "fees": -4.418607520449463,
    "spread_capture": 0.2484314096197704,
    "adverse_selection": -0.10067171836574022,
    "funding_rates": 0.0
  },
  "additional_metrics": {
    "orders_placed": 593,
    "orders_placed_buy": 300,
    "orders_placed_sell": 293,
    "maker_qty_placed": 3.379141199335148,
    "maker_qty_filled": 0.662326714923997,
    "maker_fill_qty_rate": 0.1960044507919086,
    "avg_fill_latency_sec": 0.17023595397392016,
    "std_fill_latency_sec": 0.11684235174101315,
    "avg_queue_position": 1.5209389785391725,
    "std_queue_position": 1.7517262237154723,
    "avg_order_lifetime_sec": 0.18008426869853159,
    "std_order_lifetime_sec": 0.11255389998143692,
    "avg_competition_size": 0.6712450181358073,
    "std_competition_size": 0.12674203782541096,
    "forced_liquidations": 0,
    "avg_forced_liq_cost": 0.0,
    "std_forced_liq_cost": 0.0
  },
  "strategy": "skew_mid_spread",
  "strategy_kwargs": {
    "gamma": 0.1,
    "gamma_cap_factor": 5.0,
    "gamma_imb": 0.5,
    "gamma_inv_scale": 4.0,
    "gamma_vol_scale": 2.0,
    "gradient_penalty_ticks": 1.0,
    "gradient_threshold": 1.5,
    "k_vol": 0.8,
    "size_base": 0.01,
    "size_exp": 1.0,
    "size_min_factor": 0.2
  },
  "snapshots_processed": 1000,
  "sharpe_ratio": -1.3397648234053998,
  "capital_base": 10000.0,
  "sharpe_horizon_seconds": 60.0
}