{
  "final_pnl": -15.686450022567442,
  "final_inventory": 0.04923763755918319,
  "fill_count": 285,
  "max_drawdown": 15.686450022567442,
  "pnl_attribution": {
    "inventory_moves": -1.16319560369953,
    "fees": -15.415670168021796,
    "spread_capture": 1.7377149279212825,
    "adverse_selection": -0.7858996259046263,
    "funding_rates": 0.0
  },
  "additional_metrics": {
    "orders_placed": 542,
    "orders_placed_buy": 268,
    "orders_placed_sell": 274,
    "maker_qty_placed": 12.453293232413532,
    "maker_qty_filled": 2.656641433961643,
    "maker_fill_qty_rate": 0.21332842521100484,
    "avg_fill_latency_sec": 0.18522423686403217,
    "std_fill_latency_sec": 0.11669168371621688,
    "avg_queue_position": 1.1853929371247667,
    "std_queue_position": 1.3361147185429159,
    "avg_order_lifetime_sec": 0.1988969629461115,
    "std_order_lifetime_sec": 0.11859646737252859,
    "avg_competition_size": 0.8716925209601847,
    "std_competition_size": 0.18103974380633353,
    "forced_liquidations": 3,
    "avg_forced_liq_cost": 0.1305051331787025,
    "std_forced_liq_cost": 0.05736019931963951
  },
  "strategy": "skew_mid_spread",
  "strategy_kwargs": {
    "gamma": 0.1,
    "gamma_cap_factor": 5.0,
    "gamma_imb": 0.5,
    "gamma_inv_scale": 4.0,
    "gamma_vol_scale": 2.0,
    "gradient_penalty_ticks": 1.0,
    "gradient_threshold": 1.5,
    "k_vol": 1.3,
    "size_base": 0.04,
    "size_exp": 1.0,
    "size_min_factor": 0.2
  },
  "snapshots_processed": 1000,
  "sharpe_ratio": -1.1757053266516855,
  "capital_base": 10000.0,
  "sharpe_horizon_seconds": 60.0
}