{
  "final_pnl": -3.4601999232654634,
  "final_inventory": 0.009805879220827173,
  "fill_count": 278,
  "max_drawdown": 3.4601999232654634,
  "pnl_attribution": {
    "inventory_moves": -0.25172923392752816,
    "fees": -3.6080319078696323,
    "spread_capture": 0.4904136512891964,
    "adverse_selection": -0.09539566308257592,
    "funding_rates": 0.0
  },
  "additional_metrics": {
    "orders_placed": 535,
    "orders_placed_buy": 261,
    "orders_placed_sell": 274,
    "maker_qty_placed": 3.073524747214049,
    "maker_qty_filled": 0.654434614544715,
    "maker_fill_qty_rate": 0.21292641783278876,
    "avg_fill_latency_sec": 0.19061005790278596,
    "std_fill_latency_sec": 0.11398316490219731,
    "avg_queue_position": 1.1281377474491165,
    "std_queue_position": 1.3842706496396613,
    "avg_order_lifetime_sec": 0.21267923918909998,
    "std_order_lifetime_sec": 0.12304170869410258,
    "avg_competition_size": 0.6659195310591957,
    "std_competition_size": 0.1272511516057583,
    "forced_liquidations": 0,
    "avg_forced_liq_cost": 0.0,
    "std_forced_liq_cost": 0.0
  },
  "strategy": "skew_mid_spread",
  "strategy_kwargs": {
    "gamma": 0.1,
    "gamma_cap_factor": 5.0,
    "gamma_imb": 0.5,
    "gamma_inv_scale": 4.0,
    "gamma_vol_scale": 2.0,
    "gradient_penalty_ticks": 1.0,
    "gradient_threshold": 1.5,
    "k_vol": 1.3,
    "size_base": 0.01,
    "size_exp": 3.0,
    "size_min_factor": 0.1
  },
  "snapshots_processed": 1000,
  "sharpe_ratio": -1.223651685085711,
  "capital_base": 10000.0,
  "sharpe_horizon_seconds": 60.0
}