{
  "final_pnl": -0.061950964394782204,
  "final_inventory": 0.04030069770516377,
  "fill_count": 2972,
  "max_drawdown": 3.4870226357761567,
  "pnl_attribution": {
    "inventory_moves": 0.30450378031310166,
    "fees": -1.0444768076603577,
    "spread_capture": 0.819657319855851,
    "adverse_selection": -0.1086560351154481,
    "funding_rates": 0.0
  },
  "additional_metrics": {
    "orders_placed": 1588,
    "orders_placed_buy": 821,
    "orders_placed_sell": 767,
    "maker_qty_placed": 34.8411311122232,
    "maker_qty_filled": 0.7029482840519335,
    "maker_fill_qty_rate": 0.020175816961502734,
    "avg_fill_latency_sec": 0.0030722068343565314,
    "std_fill_latency_sec": 0.027573992156651437,
    "avg_queue_position": 0.014968760549302755,
    "std_queue_position": 0.22681439671280929,
    "avg_order_lifetime_sec": 0.0030722068343565314,
    "std_order_lifetime_sec": 0.027573992156651437,
    "avg_competition_size": 0.3559052198913925,
    "std_competition_size": 0.07169879293072139,
    "forced_liquidations": 0,
    "avg_forced_liq_cost": 0.0,
    "std_forced_liq_cost": 0.0,
    "taker_qty_hedge": 0.2528787019141048,
    "taker_qty_cross": 0.0,
    "taker_trades_hedge": 2900,
    "taker_trades_cross": 0,
    "taker_qty_total": 0.2528787019141048,
    "notional_traded_btc": 0.9558269859660363,
    "notional_traded_usdt": 16442.18185977386
  },
  "strategy": "skew_mid_spread",
  "strategy_kwargs": {
    "extra_spread_ticks": 20.0,
    "gamma": 0.12,
    "gamma_cap_factor": 5.0,
    "gamma_imb": 0.5,
    "gamma_inv_scale": 1.0,
    "gamma_vol_scale": 2.0,
    "gradient_penalty_ticks": 1.0,
    "gradient_threshold": 1.5,
    "k_vol": 4.0,
    "size_base": 0.04,
    "size_exp": 2.0,
    "size_min_factor": 0.3
  },
  "snapshots_processed": 10000,
  "sharpe_ratio": -0.004670454259236903,
  "capital_base": 10000.0,
  "sharpe_horizon_seconds": 60.0
}