{
  "final_pnl": -7.4840368368859345,
  "final_inventory": 0.014575063038653127,
  "fill_count": 280,
  "max_drawdown": 7.4840368368859345,
  "pnl_attribution": {
    "inventory_moves": -0.6128782794911007,
    "fees": -7.463104899935414,
    "spread_capture": 0.8152557487812105,
    "adverse_selection": -0.19453970145164512,
    "funding_rates": 0.0
  },
  "additional_metrics": {
    "orders_placed": 540,
    "orders_placed_buy": 265,
    "orders_placed_sell": 275,
    "maker_qty_placed": 6.207354889041867,
    "maker_qty_filled": 1.318488922840982,
    "maker_fill_qty_rate": 0.2124075304875144,
    "avg_fill_latency_sec": 0.18667701460559916,
    "std_fill_latency_sec": 0.11264723060983246,
    "avg_queue_position": 1.162894454766118,
    "std_queue_position": 1.391060114876352,
    "avg_order_lifetime_sec": 0.19759626714339168,
    "std_order_lifetime_sec": 0.10962869647287558,
    "avg_competition_size": 0.7277094287508583,
    "std_competition_size": 0.14273591260849788,
    "forced_liquidations": 0,
    "avg_forced_liq_cost": 0.0,
    "std_forced_liq_cost": 0.0
  },
  "strategy": "skew_mid_spread",
  "strategy_kwargs": {
    "gamma": 0.1,
    "gamma_cap_factor": 5.0,
    "gamma_imb": 0.5,
    "gamma_inv_scale": 4.0,
    "gamma_vol_scale": 2.0,
    "gradient_penalty_ticks": 1.0,
    "gradient_threshold": 1.5,
    "k_vol": 1.3,
    "size_base": 0.02,
    "size_exp": 2.0,
    "size_min_factor": 0.1
  },
  "snapshots_processed": 1000,
  "sharpe_ratio": -1.2388611467705253,
  "capital_base": 10000.0,
  "sharpe_horizon_seconds": 60.0
}