{
  "final_pnl": -3.6285355193194846,
  "final_inventory": 0.02515686055797685,
  "fill_count": 3162,
  "max_drawdown": 4.93614422466635,
  "pnl_attribution": {
    "inventory_moves": -0.861016922571138,
    "fees": -4.283245342944622,
    "spread_capture": 1.817686497507396,
    "adverse_selection": -0.20489937287943802,
    "funding_rates": 0.0
  },
  "additional_metrics": {
    "orders_placed": 2959,
    "orders_placed_buy": 1537,
    "orders_placed_sell": 1422,
    "maker_qty_placed": 64.81835599811559,
    "maker_qty_filled": 1.4259773089319898,
    "maker_fill_qty_rate": 0.021999590809946585,
    "avg_fill_latency_sec": 0.005753154393655511,
    "std_fill_latency_sec": 0.037521656725071656,
    "avg_queue_position": 0.021657702705311237,
    "std_queue_position": 0.2300253669337204,
    "avg_order_lifetime_sec": 0.005753154393655511,
    "std_order_lifetime_sec": 0.037521656725071656,
    "avg_competition_size": 0.3545426597589425,
    "std_competition_size": 0.06768879038457618,
    "forced_liquidations": 0,
    "avg_forced_liq_cost": 0.0,
    "std_forced_liq_cost": 0.0,
    "taker_qty_hedge": 0.3547650516072309,
    "taker_qty_cross": 0.0,
    "taker_trades_hedge": 3020,
    "taker_trades_cross": 0,
    "taker_qty_total": 0.3547650516072309,
    "notional_traded_btc": 1.780742360539226,
    "notional_traded_usdt": 30628.934110451373
  },
  "strategy": "skew_mid_spread",
  "strategy_kwargs": {
    "extra_spread_ticks": 38.0,
    "gamma": 0.2,
    "gamma_cap_factor": 5.0,
    "gamma_imb": 0.5,
    "gamma_inv_scale": 1.0,
    "gamma_vol_scale": 2.0,
    "gradient_penalty_ticks": 1.0,
    "gradient_threshold": 1.5,
    "k_vol": 6.0,
    "size_base": 0.04,
    "size_exp": 2.0,
    "size_min_factor": 0.3
  },
  "snapshots_processed": 10000,
  "sharpe_ratio": -0.26496802758535026,
  "capital_base": 10000.0,
  "sharpe_horizon_seconds": 60.0
}