{
  "final_pnl": -3.382689120429859,
  "final_inventory": 0.009495621637325893,
  "fill_count": 275,
  "max_drawdown": 3.382689120429859,
  "pnl_attribution": {
    "inventory_moves": -0.2538665039037317,
    "fees": -3.623668402733889,
    "spread_capture": 0.5873237157994392,
    "adverse_selection": -0.09184430218380281,
    "funding_rates": 0.0
  },
  "additional_metrics": {
    "orders_placed": 610,
    "orders_placed_buy": 303,
    "orders_placed_sell": 307,
    "maker_qty_placed": 3.4691383643159837,
    "maker_qty_filled": 0.6424899454415804,
    "maker_fill_qty_rate": 0.18520159127993194,
    "avg_fill_latency_sec": 0.18547467793090433,
    "std_fill_latency_sec": 0.10979656917022641,
    "avg_queue_position": 1.163867816036425,
    "std_queue_position": 1.4387689244281032,
    "avg_order_lifetime_sec": 0.1966012595575067,
    "std_order_lifetime_sec": 0.10294934761651003,
    "avg_competition_size": 0.6718901436110609,
    "std_competition_size": 0.12989041856428893,
    "forced_liquidations": 0,
    "avg_forced_liq_cost": 0.0,
    "std_forced_liq_cost": 0.0
  },
  "strategy": "skew_mid_spread",
  "strategy_kwargs": {
    "gamma": 0.1,
    "gamma_cap_factor": 5.0,
    "gamma_imb": 0.5,
    "gamma_inv_scale": 4.0,
    "gamma_vol_scale": 2.0,
    "gradient_penalty_ticks": 1.0,
    "gradient_threshold": 1.5,
    "k_vol": 1.3,
    "size_base": 0.01,
    "size_exp": 1.0,
    "size_min_factor": 0.1
  },
  "snapshots_processed": 1000,
  "sharpe_ratio": -1.2087257259644768,
  "capital_base": 10000.0,
  "sharpe_horizon_seconds": 60.0
}