{
  "final_pnl": -2.0868053848334966,
  "final_inventory": 0.0007265902278834405,
  "fill_count": 105,
  "max_drawdown": 2.821785531394198,
  "pnl_attribution": {
    "inventory_moves": -2.282882536660875,
    "fees": -0.6204006255459532,
    "spread_capture": 0.9660405630853967,
    "adverse_selection": -0.13559541475351167,
    "funding_rates": 0.0
  },
  "additional_metrics": {
    "orders_placed": 2065,
    "orders_placed_buy": 1072,
    "orders_placed_sell": 993,
    "maker_qty_placed": 45.14465743189306,
    "maker_qty_filled": 0.8763680324512926,
    "maker_fill_qty_rate": 0.019412441744040578,
    "avg_fill_latency_sec": 0.21092983296042994,
    "std_fill_latency_sec": 0.09133817622619758,
    "avg_queue_position": 0.657052596830155,
    "std_queue_position": 0.8868763079754025,
    "avg_order_lifetime_sec": 0.21092983296042994,
    "std_order_lifetime_sec": 0.09133817622619758,
    "avg_competition_size": 0.3532470718982017,
    "std_competition_size": 0.06818393111478588,
    "forced_liquidations": 0,
    "avg_forced_liq_cost": 0.0,
    "std_forced_liq_cost": 0.0,
    "taker_qty_hedge": 0.150247552080429,
    "taker_qty_cross": 0.0,
    "taker_trades_hedge": 9,
    "taker_trades_cross": 0,
    "taker_qty_total": 0.150247552080429,
    "notional_traded_btc": 1.0266155845317217,
    "notional_traded_usdt": 17658.102768243025
  },
  "strategy": "skew_mid_spread",
  "strategy_kwargs": {
    "extra_spread_ticks": 25.0,
    "gamma": 0.12,
    "gamma_cap_factor": 5.0,
    "gamma_imb": 0.5,
    "gamma_inv_scale": 1.0,
    "gamma_vol_scale": 2.0,
    "gradient_penalty_ticks": 1.0,
    "gradient_threshold": 1.5,
    "k_vol": 4.0,
    "size_base": 0.04,
    "size_exp": 2.0,
    "size_min_factor": 0.3
  },
  "snapshots_processed": 10000,
  "sharpe_ratio": -0.2649359176878421,
  "capital_base": 10000.0,
  "sharpe_horizon_seconds": 60.0
}