{
  "final_pnl": -7.16319820902936,
  "final_inventory": -0.0002289294799097709,
  "fill_count": 270,
  "max_drawdown": 7.16319820902936,
  "pnl_attribution": {
    "inventory_moves": -0.5868216108833023,
    "fees": -7.3578116887167555,
    "spread_capture": 1.0202735395852047,
    "adverse_selection": -0.24818216591364284,
    "funding_rates": 0.0
  },
  "additional_metrics": {
    "orders_placed": 538,
    "orders_placed_buy": 263,
    "orders_placed_sell": 275,
    "maker_qty_placed": 6.187894014109309,
    "maker_qty_filled": 1.2589506430400248,
    "maker_fill_qty_rate": 0.20345381484709207,
    "avg_fill_latency_sec": 0.18191082462383684,
    "std_fill_latency_sec": 0.1152467483474993,
    "avg_queue_position": 1.0772793739874986,
    "std_queue_position": 1.320518948739435,
    "avg_order_lifetime_sec": 0.19470063136641386,
    "std_order_lifetime_sec": 0.11170476104601504,
    "avg_competition_size": 0.7457681006593518,
    "std_competition_size": 0.14001192644464447,
    "forced_liquidations": 2,
    "avg_forced_liq_cost": 0.032263993899336874,
    "std_forced_liq_cost": 0.030232143645042047
  },
  "strategy": "skew_mid_spread",
  "strategy_kwargs": {
    "gamma": 0.1,
    "gamma_cap_factor": 5.0,
    "gamma_imb": 0.5,
    "gamma_inv_scale": 4.0,
    "gamma_vol_scale": 2.0,
    "gradient_penalty_ticks": 1.0,
    "gradient_threshold": 1.5,
    "k_vol": 1.3,
    "size_base": 0.02,
    "size_exp": 2.0,
    "size_min_factor": 0.2
  },
  "snapshots_processed": 1000,
  "sharpe_ratio": -1.1790047217391004,
  "capital_base": 10000.0,
  "sharpe_horizon_seconds": 60.0
}