{
  "final_pnl": -1.5824100788759097,
  "final_inventory": 0.005393802128473385,
  "fill_count": 262,
  "max_drawdown": 1.5824100788759097,
  "pnl_attribution": {
    "inventory_moves": -0.10017186666807322,
    "fees": -1.7061146992019665,
    "spread_capture": 0.2646440190173646,
    "adverse_selection": -0.04449267948385126,
    "funding_rates": 0.0
  },
  "additional_metrics": {
    "orders_placed": 606,
    "orders_placed_buy": 303,
    "orders_placed_sell": 303,
    "maker_qty_placed": 1.722670637813151,
    "maker_qty_filled": 0.30641194190867493,
    "maker_fill_qty_rate": 0.17787029927998912,
    "avg_fill_latency_sec": 0.18700665950775147,
    "std_fill_latency_sec": 0.10892929988650914,
    "avg_queue_position": 1.108987417950717,
    "std_queue_position": 1.3974511805051106,
    "avg_order_lifetime_sec": 0.2003933254877726,
    "std_order_lifetime_sec": 0.10019872498851265,
    "avg_competition_size": 0.6327130169783369,
    "std_competition_size": 0.11840102247969254,
    "forced_liquidations": 0,
    "avg_forced_liq_cost": 0.0,
    "std_forced_liq_cost": 0.0
  },
  "strategy": "skew_mid_spread",
  "strategy_kwargs": {
    "gamma": 0.1,
    "gamma_cap_factor": 5.0,
    "gamma_imb": 0.5,
    "gamma_inv_scale": 4.0,
    "gamma_vol_scale": 2.0,
    "gradient_penalty_ticks": 1.0,
    "gradient_threshold": 1.5,
    "k_vol": 1.3,
    "size_base": 0.005,
    "size_exp": 2.0,
    "size_min_factor": 0.1
  },
  "snapshots_processed": 1000,
  "sharpe_ratio": -1.093682460410953,
  "capital_base": 10000.0,
  "sharpe_horizon_seconds": 60.0
}