{
  "final_pnl": -2.5715884266483044,
  "final_inventory": 0.04900849728121891,
  "fill_count": 985,
  "max_drawdown": 3.6845863073940563,
  "pnl_attribution": {
    "inventory_moves": -2.571674449800428,
    "fees": -1.2097108371225835,
    "spread_capture": 1.4972743468758212,
    "adverse_selection": -0.16566942691809589,
    "funding_rates": 0.0
  },
  "additional_metrics": {
    "orders_placed": 2964,
    "orders_placed_buy": 1539,
    "orders_placed_sell": 1425,
    "maker_qty_placed": 64.94827729742613,
    "maker_qty_filled": 1.1073378244843242,
    "maker_fill_qty_rate": 0.017049533422008215,
    "avg_fill_latency_sec": 0.01595788280083345,
    "std_fill_latency_sec": 0.0611730462503589,
    "avg_queue_position": 0.08478249301101072,
    "std_queue_position": 0.5973163332835388,
    "avg_order_lifetime_sec": 0.01595788280083345,
    "std_order_lifetime_sec": 0.0611730462503589,
    "avg_competition_size": 0.35386090341951765,
    "std_competition_size": 0.06707624707500301,
    "forced_liquidations": 0,
    "avg_forced_liq_cost": 0.0,
    "std_forced_liq_cost": 0.0,
    "taker_qty_hedge": 0.2929352588883041,
    "taker_qty_cross": 0.0,
    "taker_trades_hedge": 867,
    "taker_trades_cross": 0,
    "taker_qty_total": 0.2929352588883041,
    "notional_traded_btc": 1.4002730833726276,
    "notional_traded_usdt": 24091.13010182707
  },
  "strategy": "skew_mid_spread",
  "strategy_kwargs": {
    "extra_spread_ticks": 25.0,
    "gamma": 0.08,
    "gamma_cap_factor": 5.0,
    "gamma_imb": 0.5,
    "gamma_inv_scale": 1.0,
    "gamma_vol_scale": 2.0,
    "gradient_penalty_ticks": 1.0,
    "gradient_threshold": 1.5,
    "k_vol": 2.0,
    "size_base": 0.04,
    "size_exp": 2.0,
    "size_min_factor": 0.3
  },
  "snapshots_processed": 10000,
  "sharpe_ratio": -0.2634037819766003,
  "capital_base": 10000.0,
  "sharpe_horizon_seconds": 60.0
}