{
  "final_pnl": -1.6657172693012399,
  "final_inventory": 0.0013672226386747764,
  "fill_count": 265,
  "max_drawdown": 1.6657172693012399,
  "pnl_attribution": {
    "inventory_moves": -0.1156803378993404,
    "fees": -1.7633938584934352,
    "spread_capture": 0.2589381674361902,
    "adverse_selection": -0.047384985603050954,
    "funding_rates": 0.0
  },
  "additional_metrics": {
    "orders_placed": 535,
    "orders_placed_buy": 260,
    "orders_placed_sell": 275,
    "maker_qty_placed": 1.5383580121971512,
    "maker_qty_filled": 0.31585250649702656,
    "maker_fill_qty_rate": 0.20531794549300783,
    "avg_fill_latency_sec": 0.1878684163093567,
    "std_fill_latency_sec": 0.11222344149670033,
    "avg_queue_position": 1.1106682351929622,
    "std_queue_position": 1.4133228934004187,
    "avg_order_lifetime_sec": 0.20107894037899218,
    "std_order_lifetime_sec": 0.1077071724710032,
    "avg_competition_size": 0.6414462914920488,
    "std_competition_size": 0.12187726574243209,
    "forced_liquidations": 0,
    "avg_forced_liq_cost": 0.0,
    "std_forced_liq_cost": 0.0
  },
  "strategy": "skew_mid_spread",
  "strategy_kwargs": {
    "gamma": 0.1,
    "gamma_cap_factor": 5.0,
    "gamma_imb": 0.5,
    "gamma_inv_scale": 4.0,
    "gamma_vol_scale": 2.0,
    "gradient_penalty_ticks": 1.0,
    "gradient_threshold": 1.5,
    "k_vol": 1.3,
    "size_base": 0.005,
    "size_exp": 1.0,
    "size_min_factor": 0.1
  },
  "snapshots_processed": 1000,
  "sharpe_ratio": -1.1462241485931983,
  "capital_base": 10000.0,
  "sharpe_horizon_seconds": 60.0
}