{
  "final_pnl": -0.0896615580550133,
  "final_inventory": 0.00595059763796997,
  "fill_count": 32,
  "max_drawdown": 0.35855435944904457,
  "pnl_attribution": {
    "inventory_moves": -0.05491234327108759,
    "fees": -0.06593602369262584,
    "spread_capture": 0.04268991327651061,
    "adverse_selection": -0.006499165334998531,
    "funding_rates": 0.0
  },
  "additional_metrics": {
    "orders_placed": 1585,
    "orders_placed_buy": 820,
    "orders_placed_sell": 765,
    "maker_qty_placed": 4.352032492360192,
    "maker_qty_filled": 0.03834465441888586,
    "maker_fill_qty_rate": 0.008810746354995803,
    "avg_fill_latency_sec": 0.25074999034404755,
    "std_fill_latency_sec": 0.0009014010122698036,
    "avg_queue_position": 1.4023264511337281,
    "std_queue_position": 1.9305094477467568,
    "avg_order_lifetime_sec": 0.25074999034404755,
    "std_order_lifetime_sec": 0.0009014010122698036,
    "avg_competition_size": 0.25875802456695174,
    "std_competition_size": 0.04932486845721603,
    "forced_liquidations": 0,
    "avg_forced_liq_cost": 0.0,
    "std_forced_liq_cost": 0.0,
    "taker_qty_hedge": 0.0,
    "taker_qty_cross": 0.0,
    "taker_trades_hedge": 0,
    "taker_trades_cross": 0,
    "taker_qty_total": 0.0,
    "notional_traded_btc": 0.03834465441888586,
    "notional_traded_usdt": 659.3602369262585
  },
  "strategy": "skew_mid_spread",
  "strategy_kwargs": {
    "extra_spread_ticks": 24.0,
    "gamma": 0.16,
    "gamma_cap_factor": 5.0,
    "gamma_imb": 0.5,
    "gamma_inv_scale": 1.0,
    "gamma_vol_scale": 1.0,
    "gradient_penalty_ticks": 1.0,
    "gradient_threshold": 1.5,
    "k_vol": 4.0,
    "size_base": 0.005,
    "size_exp": 2.0,
    "size_min_factor": 0.3
  },
  "snapshots_processed": 10000,
  "sharpe_ratio": -0.07620292310778434,
  "capital_base": 10000.0,
  "sharpe_horizon_seconds": 60.0
}