{
  "final_pnl": -7.29912315641559,
  "final_inventory": 0.012278623557488669,
  "fill_count": 279,
  "max_drawdown": 7.29912315641559,
  "pnl_attribution": {
    "inventory_moves": -0.6253132447856766,
    "fees": -7.61492067792361,
    "spread_capture": 1.3008921576264851,
    "adverse_selection": -0.3387765091731424,
    "funding_rates": 0.0
  },
  "additional_metrics": {
    "orders_placed": 608,
    "orders_placed_buy": 303,
    "orders_placed_sell": 305,
    "maker_qty_placed": 6.917495447848727,
    "maker_qty_filled": 1.2943204266623036,
    "maker_fill_qty_rate": 0.18710824407767765,
    "avg_fill_latency_sec": 0.1808888853332143,
    "std_fill_latency_sec": 0.11218370955175962,
    "avg_queue_position": 1.1106062135935877,
    "std_queue_position": 1.385086732519112,
    "avg_order_lifetime_sec": 0.19019135428063663,
    "std_order_lifetime_sec": 0.10709719231542851,
    "avg_competition_size": 0.7277902875939665,
    "std_competition_size": 0.14579331674080484,
    "forced_liquidations": 2,
    "avg_forced_liq_cost": 0.07250560876380734,
    "std_forced_liq_cost": 0.04608199193396412
  },
  "strategy": "skew_mid_spread",
  "strategy_kwargs": {
    "gamma": 0.1,
    "gamma_cap_factor": 5.0,
    "gamma_imb": 0.5,
    "gamma_inv_scale": 4.0,
    "gamma_vol_scale": 2.0,
    "gradient_penalty_ticks": 1.0,
    "gradient_threshold": 1.5,
    "k_vol": 1.3,
    "size_base": 0.02,
    "size_exp": 1.0,
    "size_min_factor": 0.2
  },
  "snapshots_processed": 1000,
  "sharpe_ratio": -1.1735750188053657,
  "capital_base": 10000.0,
  "sharpe_horizon_seconds": 60.0
}