{
  "final_pnl": -2.86017793524843,
  "final_inventory": 0.04118646482381405,
  "fill_count": 2359,
  "max_drawdown": 3.940583605108259,
  "pnl_attribution": {
    "inventory_moves": -1.215010045643027,
    "fees": -2.5453701821890276,
    "spread_capture": 1.0205329156642258,
    "adverse_selection": -0.1280022718112737,
    "funding_rates": 0.0
  },
  "additional_metrics": {
    "orders_placed": 2065,
    "orders_placed_buy": 1071,
    "orders_placed_sell": 994,
    "maker_qty_placed": 45.12994936667808,
    "maker_qty_filled": 0.8027773391386299,
    "maker_fill_qty_rate": 0.0177881285134205,
    "avg_fill_latency_sec": 0.004878565578905796,
    "std_fill_latency_sec": 0.0346432070127663,
    "avg_queue_position": 0.014917832694580743,
    "std_queue_position": 0.1708092843866984,
    "avg_order_lifetime_sec": 0.004878565578905796,
    "std_order_lifetime_sec": 0.0346432070127663,
    "avg_competition_size": 0.35394534418495044,
    "std_competition_size": 0.06841429052468921,
    "forced_liquidations": 0,
    "avg_forced_liq_cost": 0.0,
    "std_forced_liq_cost": 0.0,
    "taker_qty_hedge": 0.22554088003016745,
    "taker_qty_cross": 0.0,
    "taker_trades_hedge": 2269,
    "taker_trades_cross": 0,
    "taker_qty_total": 0.22554088003016745,
    "notional_traded_btc": 1.0283182191687967,
    "notional_traded_usdt": 17691.08491875278
  },
  "strategy": "skew_mid_spread",
  "strategy_kwargs": {
    "extra_spread_ticks": 26.0,
    "gamma": 0.16,
    "gamma_cap_factor": 5.0,
    "gamma_imb": 0.5,
    "gamma_inv_scale": 1.0,
    "gamma_vol_scale": 2.0,
    "gradient_penalty_ticks": 1.0,
    "gradient_threshold": 1.5,
    "k_vol": 4.0,
    "size_base": 0.04,
    "size_exp": 2.0,
    "size_min_factor": 0.3
  },
  "snapshots_processed": 10000,
  "sharpe_ratio": -0.31062508986752946,
  "capital_base": 10000.0,
  "sharpe_horizon_seconds": 60.0
}