{
  "final_pnl": -1.7979929245793755,
  "final_inventory": 0.003261734599563605,
  "fill_count": 265,
  "max_drawdown": 1.7979929245793755,
  "pnl_attribution": {
    "inventory_moves": -0.1333540945335997,
    "fees": -1.8075741652477286,
    "spread_capture": 0.18747095556140025,
    "adverse_selection": -0.046685725255736645,
    "funding_rates": 0.0
  },
  "additional_metrics": {
    "orders_placed": 608,
    "orders_placed_buy": 303,
    "orders_placed_sell": 305,
    "maker_qty_placed": 1.7295659724186163,
    "maker_qty_filled": 0.3170873331726394,
    "maker_fill_qty_rate": 0.18333347107264492,
    "avg_fill_latency_sec": 0.18333986226250143,
    "std_fill_latency_sec": 0.1109288231329365,
    "avg_queue_position": 1.124312796316129,
    "std_queue_position": 1.4380386795830185,
    "avg_order_lifetime_sec": 0.1948235221937591,
    "std_order_lifetime_sec": 0.10413949011427952,
    "avg_competition_size": 0.6312258375753246,
    "std_competition_size": 0.12252984132527057,
    "forced_liquidations": 0,
    "avg_forced_liq_cost": 0.0,
    "std_forced_liq_cost": 0.0
  },
  "strategy": "skew_mid_spread",
  "strategy_kwargs": {
    "gamma": 0.1,
    "gamma_cap_factor": 5.0,
    "gamma_imb": 0.5,
    "gamma_inv_scale": 4.0,
    "gamma_vol_scale": 2.0,
    "gradient_penalty_ticks": 1.0,
    "gradient_threshold": 1.5,
    "k_vol": 1.3,
    "size_base": 0.005,
    "size_exp": 3.0,
    "size_min_factor": 0.3
  },
  "snapshots_processed": 1000,
  "sharpe_ratio": -1.1702324269010067,
  "capital_base": 10000.0,
  "sharpe_horizon_seconds": 60.0
}