{
  "final_pnl": -7.651233494305416,
  "final_inventory": 0.017616400859685542,
  "fill_count": 279,
  "max_drawdown": 7.651233494305416,
  "pnl_attribution": {
    "inventory_moves": -0.7094718188094098,
    "fees": -7.7070336016259064,
    "spread_capture": 0.9672009591768986,
    "adverse_selection": -0.19396998718158884,
    "funding_rates": 0.0
  },
  "additional_metrics": {
    "orders_placed": 542,
    "orders_placed_buy": 267,
    "orders_placed_sell": 275,
    "maker_qty_placed": 6.228334624082849,
    "maker_qty_filled": 1.3029086798990326,
    "maker_fill_qty_rate": 0.20919053945193125,
    "avg_fill_latency_sec": 0.18705554950384445,
    "std_fill_latency_sec": 0.13137972339974702,
    "avg_queue_position": 1.129552426008905,
    "std_queue_position": 1.3775880581814282,
    "avg_order_lifetime_sec": 0.20098764808089645,
    "std_order_lifetime_sec": 0.13290291261283704,
    "avg_competition_size": 0.7406701109471354,
    "std_competition_size": 0.14358404058140462,
    "forced_liquidations": 0,
    "avg_forced_liq_cost": 0.0,
    "std_forced_liq_cost": 0.0
  },
  "strategy": "skew_mid_spread",
  "strategy_kwargs": {
    "gamma": 0.1,
    "gamma_cap_factor": 5.0,
    "gamma_imb": 0.5,
    "gamma_inv_scale": 4.0,
    "gamma_vol_scale": 2.0,
    "gradient_penalty_ticks": 1.0,
    "gradient_threshold": 1.5,
    "k_vol": 1.3,
    "size_base": 0.02,
    "size_exp": 3.0,
    "size_min_factor": 0.3
  },
  "snapshots_processed": 1000,
  "sharpe_ratio": -1.2177517093504004,
  "capital_base": 10000.0,
  "sharpe_horizon_seconds": 60.0
}