{
  "final_pnl": -3.439646931097741,
  "final_inventory": 0.0014897807496316098,
  "fill_count": 268,
  "max_drawdown": 3.439646931097741,
  "pnl_attribution": {
    "inventory_moves": -0.24097399012651277,
    "fees": -3.4917716782336607,
    "spread_capture": 0.38758245807701863,
    "adverse_selection": -0.0911929189623403,
    "funding_rates": 0.0
  },
  "additional_metrics": {
    "orders_placed": 534,
    "orders_placed_buy": 260,
    "orders_placed_sell": 274,
    "maker_qty_placed": 3.0712473810236216,
    "maker_qty_filled": 0.6365683499718201,
    "maker_fill_qty_rate": 0.2072670387624904,
    "avg_fill_latency_sec": 0.18990195498746984,
    "std_fill_latency_sec": 0.11102521259635732,
    "avg_queue_position": 1.1309417918517393,
    "std_queue_position": 1.4085120810147225,
    "avg_order_lifetime_sec": 0.20466012269063713,
    "std_order_lifetime_sec": 0.10502343922842426,
    "avg_competition_size": 0.658090853229338,
    "std_competition_size": 0.13405281025681268,
    "forced_liquidations": 0,
    "avg_forced_liq_cost": 0.0,
    "std_forced_liq_cost": 0.0
  },
  "strategy": "skew_mid_spread",
  "strategy_kwargs": {
    "gamma": 0.1,
    "gamma_cap_factor": 5.0,
    "gamma_imb": 0.5,
    "gamma_inv_scale": 4.0,
    "gamma_vol_scale": 2.0,
    "gradient_penalty_ticks": 1.0,
    "gradient_threshold": 1.5,
    "k_vol": 1.3,
    "size_base": 0.01,
    "size_exp": 2.0,
    "size_min_factor": 0.1
  },
  "snapshots_processed": 1000,
  "sharpe_ratio": -1.1749415656524238,
  "capital_base": 10000.0,
  "sharpe_horizon_seconds": 60.0
}