{
  "final_pnl": -0.3419945230380108,
  "final_inventory": 0.0025828352543733166,
  "fill_count": 70,
  "max_drawdown": 0.42877838158165105,
  "pnl_attribution": {
    "inventory_moves": -0.2778113013281218,
    "fees": -0.14311795061435675,
    "spread_capture": 0.09506642923272343,
    "adverse_selection": -0.01172236950665261,
    "funding_rates": 0.0
  },
  "additional_metrics": {
    "orders_placed": 2963,
    "orders_placed_buy": 1540,
    "orders_placed_sell": 1423,
    "maker_qty_placed": 8.126964735132177,
    "maker_qty_filled": 0.08320873026062474,
    "maker_fill_qty_rate": 0.010238598661677525,
    "avg_fill_latency_sec": 0.25065713609967916,
    "std_fill_latency_sec": 0.0007907664821839264,
    "avg_queue_position": 1.5056473678420357,
    "std_queue_position": 1.8781182399122613,
    "avg_order_lifetime_sec": 0.25065713609967916,
    "std_order_lifetime_sec": 0.0007907664821839264,
    "avg_competition_size": 0.26021636536882375,
    "std_competition_size": 0.04753043717298416,
    "forced_liquidations": 0,
    "avg_forced_liq_cost": 0.0,
    "std_forced_liq_cost": 0.0,
    "taker_qty_hedge": 0.0,
    "taker_qty_cross": 0.0,
    "taker_trades_hedge": 0,
    "taker_trades_cross": 0,
    "taker_qty_total": 0.0,
    "notional_traded_btc": 0.08320873026062474,
    "notional_traded_usdt": 1431.1795061435676
  },
  "strategy": "skew_mid_spread",
  "strategy_kwargs": {
    "extra_spread_ticks": 36.0,
    "gamma": 0.16,
    "gamma_cap_factor": 5.0,
    "gamma_imb": 0.5,
    "gamma_inv_scale": 2.0,
    "gamma_vol_scale": 0.0,
    "gradient_penalty_ticks": 1.0,
    "gradient_threshold": 1.5,
    "k_vol": 4.0,
    "size_base": 0.005,
    "size_exp": 2.0,
    "size_min_factor": 0.3
  },
  "snapshots_processed": 10000,
  "sharpe_ratio": -0.31109246862949286,
  "capital_base": 10000.0,
  "sharpe_horizon_seconds": 60.0
}