{
  "final_pnl": -1.5831117377456394,
  "final_inventory": 0.003752699452044014,
  "fill_count": 261,
  "max_drawdown": 1.5831117377456394,
  "pnl_attribution": {
    "inventory_moves": -0.10494798059353938,
    "fees": -1.6942498036052498,
    "spread_capture": 0.25803357026997514,
    "adverse_selection": -0.045094574005443346,
    "funding_rates": 0.0
  },
  "additional_metrics": {
    "orders_placed": 607,
    "orders_placed_buy": 303,
    "orders_placed_sell": 304,
    "maker_qty_placed": 1.7250261974527645,
    "maker_qty_filled": 0.308249731175716,
    "maker_fill_qty_rate": 0.17869278253912238,
    "avg_fill_latency_sec": 0.1882684502825641,
    "std_fill_latency_sec": 0.10821173465394622,
    "avg_queue_position": 1.116876475719229,
    "std_queue_position": 1.4016727968346443,
    "avg_order_lifetime_sec": 0.20006039638647297,
    "std_order_lifetime_sec": 0.10045167658384667,
    "avg_competition_size": 0.6312993340321478,
    "std_competition_size": 0.1246952932921682,
    "forced_liquidations": 0,
    "avg_forced_liq_cost": 0.0,
    "std_forced_liq_cost": 0.0
  },
  "strategy": "skew_mid_spread",
  "strategy_kwargs": {
    "gamma": 0.1,
    "gamma_cap_factor": 5.0,
    "gamma_imb": 0.5,
    "gamma_inv_scale": 4.0,
    "gamma_vol_scale": 2.0,
    "gradient_penalty_ticks": 1.0,
    "gradient_threshold": 1.5,
    "k_vol": 1.3,
    "size_base": 0.005,
    "size_exp": 3.0,
    "size_min_factor": 0.1
  },
  "snapshots_processed": 1000,
  "sharpe_ratio": -1.0730367818584696,
  "capital_base": 10000.0,
  "sharpe_horizon_seconds": 60.0
}