{
  "final_pnl": -2.156542540598821,
  "final_inventory": 0.0007901166852229921,
  "fill_count": 268,
  "max_drawdown": 2.156542540598821,
  "pnl_attribution": {
    "inventory_moves": -0.22791873058309328,
    "fees": -2.066681241441394,
    "spread_capture": 0.18388005265686969,
    "adverse_selection": -0.044844806765065914,
    "funding_rates": 0.0
  },
  "additional_metrics": {
    "orders_placed": 524,
    "orders_placed_buy": 264,
    "orders_placed_sell": 260,
    "maker_qty_placed": 1.5111781335382863,
    "maker_qty_filled": 0.29763729061571037,
    "maker_fill_qty_rate": 0.19695711842972455,
    "avg_fill_latency_sec": 0.16799378839338788,
    "std_fill_latency_sec": 0.12096483317536134,
    "avg_queue_position": 1.427576863356916,
    "std_queue_position": 1.7367575530907127,
    "avg_order_lifetime_sec": 0.17576397427860996,
    "std_order_lifetime_sec": 0.11792173045611432,
    "avg_competition_size": 0.6424451734701105,
    "std_competition_size": 0.1201795432579321,
    "forced_liquidations": 0,
    "avg_forced_liq_cost": 0.0,
    "std_forced_liq_cost": 0.0
  },
  "strategy": "skew_mid_spread",
  "strategy_kwargs": {
    "gamma": 0.05,
    "gamma_cap_factor": 5.0,
    "gamma_imb": 0.5,
    "gamma_inv_scale": 1.0,
    "gamma_vol_scale": 0.0,
    "gradient_penalty_ticks": 1.0,
    "gradient_threshold": 1.5,
    "k_vol": 0.8,
    "size_base": 0.005,
    "size_exp": 2.0,
    "size_min_factor": 0.3
  },
  "snapshots_processed": 1000,
  "sharpe_ratio": -1.3331775836184272,
  "capital_base": 10000.0,
  "sharpe_horizon_seconds": 60.0
}