{
  "final_pnl": -8.062750500766924,
  "final_inventory": 0.017945457338530243,
  "fill_count": 291,
  "max_drawdown": 8.062750500766924,
  "pnl_attribution": {
    "inventory_moves": -0.23956545640029522,
    "fees": -7.726572503573292,
    "spread_capture": 1.066992050968014,
    "adverse_selection": -1.1080506091909008,
    "funding_rates": 0.0
  },
  "additional_metrics": {
    "orders_placed": 532,
    "orders_placed_buy": 261,
    "orders_placed_sell": 271,
    "maker_qty_placed": 6.11059717589545,
    "maker_qty_filled": 1.366617875498173,
    "maker_fill_qty_rate": 0.22364718801774203,
    "avg_fill_latency_sec": 0.18824259910357774,
    "std_fill_latency_sec": 0.13283568551683683,
    "avg_queue_position": 1.1359409258124675,
    "std_queue_position": 1.371851280912999,
    "avg_order_lifetime_sec": 0.20160946197058321,
    "std_order_lifetime_sec": 0.1285884695381645,
    "avg_competition_size": 0.737133779527609,
    "std_competition_size": 0.14395299993943797,
    "forced_liquidations": 12,
    "avg_forced_liq_cost": 0.07576312892412364,
    "std_forced_liq_cost": 0.0496671287561049
  },
  "strategy": "skew_mid_spread",
  "strategy_kwargs": {
    "gamma": 0.1,
    "gamma_cap_factor": 5.0,
    "gamma_imb": 0.5,
    "gamma_inv_scale": 4.0,
    "gamma_vol_scale": 2.0,
    "gradient_penalty_ticks": 1.0,
    "gradient_threshold": 1.5,
    "k_vol": 1.3,
    "size_base": 0.02,
    "size_exp": 1.0,
    "size_min_factor": 0.1
  },
  "snapshots_processed": 1000,
  "sharpe_ratio": -1.1757276373561292,
  "capital_base": 10000.0,
  "sharpe_horizon_seconds": 60.0
}