{
  "final_pnl": -3.2538608018803643,
  "final_inventory": 0.00033738774111276813,
  "fill_count": 273,
  "max_drawdown": 3.2538608018803643,
  "pnl_attribution": {
    "inventory_moves": -0.23534622212447398,
    "fees": -3.4533473906107046,
    "spread_capture": 0.5296871382706946,
    "adverse_selection": -0.09750791318220621,
    "funding_rates": 0.0
  },
  "additional_metrics": {
    "orders_placed": 538,
    "orders_placed_buy": 264,
    "orders_placed_sell": 274,
    "maker_qty_placed": 3.090862658242141,
    "maker_qty_filled": 0.6400948606939462,
    "maker_fill_qty_rate": 0.2070926247683829,
    "avg_fill_latency_sec": 0.19390967430606965,
    "std_fill_latency_sec": 0.11220444162344348,
    "avg_queue_position": 1.141532781833527,
    "std_queue_position": 1.368997717630606,
    "avg_order_lifetime_sec": 0.20686451081306703,
    "std_order_lifetime_sec": 0.10706344274019088,
    "avg_competition_size": 0.6690893527372597,
    "std_competition_size": 0.1264565164043437,
    "forced_liquidations": 0,
    "avg_forced_liq_cost": 0.0,
    "std_forced_liq_cost": 0.0
  },
  "strategy": "skew_mid_spread",
  "strategy_kwargs": {
    "gamma": 0.1,
    "gamma_cap_factor": 5.0,
    "gamma_imb": 0.5,
    "gamma_inv_scale": 4.0,
    "gamma_vol_scale": 2.0,
    "gradient_penalty_ticks": 1.0,
    "gradient_threshold": 1.5,
    "k_vol": 1.3,
    "size_base": 0.01,
    "size_exp": 2.0,
    "size_min_factor": 0.1
  },
  "snapshots_processed": 1000,
  "sharpe_ratio": -1.1523819971583626,
  "capital_base": 10000.0,
  "sharpe_horizon_seconds": 60.0
}