{
  "final_pnl": -1.6122888352747395,
  "final_inventory": 0.0019529804964760044,
  "fill_count": 264,
  "max_drawdown": 1.6122888352747395,
  "pnl_attribution": {
    "inventory_moves": -0.08155457585219528,
    "fees": -1.703393651379195,
    "spread_capture": 0.22271237646369985,
    "adverse_selection": -0.04880996313547893,
    "funding_rates": 0.0
  },
  "additional_metrics": {
    "orders_placed": 530,
    "orders_placed_buy": 258,
    "orders_placed_sell": 272,
    "maker_qty_placed": 1.5239243120198427,
    "maker_qty_filled": 0.32291925359540563,
    "maker_fill_qty_rate": 0.21189979781043153,
    "avg_fill_latency_sec": 0.19201999346415202,
    "std_fill_latency_sec": 0.10982758825965827,
    "avg_queue_position": 1.1418669505921153,
    "std_queue_position": 1.419625115419693,
    "avg_order_lifetime_sec": 0.20540665785471598,
    "std_order_lifetime_sec": 0.10460439908301405,
    "avg_competition_size": 0.6412521286888357,
    "std_competition_size": 0.12135929973969053,
    "forced_liquidations": 0,
    "avg_forced_liq_cost": 0.0,
    "std_forced_liq_cost": 0.0
  },
  "strategy": "skew_mid_spread",
  "strategy_kwargs": {
    "gamma": 0.1,
    "gamma_cap_factor": 5.0,
    "gamma_imb": 0.5,
    "gamma_inv_scale": 4.0,
    "gamma_vol_scale": 2.0,
    "gradient_penalty_ticks": 1.0,
    "gradient_threshold": 1.5,
    "k_vol": 1.3,
    "size_base": 0.005,
    "size_exp": 2.0,
    "size_min_factor": 0.1
  },
  "snapshots_processed": 1000,
  "sharpe_ratio": -1.1843560990125976,
  "capital_base": 10000.0,
  "sharpe_horizon_seconds": 60.0
}