{
  "final_pnl": -2.1597774239853607,
  "final_inventory": 0.00015443587412056073,
  "fill_count": 273,
  "max_drawdown": 2.1597774239853607,
  "pnl_attribution": {
    "inventory_moves": -0.22150453072542156,
    "fees": -2.0492620529294205,
    "spread_capture": 0.16285854758858626,
    "adverse_selection": -0.04705689405161223,
    "funding_rates": 0.0
  },
  "additional_metrics": {
    "orders_placed": 523,
    "orders_placed_buy": 264,
    "orders_placed_sell": 259,
    "maker_qty_placed": 1.5076909254692783,
    "maker_qty_filled": 0.3175330759004246,
    "maker_fill_qty_rate": 0.2106088658732163,
    "avg_fill_latency_sec": 0.17314197251826158,
    "std_fill_latency_sec": 0.11900056309614199,
    "avg_queue_position": 1.4610828610044768,
    "std_queue_position": 1.7509600086290595,
    "avg_order_lifetime_sec": 0.18086419429308104,
    "std_order_lifetime_sec": 0.11558340971395246,
    "avg_competition_size": 0.6307727618631768,
    "std_competition_size": 0.12266553448138162,
    "forced_liquidations": 0,
    "avg_forced_liq_cost": 0.0,
    "std_forced_liq_cost": 0.0
  },
  "strategy": "skew_mid_spread",
  "strategy_kwargs": {
    "gamma": 0.1,
    "gamma_cap_factor": 5.0,
    "gamma_imb": 0.5,
    "gamma_inv_scale": 2.0,
    "gamma_vol_scale": 0.0,
    "gradient_penalty_ticks": 1.0,
    "gradient_threshold": 1.5,
    "k_vol": 0.8,
    "size_base": 0.005,
    "size_exp": 2.0,
    "size_min_factor": 0.3
  },
  "snapshots_processed": 1000,
  "sharpe_ratio": -1.3602092402868569,
  "capital_base": 10000.0,
  "sharpe_horizon_seconds": 60.0
}