{
  "final_pnl": -1.6674903515304322,
  "final_inventory": 0.06235055840601755,
  "fill_count": 3062,
  "max_drawdown": 3.838446485109671,
  "pnl_attribution": {
    "inventory_moves": -1.2928390302175374,
    "fees": -1.3183636978932076,
    "spread_capture": 1.0888656654662148,
    "adverse_selection": -0.12897426358861946,
    "funding_rates": 0.0
  },
  "additional_metrics": {
    "orders_placed": 2053,
    "orders_placed_buy": 1060,
    "orders_placed_sell": 993,
    "maker_qty_placed": 44.853146501424916,
    "maker_qty_filled": 0.8486263300797086,
    "maker_fill_qty_rate": 0.01892010697739453,
    "avg_fill_latency_sec": 0.0038236078438139086,
    "std_fill_latency_sec": 0.030723853380881315,
    "avg_queue_position": 0.013254655234997609,
    "std_queue_position": 0.17210617563686886,
    "avg_order_lifetime_sec": 0.0038236078438139086,
    "std_order_lifetime_sec": 0.030723853380881315,
    "avg_competition_size": 0.3536002728923535,
    "std_competition_size": 0.06874096195082169,
    "forced_liquidations": 0,
    "avg_forced_liq_cost": 0.0,
    "std_forced_liq_cost": 0.0,
    "taker_qty_hedge": 0.3192846047580312,
    "taker_qty_cross": 0.0,
    "taker_trades_hedge": 2970,
    "taker_trades_cross": 0,
    "taker_qty_total": 0.3192846047580312,
    "notional_traded_btc": 1.1679109348377388,
    "notional_traded_usdt": 20088.80303032911
  },
  "strategy": "skew_mid_spread",
  "strategy_kwargs": {
    "extra_spread_ticks": 10.0,
    "gamma": 0.16,
    "gamma_cap_factor": 5.0,
    "gamma_imb": 0.5,
    "gamma_inv_scale": 1.0,
    "gamma_vol_scale": 2.0,
    "gradient_penalty_ticks": 1.0,
    "gradient_threshold": 1.5,
    "k_vol": 2.0,
    "size_base": 0.04,
    "size_exp": 2.0,
    "size_min_factor": 0.3
  },
  "snapshots_processed": 10000,
  "sharpe_ratio": -0.16371671380775404,
  "capital_base": 10000.0,
  "sharpe_horizon_seconds": 60.0
}