{
  "final_pnl": -0.29919106491070124,
  "final_inventory": 0.004120428072615062,
  "fill_count": 967,
  "max_drawdown": 3.245707323365423,
  "pnl_attribution": {
    "inventory_moves": -0.13391426080791843,
    "fees": -0.846385587751927,
    "spread_capture": 0.7947334258003017,
    "adverse_selection": -0.12137521699038864,
    "funding_rates": 0.0
  },
  "additional_metrics": {
    "orders_placed": 2063,
    "orders_placed_buy": 1070,
    "orders_placed_sell": 993,
    "maker_qty_placed": 45.06443025619021,
    "maker_qty_filled": 0.735057867822473,
    "maker_fill_qty_rate": 0.016311265085205483,
    "avg_fill_latency_sec": 0.011662338203165954,
    "std_fill_latency_sec": 0.05278875331603622,
    "avg_queue_position": 0.0411420093498454,
    "std_queue_position": 0.30902950026756437,
    "avg_order_lifetime_sec": 0.011662338203165954,
    "std_order_lifetime_sec": 0.05278875331603622,
    "avg_competition_size": 0.3557027289148384,
    "std_competition_size": 0.06834865536045881,
    "forced_liquidations": 0,
    "avg_forced_liq_cost": 0.0,
    "std_forced_liq_cost": 0.0,
    "taker_qty_hedge": 0.20500299753716586,
    "taker_qty_cross": 0.0,
    "taker_trades_hedge": 881,
    "taker_trades_cross": 0,
    "taker_qty_total": 0.20500299753716586,
    "notional_traded_btc": 0.9400608653596375,
    "notional_traded_usdt": 16169.368419367536
  },
  "strategy": "skew_mid_spread",
  "strategy_kwargs": {
    "extra_spread_ticks": 20.0,
    "gamma": 0.08,
    "gamma_cap_factor": 5.0,
    "gamma_imb": 0.5,
    "gamma_inv_scale": 1.0,
    "gamma_vol_scale": 2.0,
    "gradient_penalty_ticks": 1.0,
    "gradient_threshold": 1.5,
    "k_vol": 2.0,
    "size_base": 0.04,
    "size_exp": 2.0,
    "size_min_factor": 0.3
  },
  "snapshots_processed": 10000,
  "sharpe_ratio": -0.025599858245335734,
  "capital_base": 10000.0,
  "sharpe_horizon_seconds": 60.0
}