{
  "final_pnl": -21.086989023657225,
  "final_inventory": 0.05,
  "fill_count": 310,
  "max_drawdown": 21.086989023657225,
  "pnl_attribution": {
    "inventory_moves": -0.17518344897266291,
    "fees": -17.301507982910625,
    "spread_capture": 1.750059265858482,
    "adverse_selection": -5.097042775917495,
    "funding_rates": 0.0
  },
  "additional_metrics": {
    "orders_placed": 606,
    "orders_placed_buy": 302,
    "orders_placed_sell": 304,
    "maker_qty_placed": 13.753779523171701,
    "maker_qty_filled": 2.6880424451598337,
    "maker_fill_qty_rate": 0.19544027448099993,
    "avg_fill_latency_sec": 0.16253190979044488,
    "std_fill_latency_sec": 0.11954596372749644,
    "avg_queue_position": 1.1439195987940611,
    "std_queue_position": 1.4485077510679605,
    "avg_order_lifetime_sec": 0.17188297307237665,
    "std_order_lifetime_sec": 0.11624394875715645,
    "avg_competition_size": 0.872484117516489,
    "std_competition_size": 0.1727906904529911,
    "forced_liquidations": 34,
    "avg_forced_liq_cost": 0.13855391054661328,
    "std_forced_liq_cost": 0.1006012543048708
  },
  "strategy": "skew_mid_spread",
  "strategy_kwargs": {
    "gamma": 0.1,
    "gamma_cap_factor": 5.0,
    "gamma_imb": 0.5,
    "gamma_inv_scale": 4.0,
    "gamma_vol_scale": 2.0,
    "gradient_penalty_ticks": 1.0,
    "gradient_threshold": 1.5,
    "k_vol": 1.3,
    "size_base": 0.04,
    "size_exp": 1.0,
    "size_min_factor": 0.2
  },
  "snapshots_processed": 1000,
  "sharpe_ratio": -1.442104688867479,
  "capital_base": 10000.0,
  "sharpe_horizon_seconds": 60.0
}