{
  "final_pnl": -23.054933748424446,
  "final_inventory": 0.03104197900349999,
  "fill_count": 329,
  "max_drawdown": 23.054933748424446,
  "pnl_attribution": {
    "inventory_moves": -0.1286587427331526,
    "fees": -18.722056434885502,
    "spread_capture": 2.2747069060629386,
    "adverse_selection": -6.169857123647773,
    "funding_rates": 0.0
  },
  "additional_metrics": {
    "orders_placed": 538,
    "orders_placed_buy": 266,
    "orders_placed_sell": 272,
    "maker_qty_placed": 12.329450512278004,
    "maker_qty_filled": 2.895053239512446,
    "maker_fill_qty_rate": 0.23480796947353597,
    "avg_fill_latency_sec": 0.1673869307915769,
    "std_fill_latency_sec": 0.12568248036478694,
    "avg_queue_position": 1.1038592533665335,
    "std_queue_position": 1.3965114418335023,
    "avg_order_lifetime_sec": 0.1799899441512985,
    "std_order_lifetime_sec": 0.13075408963597476,
    "avg_competition_size": 0.8639894218585346,
    "std_competition_size": 0.17695009627556194,
    "forced_liquidations": 36,
    "avg_forced_liq_cost": 0.15894974718819418,
    "std_forced_liq_cost": 0.08995856972048388
  },
  "strategy": "skew_mid_spread",
  "strategy_kwargs": {
    "gamma": 0.1,
    "gamma_cap_factor": 5.0,
    "gamma_imb": 0.5,
    "gamma_inv_scale": 4.0,
    "gamma_vol_scale": 2.0,
    "gradient_penalty_ticks": 1.0,
    "gradient_threshold": 1.5,
    "k_vol": 1.3,
    "size_base": 0.04,
    "size_exp": 3.0,
    "size_min_factor": 0.2
  },
  "snapshots_processed": 1000,
  "sharpe_ratio": -1.2939029609805075,
  "capital_base": 10000.0,
  "sharpe_horizon_seconds": 60.0
}