{
  "final_pnl": -1.714909874872319,
  "final_inventory": 0.0035545975654740648,
  "fill_count": 264,
  "max_drawdown": 1.714909874872319,
  "pnl_attribution": {
    "inventory_moves": -0.1328248460435872,
    "fees": -1.8026897399503732,
    "spread_capture": 0.26522830101334943,
    "adverse_selection": -0.047701203625317094,
    "funding_rates": 0.0
  },
  "additional_metrics": {
    "orders_placed": 608,
    "orders_placed_buy": 302,
    "orders_placed_sell": 306,
    "maker_qty_placed": 1.7285079893232664,
    "maker_qty_filled": 0.30918790722683936,
    "maker_fill_qty_rate": 0.17887560204329198,
    "avg_fill_latency_sec": 0.181699339860405,
    "std_fill_latency_sec": 0.11176890348554899,
    "avg_queue_position": 1.0821141476086356,
    "std_queue_position": 1.3803006363224415,
    "avg_order_lifetime_sec": 0.1948235221937591,
    "std_order_lifetime_sec": 0.10413949011427953,
    "avg_competition_size": 0.6310453418203962,
    "std_competition_size": 0.11809066820551356,
    "forced_liquidations": 0,
    "avg_forced_liq_cost": 0.0,
    "std_forced_liq_cost": 0.0
  },
  "strategy": "skew_mid_spread",
  "strategy_kwargs": {
    "gamma": 0.1,
    "gamma_cap_factor": 5.0,
    "gamma_imb": 0.5,
    "gamma_inv_scale": 4.0,
    "gamma_vol_scale": 2.0,
    "gradient_penalty_ticks": 1.0,
    "gradient_threshold": 1.5,
    "k_vol": 1.3,
    "size_base": 0.005,
    "size_exp": 3.0,
    "size_min_factor": 0.1
  },
  "snapshots_processed": 1000,
  "sharpe_ratio": -1.1433382025071417,
  "capital_base": 10000.0,
  "sharpe_horizon_seconds": 60.0
}