{
  "final_pnl": -2.7596640008705435,
  "final_inventory": -0.05286015397033102,
  "fill_count": 955,
  "max_drawdown": 3.253900143150531,
  "pnl_attribution": {
    "inventory_moves": -2.3246504595554187,
    "fees": -1.2740074272933042,
    "spread_capture": 1.0786998772768723,
    "adverse_selection": -0.15073498806620486,
    "funding_rates": 0.0
  },
  "additional_metrics": {
    "orders_placed": 2960,
    "orders_placed_buy": 1536,
    "orders_placed_sell": 1424,
    "maker_qty_placed": 64.84287637342624,
    "maker_qty_filled": 1.0661472411488397,
    "maker_fill_qty_rate": 0.016442010299002805,
    "avg_fill_latency_sec": 0.017091722829763255,
    "std_fill_latency_sec": 0.06316043080197284,
    "avg_queue_position": 0.07380960681489537,
    "std_queue_position": 0.47740939053826464,
    "avg_order_lifetime_sec": 0.017091722829763255,
    "std_order_lifetime_sec": 0.06316043080197284,
    "avg_competition_size": 0.3552418340720576,
    "std_competition_size": 0.06623764673354232,
    "forced_liquidations": 0,
    "avg_forced_liq_cost": 0.0,
    "std_forced_liq_cost": 0.0,
    "taker_qty_hedge": 0.30844802382929387,
    "taker_qty_cross": 0.0,
    "taker_trades_hedge": 833,
    "taker_trades_cross": 0,
    "taker_qty_total": 0.30844802382929387,
    "notional_traded_btc": 1.3745952649781352,
    "notional_traded_usdt": 23649.53528474336
  },
  "strategy": "skew_mid_spread",
  "strategy_kwargs": {
    "extra_spread_ticks": 20.0,
    "gamma": 0.08,
    "gamma_cap_factor": 5.0,
    "gamma_imb": 0.5,
    "gamma_inv_scale": 1.0,
    "gamma_vol_scale": 2.0,
    "gradient_penalty_ticks": 1.0,
    "gradient_threshold": 1.5,
    "k_vol": 2.0,
    "size_base": 0.04,
    "size_exp": 2.0,
    "size_min_factor": 0.3
  },
  "snapshots_processed": 10000,
  "sharpe_ratio": -0.34214364303487904,
  "capital_base": 10000.0,
  "sharpe_horizon_seconds": 60.0
}