{
  "final_pnl": -1.7027354289493815,
  "final_inventory": 0.002405769330233639,
  "fill_count": 268,
  "max_drawdown": 1.7027354289493815,
  "pnl_attribution": {
    "inventory_moves": -0.11817102198547297,
    "fees": -1.7622916207067443,
    "spread_capture": 0.2288659674141812,
    "adverse_selection": -0.04949364211270014,
    "funding_rates": 0.0
  },
  "additional_metrics": {
    "orders_placed": 538,
    "orders_placed_buy": 264,
    "orders_placed_sell": 274,
    "maker_qty_placed": 1.5466590253336467,
    "maker_qty_filled": 0.3242153224615497,
    "maker_fill_qty_rate": 0.20962301137550965,
    "avg_fill_latency_sec": 0.1898888824811948,
    "std_fill_latency_sec": 0.11101801768542133,
    "avg_queue_position": 1.1538090458334482,
    "std_queue_position": 1.4267131899218966,
    "avg_order_lifetime_sec": 0.2030130632562575,
    "std_order_lifetime_sec": 0.1062371197982418,
    "avg_competition_size": 0.639426576231632,
    "std_competition_size": 0.11980948709909714,
    "forced_liquidations": 0,
    "avg_forced_liq_cost": 0.0,
    "std_forced_liq_cost": 0.0
  },
  "strategy": "skew_mid_spread",
  "strategy_kwargs": {
    "gamma": 0.1,
    "gamma_cap_factor": 5.0,
    "gamma_imb": 0.5,
    "gamma_inv_scale": 4.0,
    "gamma_vol_scale": 2.0,
    "gradient_penalty_ticks": 1.0,
    "gradient_threshold": 1.5,
    "k_vol": 1.3,
    "size_base": 0.005,
    "size_exp": 2.0,
    "size_min_factor": 0.2
  },
  "snapshots_processed": 1000,
  "sharpe_ratio": -1.2320014324726596,
  "capital_base": 10000.0,
  "sharpe_horizon_seconds": 60.0
}