{
  "final_pnl": -3.522490800214655,
  "final_inventory": 0.008471157659412561,
  "fill_count": 272,
  "max_drawdown": 3.522490800214655,
  "pnl_attribution": {
    "inventory_moves": -0.2648046312464163,
    "fees": -3.6383088365514684,
    "spread_capture": 0.4974633736592905,
    "adverse_selection": -0.11481434802763124,
    "funding_rates": 0.0
  },
  "additional_metrics": {
    "orders_placed": 608,
    "orders_placed_buy": 304,
    "orders_placed_sell": 304,
    "maker_qty_placed": 3.460935597884171,
    "maker_qty_filled": 0.6347220493165168,
    "maker_fill_qty_rate": 0.18339608795510426,
    "avg_fill_latency_sec": 0.18349680930945525,
    "std_fill_latency_sec": 0.11089546123696405,
    "avg_queue_position": 1.0915669159597448,
    "std_queue_position": 1.4102885427116723,
    "avg_order_lifetime_sec": 0.19468789191762353,
    "std_order_lifetime_sec": 0.10428133178311598,
    "avg_competition_size": 0.6630285624347555,
    "std_competition_size": 0.1276553701464432,
    "forced_liquidations": 1,
    "avg_forced_liq_cost": 0.02179766068401701,
    "std_forced_liq_cost": 0.0
  },
  "strategy": "skew_mid_spread",
  "strategy_kwargs": {
    "gamma": 0.1,
    "gamma_cap_factor": 5.0,
    "gamma_imb": 0.5,
    "gamma_inv_scale": 4.0,
    "gamma_vol_scale": 2.0,
    "gradient_penalty_ticks": 1.0,
    "gradient_threshold": 1.5,
    "k_vol": 1.3,
    "size_base": 0.01,
    "size_exp": 2.0,
    "size_min_factor": 0.1
  },
  "snapshots_processed": 1000,
  "sharpe_ratio": -1.1337273976737228,
  "capital_base": 10000.0,
  "sharpe_horizon_seconds": 60.0
}