{
  "final_pnl": -17.657820578851897,
  "final_inventory": 0.03005422235993252,
  "fill_count": 290,
  "max_drawdown": 17.657820578851897,
  "pnl_attribution": {
    "inventory_moves": -0.5198839670366576,
    "fees": -15.90111753265461,
    "spread_capture": 2.074372509753777,
    "adverse_selection": -3.1945978195812037,
    "funding_rates": 0.0
  },
  "additional_metrics": {
    "orders_placed": 608,
    "orders_placed_buy": 304,
    "orders_placed_sell": 304,
    "maker_qty_placed": 13.794094805464297,
    "maker_qty_filled": 2.677556399673589,
    "maker_fill_qty_rate": 0.19410888771135024,
    "avg_fill_latency_sec": 0.17684705537908219,
    "std_fill_latency_sec": 0.11415670181939228,
    "avg_queue_position": 1.1875341366287477,
    "std_queue_position": 1.3892779242799307,
    "avg_order_lifetime_sec": 0.18718823124380674,
    "std_order_lifetime_sec": 0.10892393157512818,
    "avg_competition_size": 0.8749669559456991,
    "std_competition_size": 0.18283078293075922,
    "forced_liquidations": 14,
    "avg_forced_liq_cost": 0.19940369482232898,
    "std_forced_liq_cost": 0.10666122189677027
  },
  "strategy": "skew_mid_spread",
  "strategy_kwargs": {
    "gamma": 0.1,
    "gamma_cap_factor": 5.0,
    "gamma_imb": 0.5,
    "gamma_inv_scale": 4.0,
    "gamma_vol_scale": 2.0,
    "gradient_penalty_ticks": 1.0,
    "gradient_threshold": 1.5,
    "k_vol": 1.3,
    "size_base": 0.04,
    "size_exp": 2.0,
    "size_min_factor": 0.1
  },
  "snapshots_processed": 1000,
  "sharpe_ratio": -1.119736926870676,
  "capital_base": 10000.0,
  "sharpe_horizon_seconds": 60.0
}