{
  "final_pnl": -7.061555189178762,
  "final_inventory": 0.010429773912249772,
  "fill_count": 274,
  "max_drawdown": 7.061555189178762,
  "pnl_attribution": {
    "inventory_moves": -0.5997734039816729,
    "fees": -7.350722657606793,
    "spread_capture": 1.0974318616401406,
    "adverse_selection": -0.1957129696016693,
    "funding_rates": 0.0
  },
  "additional_metrics": {
    "orders_placed": 541,
    "orders_placed_buy": 266,
    "orders_placed_sell": 275,
    "maker_qty_placed": 6.208992469365413,
    "maker_qty_filled": 1.2775475001533194,
    "maker_fill_qty_rate": 0.20575761791572775,
    "avg_fill_latency_sec": 0.1854683492757097,
    "std_fill_latency_sec": 0.11336636258813582,
    "avg_queue_position": 1.165462537180095,
    "std_queue_position": 1.3951990361936952,
    "avg_order_lifetime_sec": 0.19818353803851937,
    "std_order_lifetime_sec": 0.10938202552218144,
    "avg_competition_size": 0.7267994489467217,
    "std_competition_size": 0.14588722238397717,
    "forced_liquidations": 0,
    "avg_forced_liq_cost": 0.0,
    "std_forced_liq_cost": 0.0
  },
  "strategy": "skew_mid_spread",
  "strategy_kwargs": {
    "gamma": 0.1,
    "gamma_cap_factor": 5.0,
    "gamma_imb": 0.5,
    "gamma_inv_scale": 4.0,
    "gamma_vol_scale": 2.0,
    "gradient_penalty_ticks": 1.0,
    "gradient_threshold": 1.5,
    "k_vol": 1.3,
    "size_base": 0.02,
    "size_exp": 2.0,
    "size_min_factor": 0.3
  },
  "snapshots_processed": 1000,
  "sharpe_ratio": -1.22490427833128,
  "capital_base": 10000.0,
  "sharpe_horizon_seconds": 60.0
}