{
  "final_pnl": -8.328952803611173,
  "final_inventory": 0.01915772701251052,
  "fill_count": 287,
  "max_drawdown": 8.328952803611173,
  "pnl_attribution": {
    "inventory_moves": -0.31440841162872774,
    "fees": -7.816131441783414,
    "spread_capture": 0.9528716279083587,
    "adverse_selection": -1.0976905042621858,
    "funding_rates": 0.0
  },
  "additional_metrics": {
    "orders_placed": 604,
    "orders_placed_buy": 302,
    "orders_placed_sell": 302,
    "maker_qty_placed": 6.871945971302702,
    "maker_qty_filled": 1.2998936340360108,
    "maker_fill_qty_rate": 0.18915946654184657,
    "avg_fill_latency_sec": 0.1774404715924036,
    "std_fill_latency_sec": 0.11386383082815581,
    "avg_queue_position": 1.1048494524563244,
    "std_queue_position": 1.4120456851594207,
    "avg_order_lifetime_sec": 0.18641070950598942,
    "std_order_lifetime_sec": 0.10933561688187501,
    "avg_competition_size": 0.7238030335620025,
    "std_competition_size": 0.14655206003962312,
    "forced_liquidations": 11,
    "avg_forced_liq_cost": 0.08219153938446506,
    "std_forced_liq_cost": 0.04522810976746894
  },
  "strategy": "skew_mid_spread",
  "strategy_kwargs": {
    "gamma": 0.1,
    "gamma_cap_factor": 5.0,
    "gamma_imb": 0.5,
    "gamma_inv_scale": 4.0,
    "gamma_vol_scale": 2.0,
    "gradient_penalty_ticks": 1.0,
    "gradient_threshold": 1.5,
    "k_vol": 1.3,
    "size_base": 0.02,
    "size_exp": 3.0,
    "size_min_factor": 0.1
  },
  "snapshots_processed": 1000,
  "sharpe_ratio": -1.195258980217373,
  "capital_base": 10000.0,
  "sharpe_horizon_seconds": 60.0
}