{
  "final_pnl": -1.5699611882009776,
  "final_inventory": 0.0008091370833987811,
  "fill_count": 263,
  "max_drawdown": 1.5699611882009776,
  "pnl_attribution": {
    "inventory_moves": -0.08651116836642911,
    "fees": -1.710230171161176,
    "spread_capture": 0.2750103512916958,
    "adverse_selection": -0.0495576644711807,
    "funding_rates": 0.0
  },
  "additional_metrics": {
    "orders_placed": 535,
    "orders_placed_buy": 262,
    "orders_placed_sell": 273,
    "maker_qty_placed": 1.5371182720771432,
    "maker_qty_filled": 0.3140616508609697,
    "maker_fill_qty_rate": 0.2043184682441976,
    "avg_fill_latency_sec": 0.1903666623433431,
    "std_fill_latency_sec": 0.11083479604502,
    "avg_queue_position": 1.0776383193813845,
    "std_queue_position": 1.328938172855354,
    "avg_order_lifetime_sec": 0.20375332673390706,
    "std_order_lifetime_sec": 0.10587066806537167,
    "avg_competition_size": 0.6398709249161791,
    "std_competition_size": 0.12264874374126682,
    "forced_liquidations": 0,
    "avg_forced_liq_cost": 0.0,
    "std_forced_liq_cost": 0.0
  },
  "strategy": "skew_mid_spread",
  "strategy_kwargs": {
    "gamma": 0.1,
    "gamma_cap_factor": 5.0,
    "gamma_imb": 0.5,
    "gamma_inv_scale": 4.0,
    "gamma_vol_scale": 2.0,
    "gradient_penalty_ticks": 1.0,
    "gradient_threshold": 1.5,
    "k_vol": 1.3,
    "size_base": 0.005,
    "size_exp": 3.0,
    "size_min_factor": 0.3
  },
  "snapshots_processed": 1000,
  "sharpe_ratio": -1.0464693497878899,
  "capital_base": 10000.0,
  "sharpe_horizon_seconds": 60.0
}