{
  "final_pnl": -3.5860765640791215,
  "final_inventory": -0.004142173738486542,
  "fill_count": 2897,
  "max_drawdown": 4.658707651298755,
  "pnl_attribution": {
    "inventory_moves": -1.1942638150383753,
    "fees": -3.504557275750425,
    "spread_capture": 1.4136121352571651,
    "adverse_selection": -0.17349361022022464,
    "funding_rates": 0.0
  },
  "additional_metrics": {
    "orders_placed": 2958,
    "orders_placed_buy": 1537,
    "orders_placed_sell": 1421,
    "maker_qty_placed": 64.787820992446,
    "maker_qty_filled": 1.1807015152688762,
    "maker_fill_qty_rate": 0.018224127578029537,
    "avg_fill_latency_sec": 0.005387517645934069,
    "std_fill_latency_sec": 0.036337680982860755,
    "avg_queue_position": 0.025671258126450013,
    "std_queue_position": 0.3007689711040752,
    "avg_order_lifetime_sec": 0.005387517645934069,
    "std_order_lifetime_sec": 0.036337680982860755,
    "avg_competition_size": 0.35445984552718185,
    "std_competition_size": 0.06663727068299426,
    "forced_liquidations": 0,
    "avg_forced_liq_cost": 0.0,
    "std_forced_liq_cost": 0.0,
    "taker_qty_hedge": 0.2854600769818088,
    "taker_qty_cross": 0.0,
    "taker_trades_hedge": 2775,
    "taker_trades_cross": 0,
    "taker_qty_total": 0.2854600769818088,
    "notional_traded_btc": 1.4661615922506852,
    "notional_traded_usdt": 25221.512453844818
  },
  "strategy": "skew_mid_spread",
  "strategy_kwargs": {
    "extra_spread_ticks": 38.0,
    "gamma": 0.12,
    "gamma_cap_factor": 5.0,
    "gamma_imb": 0.5,
    "gamma_inv_scale": 1.0,
    "gamma_vol_scale": 2.0,
    "gradient_penalty_ticks": 1.0,
    "gradient_threshold": 1.5,
    "k_vol": 6.0,
    "size_base": 0.04,
    "size_exp": 2.0,
    "size_min_factor": 0.3
  },
  "snapshots_processed": 10000,
  "sharpe_ratio": -0.35087588225329464,
  "capital_base": 10000.0,
  "sharpe_horizon_seconds": 60.0
}