{
  "final_pnl": -0.18162882005708525,
  "final_inventory": 0.011802754175330001,
  "fill_count": 38,
  "max_drawdown": 0.3327040735021001,
  "pnl_attribution": {
    "inventory_moves": -0.15520613606353875,
    "fees": -0.07448211047504776,
    "spread_capture": 0.05554444956435746,
    "adverse_selection": -0.007240090707212211,
    "funding_rates": 0.0
  },
  "additional_metrics": {
    "orders_placed": 1584,
    "orders_placed_buy": 820,
    "orders_placed_sell": 764,
    "maker_qty_placed": 4.3488036790284434,
    "maker_qty_filled": 0.043299823846308864,
    "maker_fill_qty_rate": 0.009956720754058592,
    "avg_fill_latency_sec": 0.2506841985802901,
    "std_fill_latency_sec": 0.0008616111228506503,
    "avg_queue_position": 1.2108147983189805,
    "std_queue_position": 1.2323100139105616,
    "avg_order_lifetime_sec": 0.2506841985802901,
    "std_order_lifetime_sec": 0.0008616111228506503,
    "avg_competition_size": 0.2608382476797591,
    "std_competition_size": 0.049324163911753226,
    "forced_liquidations": 0,
    "avg_forced_liq_cost": 0.0,
    "std_forced_liq_cost": 0.0,
    "taker_qty_hedge": 0.0,
    "taker_qty_cross": 0.0,
    "taker_trades_hedge": 0,
    "taker_trades_cross": 0,
    "taker_qty_total": 0.0,
    "notional_traded_btc": 0.043299823846308864,
    "notional_traded_usdt": 744.8211047504773
  },
  "strategy": "skew_mid_spread",
  "strategy_kwargs": {
    "extra_spread_ticks": 36.0,
    "gamma": 0.16,
    "gamma_cap_factor": 5.0,
    "gamma_imb": 0.5,
    "gamma_inv_scale": 2.0,
    "gamma_vol_scale": 1.0,
    "gradient_penalty_ticks": 1.0,
    "gradient_threshold": 1.5,
    "k_vol": 6.0,
    "size_base": 0.005,
    "size_exp": 2.0,
    "size_min_factor": 0.3
  },
  "snapshots_processed": 10000,
  "sharpe_ratio": -0.16832979426044256,
  "capital_base": 10000.0,
  "sharpe_horizon_seconds": 60.0
}