{
  "final_pnl": -0.06824601387415896,
  "final_inventory": 0.022594914627555134,
  "fill_count": 40,
  "max_drawdown": 0.6487914200297382,
  "pnl_attribution": {
    "inventory_moves": -0.03430663488865725,
    "fees": -0.08115361503022128,
    "spread_capture": 0.05362763485292417,
    "adverse_selection": -0.008312886804545925,
    "funding_rates": 0.0
  },
  "additional_metrics": {
    "orders_placed": 1588,
    "orders_placed_buy": 822,
    "orders_placed_sell": 766,
    "maker_qty_placed": 4.359922765131589,
    "maker_qty_filled": 0.0471875613931426,
    "maker_fill_qty_rate": 0.010823026905550792,
    "avg_fill_latency_sec": 0.2504999995231628,
    "std_fill_latency_sec": 0.000741622359033567,
    "avg_queue_position": 1.7493668063437835,
    "std_queue_position": 1.9592156106397545,
    "avg_order_lifetime_sec": 0.2504999995231628,
    "std_order_lifetime_sec": 0.000741622359033567,
    "avg_competition_size": 0.25999441676996426,
    "std_competition_size": 0.048563363152708865,
    "forced_liquidations": 0,
    "avg_forced_liq_cost": 0.0,
    "std_forced_liq_cost": 0.0,
    "taker_qty_hedge": 0.0,
    "taker_qty_cross": 0.0,
    "taker_trades_hedge": 0,
    "taker_trades_cross": 0,
    "taker_qty_total": 0.0,
    "notional_traded_btc": 0.0471875613931426,
    "notional_traded_usdt": 811.5361503022128
  },
  "strategy": "skew_mid_spread",
  "strategy_kwargs": {
    "extra_spread_ticks": 28.0,
    "gamma": 0.08,
    "gamma_cap_factor": 5.0,
    "gamma_imb": 0.5,
    "gamma_inv_scale": 1.0,
    "gamma_vol_scale": 0.0,
    "gradient_penalty_ticks": 1.0,
    "gradient_threshold": 1.5,
    "k_vol": 6.0,
    "size_base": 0.005,
    "size_exp": 2.0,
    "size_min_factor": 0.3
  },
  "snapshots_processed": 10000,
  "sharpe_ratio": -0.028245316701583468,
  "capital_base": 10000.0,
  "sharpe_horizon_seconds": 60.0
}