{
  "final_pnl": -2.4965706811999553,
  "final_inventory": 0.04240713186725506,
  "fill_count": 1833,
  "max_drawdown": 3.473438108119808,
  "pnl_attribution": {
    "inventory_moves": -2.8615503795259225,
    "fees": -0.6019008905582253,
    "spread_capture": 1.124687398211598,
    "adverse_selection": -0.13252727801882944,
    "funding_rates": 0.0
  },
  "additional_metrics": {
    "orders_placed": 2060,
    "orders_placed_buy": 1068,
    "orders_placed_sell": 992,
    "maker_qty_placed": 45.007798359149625,
    "maker_qty_filled": 0.8903590911681832,
    "maker_fill_qty_rate": 0.019782329365754952,
    "avg_fill_latency_sec": 0.0067467789690033725,
    "std_fill_latency_sec": 0.0405872285425853,
    "avg_queue_position": 0.025242890186759594,
    "std_queue_position": 0.2353157929645124,
    "avg_order_lifetime_sec": 0.0067467789690033725,
    "std_order_lifetime_sec": 0.0405872285425853,
    "avg_competition_size": 0.3530378614961785,
    "std_competition_size": 0.0681801323398426,
    "forced_liquidations": 0,
    "avg_forced_liq_cost": 0.0,
    "std_forced_liq_cost": 0.0,
    "taker_qty_hedge": 0.14577405936012072,
    "taker_qty_cross": 0.0,
    "taker_trades_hedge": 1737,
    "taker_trades_cross": 0,
    "taker_qty_total": 0.14577405936012072,
    "notional_traded_btc": 1.036133150528305,
    "notional_traded_usdt": 17821.158314997323
  },
  "strategy": "skew_mid_spread",
  "strategy_kwargs": {
    "extra_spread_ticks": 15.0,
    "gamma": 0.08,
    "gamma_cap_factor": 5.0,
    "gamma_imb": 0.5,
    "gamma_inv_scale": 1.0,
    "gamma_vol_scale": 2.0,
    "gradient_penalty_ticks": 1.0,
    "gradient_threshold": 1.5,
    "k_vol": 2.0,
    "size_base": 0.04,
    "size_exp": 2.0,
    "size_min_factor": 0.3
  },
  "snapshots_processed": 10000,
  "sharpe_ratio": -0.27463066453833185,
  "capital_base": 10000.0,
  "sharpe_horizon_seconds": 60.0
}