{
  "final_pnl": -3.619887928110984,
  "final_inventory": 0.03091659906933575,
  "fill_count": 1040,
  "max_drawdown": 4.47748108156884,
  "pnl_attribution": {
    "inventory_moves": -3.1100814664356338,
    "fees": -1.4666539931388891,
    "spread_capture": 1.2486657339237814,
    "adverse_selection": -0.1694819844726281,
    "funding_rates": 0.0
  },
  "additional_metrics": {
    "orders_placed": 2963,
    "orders_placed_buy": 1538,
    "orders_placed_sell": 1425,
    "maker_qty_placed": 64.88412054706092,
    "maker_qty_filled": 1.2168755107973794,
    "maker_fill_qty_rate": 0.01875459666459948,
    "avg_fill_latency_sec": 0.016156600954100687,
    "std_fill_latency_sec": 0.061540116256151904,
    "avg_queue_position": 0.07180875228305694,
    "std_queue_position": 0.5080546087047819,
    "avg_order_lifetime_sec": 0.016156600954100687,
    "std_order_lifetime_sec": 0.061540116256151904,
    "avg_competition_size": 0.35365917124793134,
    "std_competition_size": 0.06700630916578425,
    "forced_liquidations": 0,
    "avg_forced_liq_cost": 0.0,
    "std_forced_liq_cost": 0.0,
    "taker_qty_hedge": 0.35514682381607,
    "taker_qty_cross": 0.0,
    "taker_trades_hedge": 914,
    "taker_trades_cross": 0,
    "taker_qty_total": 0.35514682381607,
    "notional_traded_btc": 1.5720223346134499,
    "notional_traded_usdt": 27043.82500485345
  },
  "strategy": "skew_mid_spread",
  "strategy_kwargs": {
    "extra_spread_ticks": 20.0,
    "gamma": 0.08,
    "gamma_cap_factor": 5.0,
    "gamma_imb": 0.5,
    "gamma_inv_scale": 1.0,
    "gamma_vol_scale": 2.0,
    "gradient_penalty_ticks": 1.0,
    "gradient_threshold": 1.5,
    "k_vol": 4.0,
    "size_base": 0.04,
    "size_exp": 2.0,
    "size_min_factor": 0.3
  },
  "snapshots_processed": 10000,
  "sharpe_ratio": -0.31333810510330884,
  "capital_base": 10000.0,
  "sharpe_horizon_seconds": 60.0
}