{
  "final_pnl": -1.573195751872845,
  "final_inventory": 0.0038996732001293057,
  "fill_count": 263,
  "max_drawdown": 1.573195751872845,
  "pnl_attribution": {
    "inventory_moves": -0.09658900984693113,
    "fees": -1.7020738421055308,
    "spread_capture": 0.26593848405361703,
    "adverse_selection": -0.04430273891777071,
    "funding_rates": 0.0
  },
  "additional_metrics": {
    "orders_placed": 530,
    "orders_placed_buy": 259,
    "orders_placed_sell": 271,
    "maker_qty_placed": 1.5217388356102663,
    "maker_qty_filled": 0.31895076549084284,
    "maker_fill_qty_rate": 0.20959625793011538,
    "avg_fill_latency_sec": 0.19031999429066976,
    "std_fill_latency_sec": 0.11080916277001247,
    "avg_queue_position": 1.1409865803781019,
    "std_queue_position": 1.4059639322285462,
    "avg_order_lifetime_sec": 0.20537999312082927,
    "std_order_lifetime_sec": 0.10459270908599272,
    "avg_competition_size": 0.6378340695994266,
    "std_competition_size": 0.12315642570786138,
    "forced_liquidations": 0,
    "avg_forced_liq_cost": 0.0,
    "std_forced_liq_cost": 0.0
  },
  "strategy": "skew_mid_spread",
  "strategy_kwargs": {
    "gamma": 0.1,
    "gamma_cap_factor": 5.0,
    "gamma_imb": 0.5,
    "gamma_inv_scale": 4.0,
    "gamma_vol_scale": 2.0,
    "gradient_penalty_ticks": 1.0,
    "gradient_threshold": 1.5,
    "k_vol": 1.3,
    "size_base": 0.005,
    "size_exp": 3.0,
    "size_min_factor": 0.2
  },
  "snapshots_processed": 1000,
  "sharpe_ratio": -1.1818850840259096,
  "capital_base": 10000.0,
  "sharpe_horizon_seconds": 60.0
}