{
  "final_pnl": -8.262022952991174,
  "final_inventory": 0.0008093195309203816,
  "fill_count": 291,
  "max_drawdown": 8.262022952991174,
  "pnl_attribution": {
    "inventory_moves": -0.2303666922615355,
    "fees": -7.5612013118071655,
    "spread_capture": 0.8729938944733621,
    "adverse_selection": -1.303682701881209,
    "funding_rates": 0.0
  },
  "additional_metrics": {
    "orders_placed": 534,
    "orders_placed_buy": 262,
    "orders_placed_sell": 272,
    "maker_qty_placed": 6.128049860095741,
    "maker_qty_filled": 1.3633308565668618,
    "maker_fill_qty_rate": 0.2224738518275636,
    "avg_fill_latency_sec": 0.18639285223824636,
    "std_fill_latency_sec": 0.11596941241904866,
    "avg_queue_position": 1.1113942529660075,
    "std_queue_position": 1.385895204973044,
    "avg_order_lifetime_sec": 0.19834523115839278,
    "std_order_lifetime_sec": 0.1122521553077956,
    "avg_competition_size": 0.7263470104658,
    "std_competition_size": 0.1437039995082167,
    "forced_liquidations": 12,
    "avg_forced_liq_cost": 0.09147319498580146,
    "std_forced_liq_cost": 0.05051945872860452
  },
  "strategy": "skew_mid_spread",
  "strategy_kwargs": {
    "gamma": 0.1,
    "gamma_cap_factor": 5.0,
    "gamma_imb": 0.5,
    "gamma_inv_scale": 4.0,
    "gamma_vol_scale": 2.0,
    "gradient_penalty_ticks": 1.0,
    "gradient_threshold": 1.5,
    "k_vol": 1.3,
    "size_base": 0.02,
    "size_exp": 3.0,
    "size_min_factor": 0.2
  },
  "snapshots_processed": 1000,
  "sharpe_ratio": -1.1614607488268345,
  "capital_base": 10000.0,
  "sharpe_horizon_seconds": 60.0
}