{
  "final_pnl": -4.482403844809596,
  "final_inventory": 0.016791768512468927,
  "fill_count": 159,
  "max_drawdown": 4.851354890062794,
  "pnl_attribution": {
    "inventory_moves": -1.8702219812306087,
    "fees": -3.9087797401757265,
    "spread_capture": 1.5631339581796408,
    "adverse_selection": -0.21153757745972682,
    "funding_rates": 0.0
  },
  "additional_metrics": {
    "orders_placed": 2956,
    "orders_placed_buy": 1534,
    "orders_placed_sell": 1422,
    "maker_qty_placed": 64.77613622030094,
    "maker_qty_filled": 1.3920550311474922,
    "maker_fill_qty_rate": 0.021490244901504637,
    "avg_fill_latency_sec": 0.20204545963894238,
    "std_fill_latency_sec": 0.09886732745827483,
    "avg_queue_position": 0.94240939550238,
    "std_queue_position": 1.372957783424177,
    "avg_order_lifetime_sec": 0.20204545963894238,
    "std_order_lifetime_sec": 0.09886732745827483,
    "avg_competition_size": 0.35378252316465,
    "std_competition_size": 0.06751977010619156,
    "forced_liquidations": 0,
    "avg_forced_liq_cost": 0.0,
    "std_forced_liq_cost": 0.0,
    "taker_qty_hedge": 0.29333428033598696,
    "taker_qty_cross": 0.0,
    "taker_trades_hedge": 17,
    "taker_trades_cross": 0,
    "taker_qty_total": 0.29333428033598696,
    "notional_traded_btc": 1.6853893114834788,
    "notional_traded_usdt": 28991.834292965876
  },
  "strategy": "skew_mid_spread",
  "strategy_kwargs": {
    "extra_spread_ticks": 34.0,
    "gamma": 0.08,
    "gamma_cap_factor": 5.0,
    "gamma_imb": 0.5,
    "gamma_inv_scale": 1.0,
    "gamma_vol_scale": 2.0,
    "gradient_penalty_ticks": 1.0,
    "gradient_threshold": 1.5,
    "k_vol": 6.0,
    "size_base": 0.04,
    "size_exp": 2.0,
    "size_min_factor": 0.3
  },
  "snapshots_processed": 10000,
  "sharpe_ratio": -0.5537475712881939,
  "capital_base": 10000.0,
  "sharpe_horizon_seconds": 60.0
}