{
  "final_pnl": -0.40565691090705513,
  "final_inventory": 0.030509343643399835,
  "fill_count": 4283,
  "max_drawdown": 3.589867574886739,
  "pnl_attribution": {
    "inventory_moves": 0.2274683958107118,
    "fees": -2.0545457389128723,
    "spread_capture": 1.651114932135446,
    "adverse_selection": -0.17117002978991339,
    "funding_rates": 0.0
  },
  "additional_metrics": {
    "orders_placed": 2962,
    "orders_placed_buy": 1539,
    "orders_placed_sell": 1423,
    "maker_qty_placed": 64.87222000852081,
    "maker_qty_filled": 1.2771261430355896,
    "maker_fill_qty_rate": 0.01968679571730152,
    "avg_fill_latency_sec": 0.003859412110547083,
    "std_fill_latency_sec": 0.030849393908817527,
    "avg_queue_position": 0.014925482750993476,
    "std_queue_position": 0.18217450241939795,
    "avg_order_lifetime_sec": 0.003859412110547083,
    "std_order_lifetime_sec": 0.030849393908817527,
    "avg_competition_size": 0.35351192639831075,
    "std_competition_size": 0.06765652754389671,
    "forced_liquidations": 0,
    "avg_forced_liq_cost": 0.0,
    "std_forced_liq_cost": 0.0,
    "taker_qty_hedge": 0.4974838906908599,
    "taker_qty_cross": 0.0,
    "taker_trades_hedge": 4153,
    "taker_trades_cross": 0,
    "taker_qty_total": 0.4974838906908599,
    "notional_traded_btc": 1.7746100337264514,
    "notional_traded_usdt": 30528.95792320174
  },
  "strategy": "skew_mid_spread",
  "strategy_kwargs": {
    "extra_spread_ticks": 20.0,
    "gamma": 0.12,
    "gamma_cap_factor": 5.0,
    "gamma_imb": 0.5,
    "gamma_inv_scale": 1.0,
    "gamma_vol_scale": 2.0,
    "gradient_penalty_ticks": 1.0,
    "gradient_threshold": 1.5,
    "k_vol": 2.0,
    "size_base": 0.04,
    "size_exp": 2.0,
    "size_min_factor": 0.3
  },
  "snapshots_processed": 10000,
  "sharpe_ratio": -0.035878959771591244,
  "capital_base": 10000.0,
  "sharpe_horizon_seconds": 60.0
}