{
  "final_pnl": -2.3056598237690196,
  "final_inventory": 0.05421663691352152,
  "fill_count": 60,
  "max_drawdown": 3.177014221852005,
  "pnl_attribution": {
    "inventory_moves": -1.9365787922446356,
    "fees": -0.9912229306911281,
    "spread_capture": 0.7304967930847959,
    "adverse_selection": -0.08723150078357883,
    "funding_rates": 0.0
  },
  "additional_metrics": {
    "orders_placed": 1587,
    "orders_placed_buy": 820,
    "orders_placed_sell": 767,
    "maker_qty_placed": 34.842507993967054,
    "maker_qty_filled": 0.5762486359151535,
    "maker_fill_qty_rate": 0.016538666964356595,
    "avg_fill_latency_sec": 0.25086663564046224,
    "std_fill_latency_sec": 0.0008458958467897201,
    "avg_queue_position": 1.1584095849573186,
    "std_queue_position": 1.1951604880600517,
    "avg_order_lifetime_sec": 0.25086663564046224,
    "std_order_lifetime_sec": 0.0008458958467897201,
    "avg_competition_size": 0.35327007233456587,
    "std_competition_size": 0.07081331300911788,
    "forced_liquidations": 0,
    "avg_forced_liq_cost": 0.0,
    "std_forced_liq_cost": 0.0,
    "taker_qty_hedge": 0.0,
    "taker_qty_cross": 0.0,
    "taker_trades_hedge": 0,
    "taker_trades_cross": 0,
    "taker_qty_total": 0.0,
    "notional_traded_btc": 0.5762486359151535,
    "notional_traded_usdt": 9912.229306911278
  },
  "strategy": "skew_mid_spread",
  "strategy_kwargs": {
    "extra_spread_ticks": 34.0,
    "gamma": 0.16,
    "gamma_cap_factor": 5.0,
    "gamma_imb": 0.5,
    "gamma_inv_scale": 1.0,
    "gamma_vol_scale": 2.0,
    "gradient_penalty_ticks": 1.0,
    "gradient_threshold": 1.5,
    "k_vol": 8.0,
    "size_base": 0.04,
    "size_exp": 2.0,
    "size_min_factor": 0.3
  },
  "snapshots_processed": 10000,
  "sharpe_ratio": -0.3075292232683368,
  "capital_base": 10000.0,
  "sharpe_horizon_seconds": 60.0
}