{
  "final_pnl": -1.7169254028522118,
  "final_inventory": 0.0038817956666283224,
  "fill_count": 267,
  "max_drawdown": 1.7169254028522118,
  "pnl_attribution": {
    "inventory_moves": -0.13314556419242626,
    "fees": -1.800546680026294,
    "spread_capture": 0.25968378671299724,
    "adverse_selection": -0.046171014144239006,
    "funding_rates": 0.0
  },
  "additional_metrics": {
    "orders_placed": 607,
    "orders_placed_buy": 302,
    "orders_placed_sell": 305,
    "maker_qty_placed": 1.7226863137176016,
    "maker_qty_filled": 0.3171204281509977,
    "maker_fill_qty_rate": 0.18408483635459066,
    "avg_fill_latency_sec": 0.1837727202997579,
    "std_fill_latency_sec": 0.11069763724295203,
    "avg_queue_position": 1.097971356089709,
    "std_queue_position": 1.4014610550849231,
    "avg_order_lifetime_sec": 0.1968116806699084,
    "std_order_lifetime_sec": 0.1027835138441832,
    "avg_competition_size": 0.6343643838601678,
    "std_competition_size": 0.12379424961029489,
    "forced_liquidations": 0,
    "avg_forced_liq_cost": 0.0,
    "std_forced_liq_cost": 0.0
  },
  "strategy": "skew_mid_spread",
  "strategy_kwargs": {
    "gamma": 0.1,
    "gamma_cap_factor": 5.0,
    "gamma_imb": 0.5,
    "gamma_inv_scale": 4.0,
    "gamma_vol_scale": 2.0,
    "gradient_penalty_ticks": 1.0,
    "gradient_threshold": 1.5,
    "k_vol": 1.3,
    "size_base": 0.005,
    "size_exp": 1.0,
    "size_min_factor": 0.2
  },
  "snapshots_processed": 1000,
  "sharpe_ratio": -1.1203741269550729,
  "capital_base": 10000.0,
  "sharpe_horizon_seconds": 60.0
}