{
  "final_pnl": -0.7455360138646938,
  "final_inventory": -0.009478740819331866,
  "fill_count": 1370,
  "max_drawdown": 3.1698112960966682,
  "pnl_attribution": {
    "inventory_moves": -0.4851446517825131,
    "fees": -1.6202315524289816,
    "spread_capture": 1.595130691098413,
    "adverse_selection": -0.2108960716887918,
    "funding_rates": 0.0
  },
  "additional_metrics": {
    "orders_placed": 2958,
    "orders_placed_buy": 1537,
    "orders_placed_sell": 1421,
    "maker_qty_placed": 64.77711948295203,
    "maker_qty_filled": 1.313287127249679,
    "maker_fill_qty_rate": 0.020273935268074222,
    "avg_fill_latency_sec": 0.013286702363514882,
    "std_fill_latency_sec": 0.056143564961416016,
    "avg_queue_position": 0.052018690082397984,
    "std_queue_position": 0.34080134376358245,
    "avg_order_lifetime_sec": 0.013286702363514882,
    "std_order_lifetime_sec": 0.056143564961416016,
    "avg_competition_size": 0.35281890652129444,
    "std_competition_size": 0.06748299340256256,
    "forced_liquidations": 0,
    "avg_forced_liq_cost": 0.0,
    "std_forced_liq_cost": 0.0,
    "taker_qty_hedge": 0.3922981542714301,
    "taker_qty_cross": 0.0,
    "taker_trades_hedge": 1232,
    "taker_trades_cross": 0,
    "taker_qty_total": 0.3922981542714301,
    "notional_traded_btc": 1.7055852815211088,
    "notional_traded_usdt": 29337.712663831047
  },
  "strategy": "skew_mid_spread",
  "strategy_kwargs": {
    "extra_spread_ticks": 25.0,
    "gamma": 0.12,
    "gamma_cap_factor": 5.0,
    "gamma_imb": 0.5,
    "gamma_inv_scale": 1.0,
    "gamma_vol_scale": 2.0,
    "gradient_penalty_ticks": 1.0,
    "gradient_threshold": 1.5,
    "k_vol": 4.0,
    "size_base": 0.04,
    "size_exp": 2.0,
    "size_min_factor": 0.3
  },
  "snapshots_processed": 10000,
  "sharpe_ratio": -0.07919049025204937,
  "capital_base": 10000.0,
  "sharpe_horizon_seconds": 60.0
}