{
  "final_pnl": -7.732816100828131,
  "final_inventory": 0.010291699352940118,
  "fill_count": 283,
  "max_drawdown": 7.732816100828131,
  "pnl_attribution": {
    "inventory_moves": -0.5818061394029963,
    "fees": -7.6112962546264065,
    "spread_capture": 0.9825514013799376,
    "adverse_selection": -0.4955551979233116,
    "funding_rates": 0.0
  },
  "additional_metrics": {
    "orders_placed": 537,
    "orders_placed_buy": 263,
    "orders_placed_sell": 274,
    "maker_qty_placed": 6.173754514843752,
    "maker_qty_filled": 1.3233208147270126,
    "maker_fill_qty_rate": 0.21434619914758687,
    "avg_fill_latency_sec": 0.1863536529424714,
    "std_fill_latency_sec": 0.11938049897572411,
    "avg_queue_position": 1.1232437272653462,
    "std_queue_position": 1.3420596063146728,
    "avg_order_lifetime_sec": 0.20622560309200752,
    "std_order_lifetime_sec": 0.12953704285663775,
    "avg_competition_size": 0.7347313512552843,
    "std_competition_size": 0.14642934265168528,
    "forced_liquidations": 3,
    "avg_forced_liq_cost": 0.10062636994647844,
    "std_forced_liq_cost": 0.03203352931292101
  },
  "strategy": "skew_mid_spread",
  "strategy_kwargs": {
    "gamma": 0.1,
    "gamma_cap_factor": 5.0,
    "gamma_imb": 0.5,
    "gamma_inv_scale": 4.0,
    "gamma_vol_scale": 2.0,
    "gradient_penalty_ticks": 1.0,
    "gradient_threshold": 1.5,
    "k_vol": 1.3,
    "size_base": 0.02,
    "size_exp": 2.0,
    "size_min_factor": 0.2
  },
  "snapshots_processed": 1000,
  "sharpe_ratio": -1.1885658150578977,
  "capital_base": 10000.0,
  "sharpe_horizon_seconds": 60.0
}