{
  "final_pnl": -2.255769505922217,
  "final_inventory": 0.006210672737296539,
  "fill_count": 274,
  "max_drawdown": 2.255769505922217,
  "pnl_attribution": {
    "inventory_moves": -0.2420805662255593,
    "fees": -2.1387457385328523,
    "spread_capture": 0.17213731283893466,
    "adverse_selection": -0.04863707650750323,
    "funding_rates": 0.0
  },
  "additional_metrics": {
    "orders_placed": 525,
    "orders_placed_buy": 266,
    "orders_placed_sell": 259,
    "maker_qty_placed": 1.511519478633582,
    "maker_qty_filled": 0.30634402297704255,
    "maker_fill_qty_rate": 0.20267289129080787,
    "avg_fill_latency_sec": 0.16695757634711988,
    "std_fill_latency_sec": 0.12124887419106505,
    "avg_queue_position": 1.4416361905907527,
    "std_queue_position": 1.7465656744896583,
    "avg_order_lifetime_sec": 0.17606060721657493,
    "std_order_lifetime_sec": 0.11771824269492571,
    "avg_competition_size": 0.6392683444472181,
    "std_competition_size": 0.11893541359271087,
    "forced_liquidations": 0,
    "avg_forced_liq_cost": 0.0,
    "std_forced_liq_cost": 0.0
  },
  "strategy": "skew_mid_spread",
  "strategy_kwargs": {
    "gamma": 0.1,
    "gamma_cap_factor": 5.0,
    "gamma_imb": 0.5,
    "gamma_inv_scale": 1.0,
    "gamma_vol_scale": 0.0,
    "gradient_penalty_ticks": 1.0,
    "gradient_threshold": 1.5,
    "k_vol": 0.8,
    "size_base": 0.005,
    "size_exp": 2.0,
    "size_min_factor": 0.3
  },
  "snapshots_processed": 1000,
  "sharpe_ratio": -1.4034194737401984,
  "capital_base": 10000.0,
  "sharpe_horizon_seconds": 60.0
}