{
  "final_pnl": -23.302510821396936,
  "final_inventory": 0.03102799299999999,
  "fill_count": 317,
  "max_drawdown": 23.302510821396936,
  "pnl_attribution": {
    "inventory_moves": -0.13175510320627745,
    "fees": -17.951759637050507,
    "spread_capture": 1.8455790750390462,
    "adverse_selection": -6.796713272312647,
    "funding_rates": 0.0
  },
  "additional_metrics": {
    "orders_placed": 533,
    "orders_placed_buy": 262,
    "orders_placed_sell": 271,
    "maker_qty_placed": 12.218700966789944,
    "maker_qty_filled": 2.7989692475313777,
    "maker_fill_qty_rate": 0.22907257122822552,
    "avg_fill_latency_sec": 0.16957812135418257,
    "std_fill_latency_sec": 0.1375905899599516,
    "avg_queue_position": 1.098181827728582,
    "std_queue_position": 1.3589892389144196,
    "avg_order_lifetime_sec": 0.18394791210691133,
    "std_order_lifetime_sec": 0.1416501944971526,
    "avg_competition_size": 0.8679289776934644,
    "std_competition_size": 0.17350317717633826,
    "forced_liquidations": 35,
    "avg_forced_liq_cost": 0.18179671759050464,
    "std_forced_liq_cost": 0.10807848036517839
  },
  "strategy": "skew_mid_spread",
  "strategy_kwargs": {
    "gamma": 0.1,
    "gamma_cap_factor": 5.0,
    "gamma_imb": 0.5,
    "gamma_inv_scale": 4.0,
    "gamma_vol_scale": 2.0,
    "gradient_penalty_ticks": 1.0,
    "gradient_threshold": 1.5,
    "k_vol": 1.3,
    "size_base": 0.04,
    "size_exp": 2.0,
    "size_min_factor": 0.3
  },
  "snapshots_processed": 1000,
  "sharpe_ratio": -1.4245448299837462,
  "capital_base": 10000.0,
  "sharpe_horizon_seconds": 60.0
}