{
  "final_pnl": -0.37213984941445233,
  "final_inventory": 0.10000000451506505,
  "fill_count": 638,
  "max_drawdown": 3.2569499187848123,
  "pnl_attribution": {
    "inventory_moves": -0.12741361568593113,
    "fees": -0.8656358346352512,
    "spread_capture": 0.7423464318046069,
    "adverse_selection": -0.09941164025601992,
    "funding_rates": 0.0
  },
  "additional_metrics": {
    "orders_placed": 1586,
    "orders_placed_buy": 822,
    "orders_placed_sell": 764,
    "maker_qty_placed": 34.80492216195492,
    "maker_qty_filled": 0.610485050781618,
    "maker_fill_qty_rate": 0.01754019296296361,
    "avg_fill_latency_sec": 0.014104303539983484,
    "std_fill_latency_sec": 0.057749890554014215,
    "avg_queue_position": 0.05718758354076729,
    "std_queue_position": 0.43698599951478995,
    "avg_order_lifetime_sec": 0.014104303539983484,
    "std_order_lifetime_sec": 0.057749890554014215,
    "avg_competition_size": 0.3543037464234855,
    "std_competition_size": 0.06978543796972635,
    "forced_liquidations": 0,
    "avg_forced_liq_cost": 0.0,
    "std_forced_liq_cost": 0.0,
    "taker_qty_hedge": 0.20961165991901948,
    "taker_qty_cross": 0.0,
    "taker_trades_hedge": 570,
    "taker_trades_cross": 0,
    "taker_qty_total": 0.20961165991901948,
    "notional_traded_btc": 0.820096710700638,
    "notional_traded_usdt": 14108.673255821732
  },
  "strategy": "skew_mid_spread",
  "strategy_kwargs": {
    "extra_spread_ticks": 25.0,
    "gamma": 0.08,
    "gamma_cap_factor": 5.0,
    "gamma_imb": 0.5,
    "gamma_inv_scale": 1.0,
    "gamma_vol_scale": 2.0,
    "gradient_penalty_ticks": 1.0,
    "gradient_threshold": 1.5,
    "k_vol": 4.0,
    "size_base": 0.04,
    "size_exp": 2.0,
    "size_min_factor": 0.3
  },
  "snapshots_processed": 10000,
  "sharpe_ratio": -0.03242791522640729,
  "capital_base": 10000.0,
  "sharpe_horizon_seconds": 60.0
}