{
  "final_pnl": -7.589227605125416,
  "final_inventory": 0.02094301887586702,
  "fill_count": 276,
  "max_drawdown": 7.589227605125416,
  "pnl_attribution": {
    "inventory_moves": -0.6521528049665937,
    "fees": -7.608910974430583,
    "spread_capture": 1.005525821101331,
    "adverse_selection": -0.3473230480871103,
    "funding_rates": 0.0
  },
  "additional_metrics": {
    "orders_placed": 609,
    "orders_placed_buy": 303,
    "orders_placed_sell": 306,
    "maker_qty_placed": 6.91447356512,
    "maker_qty_filled": 1.2635770332634666,
    "maker_fill_qty_rate": 0.18274377960421595,
    "avg_fill_latency_sec": 0.17894409310003245,
    "std_fill_latency_sec": 0.11317661542966856,
    "avg_queue_position": 1.1337584609462963,
    "std_queue_position": 1.3914854060720665,
    "avg_order_lifetime_sec": 0.1914161421497416,
    "std_order_lifetime_sec": 0.10639738543951552,
    "avg_competition_size": 0.7317053480483846,
    "std_competition_size": 0.1459091034068502,
    "forced_liquidations": 2,
    "avg_forced_liq_cost": 0.07885788876789349,
    "std_forced_liq_cost": 0.04654085776968136
  },
  "strategy": "skew_mid_spread",
  "strategy_kwargs": {
    "gamma": 0.1,
    "gamma_cap_factor": 5.0,
    "gamma_imb": 0.5,
    "gamma_inv_scale": 4.0,
    "gamma_vol_scale": 2.0,
    "gradient_penalty_ticks": 1.0,
    "gradient_threshold": 1.5,
    "k_vol": 1.3,
    "size_base": 0.02,
    "size_exp": 3.0,
    "size_min_factor": 0.2
  },
  "snapshots_processed": 1000,
  "sharpe_ratio": -1.1662714388394548,
  "capital_base": 10000.0,
  "sharpe_horizon_seconds": 60.0
}