{
  "final_pnl": -3.4828802720257954,
  "final_inventory": 0.0109379865022823,
  "fill_count": 273,
  "max_drawdown": 3.4828802720257954,
  "pnl_attribution": {
    "inventory_moves": -0.2677118190602354,
    "fees": -3.654406210434842,
    "spread_capture": 0.5196967906834493,
    "adverse_selection": -0.09474857638166986,
    "funding_rates": 0.0
  },
  "additional_metrics": {
    "orders_placed": 537,
    "orders_placed_buy": 263,
    "orders_placed_sell": 274,
    "maker_qty_placed": 3.086262080945763,
    "maker_qty_filled": 0.640293600210638,
    "maker_fill_qty_rate": 0.20746572501529895,
    "avg_fill_latency_sec": 0.18389872961406467,
    "std_fill_latency_sec": 0.11420369128932276,
    "avg_queue_position": 1.1221275726674778,
    "std_queue_position": 1.3806418467276376,
    "avg_order_lifetime_sec": 0.20610758926295028,
    "std_order_lifetime_sec": 0.12449165571233199,
    "avg_competition_size": 0.6708469357610778,
    "std_competition_size": 0.12873140490630355,
    "forced_liquidations": 1,
    "avg_forced_liq_cost": 0.0031459388396007535,
    "std_forced_liq_cost": 0.0
  },
  "strategy": "skew_mid_spread",
  "strategy_kwargs": {
    "gamma": 0.1,
    "gamma_cap_factor": 5.0,
    "gamma_imb": 0.5,
    "gamma_inv_scale": 4.0,
    "gamma_vol_scale": 2.0,
    "gradient_penalty_ticks": 1.0,
    "gradient_threshold": 1.5,
    "k_vol": 1.3,
    "size_base": 0.01,
    "size_exp": 1.0,
    "size_min_factor": 0.2
  },
  "snapshots_processed": 1000,
  "sharpe_ratio": -1.1598794734919164,
  "capital_base": 10000.0,
  "sharpe_horizon_seconds": 60.0
}