{
  "final_pnl": -1.132312110021303,
  "final_inventory": 0.04329494568811573,
  "fill_count": 80,
  "max_drawdown": 3.0351486898161966,
  "pnl_attribution": {
    "inventory_moves": 0.06647358745187193,
    "fees": -1.7962900203856225,
    "spread_capture": 0.6965999456888406,
    "adverse_selection": -0.09154064181910633,
    "funding_rates": 0.0
  },
  "additional_metrics": {
    "orders_placed": 1588,
    "orders_placed_buy": 820,
    "orders_placed_sell": 768,
    "maker_qty_placed": 34.84654608605938,
    "maker_qty_filled": 0.6450985844694517,
    "maker_fill_qty_rate": 0.018512554526244087,
    "avg_fill_latency_sec": 0.20518180457028476,
    "std_fill_latency_sec": 0.09672577107247897,
    "avg_queue_position": 1.0268360444115388,
    "std_queue_position": 1.268771893578931,
    "avg_order_lifetime_sec": 0.20518180457028476,
    "std_order_lifetime_sec": 0.09672577107247897,
    "avg_competition_size": 0.35283960283000815,
    "std_competition_size": 0.06912459900981596,
    "forced_liquidations": 0,
    "avg_forced_liq_cost": 0.0,
    "std_forced_liq_cost": 0.0,
    "taker_qty_hedge": 0.13309961920670765,
    "taker_qty_cross": 0.0,
    "taker_trades_hedge": 8,
    "taker_trades_cross": 0,
    "taker_qty_total": 0.13309961920670765,
    "notional_traded_btc": 0.7781982036761592,
    "notional_traded_usdt": 13384.368492061727
  },
  "strategy": "skew_mid_spread",
  "strategy_kwargs": {
    "extra_spread_ticks": 38.0,
    "gamma": 0.16,
    "gamma_cap_factor": 5.0,
    "gamma_imb": 0.5,
    "gamma_inv_scale": 1.0,
    "gamma_vol_scale": 2.0,
    "gradient_penalty_ticks": 1.0,
    "gradient_threshold": 1.5,
    "k_vol": 4.0,
    "size_base": 0.04,
    "size_exp": 2.0,
    "size_min_factor": 0.3
  },
  "snapshots_processed": 10000,
  "sharpe_ratio": -0.08325275166320215,
  "capital_base": 10000.0,
  "sharpe_horizon_seconds": 60.0
}