{
  "final_pnl": -1.735838846225306,
  "final_inventory": 0.0029421240851462524,
  "fill_count": 267,
  "max_drawdown": 1.735838846225306,
  "pnl_attribution": {
    "inventory_moves": -0.13178631846328265,
    "fees": -1.8168216550224934,
    "spread_capture": 0.2580825638783183,
    "adverse_selection": -0.04746430290443339,
    "funding_rates": 0.0
  },
  "additional_metrics": {
    "orders_placed": 608,
    "orders_placed_buy": 303,
    "orders_placed_sell": 305,
    "maker_qty_placed": 1.7286290183086879,
    "maker_qty_filled": 0.3204340186265907,
    "maker_fill_qty_rate": 0.18536887627867507,
    "avg_fill_latency_sec": 0.1837727202997579,
    "std_fill_latency_sec": 0.11069763724295203,
    "avg_queue_position": 1.1044918458706698,
    "std_queue_position": 1.404622841793094,
    "avg_order_lifetime_sec": 0.19518181101068274,
    "std_order_lifetime_sec": 0.10389538897625637,
    "avg_competition_size": 0.6346709420577339,
    "std_competition_size": 0.1221014771417154,
    "forced_liquidations": 0,
    "avg_forced_liq_cost": 0.0,
    "std_forced_liq_cost": 0.0
  },
  "strategy": "skew_mid_spread",
  "strategy_kwargs": {
    "gamma": 0.1,
    "gamma_cap_factor": 5.0,
    "gamma_imb": 0.5,
    "gamma_inv_scale": 4.0,
    "gamma_vol_scale": 2.0,
    "gradient_penalty_ticks": 1.0,
    "gradient_threshold": 1.5,
    "k_vol": 1.3,
    "size_base": 0.005,
    "size_exp": 2.0,
    "size_min_factor": 0.3
  },
  "snapshots_processed": 1000,
  "sharpe_ratio": -1.1139987403550158,
  "capital_base": 10000.0,
  "sharpe_horizon_seconds": 60.0
}