{
  "final_pnl": -7.2613298985452275,
  "final_inventory": 0.020052995278280486,
  "fill_count": 278,
  "max_drawdown": 7.2613298985452275,
  "pnl_attribution": {
    "inventory_moves": -0.23560074761084565,
    "fees": -7.129380419804446,
    "spread_capture": 0.8941026847146185,
    "adverse_selection": -0.7556511369145557,
    "funding_rates": 0.0
  },
  "additional_metrics": {
    "orders_placed": 606,
    "orders_placed_buy": 302,
    "orders_placed_sell": 304,
    "maker_qty_placed": 6.8945441590297,
    "maker_qty_filled": 1.297233896644275,
    "maker_fill_qty_rate": 0.1881536859757876,
    "avg_fill_latency_sec": 0.18474999517202378,
    "std_fill_latency_sec": 0.11022437053675807,
    "avg_queue_position": 1.1468086492120428,
    "std_queue_position": 1.3784105872231494,
    "avg_order_lifetime_sec": 0.19416874498128892,
    "std_order_lifetime_sec": 0.10462439819053229,
    "avg_competition_size": 0.7380708163446796,
    "std_competition_size": 0.1377448555518096,
    "forced_liquidations": 9,
    "avg_forced_liq_cost": 0.06156780171382947,
    "std_forced_liq_cost": 0.04900534244691846
  },
  "strategy": "skew_mid_spread",
  "strategy_kwargs": {
    "gamma": 0.1,
    "gamma_cap_factor": 5.0,
    "gamma_imb": 0.5,
    "gamma_inv_scale": 4.0,
    "gamma_vol_scale": 2.0,
    "gradient_penalty_ticks": 1.0,
    "gradient_threshold": 1.5,
    "k_vol": 1.3,
    "size_base": 0.02,
    "size_exp": 1.0,
    "size_min_factor": 0.1
  },
  "snapshots_processed": 1000,
  "sharpe_ratio": -1.1874520539286122,
  "capital_base": 10000.0,
  "sharpe_horizon_seconds": 60.0
}