{
  "final_pnl": -7.3843162947359815,
  "final_inventory": 0.017891193755505436,
  "fill_count": 278,
  "max_drawdown": 7.3843162947359815,
  "pnl_attribution": {
    "inventory_moves": -0.6208260181941568,
    "fees": -7.439995730552519,
    "spread_capture": 1.0173735966582786,
    "adverse_selection": -0.32431713655301647,
    "funding_rates": 0.0
  },
  "additional_metrics": {
    "orders_placed": 608,
    "orders_placed_buy": 304,
    "orders_placed_sell": 304,
    "maker_qty_placed": 6.9110441020574145,
    "maker_qty_filled": 1.2755742724999832,
    "maker_fill_qty_rate": 0.18457041420416423,
    "avg_fill_latency_sec": 0.18203726170225915,
    "std_fill_latency_sec": 0.11163559998887193,
    "avg_queue_position": 1.1130029765318987,
    "std_queue_position": 1.3794039784928172,
    "avg_order_lifetime_sec": 0.19139750995991392,
    "std_order_lifetime_sec": 0.10638686146157601,
    "avg_competition_size": 0.732775022567961,
    "std_competition_size": 0.14188235813442768,
    "forced_liquidations": 2,
    "avg_forced_liq_cost": 0.06270301429434816,
    "std_forced_liq_cost": 0.015339223231315712
  },
  "strategy": "skew_mid_spread",
  "strategy_kwargs": {
    "gamma": 0.1,
    "gamma_cap_factor": 5.0,
    "gamma_imb": 0.5,
    "gamma_inv_scale": 4.0,
    "gamma_vol_scale": 2.0,
    "gradient_penalty_ticks": 1.0,
    "gradient_threshold": 1.5,
    "k_vol": 1.3,
    "size_base": 0.02,
    "size_exp": 2.0,
    "size_min_factor": 0.2
  },
  "snapshots_processed": 1000,
  "sharpe_ratio": -1.2122423112526701,
  "capital_base": 10000.0,
  "sharpe_horizon_seconds": 60.0
}