{
  "final_pnl": -1.7603577503487031,
  "final_inventory": -0.026071497711474212,
  "fill_count": 1016,
  "max_drawdown": 3.5026854201223614,
  "pnl_attribution": {
    "inventory_moves": -1.2216771501629962,
    "fees": -1.2399385397706448,
    "spread_capture": 0.8204303753084122,
    "adverse_selection": -0.11431671569593219,
    "funding_rates": 0.0
  },
  "additional_metrics": {
    "orders_placed": 2065,
    "orders_placed_buy": 1072,
    "orders_placed_sell": 993,
    "maker_qty_placed": 45.13361788730413,
    "maker_qty_filled": 0.7383506289695208,
    "maker_fill_qty_rate": 0.016359216555897133,
    "avg_fill_latency_sec": 0.010265369151459366,
    "std_fill_latency_sec": 0.04965745791037129,
    "avg_queue_position": 0.02585430180163347,
    "std_queue_position": 0.22036932583736962,
    "avg_order_lifetime_sec": 0.010265369151459366,
    "std_order_lifetime_sec": 0.04965745791037129,
    "avg_competition_size": 0.35321602384836176,
    "std_competition_size": 0.06772509891362069,
    "forced_liquidations": 0,
    "avg_forced_liq_cost": 0.0,
    "std_forced_liq_cost": 0.0,
    "taker_qty_hedge": 0.30029646147325567,
    "taker_qty_cross": 0.0,
    "taker_trades_hedge": 936,
    "taker_trades_cross": 0,
    "taker_qty_total": 0.30029646147325567,
    "notional_traded_btc": 1.0386470904427738,
    "notional_traded_usdt": 17866.15234321181
  },
  "strategy": "skew_mid_spread",
  "strategy_kwargs": {
    "extra_spread_ticks": 20.0,
    "gamma": 0.16,
    "gamma_cap_factor": 5.0,
    "gamma_imb": 0.5,
    "gamma_inv_scale": 1.0,
    "gamma_vol_scale": 2.0,
    "gradient_penalty_ticks": 1.0,
    "gradient_threshold": 1.5,
    "k_vol": 4.0,
    "size_base": 0.04,
    "size_exp": 2.0,
    "size_min_factor": 0.3
  },
  "snapshots_processed": 10000,
  "sharpe_ratio": -0.1583522702652212,
  "capital_base": 10000.0,
  "sharpe_horizon_seconds": 60.0
}