{
  "final_pnl": -2.064955072955854,
  "final_inventory": 0.04217896617708262,
  "fill_count": 92,
  "max_drawdown": 3.4808745087702846,
  "pnl_attribution": {
    "inventory_moves": -1.4552970169914512,
    "fees": -1.1117173130952953,
    "spread_capture": 0.6066759355902696,
    "adverse_selection": -0.1048879421693468,
    "funding_rates": 0.0
  },
  "additional_metrics": {
    "orders_placed": 2066,
    "orders_placed_buy": 1072,
    "orders_placed_sell": 994,
    "maker_qty_placed": 45.16044115103735,
    "maker_qty_filled": 0.7327273001107668,
    "maker_fill_qty_rate": 0.01622498101070777,
    "avg_fill_latency_sec": 0.18441509750654111,
    "std_fill_latency_sec": 0.11049382221860078,
    "avg_queue_position": 0.7245102836700232,
    "std_queue_position": 1.178204165627992,
    "avg_order_lifetime_sec": 0.18441509750654111,
    "std_order_lifetime_sec": 0.11049382221860078,
    "avg_competition_size": 0.3535762370038535,
    "std_competition_size": 0.06787965012128884,
    "forced_liquidations": 0,
    "avg_forced_liq_cost": 0.0,
    "std_forced_liq_cost": 0.0,
    "taker_qty_hedge": 0.2692278294147168,
    "taker_qty_cross": 0.0,
    "taker_trades_hedge": 14,
    "taker_trades_cross": 0,
    "taker_qty_total": 0.2692278294147168,
    "notional_traded_btc": 1.0019551295254834,
    "notional_traded_usdt": 17237.583288379345
  },
  "strategy": "skew_mid_spread",
  "strategy_kwargs": {
    "extra_spread_ticks": 20.0,
    "gamma": 0.12,
    "gamma_cap_factor": 5.0,
    "gamma_imb": 0.5,
    "gamma_inv_scale": 1.0,
    "gamma_vol_scale": 2.0,
    "gradient_penalty_ticks": 1.0,
    "gradient_threshold": 1.5,
    "k_vol": 6.0,
    "size_base": 0.04,
    "size_exp": 2.0,
    "size_min_factor": 0.3
  },
  "snapshots_processed": 10000,
  "sharpe_ratio": -0.21859346129423327,
  "capital_base": 10000.0,
  "sharpe_horizon_seconds": 60.0
}