{
  "final_pnl": -21.3644677128068,
  "final_inventory": 0.03852743925681041,
  "fill_count": 315,
  "max_drawdown": 21.3644677128068,
  "pnl_attribution": {
    "inventory_moves": -0.09752785998970726,
    "fees": -18.007014607572213,
    "spread_capture": 2.196043160324741,
    "adverse_selection": -5.173609160461237,
    "funding_rates": 0.0
  },
  "additional_metrics": {
    "orders_placed": 539,
    "orders_placed_buy": 266,
    "orders_placed_sell": 273,
    "maker_qty_placed": 12.379171496524451,
    "maker_qty_filled": 2.781558755963697,
    "maker_fill_qty_rate": 0.22469668157878264,
    "avg_fill_latency_sec": 0.16741578704432436,
    "std_fill_latency_sec": 0.12340033453557799,
    "avg_queue_position": 1.0877036469964527,
    "std_queue_position": 1.3499046292697006,
    "avg_order_lifetime_sec": 0.17666841682634857,
    "std_order_lifetime_sec": 0.1226008055477767,
    "avg_competition_size": 0.8732034026436237,
    "std_competition_size": 0.16936303812622777,
    "forced_liquidations": 33,
    "avg_forced_liq_cost": 0.14338937740338745,
    "std_forced_liq_cost": 0.07468799507968188
  },
  "strategy": "skew_mid_spread",
  "strategy_kwargs": {
    "gamma": 0.1,
    "gamma_cap_factor": 5.0,
    "gamma_imb": 0.5,
    "gamma_inv_scale": 4.0,
    "gamma_vol_scale": 2.0,
    "gradient_penalty_ticks": 1.0,
    "gradient_threshold": 1.5,
    "k_vol": 1.3,
    "size_base": 0.04,
    "size_exp": 2.0,
    "size_min_factor": 0.2
  },
  "snapshots_processed": 1000,
  "sharpe_ratio": -1.3054798358329,
  "capital_base": 10000.0,
  "sharpe_horizon_seconds": 60.0
}