{
  "final_pnl": -3.621833021990824,
  "final_inventory": 0.005666316884024469,
  "fill_count": 280,
  "max_drawdown": 3.621833021990824,
  "pnl_attribution": {
    "inventory_moves": -0.27825765134432656,
    "fees": -3.7198068688722365,
    "spread_capture": 0.4796694159657952,
    "adverse_selection": -0.0974863153857111,
    "funding_rates": 0.0
  },
  "additional_metrics": {
    "orders_placed": 538,
    "orders_placed_buy": 264,
    "orders_placed_sell": 274,
    "maker_qty_placed": 3.0953692149446432,
    "maker_qty_filled": 0.6599514361927886,
    "maker_fill_qty_rate": 0.21320604760378836,
    "avg_fill_latency_sec": 0.1866832253355417,
    "std_fill_latency_sec": 0.11265074921940949,
    "avg_queue_position": 1.1093766569983166,
    "std_queue_position": 1.3917462136454413,
    "avg_order_lifetime_sec": 0.20692546027047293,
    "std_order_lifetime_sec": 0.12346903869248617,
    "avg_competition_size": 0.6632615515999774,
    "std_competition_size": 0.12908643076524384,
    "forced_liquidations": 0,
    "avg_forced_liq_cost": 0.0,
    "std_forced_liq_cost": 0.0
  },
  "strategy": "skew_mid_spread",
  "strategy_kwargs": {
    "gamma": 0.1,
    "gamma_cap_factor": 5.0,
    "gamma_imb": 0.5,
    "gamma_inv_scale": 4.0,
    "gamma_vol_scale": 2.0,
    "gradient_penalty_ticks": 1.0,
    "gradient_threshold": 1.5,
    "k_vol": 1.3,
    "size_base": 0.01,
    "size_exp": 1.0,
    "size_min_factor": 0.3
  },
  "snapshots_processed": 1000,
  "sharpe_ratio": -1.2071702540692901,
  "capital_base": 10000.0,
  "sharpe_horizon_seconds": 60.0
}