{
  "final_pnl": -1.761655913447612,
  "final_inventory": 0.002570845677426359,
  "fill_count": 262,
  "max_drawdown": 1.761655913447612,
  "pnl_attribution": {
    "inventory_moves": -0.13124004716608612,
    "fees": -1.8184390841669038,
    "spread_capture": 0.23323236517775564,
    "adverse_selection": -0.04718510355925734,
    "funding_rates": 0.0
  },
  "additional_metrics": {
    "orders_placed": 608,
    "orders_placed_buy": 303,
    "orders_placed_sell": 305,
    "maker_qty_placed": 1.730719074751861,
    "maker_qty_filled": 0.3122735847098359,
    "maker_fill_qty_rate": 0.1804299665181697,
    "avg_fill_latency_sec": 0.18125657188264946,
    "std_fill_latency_sec": 0.1120021981634371,
    "avg_queue_position": 1.076734470007027,
    "std_queue_position": 1.3967501891131626,
    "avg_order_lifetime_sec": 0.19281578220819173,
    "std_order_lifetime_sec": 0.10546091545816665,
    "avg_competition_size": 0.6401937900764653,
    "std_competition_size": 0.12213867720416649,
    "forced_liquidations": 0,
    "avg_forced_liq_cost": 0.0,
    "std_forced_liq_cost": 0.0
  },
  "strategy": "skew_mid_spread",
  "strategy_kwargs": {
    "gamma": 0.1,
    "gamma_cap_factor": 5.0,
    "gamma_imb": 0.5,
    "gamma_inv_scale": 4.0,
    "gamma_vol_scale": 2.0,
    "gradient_penalty_ticks": 1.0,
    "gradient_threshold": 1.5,
    "k_vol": 1.3,
    "size_base": 0.005,
    "size_exp": 2.0,
    "size_min_factor": 0.1
  },
  "snapshots_processed": 1000,
  "sharpe_ratio": -1.1263197522481891,
  "capital_base": 10000.0,
  "sharpe_horizon_seconds": 60.0
}