{
  "final_pnl": -3.5008596379884693,
  "final_inventory": 0.00826486585494333,
  "fill_count": 272,
  "max_drawdown": 3.5008596379884693,
  "pnl_attribution": {
    "inventory_moves": -0.27834989094797163,
    "fees": -3.690747035510825,
    "spread_capture": 0.5691950560667205,
    "adverse_selection": -0.09951958412935333,
    "funding_rates": 0.0
  },
  "additional_metrics": {
    "orders_placed": 609,
    "orders_placed_buy": 303,
    "orders_placed_sell": 306,
    "maker_qty_placed": 3.462119154747899,
    "maker_qty_filled": 0.6441340146772008,
    "maker_fill_qty_rate": 0.1860519484991858,
    "avg_fill_latency_sec": 0.18344585455147325,
    "std_fill_latency_sec": 0.11086339436830071,
    "avg_queue_position": 1.1081122483544061,
    "std_queue_position": 1.4083859133037757,
    "avg_order_lifetime_sec": 0.19303820998805343,
    "std_order_lifetime_sec": 0.10529544876350783,
    "avg_competition_size": 0.6679257162528642,
    "std_competition_size": 0.12811053700015385,
    "forced_liquidations": 0,
    "avg_forced_liq_cost": 0.0,
    "std_forced_liq_cost": 0.0
  },
  "strategy": "skew_mid_spread",
  "strategy_kwargs": {
    "gamma": 0.1,
    "gamma_cap_factor": 5.0,
    "gamma_imb": 0.5,
    "gamma_inv_scale": 4.0,
    "gamma_vol_scale": 2.0,
    "gradient_penalty_ticks": 1.0,
    "gradient_threshold": 1.5,
    "k_vol": 1.3,
    "size_base": 0.01,
    "size_exp": 1.0,
    "size_min_factor": 0.2
  },
  "snapshots_processed": 1000,
  "sharpe_ratio": -1.1521696342364727,
  "capital_base": 10000.0,
  "sharpe_horizon_seconds": 60.0
}