{
  "final_pnl": 0.17460992927044572,
  "final_inventory": 0.0804391804,
  "fill_count": 55,
  "max_drawdown": 3.3386775626076997,
  "pnl_attribution": {
    "inventory_moves": 0.8157049610006664,
    "fees": -0.9202635989078787,
    "spread_capture": 0.35978012506916035,
    "adverse_selection": -0.06667246316614593,
    "funding_rates": 0.0
  },
  "additional_metrics": {
    "orders_placed": 1588,
    "orders_placed_buy": 821,
    "orders_placed_sell": 767,
    "maker_qty_placed": 34.83143272051887,
    "maker_qty_filled": 0.4082337813476936,
    "maker_fill_qty_rate": 0.011720269580160191,
    "avg_fill_latency_sec": 0.15479411798364975,
    "std_fill_latency_sec": 0.12179268319440484,
    "avg_queue_position": 0.6211532884922564,
    "std_queue_position": 1.0594025519038566,
    "avg_order_lifetime_sec": 0.15479411798364975,
    "std_order_lifetime_sec": 0.12179268319440484,
    "avg_competition_size": 0.35291122910091277,
    "std_competition_size": 0.06906775433695887,
    "forced_liquidations": 0,
    "avg_forced_liq_cost": 0.0,
    "std_forced_liq_cost": 0.0,
    "taker_qty_hedge": 0.22287677073051138,
    "taker_qty_cross": 0.0,
    "taker_trades_hedge": 13,
    "taker_trades_cross": 0,
    "taker_qty_total": 0.22287677073051138,
    "notional_traded_btc": 0.6311105520782049,
    "notional_traded_usdt": 10855.958943564545
  },
  "strategy": "skew_mid_spread",
  "strategy_kwargs": {
    "extra_spread_ticks": 20.0,
    "gamma": 0.08,
    "gamma_cap_factor": 5.0,
    "gamma_imb": 0.5,
    "gamma_inv_scale": 1.0,
    "gamma_vol_scale": 2.0,
    "gradient_penalty_ticks": 1.0,
    "gradient_threshold": 1.5,
    "k_vol": 2.0,
    "size_base": 0.04,
    "size_exp": 2.0,
    "size_min_factor": 0.3
  },
  "snapshots_processed": 10000,
  "sharpe_ratio": 0.0124133489914225,
  "capital_base": 10000.0,
  "sharpe_horizon_seconds": 60.0
}