{
  "final_pnl": -0.45047267703739635,
  "final_inventory": 0.01936585876497883,
  "fill_count": 102,
  "max_drawdown": 0.8440701190247637,
  "pnl_attribution": {
    "inventory_moves": -0.33794293930799985,
    "fees": -0.2104851806168357,
    "spread_capture": 0.12965176919216811,
    "adverse_selection": -0.018104254041148193,
    "funding_rates": 0.0
  },
  "additional_metrics": {
    "orders_placed": 2962,
    "orders_placed_buy": 1538,
    "orders_placed_sell": 1424,
    "maker_qty_placed": 8.117111984610109,
    "maker_qty_filled": 0.12235435102664596,
    "maker_fill_qty_rate": 0.015073631022785876,
    "avg_fill_latency_sec": 0.2503529436448041,
    "std_fill_latency_sec": 0.0005172970636972018,
    "avg_queue_position": 1.444212056795965,
    "std_queue_position": 1.7859212121354138,
    "avg_order_lifetime_sec": 0.2503529436448041,
    "std_order_lifetime_sec": 0.0005172970636972018,
    "avg_competition_size": 0.25974882468358296,
    "std_competition_size": 0.046827332017489946,
    "forced_liquidations": 0,
    "avg_forced_liq_cost": 0.0,
    "std_forced_liq_cost": 0.0,
    "taker_qty_hedge": 0.0,
    "taker_qty_cross": 0.0,
    "taker_trades_hedge": 0,
    "taker_trades_cross": 0,
    "taker_qty_total": 0.0,
    "notional_traded_btc": 0.12235435102664596,
    "notional_traded_usdt": 2104.8518061683567
  },
  "strategy": "skew_mid_spread",
  "strategy_kwargs": {
    "extra_spread_ticks": 32.0,
    "gamma": 0.08,
    "gamma_cap_factor": 5.0,
    "gamma_imb": 0.5,
    "gamma_inv_scale": 1.0,
    "gamma_vol_scale": 1.0,
    "gradient_penalty_ticks": 1.0,
    "gradient_threshold": 1.5,
    "k_vol": 4.0,
    "size_base": 0.005,
    "size_exp": 2.0,
    "size_min_factor": 0.3
  },
  "snapshots_processed": 10000,
  "sharpe_ratio": -0.18146124411011813,
  "capital_base": 10000.0,
  "sharpe_horizon_seconds": 60.0
}