{
  "final_pnl": -6.906239769981767,
  "final_inventory": 0.024247283543005038,
  "fill_count": 272,
  "max_drawdown": 6.906239769981767,
  "pnl_attribution": {
    "inventory_moves": -0.489507996140618,
    "fees": -7.082293618297771,
    "spread_capture": 0.870346093391363,
    "adverse_selection": -0.18255913204830584,
    "funding_rates": 0.0
  },
  "additional_metrics": {
    "orders_placed": 535,
    "orders_placed_buy": 264,
    "orders_placed_sell": 271,
    "maker_qty_placed": 6.152964353470475,
    "maker_qty_filled": 1.2885074259116687,
    "maker_fill_qty_rate": 0.20941246395892216,
    "avg_fill_latency_sec": 0.19071612358093262,
    "std_fill_latency_sec": 0.11053708922753874,
    "avg_queue_position": 1.2052488156033996,
    "std_queue_position": 1.4118425129265584,
    "avg_order_lifetime_sec": 0.20367096008793,
    "std_order_lifetime_sec": 0.10570683989833468,
    "avg_competition_size": 0.7212008628527057,
    "std_competition_size": 0.14507416586152544,
    "forced_liquidations": 0,
    "avg_forced_liq_cost": 0.0,
    "std_forced_liq_cost": 0.0
  },
  "strategy": "skew_mid_spread",
  "strategy_kwargs": {
    "gamma": 0.1,
    "gamma_cap_factor": 5.0,
    "gamma_imb": 0.5,
    "gamma_inv_scale": 4.0,
    "gamma_vol_scale": 2.0,
    "gradient_penalty_ticks": 1.0,
    "gradient_threshold": 1.5,
    "k_vol": 1.3,
    "size_base": 0.02,
    "size_exp": 3.0,
    "size_min_factor": 0.3
  },
  "snapshots_processed": 1000,
  "sharpe_ratio": -1.1855785284427878,
  "capital_base": 10000.0,
  "sharpe_horizon_seconds": 60.0
}