{
  "final_pnl": 0.29367615472438047,
  "final_inventory": 0.10000003948378659,
  "fill_count": 4901,
  "max_drawdown": 3.5399328835501365,
  "pnl_attribution": {
    "inventory_moves": 0.9693748089235055,
    "fees": -1.1798184098401572,
    "spread_capture": 0.6025792716942792,
    "adverse_selection": -0.09855566957033318,
    "funding_rates": 0.0
  },
  "additional_metrics": {
    "orders_placed": 1585,
    "orders_placed_buy": 818,
    "orders_placed_sell": 767,
    "maker_qty_placed": 34.75141219490376,
    "maker_qty_filled": 0.5551960678828846,
    "maker_fill_qty_rate": 0.015976216010131043,
    "avg_fill_latency_sec": 0.0015436254519746672,
    "std_fill_latency_sec": 0.019608780271137407,
    "avg_queue_position": 0.007804290913086349,
    "std_queue_position": 0.15968068343417108,
    "avg_order_lifetime_sec": 0.0015436254519746672,
    "std_order_lifetime_sec": 0.019608780271137407,
    "avg_competition_size": 0.35217864856322123,
    "std_competition_size": 0.0700701873726285,
    "forced_liquidations": 0,
    "avg_forced_liq_cost": 0.0,
    "std_forced_liq_cost": 0.0,
    "taker_qty_hedge": 0.28573526034660424,
    "taker_qty_cross": 0.0,
    "taker_trades_hedge": 4841,
    "taker_trades_cross": 0,
    "taker_qty_total": 0.28573526034660424,
    "notional_traded_btc": 0.8409313282294888,
    "notional_traded_usdt": 14464.639860282212
  },
  "strategy": "skew_mid_spread",
  "strategy_kwargs": {
    "extra_spread_ticks": 15.0,
    "gamma": 0.08,
    "gamma_cap_factor": 5.0,
    "gamma_imb": 0.5,
    "gamma_inv_scale": 1.0,
    "gamma_vol_scale": 2.0,
    "gradient_penalty_ticks": 1.0,
    "gradient_threshold": 1.5,
    "k_vol": 2.0,
    "size_base": 0.04,
    "size_exp": 2.0,
    "size_min_factor": 0.3
  },
  "snapshots_processed": 10000,
  "sharpe_ratio": 0.020096999666991855,
  "capital_base": 10000.0,
  "sharpe_horizon_seconds": 60.0
}