{
  "final_pnl": -8.155447349206952,
  "final_inventory": 0.01252998720475092,
  "fill_count": 285,
  "max_drawdown": 8.155447349206952,
  "pnl_attribution": {
    "inventory_moves": -0.22757378039025414,
    "fees": -7.677727619682895,
    "spread_capture": 0.9590844143361952,
    "adverse_selection": -1.153786450050533,
    "funding_rates": 0.0
  },
  "additional_metrics": {
    "orders_placed": 607,
    "orders_placed_buy": 303,
    "orders_placed_sell": 304,
    "maker_qty_placed": 6.908547220933881,
    "maker_qty_filled": 1.33214062501654,
    "maker_fill_qty_rate": 0.1928250010334972,
    "avg_fill_latency_sec": 0.179578308599541,
    "std_fill_latency_sec": 0.1128595024738117,
    "avg_queue_position": 1.1040834284034473,
    "std_queue_position": 1.4001701794469883,
    "avg_order_lifetime_sec": 0.1886566216687122,
    "std_order_lifetime_sec": 0.10804905530787466,
    "avg_competition_size": 0.7359454961903701,
    "std_competition_size": 0.14456818080499137,
    "forced_liquidations": 12,
    "avg_forced_liq_cost": 0.0789205030312775,
    "std_forced_liq_cost": 0.04324709808793764
  },
  "strategy": "skew_mid_spread",
  "strategy_kwargs": {
    "gamma": 0.1,
    "gamma_cap_factor": 5.0,
    "gamma_imb": 0.5,
    "gamma_inv_scale": 4.0,
    "gamma_vol_scale": 2.0,
    "gradient_penalty_ticks": 1.0,
    "gradient_threshold": 1.5,
    "k_vol": 1.3,
    "size_base": 0.02,
    "size_exp": 1.0,
    "size_min_factor": 0.3
  },
  "snapshots_processed": 1000,
  "sharpe_ratio": -1.1911285104849525,
  "capital_base": 10000.0,
  "sharpe_horizon_seconds": 60.0
}