{
  "final_pnl": -7.817229421394586,
  "final_inventory": 0.007881076589926015,
  "fill_count": 284,
  "max_drawdown": 7.817229421394586,
  "pnl_attribution": {
    "inventory_moves": -0.24863994558392524,
    "fees": -7.629395816898481,
    "spread_capture": 1.0753417723473346,
    "adverse_selection": -0.9859735458758182,
    "funding_rates": 0.0
  },
  "additional_metrics": {
    "orders_placed": 606,
    "orders_placed_buy": 302,
    "orders_placed_sell": 304,
    "maker_qty_placed": 6.890414283668985,
    "maker_qty_filled": 1.31057332782424,
    "maker_fill_qty_rate": 0.19020239914027204,
    "avg_fill_latency_sec": 0.17809035835495915,
    "std_fill_latency_sec": 0.11358711878979982,
    "avg_queue_position": 1.1095875580011991,
    "std_queue_position": 1.4062940275358673,
    "avg_order_lifetime_sec": 0.1886746955205159,
    "std_order_lifetime_sec": 0.10805950963506336,
    "avg_competition_size": 0.729427337774337,
    "std_competition_size": 0.14750594305398032,
    "forced_liquidations": 13,
    "avg_forced_liq_cost": 0.06112723585623476,
    "std_forced_liq_cost": 0.04129388613895932
  },
  "strategy": "skew_mid_spread",
  "strategy_kwargs": {
    "gamma": 0.1,
    "gamma_cap_factor": 5.0,
    "gamma_imb": 0.5,
    "gamma_inv_scale": 4.0,
    "gamma_vol_scale": 2.0,
    "gradient_penalty_ticks": 1.0,
    "gradient_threshold": 1.5,
    "k_vol": 1.3,
    "size_base": 0.02,
    "size_exp": 1.0,
    "size_min_factor": 0.1
  },
  "snapshots_processed": 1000,
  "sharpe_ratio": -1.138932350534619,
  "capital_base": 10000.0,
  "sharpe_horizon_seconds": 60.0
}