{
  "final_pnl": -3.1704271669750597,
  "final_inventory": 0.0044808785804852196,
  "fill_count": 261,
  "max_drawdown": 3.1704271669750597,
  "pnl_attribution": {
    "inventory_moves": -0.18427583944733805,
    "fees": -3.3654856295932203,
    "spread_capture": 0.46646625994304813,
    "adverse_selection": -0.09120774787599727,
    "funding_rates": 0.0
  },
  "additional_metrics": {
    "orders_placed": 533,
    "orders_placed_buy": 261,
    "orders_placed_sell": 272,
    "maker_qty_placed": 3.066745853446149,
    "maker_qty_filled": 0.6325731590376463,
    "maker_fill_qty_rate": 0.20626852998816783,
    "avg_fill_latency_sec": 0.19297296775353923,
    "std_fill_latency_sec": 0.10935343916133226,
    "avg_queue_position": 1.1312975231297782,
    "std_queue_position": 1.3608991163301363,
    "avg_order_lifetime_sec": 0.20654053301424594,
    "std_order_lifetime_sec": 0.10389757920780165,
    "avg_competition_size": 0.6687295303348001,
    "std_competition_size": 0.12804070487030347,
    "forced_liquidations": 0,
    "avg_forced_liq_cost": 0.0,
    "std_forced_liq_cost": 0.0
  },
  "strategy": "skew_mid_spread",
  "strategy_kwargs": {
    "gamma": 0.1,
    "gamma_cap_factor": 5.0,
    "gamma_imb": 0.5,
    "gamma_inv_scale": 4.0,
    "gamma_vol_scale": 2.0,
    "gradient_penalty_ticks": 1.0,
    "gradient_threshold": 1.5,
    "k_vol": 1.3,
    "size_base": 0.01,
    "size_exp": 1.0,
    "size_min_factor": 0.3
  },
  "snapshots_processed": 1000,
  "sharpe_ratio": -1.0813707104361467,
  "capital_base": 10000.0,
  "sharpe_horizon_seconds": 60.0
}