{
  "final_pnl": -0.3836317950699595,
  "final_inventory": 0.06287109655681848,
  "fill_count": 598,
  "max_drawdown": 3.291342813785377,
  "pnl_attribution": {
    "inventory_moves": -0.44567416139823945,
    "fees": -0.5755146186682343,
    "spread_capture": 0.7226081831304365,
    "adverse_selection": -0.07520379384033087,
    "funding_rates": 0.0
  },
  "additional_metrics": {
    "orders_placed": 1585,
    "orders_placed_buy": 820,
    "orders_placed_sell": 765,
    "maker_qty_placed": 34.77973622770145,
    "maker_qty_filled": 0.5602913070914106,
    "maker_fill_qty_rate": 0.01610970547399231,
    "avg_fill_latency_sec": 0.012314035181413618,
    "std_fill_latency_sec": 0.05417804977059222,
    "avg_queue_position": 0.0347562388044592,
    "std_queue_position": 0.20499050566580906,
    "avg_order_lifetime_sec": 0.012314035181413618,
    "std_order_lifetime_sec": 0.05417804977059222,
    "avg_competition_size": 0.3544619118080868,
    "std_competition_size": 0.06938072626174462,
    "forced_liquidations": 0,
    "avg_forced_liq_cost": 0.0,
    "std_forced_liq_cost": 0.0,
    "taker_qty_hedge": 0.13934086045773006,
    "taker_qty_cross": 0.0,
    "taker_trades_hedge": 542,
    "taker_trades_cross": 0,
    "taker_qty_total": 0.13934086045773006,
    "notional_traded_btc": 0.6996321675491413,
    "notional_traded_usdt": 12033.887067974209
  },
  "strategy": "skew_mid_spread",
  "strategy_kwargs": {
    "extra_spread_ticks": 20.0,
    "gamma": 0.12,
    "gamma_cap_factor": 5.0,
    "gamma_imb": 0.5,
    "gamma_inv_scale": 1.0,
    "gamma_vol_scale": 2.0,
    "gradient_penalty_ticks": 1.0,
    "gradient_threshold": 1.5,
    "k_vol": 2.0,
    "size_base": 0.04,
    "size_exp": 2.0,
    "size_min_factor": 0.3
  },
  "snapshots_processed": 10000,
  "sharpe_ratio": -0.03643779527335525,
  "capital_base": 10000.0,
  "sharpe_horizon_seconds": 60.0
}