{
  "final_pnl": -3.935456452654762,
  "final_inventory": -0.060174564392428534,
  "fill_count": 3139,
  "max_drawdown": 5.02593722821257,
  "pnl_attribution": {
    "inventory_moves": -1.1849740349128837,
    "fees": -4.35728342712078,
    "spread_capture": 1.9138604548766283,
    "adverse_selection": -0.2295798038915637,
    "funding_rates": 0.0
  },
  "additional_metrics": {
    "orders_placed": 2963,
    "orders_placed_buy": 1538,
    "orders_placed_sell": 1425,
    "maker_qty_placed": 64.89076859555165,
    "maker_qty_filled": 1.5251631048819807,
    "maker_fill_qty_rate": 0.023503545078776163,
    "avg_fill_latency_sec": 0.0065527952118767906,
    "std_fill_latency_sec": 0.03998698094138777,
    "avg_queue_position": 0.029509247999011515,
    "std_queue_position": 0.31654094910655267,
    "avg_order_lifetime_sec": 0.0065527952118767906,
    "std_order_lifetime_sec": 0.03998698094138777,
    "avg_competition_size": 0.3544450914009679,
    "std_competition_size": 0.06691886483959655,
    "forced_liquidations": 0,
    "avg_forced_liq_cost": 0.0,
    "std_forced_liq_cost": 0.0,
    "taker_qty_hedge": 0.335987184057931,
    "taker_qty_cross": 0.0,
    "taker_trades_hedge": 2979,
    "taker_trades_cross": 0,
    "taker_qty_total": 0.335987184057931,
    "notional_traded_btc": 1.8611502889399059,
    "notional_traded_usdt": 32012.703635399186
  },
  "strategy": "skew_mid_spread",
  "strategy_kwargs": {
    "extra_spread_ticks": 26.0,
    "gamma": 0.12,
    "gamma_cap_factor": 5.0,
    "gamma_imb": 0.5,
    "gamma_inv_scale": 1.0,
    "gamma_vol_scale": 2.0,
    "gradient_penalty_ticks": 1.0,
    "gradient_threshold": 1.5,
    "k_vol": 6.0,
    "size_base": 0.04,
    "size_exp": 2.0,
    "size_min_factor": 0.3
  },
  "snapshots_processed": 10000,
  "sharpe_ratio": -0.3140807319888199,
  "capital_base": 10000.0,
  "sharpe_horizon_seconds": 60.0
}