{
  "final_pnl": -0.3507355492001807,
  "final_inventory": 0.043294950335602655,
  "fill_count": 1386,
  "max_drawdown": 3.487377474666573,
  "pnl_attribution": {
    "inventory_moves": 0.061503106791329844,
    "fees": -1.5195639813990325,
    "spread_capture": 1.417270198591122,
    "adverse_selection": -0.22091031250676307,
    "funding_rates": 0.0
  },
  "additional_metrics": {
    "orders_placed": 2958,
    "orders_placed_buy": 1537,
    "orders_placed_sell": 1421,
    "maker_qty_placed": 64.78290966932053,
    "maker_qty_filled": 1.347785799858868,
    "maker_fill_qty_rate": 0.02080465058977034,
    "avg_fill_latency_sec": 0.013327507443703417,
    "std_fill_latency_sec": 0.0562291754643428,
    "avg_queue_position": 0.06907378479512796,
    "std_queue_position": 0.5174115773497169,
    "avg_order_lifetime_sec": 0.013327507443703417,
    "std_order_lifetime_sec": 0.0562291754643428,
    "avg_competition_size": 0.3541521999929413,
    "std_competition_size": 0.0680917908396639,
    "forced_liquidations": 0,
    "avg_forced_liq_cost": 0.0,
    "std_forced_liq_cost": 0.0,
    "taker_qty_hedge": 0.3680463165115036,
    "taker_qty_cross": 0.0,
    "taker_trades_hedge": 1246,
    "taker_trades_cross": 0,
    "taker_qty_total": 0.3680463165115036,
    "notional_traded_btc": 1.7158321163703782,
    "notional_traded_usdt": 29514.602884066357
  },
  "strategy": "skew_mid_spread",
  "strategy_kwargs": {
    "extra_spread_ticks": 25.0,
    "gamma": 0.16,
    "gamma_cap_factor": 5.0,
    "gamma_imb": 0.5,
    "gamma_inv_scale": 1.0,
    "gamma_vol_scale": 2.0,
    "gradient_penalty_ticks": 1.0,
    "gradient_threshold": 1.5,
    "k_vol": 6.0,
    "size_base": 0.04,
    "size_exp": 2.0,
    "size_min_factor": 0.3
  },
  "snapshots_processed": 10000,
  "sharpe_ratio": -0.02659689245722683,
  "capital_base": 10000.0,
  "sharpe_horizon_seconds": 60.0
}