{
  "final_pnl": -0.13865956165682292,
  "final_inventory": 0.06187070447841757,
  "fill_count": 598,
  "max_drawdown": 2.937287011087392,
  "pnl_attribution": {
    "inventory_moves": 0.11685474969017572,
    "fees": -0.8200133203276239,
    "spread_capture": 0.6548817657069365,
    "adverse_selection": -0.07841616381856524,
    "funding_rates": 0.0
  },
  "additional_metrics": {
    "orders_placed": 1586,
    "orders_placed_buy": 821,
    "orders_placed_sell": 765,
    "maker_qty_placed": 34.78002371865649,
    "maker_qty_filled": 0.5705675690473746,
    "maker_fill_qty_rate": 0.016405036801090917,
    "avg_fill_latency_sec": 0.014160777149267837,
    "std_fill_latency_sec": 0.05784743407291428,
    "avg_queue_position": 0.05973834769665827,
    "std_queue_position": 0.46429518219971666,
    "avg_order_lifetime_sec": 0.014160777149267837,
    "std_order_lifetime_sec": 0.05784743407291428,
    "avg_competition_size": 0.3529605177430451,
    "std_competition_size": 0.07043006266184008,
    "forced_liquidations": 0,
    "avg_forced_liq_cost": 0.0,
    "std_forced_liq_cost": 0.0,
    "taker_qty_hedge": 0.19854411089904483,
    "taker_qty_cross": 0.0,
    "taker_trades_hedge": 534,
    "taker_trades_cross": 0,
    "taker_qty_total": 0.19854411089904483,
    "notional_traded_btc": 0.7691116799464193,
    "notional_traded_usdt": 13231.999870632586
  },
  "strategy": "skew_mid_spread",
  "strategy_kwargs": {
    "extra_spread_ticks": 20.0,
    "gamma": 0.08,
    "gamma_cap_factor": 5.0,
    "gamma_imb": 0.5,
    "gamma_inv_scale": 1.0,
    "gamma_vol_scale": 2.0,
    "gradient_penalty_ticks": 1.0,
    "gradient_threshold": 1.5,
    "k_vol": 4.0,
    "size_base": 0.04,
    "size_exp": 2.0,
    "size_min_factor": 0.3
  },
  "snapshots_processed": 10000,
  "sharpe_ratio": -0.014371972773293988,
  "capital_base": 10000.0,
  "sharpe_horizon_seconds": 60.0
}