{
  "final_pnl": -1.6368988667381927,
  "final_inventory": 0.03881387211460184,
  "fill_count": 163,
  "max_drawdown": 4.558413502199983,
  "pnl_attribution": {
    "inventory_moves": -0.2573343298342352,
    "fees": -2.195697155194271,
    "spread_capture": 1.053025370031667,
    "adverse_selection": -0.17752968324265198,
    "funding_rates": 0.0
  },
  "additional_metrics": {
    "orders_placed": 2058,
    "orders_placed_buy": 1069,
    "orders_placed_sell": 989,
    "maker_qty_placed": 44.965752943627855,
    "maker_qty_filled": 1.1929651147072666,
    "maker_fill_qty_rate": 0.026530526825667734,
    "avg_fill_latency_sec": 0.1704433062641891,
    "std_fill_latency_sec": 0.1168142438158567,
    "avg_queue_position": 0.5118391513220316,
    "std_queue_position": 0.8752519032539975,
    "avg_order_lifetime_sec": 0.1704433062641891,
    "std_order_lifetime_sec": 0.1168142438158567,
    "avg_competition_size": 0.35234047787400957,
    "std_competition_size": 0.06846641267156749,
    "forced_liquidations": 0,
    "avg_forced_liq_cost": 0.0,
    "std_forced_liq_cost": 0.0,
    "taker_qty_hedge": 0.5316823578732125,
    "taker_qty_cross": 0.0,
    "taker_trades_hedge": 31,
    "taker_trades_cross": 0,
    "taker_qty_total": 0.5316823578732125,
    "notional_traded_btc": 1.7246474725804783,
    "notional_traded_usdt": 29668.42913819589
  },
  "strategy": "skew_mid_spread",
  "strategy_kwargs": {
    "extra_spread_ticks": 30.0,
    "gamma": 0.12,
    "gamma_cap_factor": 5.0,
    "gamma_imb": 0.5,
    "gamma_inv_scale": 1.0,
    "gamma_vol_scale": 2.0,
    "gradient_penalty_ticks": 1.0,
    "gradient_threshold": 1.5,
    "k_vol": 2.0,
    "size_base": 0.04,
    "size_exp": 2.0,
    "size_min_factor": 0.3
  },
  "snapshots_processed": 10000,
  "sharpe_ratio": -0.13416320807287438,
  "capital_base": 10000.0,
  "sharpe_horizon_seconds": 60.0
}