{
  "final_pnl": -2.1162597845632263,
  "final_inventory": 0.027403122973084795,
  "fill_count": 52,
  "max_drawdown": 2.7444931739646563,
  "pnl_attribution": {
    "inventory_moves": -1.7619822689995348,
    "fees": -0.8506753218938998,
    "spread_capture": 0.6024506438906885,
    "adverse_selection": -0.0674518613188333,
    "funding_rates": 0.0
  },
  "additional_metrics": {
    "orders_placed": 1586,
    "orders_placed_buy": 820,
    "orders_placed_sell": 766,
    "maker_qty_placed": 34.78782530056273,
    "maker_qty_filled": 0.49458890628569546,
    "maker_fill_qty_rate": 0.014217298782332766,
    "avg_fill_latency_sec": 0.2506153491827158,
    "std_fill_latency_sec": 0.0007881975944893305,
    "avg_queue_position": 0.8887723684978599,
    "std_queue_position": 0.8932092397296775,
    "avg_order_lifetime_sec": 0.2506153491827158,
    "std_order_lifetime_sec": 0.0007881975944893305,
    "avg_competition_size": 0.35190721973351474,
    "std_competition_size": 0.06984751277849628,
    "forced_liquidations": 0,
    "avg_forced_liq_cost": 0.0,
    "std_forced_liq_cost": 0.0,
    "taker_qty_hedge": 0.0,
    "taker_qty_cross": 0.0,
    "taker_trades_hedge": 0,
    "taker_trades_cross": 0,
    "taker_qty_total": 0.0,
    "notional_traded_btc": 0.49458890628569546,
    "notional_traded_usdt": 8506.753218938997
  },
  "strategy": "skew_mid_spread",
  "strategy_kwargs": {
    "extra_spread_ticks": 30.0,
    "gamma": 0.16,
    "gamma_cap_factor": 5.0,
    "gamma_imb": 0.5,
    "gamma_inv_scale": 1.0,
    "gamma_vol_scale": 2.0,
    "gradient_penalty_ticks": 1.0,
    "gradient_threshold": 1.5,
    "k_vol": 6.0,
    "size_base": 0.04,
    "size_exp": 2.0,
    "size_min_factor": 0.3
  },
  "snapshots_processed": 10000,
  "sharpe_ratio": -0.279960553787458,
  "capital_base": 10000.0,
  "sharpe_horizon_seconds": 60.0
}