{
  "final_pnl": -0.21241442640712194,
  "final_inventory": 0.027693555673275857,
  "fill_count": 36,
  "max_drawdown": 0.7590891764593835,
  "pnl_attribution": {
    "inventory_moves": -0.1659932024313886,
    "fees": -0.08495980075670476,
    "spread_capture": 0.045426850481023025,
    "adverse_selection": -0.0067583421575610255,
    "funding_rates": 0.0
  },
  "additional_metrics": {
    "orders_placed": 1588,
    "orders_placed_buy": 820,
    "orders_placed_sell": 768,
    "maker_qty_placed": 4.3578983974735515,
    "maker_qty_filled": 0.04938738607961649,
    "maker_fill_qty_rate": 0.011332844774042538,
    "avg_fill_latency_sec": 0.2506110668182373,
    "std_fill_latency_sec": 0.00048746268803176034,
    "avg_queue_position": 1.503663513042227,
    "std_queue_position": 1.096447357304339,
    "avg_order_lifetime_sec": 0.2506110668182373,
    "std_order_lifetime_sec": 0.00048746268803176034,
    "avg_competition_size": 0.2591890482295807,
    "std_competition_size": 0.048369625337750105,
    "forced_liquidations": 0,
    "avg_forced_liq_cost": 0.0,
    "std_forced_liq_cost": 0.0,
    "taker_qty_hedge": 0.0,
    "taker_qty_cross": 0.0,
    "taker_trades_hedge": 0,
    "taker_trades_cross": 0,
    "taker_qty_total": 0.0,
    "notional_traded_btc": 0.04938738607961649,
    "notional_traded_usdt": 849.5980075670476
  },
  "strategy": "skew_mid_spread",
  "strategy_kwargs": {
    "extra_spread_ticks": 28.0,
    "gamma": 0.16,
    "gamma_cap_factor": 5.0,
    "gamma_imb": 0.5,
    "gamma_inv_scale": 2.0,
    "gamma_vol_scale": 0.0,
    "gradient_penalty_ticks": 1.0,
    "gradient_threshold": 1.5,
    "k_vol": 4.0,
    "size_base": 0.005,
    "size_exp": 2.0,
    "size_min_factor": 0.3
  },
  "snapshots_processed": 10000,
  "sharpe_ratio": -0.07951722524035688,
  "capital_base": 10000.0,
  "sharpe_horizon_seconds": 60.0
}