{
  "final_pnl": -16.60978103130401,
  "final_inventory": 0.04008641105744316,
  "fill_count": 292,
  "max_drawdown": 16.60978103130401,
  "pnl_attribution": {
    "inventory_moves": -1.2856399170778416,
    "fees": -16.06979642087041,
    "spread_capture": 2.004168070337643,
    "adverse_selection": -1.1713667667730214,
    "funding_rates": 0.0
  },
  "additional_metrics": {
    "orders_placed": 538,
    "orders_placed_buy": 265,
    "orders_placed_sell": 273,
    "maker_qty_placed": 12.342484588196202,
    "maker_qty_filled": 2.711973567153908,
    "maker_fill_qty_rate": 0.21972671286521334,
    "avg_fill_latency_sec": 0.1826999958823709,
    "std_fill_latency_sec": 0.11773843431647008,
    "avg_queue_position": 1.2226137874737328,
    "std_queue_position": 1.378233200241782,
    "avg_order_lifetime_sec": 0.1974411725997925,
    "std_order_lifetime_sec": 0.12794737009559798,
    "avg_competition_size": 0.8668107266186541,
    "std_competition_size": 0.16727392401789656,
    "forced_liquidations": 4,
    "avg_forced_liq_cost": 0.19060928108056513,
    "std_forced_liq_cost": 0.1010255502535176
  },
  "strategy": "skew_mid_spread",
  "strategy_kwargs": {
    "gamma": 0.1,
    "gamma_cap_factor": 5.0,
    "gamma_imb": 0.5,
    "gamma_inv_scale": 4.0,
    "gamma_vol_scale": 2.0,
    "gradient_penalty_ticks": 1.0,
    "gradient_threshold": 1.5,
    "k_vol": 1.3,
    "size_base": 0.04,
    "size_exp": 3.0,
    "size_min_factor": 0.2
  },
  "snapshots_processed": 1000,
  "sharpe_ratio": -1.1806480278419997,
  "capital_base": 10000.0,
  "sharpe_horizon_seconds": 60.0
}