{
  "final_pnl": -2.6488031780518213,
  "final_inventory": 0.02320726130920736,
  "fill_count": 126,
  "max_drawdown": 3.5342012367927964,
  "pnl_attribution": {
    "inventory_moves": -2.6798905663292776,
    "fees": -1.0172733809440562,
    "spread_capture": 1.2311483688992635,
    "adverse_selection": -0.16968352028904235,
    "funding_rates": 0.0
  },
  "additional_metrics": {
    "orders_placed": 2053,
    "orders_placed_buy": 1062,
    "orders_placed_sell": 991,
    "maker_qty_placed": 44.84350743886114,
    "maker_qty_filled": 1.0536337967905591,
    "maker_fill_qty_rate": 0.023495793638066007,
    "avg_fill_latency_sec": 0.20062858717782156,
    "std_fill_latency_sec": 0.10031952217373608,
    "avg_queue_position": 0.6942125579935268,
    "std_queue_position": 1.0726436481247774,
    "avg_order_lifetime_sec": 0.20062858717782156,
    "std_order_lifetime_sec": 0.10031952217373608,
    "avg_competition_size": 0.3555223957582565,
    "std_competition_size": 0.07005268399431303,
    "forced_liquidations": 0,
    "avg_forced_liq_cost": 0.0,
    "std_forced_liq_cost": 0.0,
    "taker_qty_hedge": 0.24634928207436982,
    "taker_qty_cross": 0.0,
    "taker_trades_hedge": 14,
    "taker_trades_cross": 0,
    "taker_qty_total": 0.24634928207436982,
    "notional_traded_btc": 1.2999830788649287,
    "notional_traded_usdt": 22361.66949533657
  },
  "strategy": "skew_mid_spread",
  "strategy_kwargs": {
    "extra_spread_ticks": 10.0,
    "gamma": 0.08,
    "gamma_cap_factor": 5.0,
    "gamma_imb": 0.5,
    "gamma_inv_scale": 1.0,
    "gamma_vol_scale": 2.0,
    "gradient_penalty_ticks": 1.0,
    "gradient_threshold": 1.5,
    "k_vol": 2.0,
    "size_base": 0.04,
    "size_exp": 2.0,
    "size_min_factor": 0.3
  },
  "snapshots_processed": 10000,
  "sharpe_ratio": -0.2954613134469927,
  "capital_base": 10000.0,
  "sharpe_horizon_seconds": 60.0
}