{
  "final_pnl": -0.5578514492335671,
  "final_inventory": 0.036784142783868344,
  "fill_count": 80,
  "max_drawdown": 1.22812922133744,
  "pnl_attribution": {
    "inventory_moves": -0.47903304729528334,
    "fees": -0.17310714103309446,
    "spread_capture": 0.11496564531097535,
    "adverse_selection": -0.015481421820886663,
    "funding_rates": 0.0
  },
  "additional_metrics": {
    "orders_placed": 2960,
    "orders_placed_buy": 1536,
    "orders_placed_sell": 1424,
    "maker_qty_placed": 8.112190325025052,
    "maker_qty_filled": 0.10062311711973881,
    "maker_fill_qty_rate": 0.012403939390984157,
    "avg_fill_latency_sec": 0.25067501068115233,
    "std_fill_latency_sec": 0.0014558215793169628,
    "avg_queue_position": 1.093277912799212,
    "std_queue_position": 1.1622138969815061,
    "avg_order_lifetime_sec": 0.25067501068115233,
    "std_order_lifetime_sec": 0.0014558215793169628,
    "avg_competition_size": 0.26015788682972546,
    "std_competition_size": 0.047023835511374526,
    "forced_liquidations": 0,
    "avg_forced_liq_cost": 0.0,
    "std_forced_liq_cost": 0.0,
    "taker_qty_hedge": 0.0,
    "taker_qty_cross": 0.0,
    "taker_trades_hedge": 0,
    "taker_trades_cross": 0,
    "taker_qty_total": 0.0,
    "notional_traded_btc": 0.10062311711973881,
    "notional_traded_usdt": 1731.0714103309454
  },
  "strategy": "skew_mid_spread",
  "strategy_kwargs": {
    "extra_spread_ticks": 36.0,
    "gamma": 0.08,
    "gamma_cap_factor": 5.0,
    "gamma_imb": 0.5,
    "gamma_inv_scale": 4.0,
    "gamma_vol_scale": 1.0,
    "gradient_penalty_ticks": 1.0,
    "gradient_threshold": 1.5,
    "k_vol": 8.0,
    "size_base": 0.005,
    "size_exp": 2.0,
    "size_min_factor": 0.3
  },
  "snapshots_processed": 10000,
  "sharpe_ratio": -0.14375456948919943,
  "capital_base": 10000.0,
  "sharpe_horizon_seconds": 60.0
}