{
  "final_pnl": -3.3682573836304073,
  "final_inventory": 0.007313197293782526,
  "fill_count": 267,
  "max_drawdown": 3.3682573836304073,
  "pnl_attribution": {
    "inventory_moves": -0.24736062121372238,
    "fees": -3.6089879716763478,
    "spread_capture": 0.5836800319083456,
    "adverse_selection": -0.09988593572721412,
    "funding_rates": 0.0
  },
  "additional_metrics": {
    "orders_placed": 609,
    "orders_placed_buy": 304,
    "orders_placed_sell": 305,
    "maker_qty_placed": 3.4637226794659077,
    "maker_qty_filled": 0.6319857925599253,
    "maker_fill_qty_rate": 0.18245854274262366,
    "avg_fill_latency_sec": 0.183824669231068,
    "std_fill_latency_sec": 0.11073022499851128,
    "avg_queue_position": 1.1119800478527424,
    "std_queue_position": 1.391914957397223,
    "avg_order_lifetime_sec": 0.19523375994199282,
    "std_order_lifetime_sec": 0.10392440669754643,
    "avg_competition_size": 0.6679642195016554,
    "std_competition_size": 0.12901817659220838,
    "forced_liquidations": 0,
    "avg_forced_liq_cost": 0.0,
    "std_forced_liq_cost": 0.0
  },
  "strategy": "skew_mid_spread",
  "strategy_kwargs": {
    "gamma": 0.1,
    "gamma_cap_factor": 5.0,
    "gamma_imb": 0.5,
    "gamma_inv_scale": 4.0,
    "gamma_vol_scale": 2.0,
    "gradient_penalty_ticks": 1.0,
    "gradient_threshold": 1.5,
    "k_vol": 1.3,
    "size_base": 0.01,
    "size_exp": 2.0,
    "size_min_factor": 0.3
  },
  "snapshots_processed": 1000,
  "sharpe_ratio": -1.0750760022838677,
  "capital_base": 10000.0,
  "sharpe_horizon_seconds": 60.0
}