{
  "final_pnl": -3.980670107086553,
  "final_inventory": 0.043294985348365525,
  "fill_count": 1887,
  "max_drawdown": 4.8572455996363715,
  "pnl_attribution": {
    "inventory_moves": -2.555952450704944,
    "fees": -2.363661794732946,
    "spread_capture": 1.0638093447117007,
    "adverse_selection": -0.12352031616443847,
    "funding_rates": 0.0
  },
  "additional_metrics": {
    "orders_placed": 2062,
    "orders_placed_buy": 1071,
    "orders_placed_sell": 991,
    "maker_qty_placed": 45.07465274611211,
    "maker_qty_filled": 0.8975853058394649,
    "maker_fill_qty_rate": 0.019913304954232526,
    "avg_fill_latency_sec": 0.006262357438277576,
    "std_fill_latency_sec": 0.03911953507772294,
    "avg_queue_position": 0.014034977778584593,
    "std_queue_position": 0.1333896365899422,
    "avg_order_lifetime_sec": 0.006262357438277576,
    "std_order_lifetime_sec": 0.03911953507772294,
    "avg_competition_size": 0.35533316351045446,
    "std_competition_size": 0.06861266998054048,
    "forced_liquidations": 0,
    "avg_forced_liq_cost": 0.0,
    "std_forced_liq_cost": 0.0,
    "taker_qty_hedge": 0.15891905503436046,
    "taker_qty_cross": 0.0,
    "taker_trades_hedge": 1795,
    "taker_trades_cross": 0,
    "taker_qty_total": 0.15891905503436046,
    "notional_traded_btc": 1.0565043608738252,
    "notional_traded_usdt": 18169.846797126746
  },
  "strategy": "skew_mid_spread",
  "strategy_kwargs": {
    "extra_spread_ticks": 30.0,
    "gamma": 0.08,
    "gamma_cap_factor": 5.0,
    "gamma_imb": 0.5,
    "gamma_inv_scale": 1.0,
    "gamma_vol_scale": 2.0,
    "gradient_penalty_ticks": 1.0,
    "gradient_threshold": 1.5,
    "k_vol": 8.0,
    "size_base": 0.04,
    "size_exp": 2.0,
    "size_min_factor": 0.3
  },
  "snapshots_processed": 10000,
  "sharpe_ratio": -0.39223307907077526,
  "capital_base": 10000.0,
  "sharpe_horizon_seconds": 60.0
}