{
  "final_pnl": -3.5056968642129505,
  "final_inventory": 0.008615243600853757,
  "fill_count": 273,
  "max_drawdown": 3.5056968642129505,
  "pnl_attribution": {
    "inventory_moves": -0.2648005078349379,
    "fees": -3.613000984957047,
    "spread_capture": 0.4936484086074933,
    "adverse_selection": -0.11528113570266646,
    "funding_rates": 0.0
  },
  "additional_metrics": {
    "orders_placed": 608,
    "orders_placed_buy": 303,
    "orders_placed_sell": 305,
    "maker_qty_placed": 3.461457953234307,
    "maker_qty_filled": 0.6428855910623132,
    "maker_fill_qty_rate": 0.1857268237106898,
    "avg_fill_latency_sec": 0.18503820972078167,
    "std_fill_latency_sec": 0.11000919559724104,
    "avg_queue_position": 1.1664872125733003,
    "std_queue_position": 1.4636600654281744,
    "avg_order_lifetime_sec": 0.19463693564105186,
    "std_order_lifetime_sec": 0.10425269949977087,
    "avg_competition_size": 0.6758268326731411,
    "std_competition_size": 0.12815629669918915,
    "forced_liquidations": 1,
    "avg_forced_liq_cost": 0.016541208813821873,
    "std_forced_liq_cost": 0.0
  },
  "strategy": "skew_mid_spread",
  "strategy_kwargs": {
    "gamma": 0.1,
    "gamma_cap_factor": 5.0,
    "gamma_imb": 0.5,
    "gamma_inv_scale": 4.0,
    "gamma_vol_scale": 2.0,
    "gradient_penalty_ticks": 1.0,
    "gradient_threshold": 1.5,
    "k_vol": 1.3,
    "size_base": 0.01,
    "size_exp": 1.0,
    "size_min_factor": 0.1
  },
  "snapshots_processed": 1000,
  "sharpe_ratio": -1.1532746692955382,
  "capital_base": 10000.0,
  "sharpe_horizon_seconds": 60.0
}