{
  "final_pnl": -0.4949621472587751,
  "final_inventory": 0.10000003916978947,
  "fill_count": 3413,
  "max_drawdown": 3.304270441258268,
  "pnl_attribution": {
    "inventory_moves": -0.21883732930404867,
    "fees": -0.700466328925767,
    "spread_capture": 0.5494510013281667,
    "adverse_selection": -0.07534553486119738,
    "funding_rates": 0.0
  },
  "additional_metrics": {
    "orders_placed": 1586,
    "orders_placed_buy": 820,
    "orders_placed_sell": 766,
    "maker_qty_placed": 34.78242978602735,
    "maker_qty_filled": 0.4968429349547226,
    "maker_fill_qty_rate": 0.014284307853452844,
    "avg_fill_latency_sec": 0.0021480495202625895,
    "std_fill_latency_sec": 0.02310435147416296,
    "avg_queue_position": 0.006358143880461025,
    "std_queue_position": 0.10643885924157229,
    "avg_order_lifetime_sec": 0.0021480495202625895,
    "std_order_lifetime_sec": 0.02310435147416296,
    "avg_competition_size": 0.35281972053494404,
    "std_competition_size": 0.07117056681262485,
    "forced_liquidations": 0,
    "avg_forced_liq_cost": 0.0,
    "std_forced_liq_cost": 0.0,
    "taker_qty_hedge": 0.1696277399440799,
    "taker_qty_cross": 0.0,
    "taker_trades_hedge": 3355,
    "taker_trades_cross": 0,
    "taker_qty_total": 0.1696277399440799,
    "notional_traded_btc": 0.6664706748988047,
    "notional_traded_usdt": 11465.76407652992
  },
  "strategy": "skew_mid_spread",
  "strategy_kwargs": {
    "extra_spread_ticks": 15.0,
    "gamma": 0.16,
    "gamma_cap_factor": 5.0,
    "gamma_imb": 0.5,
    "gamma_inv_scale": 1.0,
    "gamma_vol_scale": 2.0,
    "gradient_penalty_ticks": 1.0,
    "gradient_threshold": 1.5,
    "k_vol": 4.0,
    "size_base": 0.04,
    "size_exp": 2.0,
    "size_min_factor": 0.3
  },
  "snapshots_processed": 10000,
  "sharpe_ratio": -0.043956820091551024,
  "capital_base": 10000.0,
  "sharpe_horizon_seconds": 60.0
}