{
  "final_pnl": -1.6161665460440418,
  "final_inventory": 0.0026711941452310425,
  "fill_count": 264,
  "max_drawdown": 1.6161665460440418,
  "pnl_attribution": {
    "inventory_moves": -0.10583572343636988,
    "fees": -1.7036077619704606,
    "spread_capture": 0.235989338805558,
    "adverse_selection": -0.04673583296483594,
    "funding_rates": 0.0
  },
  "additional_metrics": {
    "orders_placed": 529,
    "orders_placed_buy": 257,
    "orders_placed_sell": 272,
    "maker_qty_placed": 1.5213865773197426,
    "maker_qty_filled": 0.3203897482972208,
    "maker_fill_qty_rate": 0.21059062375958243,
    "avg_fill_latency_sec": 0.19201999346415202,
    "std_fill_latency_sec": 0.10982758825965827,
    "avg_queue_position": 1.1399290314308756,
    "std_queue_position": 1.4168038641794534,
    "avg_order_lifetime_sec": 0.22041999181111654,
    "std_order_lifetime_sec": 0.12577367322985625,
    "avg_competition_size": 0.629212100786131,
    "std_competition_size": 0.12365647312465185,
    "forced_liquidations": 0,
    "avg_forced_liq_cost": 0.0,
    "std_forced_liq_cost": 0.0
  },
  "strategy": "skew_mid_spread",
  "strategy_kwargs": {
    "gamma": 0.1,
    "gamma_cap_factor": 5.0,
    "gamma_imb": 0.5,
    "gamma_inv_scale": 4.0,
    "gamma_vol_scale": 2.0,
    "gradient_penalty_ticks": 1.0,
    "gradient_threshold": 1.5,
    "k_vol": 1.3,
    "size_base": 0.005,
    "size_exp": 3.0,
    "size_min_factor": 0.3
  },
  "snapshots_processed": 1000,
  "sharpe_ratio": -1.202280370860107,
  "capital_base": 10000.0,
  "sharpe_horizon_seconds": 60.0
}