{
  "final_pnl": -1.5569235740695149,
  "final_inventory": 0.00011178112722526681,
  "fill_count": 258,
  "max_drawdown": 1.5569235740695149,
  "pnl_attribution": {
    "inventory_moves": -0.07777274380149611,
    "fees": -1.6866150282520378,
    "spread_capture": 0.2558676528666141,
    "adverse_selection": -0.04716041963141385,
    "funding_rates": 0.0
  },
  "additional_metrics": {
    "orders_placed": 529,
    "orders_placed_buy": 257,
    "orders_placed_sell": 272,
    "maker_qty_placed": 1.5193815641987758,
    "maker_qty_filled": 0.31681637980019717,
    "maker_fill_qty_rate": 0.20851666708702352,
    "avg_fill_latency_sec": 0.19082312194668516,
    "std_fill_latency_sec": 0.11061932392003981,
    "avg_queue_position": 1.084640286301243,
    "std_queue_position": 1.3439447340444688,
    "avg_order_lifetime_sec": 0.20448298356970962,
    "std_order_lifetime_sec": 0.1054643296289596,
    "avg_competition_size": 0.6339612188353294,
    "std_competition_size": 0.12450742273011119,
    "forced_liquidations": 0,
    "avg_forced_liq_cost": 0.0,
    "std_forced_liq_cost": 0.0
  },
  "strategy": "skew_mid_spread",
  "strategy_kwargs": {
    "gamma": 0.1,
    "gamma_cap_factor": 5.0,
    "gamma_imb": 0.5,
    "gamma_inv_scale": 4.0,
    "gamma_vol_scale": 2.0,
    "gradient_penalty_ticks": 1.0,
    "gradient_threshold": 1.5,
    "k_vol": 1.3,
    "size_base": 0.005,
    "size_exp": 2.0,
    "size_min_factor": 0.2
  },
  "snapshots_processed": 1000,
  "sharpe_ratio": -1.1520076855571608,
  "capital_base": 10000.0,
  "sharpe_horizon_seconds": 60.0
}