{
  "final_pnl": -3.1085557151964167,
  "final_inventory": 0.006480622936395204,
  "fill_count": 264,
  "max_drawdown": 3.1085557151964167,
  "pnl_attribution": {
    "inventory_moves": -0.15436892436345417,
    "fees": -3.29100968297618,
    "spread_capture": 0.42625463361823623,
    "adverse_selection": -0.09252884044813423,
    "funding_rates": 0.0
  },
  "additional_metrics": {
    "orders_placed": 531,
    "orders_placed_buy": 258,
    "orders_placed_sell": 273,
    "maker_qty_placed": 3.0480949518096643,
    "maker_qty_filled": 0.6335333494600365,
    "maker_fill_qty_rate": 0.2078456739295164,
    "avg_fill_latency_sec": 0.19502012841653504,
    "std_fill_latency_sec": 0.10800878939397178,
    "avg_queue_position": 1.1392947448916007,
    "std_queue_position": 1.363857144455736,
    "avg_order_lifetime_sec": 0.21018119946422192,
    "std_order_lifetime_sec": 0.10086538227425239,
    "avg_competition_size": 0.6695847321131515,
    "std_competition_size": 0.13091354628268423,
    "forced_liquidations": 0,
    "avg_forced_liq_cost": 0.0,
    "std_forced_liq_cost": 0.0
  },
  "strategy": "skew_mid_spread",
  "strategy_kwargs": {
    "gamma": 0.1,
    "gamma_cap_factor": 5.0,
    "gamma_imb": 0.5,
    "gamma_inv_scale": 4.0,
    "gamma_vol_scale": 2.0,
    "gradient_penalty_ticks": 1.0,
    "gradient_threshold": 1.5,
    "k_vol": 1.3,
    "size_base": 0.01,
    "size_exp": 2.0,
    "size_min_factor": 0.1
  },
  "snapshots_processed": 1000,
  "sharpe_ratio": -1.1390266953892383,
  "capital_base": 10000.0,
  "sharpe_horizon_seconds": 60.0
}