{
  "final_pnl": -7.0380753085628385,
  "final_inventory": 0.014890365709163614,
  "fill_count": 270,
  "max_drawdown": 7.0380753085628385,
  "pnl_attribution": {
    "inventory_moves": -0.5626089037740798,
    "fees": -7.1756658188083895,
    "spread_capture": 0.9053182002958114,
    "adverse_selection": -0.19579186737202858,
    "funding_rates": 0.0
  },
  "additional_metrics": {
    "orders_placed": 608,
    "orders_placed_buy": 304,
    "orders_placed_sell": 304,
    "maker_qty_placed": 6.917652397777245,
    "maker_qty_filled": 1.2626179445536625,
    "maker_fill_qty_rate": 0.18252116064105248,
    "avg_fill_latency_sec": 0.18589031927047237,
    "std_fill_latency_sec": 0.10963473281278359,
    "avg_queue_position": 1.1767207319453277,
    "std_queue_position": 1.4407200953179298,
    "avg_order_lifetime_sec": 0.19561289971874607,
    "std_order_lifetime_sec": 0.10369517092524436,
    "avg_competition_size": 0.7329091628220574,
    "std_competition_size": 0.14052239933246433,
    "forced_liquidations": 0,
    "avg_forced_liq_cost": 0.0,
    "std_forced_liq_cost": 0.0
  },
  "strategy": "skew_mid_spread",
  "strategy_kwargs": {
    "gamma": 0.1,
    "gamma_cap_factor": 5.0,
    "gamma_imb": 0.5,
    "gamma_inv_scale": 4.0,
    "gamma_vol_scale": 2.0,
    "gradient_penalty_ticks": 1.0,
    "gradient_threshold": 1.5,
    "k_vol": 1.3,
    "size_base": 0.02,
    "size_exp": 1.0,
    "size_min_factor": 0.1
  },
  "snapshots_processed": 1000,
  "sharpe_ratio": -1.1745811736116212,
  "capital_base": 10000.0,
  "sharpe_horizon_seconds": 60.0
}