{
  "final_pnl": 8.094580476158157,
  "final_inventory": -0.001,
  "fill_count": 2405,
  "max_drawdown": 0.005199999999998539,
  "pnl_attribution": {
    "spread_capture": 0.0,
    "inventory_moves": 0.0,
    "fees": 0.0,
    "rebates": 8.272733676159973,
    "adverse_selection": -0.2735032000016471
  },
  "strategy": "skew_mid_spread",
  "strategy_kwargs": {
    "gamma": 0.2,
    "size": 0.001
  },
  "snapshots_processed": 5000,
  "sharpe_ratio": 3982.606412578119,
  "sharpe_horizon_seconds": 60.0
}