{
  "final_pnl": -3.4345733674599614,
  "final_inventory": 0.005998610559374727,
  "fill_count": 283,
  "max_drawdown": 3.4345733674599614,
  "pnl_attribution": {
    "inventory_moves": -0.2812876275643627,
    "fees": -3.596481851339446,
    "spread_capture": 0.5428875716976759,
    "adverse_selection": -0.09852373218436318,
    "funding_rates": 0.0
  },
  "additional_metrics": {
    "orders_placed": 538,
    "orders_placed_buy": 263,
    "orders_placed_sell": 275,
    "maker_qty_placed": 3.0882407525138538,
    "maker_qty_filled": 0.6677299925064445,
    "maker_fill_qty_rate": 0.21621694874756986,
    "avg_fill_latency_sec": 0.19290061618970789,
    "std_fill_latency_sec": 0.11254145761368184,
    "avg_queue_position": 1.1663042008961833,
    "std_queue_position": 1.408175014548268,
    "avg_order_lifetime_sec": 0.20537266375855628,
    "std_order_lifetime_sec": 0.1077567848438358,
    "avg_competition_size": 0.6599808440941697,
    "std_competition_size": 0.13045523234944043,
    "forced_liquidations": 0,
    "avg_forced_liq_cost": 0.0,
    "std_forced_liq_cost": 0.0
  },
  "strategy": "skew_mid_spread",
  "strategy_kwargs": {
    "gamma": 0.1,
    "gamma_cap_factor": 5.0,
    "gamma_imb": 0.5,
    "gamma_inv_scale": 4.0,
    "gamma_vol_scale": 2.0,
    "gradient_penalty_ticks": 1.0,
    "gradient_threshold": 1.5,
    "k_vol": 1.3,
    "size_base": 0.01,
    "size_exp": 3.0,
    "size_min_factor": 0.3
  },
  "snapshots_processed": 1000,
  "sharpe_ratio": -1.2698081260712504,
  "capital_base": 10000.0,
  "sharpe_horizon_seconds": 60.0
}