{
  "final_pnl": -2.708449536041371,
  "final_inventory": 0.05025255111780219,
  "fill_count": 933,
  "max_drawdown": 3.650820134942478,
  "pnl_attribution": {
    "inventory_moves": -2.3404023610055957,
    "fees": -1.1761544907205317,
    "spread_capture": 0.9574270952201931,
    "adverse_selection": -0.12040851668771083,
    "funding_rates": 0.0
  },
  "additional_metrics": {
    "orders_placed": 2056,
    "orders_placed_buy": 1064,
    "orders_placed_sell": 992,
    "maker_qty_placed": 44.89325365069994,
    "maker_qty_filled": 0.8654465447744571,
    "maker_fill_qty_rate": 0.019277875279618183,
    "avg_fill_latency_sec": 0.013592090445049738,
    "std_fill_latency_sec": 0.0567584212158516,
    "avg_queue_position": 0.03822224861428821,
    "std_queue_position": 0.28108313091542736,
    "avg_order_lifetime_sec": 0.013592090445049738,
    "std_order_lifetime_sec": 0.0567584212158516,
    "avg_competition_size": 0.35481813107229865,
    "std_competition_size": 0.06737382405859146,
    "forced_liquidations": 0,
    "avg_forced_liq_cost": 0.0,
    "std_forced_liq_cost": 0.0,
    "taker_qty_hedge": 0.28483996620592505,
    "taker_qty_cross": 0.0,
    "taker_trades_hedge": 837,
    "taker_trades_cross": 0,
    "taker_qty_total": 0.28483996620592505,
    "notional_traded_btc": 1.1502865109803802,
    "notional_traded_usdt": 19788.120927357388
  },
  "strategy": "skew_mid_spread",
  "strategy_kwargs": {
    "extra_spread_ticks": 10.0,
    "gamma": 0.12,
    "gamma_cap_factor": 5.0,
    "gamma_imb": 0.5,
    "gamma_inv_scale": 1.0,
    "gamma_vol_scale": 2.0,
    "gradient_penalty_ticks": 1.0,
    "gradient_threshold": 1.5,
    "k_vol": 4.0,
    "size_base": 0.04,
    "size_exp": 2.0,
    "size_min_factor": 0.3
  },
  "snapshots_processed": 10000,
  "sharpe_ratio": -0.3082606591095866,
  "capital_base": 10000.0,
  "sharpe_horizon_seconds": 60.0
}