{
  "final_pnl": -7.448245917490567,
  "final_inventory": 0.024834304431673608,
  "fill_count": 272,
  "max_drawdown": 7.448245917490567,
  "pnl_attribution": {
    "inventory_moves": -0.6104337200377301,
    "fees": -7.569574292827604,
    "spread_capture": 1.0206241741110387,
    "adverse_selection": -0.27534872022633766,
    "funding_rates": 0.0
  },
  "additional_metrics": {
    "orders_placed": 611,
    "orders_placed_buy": 305,
    "orders_placed_sell": 306,
    "maker_qty_placed": 6.9510643858941235,
    "maker_qty_filled": 1.2587886620535977,
    "maker_fill_qty_rate": 0.18109293658796663,
    "avg_fill_latency_sec": 0.17798741658528647,
    "std_fill_latency_sec": 0.1135620480829618,
    "avg_queue_position": 1.1071730634920132,
    "std_queue_position": 1.3776052048090712,
    "avg_order_lifetime_sec": 0.18746540381473564,
    "std_order_lifetime_sec": 0.1086887963566876,
    "avg_competition_size": 0.7341101283793605,
    "std_competition_size": 0.14419433664981468,
    "forced_liquidations": 2,
    "avg_forced_liq_cost": 0.04655670984497223,
    "std_forced_liq_cost": 0.023772644956033647
  },
  "strategy": "skew_mid_spread",
  "strategy_kwargs": {
    "gamma": 0.1,
    "gamma_cap_factor": 5.0,
    "gamma_imb": 0.5,
    "gamma_inv_scale": 4.0,
    "gamma_vol_scale": 2.0,
    "gradient_penalty_ticks": 1.0,
    "gradient_threshold": 1.5,
    "k_vol": 1.3,
    "size_base": 0.02,
    "size_exp": 1.0,
    "size_min_factor": 0.3
  },
  "snapshots_processed": 1000,
  "sharpe_ratio": -1.1228548023357496,
  "capital_base": 10000.0,
  "sharpe_horizon_seconds": 60.0
}