{
  "final_pnl": -0.24848768097399443,
  "final_inventory": 0.01030541599716324,
  "fill_count": 40,
  "max_drawdown": 0.5051535816946853,
  "pnl_attribution": {
    "inventory_moves": -0.21200463860129648,
    "fees": -0.07826201756374597,
    "spread_capture": 0.05522400760318335,
    "adverse_selection": -0.007076445565350422,
    "funding_rates": 0.0
  },
  "additional_metrics": {
    "orders_placed": 1586,
    "orders_placed_buy": 819,
    "orders_placed_sell": 767,
    "maker_qty_placed": 4.355477427561244,
    "maker_qty_filled": 0.04549518413169719,
    "maker_fill_qty_rate": 0.010445510254238935,
    "avg_fill_latency_sec": 0.25049997568130494,
    "std_fill_latency_sec": 0.0005915953255899419,
    "avg_queue_position": 0.9054027189278955,
    "std_queue_position": 1.2309954275413975,
    "avg_order_lifetime_sec": 0.25049997568130494,
    "std_order_lifetime_sec": 0.0005915953255899419,
    "avg_competition_size": 0.2594456234657586,
    "std_competition_size": 0.04883713407319796,
    "forced_liquidations": 0,
    "avg_forced_liq_cost": 0.0,
    "std_forced_liq_cost": 0.0,
    "taker_qty_hedge": 0.0,
    "taker_qty_cross": 0.0,
    "taker_trades_hedge": 0,
    "taker_trades_cross": 0,
    "taker_qty_total": 0.0,
    "notional_traded_btc": 0.04549518413169719,
    "notional_traded_usdt": 782.6201756374599
  },
  "strategy": "skew_mid_spread",
  "strategy_kwargs": {
    "extra_spread_ticks": 28.0,
    "gamma": 0.16,
    "gamma_cap_factor": 5.0,
    "gamma_imb": 0.5,
    "gamma_inv_scale": 2.0,
    "gamma_vol_scale": 0.0,
    "gradient_penalty_ticks": 1.0,
    "gradient_threshold": 1.5,
    "k_vol": 6.0,
    "size_base": 0.005,
    "size_exp": 2.0,
    "size_min_factor": 0.3
  },
  "snapshots_processed": 10000,
  "sharpe_ratio": -0.16388771068673594,
  "capital_base": 10000.0,
  "sharpe_horizon_seconds": 60.0
}