{
  "final_pnl": -3.3139451224560617,
  "final_inventory": 0.005288333455669723,
  "fill_count": 260,
  "max_drawdown": 3.3139451224560617,
  "pnl_attribution": {
    "inventory_moves": -0.22623674047987627,
    "fees": -3.4785746872259256,
    "spread_capture": 0.47018316611241906,
    "adverse_selection": -0.08396007601625355,
    "funding_rates": 0.0
  },
  "additional_metrics": {
    "orders_placed": 606,
    "orders_placed_buy": 301,
    "orders_placed_sell": 305,
    "maker_qty_placed": 3.448650382986358,
    "maker_qty_filled": 0.602130864516349,
    "maker_fill_qty_rate": 0.1745989873275974,
    "avg_fill_latency_sec": 0.18365999380747478,
    "std_fill_latency_sec": 0.11075232232529403,
    "avg_queue_position": 1.065583681779605,
    "std_queue_position": 1.3309127924011686,
    "avg_order_lifetime_sec": 0.1953733269373576,
    "std_order_lifetime_sec": 0.10376181011572562,
    "avg_competition_size": 0.6748130961838973,
    "std_competition_size": 0.1268657267425309,
    "forced_liquidations": 0,
    "avg_forced_liq_cost": 0.0,
    "std_forced_liq_cost": 0.0
  },
  "strategy": "skew_mid_spread",
  "strategy_kwargs": {
    "gamma": 0.1,
    "gamma_cap_factor": 5.0,
    "gamma_imb": 0.5,
    "gamma_inv_scale": 4.0,
    "gamma_vol_scale": 2.0,
    "gradient_penalty_ticks": 1.0,
    "gradient_threshold": 1.5,
    "k_vol": 1.3,
    "size_base": 0.01,
    "size_exp": 3.0,
    "size_min_factor": 0.2
  },
  "snapshots_processed": 1000,
  "sharpe_ratio": -1.1499341467809183,
  "capital_base": 10000.0,
  "sharpe_horizon_seconds": 60.0
}