{
  "final_pnl": -1.7518905851575255,
  "final_inventory": 0.061870699876611784,
  "fill_count": 60,
  "max_drawdown": 2.766358715703973,
  "pnl_attribution": {
    "inventory_moves": -2.4511860728510424,
    "fees": -0.08416634800865021,
    "spread_capture": 0.9424217914558485,
    "adverse_selection": -0.08151730359548447,
    "funding_rates": 0.0
  },
  "additional_metrics": {
    "orders_placed": 1590,
    "orders_placed_buy": 822,
    "orders_placed_sell": 768,
    "maker_qty_placed": 34.908099904197286,
    "maker_qty_filled": 0.5342930823109902,
    "maker_fill_qty_rate": 0.015305705087854058,
    "avg_fill_latency_sec": 0.23448385730866464,
    "std_fill_latency_sec": 0.06158333669588042,
    "avg_queue_position": 0.7222239258214908,
    "std_queue_position": 0.8736520080940059,
    "avg_order_lifetime_sec": 0.23448385730866464,
    "std_order_lifetime_sec": 0.06158333669588042,
    "avg_competition_size": 0.3556360965152585,
    "std_competition_size": 0.06907241285040222,
    "forced_liquidations": 0,
    "avg_forced_liq_cost": 0.0,
    "std_forced_liq_cost": 0.0,
    "taker_qty_hedge": 0.02039431742450526,
    "taker_qty_cross": 0.0,
    "taker_trades_hedge": 2,
    "taker_trades_cross": 0,
    "taker_qty_total": 0.02039431742450526,
    "notional_traded_btc": 0.5546873997354954,
    "notional_traded_usdt": 9540.361742879892
  },
  "strategy": "skew_mid_spread",
  "strategy_kwargs": {
    "extra_spread_ticks": 10.0,
    "gamma": 0.12,
    "gamma_cap_factor": 5.0,
    "gamma_imb": 0.5,
    "gamma_inv_scale": 1.0,
    "gamma_vol_scale": 2.0,
    "gradient_penalty_ticks": 1.0,
    "gradient_threshold": 1.5,
    "k_vol": 4.0,
    "size_base": 0.04,
    "size_exp": 2.0,
    "size_min_factor": 0.3
  },
  "snapshots_processed": 10000,
  "sharpe_ratio": -0.20158525971605168,
  "capital_base": 10000.0,
  "sharpe_horizon_seconds": 60.0
}