{
  "final_pnl": -1.516337005827154,
  "final_inventory": 0.049308389854332835,
  "fill_count": 1587,
  "max_drawdown": 2.690805568050564,
  "pnl_attribution": {
    "inventory_moves": -1.8191694498567983,
    "fees": -0.5413505524983587,
    "spread_capture": 0.9705140519137728,
    "adverse_selection": -0.11868511942356853,
    "funding_rates": 0.0
  },
  "additional_metrics": {
    "orders_placed": 2063,
    "orders_placed_buy": 1070,
    "orders_placed_sell": 993,
    "maker_qty_placed": 45.07498907261034,
    "maker_qty_filled": 0.8121607273608809,
    "maker_fill_qty_rate": 0.018017990554641917,
    "avg_fill_latency_sec": 0.007478910634302613,
    "std_fill_latency_sec": 0.042636635289346,
    "avg_queue_position": 0.026061064464217697,
    "std_queue_position": 0.23401395047493587,
    "avg_order_lifetime_sec": 0.007478910634302613,
    "std_order_lifetime_sec": 0.042636635289346,
    "avg_competition_size": 0.3535790792383361,
    "std_competition_size": 0.06965855390455401,
    "forced_liquidations": 0,
    "avg_forced_liq_cost": 0.0,
    "std_forced_liq_cost": 0.0,
    "taker_qty_hedge": 0.1310802699498686,
    "taker_qty_cross": 0.0,
    "taker_trades_hedge": 1495,
    "taker_trades_cross": 0,
    "taker_qty_total": 0.1310802699498686,
    "notional_traded_btc": 0.9432409973107493,
    "notional_traded_usdt": 16224.501024869563
  },
  "strategy": "skew_mid_spread",
  "strategy_kwargs": {
    "extra_spread_ticks": 25.0,
    "gamma": 0.12,
    "gamma_cap_factor": 5.0,
    "gamma_imb": 0.5,
    "gamma_inv_scale": 1.0,
    "gamma_vol_scale": 2.0,
    "gradient_penalty_ticks": 1.0,
    "gradient_threshold": 1.5,
    "k_vol": 6.0,
    "size_base": 0.04,
    "size_exp": 2.0,
    "size_min_factor": 0.3
  },
  "snapshots_processed": 10000,
  "sharpe_ratio": -0.180965974967093,
  "capital_base": 10000.0,
  "sharpe_horizon_seconds": 60.0
}