{
  "final_pnl": -3.377923919710156,
  "final_inventory": -0.022076337835042335,
  "fill_count": 193,
  "max_drawdown": 4.359229303414395,
  "pnl_attribution": {
    "inventory_moves": -0.08125035199277271,
    "fees": -4.402857781003935,
    "spread_capture": 1.4514737240701707,
    "adverse_selection": -0.24870021774592116,
    "funding_rates": 0.0
  },
  "additional_metrics": {
    "orders_placed": 2960,
    "orders_placed_buy": 1539,
    "orders_placed_sell": 1421,
    "maker_qty_placed": 64.81210245602601,
    "maker_qty_filled": 1.5978376046597298,
    "maker_fill_qty_rate": 0.02465338330512943,
    "avg_fill_latency_sec": 0.2058018940799641,
    "std_fill_latency_sec": 0.09618304634886955,
    "avg_queue_position": 0.9403171133995729,
    "std_queue_position": 1.3859017416364734,
    "avg_order_lifetime_sec": 0.2058018940799641,
    "std_order_lifetime_sec": 0.09618304634886955,
    "avg_competition_size": 0.3526549314604746,
    "std_competition_size": 0.0673638927179676,
    "forced_liquidations": 0,
    "avg_forced_liq_cost": 0.0,
    "std_forced_liq_cost": 0.0,
    "taker_qty_hedge": 0.3204638573951386,
    "taker_qty_cross": 0.0,
    "taker_trades_hedge": 19,
    "taker_trades_cross": 0,
    "taker_qty_total": 0.3204638573951386,
    "notional_traded_btc": 1.9183014620548684,
    "notional_traded_usdt": 32999.74953354026
  },
  "strategy": "skew_mid_spread",
  "strategy_kwargs": {
    "extra_spread_ticks": 30.0,
    "gamma": 0.12,
    "gamma_cap_factor": 5.0,
    "gamma_imb": 0.5,
    "gamma_inv_scale": 1.0,
    "gamma_vol_scale": 2.0,
    "gradient_penalty_ticks": 1.0,
    "gradient_threshold": 1.5,
    "k_vol": 8.0,
    "size_base": 0.04,
    "size_exp": 2.0,
    "size_min_factor": 0.3
  },
  "snapshots_processed": 10000,
  "sharpe_ratio": -0.31263432913382333,
  "capital_base": 10000.0,
  "sharpe_horizon_seconds": 60.0
}