{
  "final_pnl": -2.3800472328312026,
  "final_inventory": 0.031910096785604546,
  "fill_count": 75,
  "max_drawdown": 3.0360768245936924,
  "pnl_attribution": {
    "inventory_moves": -1.284689815444723,
    "fees": -1.5823148002253493,
    "spread_capture": 0.6092832944705352,
    "adverse_selection": -0.08918220243140651,
    "funding_rates": 0.0
  },
  "additional_metrics": {
    "orders_placed": 2062,
    "orders_placed_buy": 1072,
    "orders_placed_sell": 990,
    "maker_qty_placed": 45.05237930962964,
    "maker_qty_filled": 0.5876809365021058,
    "maker_fill_qty_rate": 0.013044392893506803,
    "avg_fill_latency_sec": 0.20814635695480718,
    "std_fill_latency_sec": 0.09446759382137372,
    "avg_queue_position": 0.7718371063398528,
    "std_queue_position": 1.2282902871779962,
    "avg_order_lifetime_sec": 0.20814635695480718,
    "std_order_lifetime_sec": 0.09446759382137372,
    "avg_competition_size": 0.3548990199591555,
    "std_competition_size": 0.06799123906483986,
    "forced_liquidations": 0,
    "avg_forced_liq_cost": 0.0,
    "std_forced_liq_cost": 0.0,
    "taker_qty_hedge": 0.11066911728257627,
    "taker_qty_cross": 0.0,
    "taker_trades_hedge": 7,
    "taker_trades_cross": 0,
    "taker_qty_total": 0.11066911728257627,
    "notional_traded_btc": 0.6983500537846823,
    "notional_traded_usdt": 12013.91531438099
  },
  "strategy": "skew_mid_spread",
  "strategy_kwargs": {
    "extra_spread_ticks": 26.0,
    "gamma": 0.16,
    "gamma_cap_factor": 5.0,
    "gamma_imb": 0.5,
    "gamma_inv_scale": 1.0,
    "gamma_vol_scale": 2.0,
    "gradient_penalty_ticks": 1.0,
    "gradient_threshold": 1.5,
    "k_vol": 8.0,
    "size_base": 0.04,
    "size_exp": 2.0,
    "size_min_factor": 0.3
  },
  "snapshots_processed": 10000,
  "sharpe_ratio": -0.31644875080038987,
  "capital_base": 10000.0,
  "sharpe_horizon_seconds": 60.0
}