{
  "final_pnl": -7.658783179189413,
  "final_inventory": 0.011729511133254107,
  "fill_count": 279,
  "max_drawdown": 7.658783179189413,
  "pnl_attribution": {
    "inventory_moves": -0.6449282575779552,
    "fees": -7.732181908242059,
    "spread_capture": 0.9968508749314492,
    "adverse_selection": -0.2586974000005855,
    "funding_rates": 0.0
  },
  "additional_metrics": {
    "orders_placed": 609,
    "orders_placed_buy": 304,
    "orders_placed_sell": 305,
    "maker_qty_placed": 6.922950145305158,
    "maker_qty_filled": 1.2844982429155998,
    "maker_fill_qty_rate": 0.1855420327974903,
    "avg_fill_latency_sec": 0.17824539377645482,
    "std_fill_latency_sec": 0.11345997553517456,
    "avg_queue_position": 1.117558343840617,
    "std_queue_position": 1.3912561054228993,
    "avg_order_lifetime_sec": 0.18749079236223654,
    "std_order_lifetime_sec": 0.10869241309317651,
    "avg_competition_size": 0.7331212513998093,
    "std_competition_size": 0.14190888354122216,
    "forced_liquidations": 2,
    "avg_forced_liq_cost": 0.0323539815100669,
    "std_forced_liq_cost": 0.0016098093490840223
  },
  "strategy": "skew_mid_spread",
  "strategy_kwargs": {
    "gamma": 0.1,
    "gamma_cap_factor": 5.0,
    "gamma_imb": 0.5,
    "gamma_inv_scale": 4.0,
    "gamma_vol_scale": 2.0,
    "gradient_penalty_ticks": 1.0,
    "gradient_threshold": 1.5,
    "k_vol": 1.3,
    "size_base": 0.02,
    "size_exp": 3.0,
    "size_min_factor": 0.3
  },
  "snapshots_processed": 1000,
  "sharpe_ratio": -1.212008034405092,
  "capital_base": 10000.0,
  "sharpe_horizon_seconds": 60.0
}