{
  "final_pnl": -22.219257844999447,
  "final_inventory": 0.0293267591632599,
  "fill_count": 316,
  "max_drawdown": 22.219257844999447,
  "pnl_attribution": {
    "inventory_moves": -0.15161385236168443,
    "fees": -17.595437448061322,
    "spread_capture": 1.9058814226446037,
    "adverse_selection": -6.157168419238963,
    "funding_rates": 0.0
  },
  "additional_metrics": {
    "orders_placed": 606,
    "orders_placed_buy": 302,
    "orders_placed_sell": 304,
    "maker_qty_placed": 13.779054949532838,
    "maker_qty_filled": 2.7810056631783837,
    "maker_fill_qty_rate": 0.20182847614470614,
    "avg_fill_latency_sec": 0.1682910023542939,
    "std_fill_latency_sec": 0.11758691266361464,
    "avg_queue_position": 1.1306566410863224,
    "std_queue_position": 1.3697762383143883,
    "avg_order_lifetime_sec": 0.17626454716637022,
    "std_order_lifetime_sec": 0.11437718823651664,
    "avg_competition_size": 0.875810818450704,
    "std_competition_size": 0.1730369253115353,
    "forced_liquidations": 31,
    "avg_forced_liq_cost": 0.18579615803264865,
    "std_forced_liq_cost": 0.112944838896533
  },
  "strategy": "skew_mid_spread",
  "strategy_kwargs": {
    "gamma": 0.1,
    "gamma_cap_factor": 5.0,
    "gamma_imb": 0.5,
    "gamma_inv_scale": 4.0,
    "gamma_vol_scale": 2.0,
    "gradient_penalty_ticks": 1.0,
    "gradient_threshold": 1.5,
    "k_vol": 1.3,
    "size_base": 0.04,
    "size_exp": 1.0,
    "size_min_factor": 0.3
  },
  "snapshots_processed": 1000,
  "sharpe_ratio": -1.290887292225774,
  "capital_base": 10000.0,
  "sharpe_horizon_seconds": 60.0
}