{
  "final_pnl": 0.6860851636356529,
  "final_inventory": 0.0804391804,
  "fill_count": 67,
  "max_drawdown": 2.803374376897409,
  "pnl_attribution": {
    "inventory_moves": 0.6363991119949469,
    "fees": -0.5875684551870173,
    "spread_capture": 0.749955051889974,
    "adverse_selection": -0.07276442021187902,
    "funding_rates": 0.0
  },
  "additional_metrics": {
    "orders_placed": 1586,
    "orders_placed_buy": 819,
    "orders_placed_sell": 767,
    "maker_qty_placed": 34.77025665619221,
    "maker_qty_filled": 0.5264690523839916,
    "maker_fill_qty_rate": 0.015141362273787906,
    "avg_fill_latency_sec": 0.1912105208949039,
    "std_fill_latency_sec": 0.10652184003194119,
    "avg_queue_position": 0.694289270678459,
    "std_queue_position": 0.9150724296121716,
    "avg_order_lifetime_sec": 0.1912105208949039,
    "std_order_lifetime_sec": 0.10652184003194119,
    "avg_competition_size": 0.35267194048766287,
    "std_competition_size": 0.06934005592343696,
    "forced_liquidations": 0,
    "avg_forced_liq_cost": 0.0,
    "std_forced_liq_cost": 0.0,
    "taker_qty_hedge": 0.142309602582532,
    "taker_qty_cross": 0.0,
    "taker_trades_hedge": 9,
    "taker_trades_cross": 0,
    "taker_qty_total": 0.142309602582532,
    "notional_traded_btc": 0.6687786549665237,
    "notional_traded_usdt": 11502.253004216318
  },
  "strategy": "skew_mid_spread",
  "strategy_kwargs": {
    "extra_spread_ticks": 20.0,
    "gamma": 0.16,
    "gamma_cap_factor": 5.0,
    "gamma_imb": 0.5,
    "gamma_inv_scale": 1.0,
    "gamma_vol_scale": 2.0,
    "gradient_penalty_ticks": 1.0,
    "gradient_threshold": 1.5,
    "k_vol": 6.0,
    "size_base": 0.04,
    "size_exp": 2.0,
    "size_min_factor": 0.3
  },
  "snapshots_processed": 10000,
  "sharpe_ratio": 0.05291211134071591,
  "capital_base": 10000.0,
  "sharpe_horizon_seconds": 60.0
}