{
  "final_pnl": -4.407187271141083,
  "final_inventory": -0.009479137470381982,
  "fill_count": 152,
  "max_drawdown": 4.7641170231145225,
  "pnl_attribution": {
    "inventory_moves": -2.2608222646883633,
    "fees": -3.426611728711871,
    "spread_capture": 1.5465272373062215,
    "adverse_selection": -0.19635809641942684,
    "funding_rates": 0.0
  },
  "additional_metrics": {
    "orders_placed": 2963,
    "orders_placed_buy": 1540,
    "orders_placed_sell": 1423,
    "maker_qty_placed": 64.91808994831887,
    "maker_qty_filled": 1.315120101968856,
    "maker_fill_qty_rate": 0.02025814534925196,
    "avg_fill_latency_sec": 0.20295238778704688,
    "std_fill_latency_sec": 0.09845375190583854,
    "avg_queue_position": 0.9547689678659808,
    "std_queue_position": 1.680687707175742,
    "avg_order_lifetime_sec": 0.20295238778704688,
    "std_order_lifetime_sec": 0.09845375190583854,
    "avg_competition_size": 0.3542011759944393,
    "std_competition_size": 0.0671200107770465,
    "forced_liquidations": 0,
    "avg_forced_liq_cost": 0.0,
    "std_forced_liq_cost": 0.0,
    "taker_qty_hedge": 0.2257027941298832,
    "taker_qty_cross": 0.0,
    "taker_trades_hedge": 16,
    "taker_trades_cross": 0,
    "taker_qty_total": 0.2257027941298832,
    "notional_traded_btc": 1.5408228960987393,
    "notional_traded_usdt": 26502.098709817943
  },
  "strategy": "skew_mid_spread",
  "strategy_kwargs": {
    "extra_spread_ticks": 30.0,
    "gamma": 0.12,
    "gamma_cap_factor": 5.0,
    "gamma_imb": 0.5,
    "gamma_inv_scale": 1.0,
    "gamma_vol_scale": 2.0,
    "gradient_penalty_ticks": 1.0,
    "gradient_threshold": 1.5,
    "k_vol": 8.0,
    "size_base": 0.04,
    "size_exp": 2.0,
    "size_min_factor": 0.3
  },
  "snapshots_processed": 10000,
  "sharpe_ratio": -0.4118087616268976,
  "capital_base": 10000.0,
  "sharpe_horizon_seconds": 60.0
}