{
  "final_pnl": -4.522005094657288,
  "final_inventory": -0.02607032652064853,
  "fill_count": 161,
  "max_drawdown": 4.94698677798624,
  "pnl_attribution": {
    "inventory_moves": -2.2242700914743248,
    "fees": -3.6329480379592667,
    "spread_capture": 1.5680594122358043,
    "adverse_selection": -0.1977574583306092,
    "funding_rates": 0.0
  },
  "additional_metrics": {
    "orders_placed": 2960,
    "orders_placed_buy": 1539,
    "orders_placed_sell": 1421,
    "maker_qty_placed": 64.83309736239947,
    "maker_qty_filled": 1.3066620456131228,
    "maker_fill_qty_rate": 0.020154243723838082,
    "avg_fill_latency_sec": 0.20784091678532687,
    "std_fill_latency_sec": 0.09421782255514666,
    "avg_queue_position": 0.7089522971762197,
    "std_queue_position": 1.0494341545913304,
    "avg_order_lifetime_sec": 0.20784091678532687,
    "std_order_lifetime_sec": 0.09421782255514666,
    "avg_competition_size": 0.35451259079944886,
    "std_competition_size": 0.0664412546063722,
    "forced_liquidations": 0,
    "avg_forced_liq_cost": 0.0,
    "std_forced_liq_cost": 0.0,
    "taker_qty_hedge": 0.2683695620540417,
    "taker_qty_cross": 0.0,
    "taker_trades_hedge": 15,
    "taker_trades_cross": 0,
    "taker_qty_total": 0.2683695620540417,
    "notional_traded_btc": 1.5750316076671638,
    "notional_traded_usdt": 27093.441435311885
  },
  "strategy": "skew_mid_spread",
  "strategy_kwargs": {
    "extra_spread_ticks": 26.0,
    "gamma": 0.08,
    "gamma_cap_factor": 5.0,
    "gamma_imb": 0.5,
    "gamma_inv_scale": 1.0,
    "gamma_vol_scale": 2.0,
    "gradient_penalty_ticks": 1.0,
    "gradient_threshold": 1.5,
    "k_vol": 8.0,
    "size_base": 0.04,
    "size_exp": 2.0,
    "size_min_factor": 0.3
  },
  "snapshots_processed": 10000,
  "sharpe_ratio": -0.48603470975313123,
  "capital_base": 10000.0,
  "sharpe_horizon_seconds": 60.0
}