{
  "final_pnl": -0.11965677728221635,
  "final_inventory": 0.023711880000983038,
  "fill_count": 3630,
  "max_drawdown": 3.1109922867181012,
  "pnl_attribution": {
    "inventory_moves": 0.10110389143856635,
    "fees": -0.6739039311035083,
    "spread_capture": 0.5504420216859144,
    "adverse_selection": -0.08408067341497101,
    "funding_rates": 0.0
  },
  "additional_metrics": {
    "orders_placed": 1586,
    "orders_placed_buy": 820,
    "orders_placed_sell": 766,
    "maker_qty_placed": 34.80481737780638,
    "maker_qty_filled": 0.5017815856526558,
    "maker_fill_qty_rate": 0.014417015328821165,
    "avg_fill_latency_sec": 0.002016106568187914,
    "std_fill_latency_sec": 0.022375459529397956,
    "avg_queue_position": 0.009783154148979381,
    "std_queue_position": 0.19063925352170927,
    "avg_order_lifetime_sec": 0.002016106568187914,
    "std_order_lifetime_sec": 0.022375459529397956,
    "avg_competition_size": 0.3569097289734012,
    "std_competition_size": 0.06978503350103976,
    "forced_liquidations": 0,
    "avg_forced_liq_cost": 0.0,
    "std_forced_liq_cost": 0.0,
    "taker_qty_hedge": 0.16320024316957152,
    "taker_qty_cross": 0.0,
    "taker_trades_hedge": 3572,
    "taker_trades_cross": 0,
    "taker_qty_total": 0.16320024316957152,
    "notional_traded_btc": 0.6649818288222293,
    "notional_traded_usdt": 11437.560042459587
  },
  "strategy": "skew_mid_spread",
  "strategy_kwargs": {
    "extra_spread_ticks": 15.0,
    "gamma": 0.16,
    "gamma_cap_factor": 5.0,
    "gamma_imb": 0.5,
    "gamma_inv_scale": 1.0,
    "gamma_vol_scale": 2.0,
    "gradient_penalty_ticks": 1.0,
    "gradient_threshold": 1.5,
    "k_vol": 6.0,
    "size_base": 0.04,
    "size_exp": 2.0,
    "size_min_factor": 0.3
  },
  "snapshots_processed": 10000,
  "sharpe_ratio": -0.009217691680613958,
  "capital_base": 10000.0,
  "sharpe_horizon_seconds": 60.0
}