{
  "final_pnl": -1.7867017842090718,
  "final_inventory": 0.004223524406114855,
  "fill_count": 268,
  "max_drawdown": 1.7867017842090718,
  "pnl_attribution": {
    "inventory_moves": -0.1334060457113317,
    "fees": -1.819979064407381,
    "spread_capture": 0.2061089379140145,
    "adverse_selection": -0.0453041122980601,
    "funding_rates": 0.0
  },
  "additional_metrics": {
    "orders_placed": 609,
    "orders_placed_buy": 304,
    "orders_placed_sell": 305,
    "maker_qty_placed": 1.7301281617829265,
    "maker_qty_filled": 0.31544373677846443,
    "maker_fill_qty_rate": 0.18232391319114435,
    "avg_fill_latency_sec": 0.18260644635846537,
    "std_fill_latency_sec": 0.11132854263137261,
    "avg_queue_position": 1.074930543362661,
    "std_queue_position": 1.395757248111485,
    "avg_order_lifetime_sec": 0.19556128440364715,
    "std_order_lifetime_sec": 0.10366646471689893,
    "avg_competition_size": 0.6304860292933694,
    "std_competition_size": 0.1252182919590009,
    "forced_liquidations": 0,
    "avg_forced_liq_cost": 0.0,
    "std_forced_liq_cost": 0.0
  },
  "strategy": "skew_mid_spread",
  "strategy_kwargs": {
    "gamma": 0.1,
    "gamma_cap_factor": 5.0,
    "gamma_imb": 0.5,
    "gamma_inv_scale": 4.0,
    "gamma_vol_scale": 2.0,
    "gradient_penalty_ticks": 1.0,
    "gradient_threshold": 1.5,
    "k_vol": 1.3,
    "size_base": 0.005,
    "size_exp": 1.0,
    "size_min_factor": 0.1
  },
  "snapshots_processed": 1000,
  "sharpe_ratio": -1.1384462710139303,
  "capital_base": 10000.0,
  "sharpe_horizon_seconds": 60.0
}