{
  "final_pnl": -16.919426283866414,
  "final_inventory": 0.03299867858817257,
  "fill_count": 292,
  "max_drawdown": 16.919426283866414,
  "pnl_attribution": {
    "inventory_moves": -0.5666241908975285,
    "fees": -15.617465295077007,
    "spread_capture": 2.4660401426804865,
    "adverse_selection": -3.0973231027498564,
    "funding_rates": 0.0
  },
  "additional_metrics": {
    "orders_placed": 536,
    "orders_placed_buy": 264,
    "orders_placed_sell": 272,
    "maker_qty_placed": 12.294772267109774,
    "maker_qty_filled": 2.6169237244938635,
    "maker_fill_qty_rate": 0.21284849102040698,
    "avg_fill_latency_sec": 0.18019882698505246,
    "std_fill_latency_sec": 0.11892493990579989,
    "avg_queue_position": 1.1693378321594057,
    "std_queue_position": 1.3523396200493072,
    "avg_order_lifetime_sec": 0.19633332888285318,
    "std_order_lifetime_sec": 0.12265712810659607,
    "avg_competition_size": 0.8837094395178312,
    "std_competition_size": 0.1736296832128777,
    "forced_liquidations": 13,
    "avg_forced_liq_cost": 0.20768604801497598,
    "std_forced_liq_cost": 0.11488308754508263
  },
  "strategy": "skew_mid_spread",
  "strategy_kwargs": {
    "gamma": 0.1,
    "gamma_cap_factor": 5.0,
    "gamma_imb": 0.5,
    "gamma_inv_scale": 4.0,
    "gamma_vol_scale": 2.0,
    "gradient_penalty_ticks": 1.0,
    "gradient_threshold": 1.5,
    "k_vol": 1.3,
    "size_base": 0.04,
    "size_exp": 3.0,
    "size_min_factor": 0.1
  },
  "snapshots_processed": 1000,
  "sharpe_ratio": -1.0299295561794317,
  "capital_base": 10000.0,
  "sharpe_horizon_seconds": 60.0
}