{
  "final_pnl": -3.4264276749963756,
  "final_inventory": 0.0031977237660033133,
  "fill_count": 268,
  "max_drawdown": 3.4264276749963756,
  "pnl_attribution": {
    "inventory_moves": -0.26545383918356463,
    "fees": -3.538078222935206,
    "spread_capture": 0.46506850822805385,
    "adverse_selection": -0.09261226133970996,
    "funding_rates": 0.0
  },
  "additional_metrics": {
    "orders_placed": 605,
    "orders_placed_buy": 301,
    "orders_placed_sell": 304,
    "maker_qty_placed": 3.444196560941482,
    "maker_qty_filled": 0.62368922303879,
    "maker_fill_qty_rate": 0.1810840966835826,
    "avg_fill_latency_sec": 0.18540259150715618,
    "std_fill_latency_sec": 0.10982426695279662,
    "avg_queue_position": 1.1086851459353109,
    "std_queue_position": 1.3944247531791711,
    "avg_order_lifetime_sec": 0.19681168221808099,
    "std_order_lifetime_sec": 0.10278357784281439,
    "avg_competition_size": 0.6691240100580168,
    "std_competition_size": 0.13079779578957232,
    "forced_liquidations": 0,
    "avg_forced_liq_cost": 0.0,
    "std_forced_liq_cost": 0.0
  },
  "strategy": "skew_mid_spread",
  "strategy_kwargs": {
    "gamma": 0.1,
    "gamma_cap_factor": 5.0,
    "gamma_imb": 0.5,
    "gamma_inv_scale": 4.0,
    "gamma_vol_scale": 2.0,
    "gradient_penalty_ticks": 1.0,
    "gradient_threshold": 1.5,
    "k_vol": 1.3,
    "size_base": 0.01,
    "size_exp": 2.0,
    "size_min_factor": 0.3
  },
  "snapshots_processed": 1000,
  "sharpe_ratio": -1.1823991778270257,
  "capital_base": 10000.0,
  "sharpe_horizon_seconds": 60.0
}