{
  "final_pnl": -2.844836943590053,
  "final_inventory": 0.026778360418851357,
  "fill_count": 1210,
  "max_drawdown": 3.4857881667685433,
  "pnl_attribution": {
    "inventory_moves": -2.0192869299041325,
    "fees": -1.6158201636612222,
    "spread_capture": 0.9506834545742178,
    "adverse_selection": -0.09943685724332682,
    "funding_rates": 0.0
  },
  "additional_metrics": {
    "orders_placed": 1588,
    "orders_placed_buy": 822,
    "orders_placed_sell": 766,
    "maker_qty_placed": 34.84222150555886,
    "maker_qty_filled": 0.6518023274833071,
    "maker_fill_qty_rate": 0.01870725514385804,
    "avg_fill_latency_sec": 0.007023789058221835,
    "std_fill_latency_sec": 0.041355117071255075,
    "avg_queue_position": 0.03557897391377185,
    "std_queue_position": 0.3258530285014772,
    "avg_order_lifetime_sec": 0.007023789058221835,
    "std_order_lifetime_sec": 0.041355117071255075,
    "avg_competition_size": 0.3560563489458402,
    "std_competition_size": 0.07076190079861946,
    "forced_liquidations": 0,
    "avg_forced_liq_cost": 0.0,
    "std_forced_liq_cost": 0.0,
    "taker_qty_hedge": 0.09582453611001134,
    "taker_qty_cross": 0.0,
    "taker_trades_hedge": 1144,
    "taker_trades_cross": 0,
    "taker_qty_total": 0.09582453611001134,
    "notional_traded_btc": 0.7476268635933168,
    "notional_traded_usdt": 12860.616087640356
  },
  "strategy": "skew_mid_spread",
  "strategy_kwargs": {
    "extra_spread_ticks": 34.0,
    "gamma": 0.08,
    "gamma_cap_factor": 5.0,
    "gamma_imb": 0.5,
    "gamma_inv_scale": 1.0,
    "gamma_vol_scale": 2.0,
    "gradient_penalty_ticks": 1.0,
    "gradient_threshold": 1.5,
    "k_vol": 8.0,
    "size_base": 0.04,
    "size_exp": 2.0,
    "size_min_factor": 0.3
  },
  "snapshots_processed": 10000,
  "sharpe_ratio": -0.3618914334590499,
  "capital_base": 10000.0,
  "sharpe_horizon_seconds": 60.0
}