{
  "final_pnl": -3.5647862032128614,
  "final_inventory": 0.004077933081277461,
  "fill_count": 273,
  "max_drawdown": 3.5647862032128614,
  "pnl_attribution": {
    "inventory_moves": -0.26117201076367863,
    "fees": -3.6437666955201435,
    "spread_capture": 0.42950249247364397,
    "adverse_selection": -0.09498591565490133,
    "funding_rates": 0.0
  },
  "additional_metrics": {
    "orders_placed": 609,
    "orders_placed_buy": 304,
    "orders_placed_sell": 305,
    "maker_qty_placed": 3.4634066409689312,
    "maker_qty_filled": 0.6447166742045288,
    "maker_fill_qty_rate": 0.18615101864682032,
    "avg_fill_latency_sec": 0.185050949169572,
    "std_fill_latency_sec": 0.11001683320541396,
    "avg_queue_position": 1.1614371984277185,
    "std_queue_position": 1.447877883775016,
    "avg_order_lifetime_sec": 0.19624203177774027,
    "std_order_lifetime_sec": 0.103178056818932,
    "avg_competition_size": 0.6794907507427128,
    "std_competition_size": 0.12597807451928192,
    "forced_liquidations": 0,
    "avg_forced_liq_cost": 0.0,
    "std_forced_liq_cost": 0.0
  },
  "strategy": "skew_mid_spread",
  "strategy_kwargs": {
    "gamma": 0.1,
    "gamma_cap_factor": 5.0,
    "gamma_imb": 0.5,
    "gamma_inv_scale": 4.0,
    "gamma_vol_scale": 2.0,
    "gradient_penalty_ticks": 1.0,
    "gradient_threshold": 1.5,
    "k_vol": 1.3,
    "size_base": 0.01,
    "size_exp": 3.0,
    "size_min_factor": 0.3
  },
  "snapshots_processed": 1000,
  "sharpe_ratio": -1.133943869078639,
  "capital_base": 10000.0,
  "sharpe_horizon_seconds": 60.0
}