{
  "final_pnl": -3.490094043672798,
  "final_inventory": 0.002805091366546289,
  "fill_count": 277,
  "max_drawdown": 3.490094043672798,
  "pnl_attribution": {
    "inventory_moves": -0.28365780400812995,
    "fees": -3.675066166812351,
    "spread_capture": 0.5577372381599108,
    "adverse_selection": -0.09605144023138254,
    "funding_rates": 0.0
  },
  "additional_metrics": {
    "orders_placed": 536,
    "orders_placed_buy": 262,
    "orders_placed_sell": 274,
    "maker_qty_placed": 3.0784830135906462,
    "maker_qty_filled": 0.6263206951926531,
    "maker_fill_qty_rate": 0.20345108042747725,
    "avg_fill_latency_sec": 0.18939374387264252,
    "std_fill_latency_sec": 0.13052461741086724,
    "avg_queue_position": 1.1568830937871408,
    "std_queue_position": 1.4381800511671108,
    "avg_order_lifetime_sec": 0.20976249277591705,
    "std_order_lifetime_sec": 0.13093530971903955,
    "avg_competition_size": 0.6628008195882458,
    "std_competition_size": 0.12640423404001552,
    "forced_liquidations": 0,
    "avg_forced_liq_cost": 0.0,
    "std_forced_liq_cost": 0.0
  },
  "strategy": "skew_mid_spread",
  "strategy_kwargs": {
    "gamma": 0.1,
    "gamma_cap_factor": 5.0,
    "gamma_imb": 0.5,
    "gamma_inv_scale": 4.0,
    "gamma_vol_scale": 2.0,
    "gradient_penalty_ticks": 1.0,
    "gradient_threshold": 1.5,
    "k_vol": 1.3,
    "size_base": 0.01,
    "size_exp": 3.0,
    "size_min_factor": 0.1
  },
  "snapshots_processed": 1000,
  "sharpe_ratio": -1.15924040207514,
  "capital_base": 10000.0,
  "sharpe_horizon_seconds": 60.0
}