{
  "final_pnl": -0.7054781695114798,
  "final_inventory": -0.0404213950937418,
  "fill_count": 2536,
  "max_drawdown": 3.044503796218123,
  "pnl_attribution": {
    "inventory_moves": -0.9079010980154121,
    "fees": -0.5107317364710998,
    "spread_capture": 0.8199044280949767,
    "adverse_selection": -0.11069557859255998,
    "funding_rates": 0.0
  },
  "additional_metrics": {
    "orders_placed": 2063,
    "orders_placed_buy": 1071,
    "orders_placed_sell": 992,
    "maker_qty_placed": 45.08034143950368,
    "maker_qty_filled": 0.7761685099403047,
    "maker_fill_qty_rate": 0.017217449672201287,
    "avg_fill_latency_sec": 0.004425361298060532,
    "std_fill_latency_sec": 0.033008883547643815,
    "avg_queue_position": 0.013261198063708204,
    "std_queue_position": 0.16795444793454214,
    "avg_order_lifetime_sec": 0.004425361298060532,
    "std_order_lifetime_sec": 0.033008883547643815,
    "avg_competition_size": 0.3542473989962357,
    "std_competition_size": 0.06896222906343927,
    "forced_liquidations": 0,
    "avg_forced_liq_cost": 0.0,
    "std_forced_liq_cost": 0.0,
    "taker_qty_hedge": 0.12369300323231014,
    "taker_qty_cross": 0.0,
    "taker_trades_hedge": 2448,
    "taker_trades_cross": 0,
    "taker_qty_total": 0.12369300323231014,
    "notional_traded_btc": 0.8998615131726168,
    "notional_traded_usdt": 15476.958537643264
  },
  "strategy": "skew_mid_spread",
  "strategy_kwargs": {
    "extra_spread_ticks": 20.0,
    "gamma": 0.16,
    "gamma_cap_factor": 5.0,
    "gamma_imb": 0.5,
    "gamma_inv_scale": 1.0,
    "gamma_vol_scale": 2.0,
    "gradient_penalty_ticks": 1.0,
    "gradient_threshold": 1.5,
    "k_vol": 4.0,
    "size_base": 0.04,
    "size_exp": 2.0,
    "size_min_factor": 0.3
  },
  "snapshots_processed": 10000,
  "sharpe_ratio": -0.06158433076103328,
  "capital_base": 10000.0,
  "sharpe_horizon_seconds": 60.0
}