{
  "final_pnl": -3.5735566518760606,
  "final_inventory": 0.006468062458841335,
  "fill_count": 269,
  "max_drawdown": 3.5735566518760606,
  "pnl_attribution": {
    "inventory_moves": -0.2820651711148894,
    "fees": -3.6118500333369203,
    "spread_capture": 0.4187903404346259,
    "adverse_selection": -0.09734152242890172,
    "funding_rates": 0.0
  },
  "additional_metrics": {
    "orders_placed": 609,
    "orders_placed_buy": 303,
    "orders_placed_sell": 306,
    "maker_qty_placed": 3.46376842889689,
    "maker_qty_filled": 0.6330486286223507,
    "maker_fill_qty_rate": 0.18276297668778,
    "avg_fill_latency_sec": 0.1842128969007923,
    "std_fill_latency_sec": 0.11047509845225996,
    "avg_queue_position": 1.1379798421737026,
    "std_queue_position": 1.4181428820482118,
    "avg_order_lifetime_sec": 0.1939290246655864,
    "std_order_lifetime_sec": 0.10473561443731574,
    "avg_competition_size": 0.6768811562906255,
    "std_competition_size": 0.13269610207637614,
    "forced_liquidations": 0,
    "avg_forced_liq_cost": 0.0,
    "std_forced_liq_cost": 0.0
  },
  "strategy": "skew_mid_spread",
  "strategy_kwargs": {
    "gamma": 0.1,
    "gamma_cap_factor": 5.0,
    "gamma_imb": 0.5,
    "gamma_inv_scale": 4.0,
    "gamma_vol_scale": 2.0,
    "gradient_penalty_ticks": 1.0,
    "gradient_threshold": 1.5,
    "k_vol": 1.3,
    "size_base": 0.01,
    "size_exp": 2.0,
    "size_min_factor": 0.3
  },
  "snapshots_processed": 1000,
  "sharpe_ratio": -1.1671027450719977,
  "capital_base": 10000.0,
  "sharpe_horizon_seconds": 60.0
}