{
  "final_pnl": -1.5082173632654303,
  "final_inventory": 0.0050631578233608105,
  "fill_count": 263,
  "max_drawdown": 1.5082173632654303,
  "pnl_attribution": {
    "inventory_moves": -0.08955948585070592,
    "fees": -1.6739967141376837,
    "spread_capture": 0.3023148797336761,
    "adverse_selection": -0.04556987497340681,
    "funding_rates": 0.0
  },
  "additional_metrics": {
    "orders_placed": 531,
    "orders_placed_buy": 259,
    "orders_placed_sell": 272,
    "maker_qty_placed": 1.5263633586080239,
    "maker_qty_filled": 0.31835292606049725,
    "maker_fill_qty_rate": 0.20856955472962946,
    "avg_fill_latency_sec": 0.19330871825250204,
    "std_fill_latency_sec": 0.10905930080208612,
    "avg_queue_position": 1.126896551339628,
    "std_queue_position": 1.3701639958207827,
    "avg_order_lifetime_sec": 0.20678522602823757,
    "std_order_lifetime_sec": 0.10358788325257375,
    "avg_competition_size": 0.6481336148019156,
    "std_competition_size": 0.1155108066434607,
    "forced_liquidations": 0,
    "avg_forced_liq_cost": 0.0,
    "std_forced_liq_cost": 0.0
  },
  "strategy": "skew_mid_spread",
  "strategy_kwargs": {
    "gamma": 0.1,
    "gamma_cap_factor": 5.0,
    "gamma_imb": 0.5,
    "gamma_inv_scale": 4.0,
    "gamma_vol_scale": 2.0,
    "gradient_penalty_ticks": 1.0,
    "gradient_threshold": 1.5,
    "k_vol": 1.3,
    "size_base": 0.005,
    "size_exp": 2.0,
    "size_min_factor": 0.1
  },
  "snapshots_processed": 1000,
  "sharpe_ratio": -1.102609197305618,
  "capital_base": 10000.0,
  "sharpe_horizon_seconds": 60.0
}