{
  "final_pnl": -1.72503725297247,
  "final_inventory": 0.0050921024549689855,
  "fill_count": 265,
  "max_drawdown": 1.72503725297247,
  "pnl_attribution": {
    "inventory_moves": -0.12866974994362526,
    "fees": -1.747398096183124,
    "spread_capture": 0.19577223721096498,
    "adverse_selection": -0.04724274033872113,
    "funding_rates": 0.0
  },
  "additional_metrics": {
    "orders_placed": 604,
    "orders_placed_buy": 300,
    "orders_placed_sell": 304,
    "maker_qty_placed": 1.7177807654948722,
    "maker_qty_filled": 0.3126799932511387,
    "maker_fill_qty_rate": 0.1820255526968014,
    "avg_fill_latency_sec": 0.18619078240896525,
    "std_fill_latency_sec": 0.10938456208079916,
    "avg_queue_position": 1.13790018538343,
    "std_queue_position": 1.4251294492995878,
    "avg_order_lifetime_sec": 0.19774999273450752,
    "std_order_lifetime_sec": 0.10211965316682471,
    "avg_competition_size": 0.6328710668466048,
    "std_competition_size": 0.12455791249874287,
    "forced_liquidations": 0,
    "avg_forced_liq_cost": 0.0,
    "std_forced_liq_cost": 0.0
  },
  "strategy": "skew_mid_spread",
  "strategy_kwargs": {
    "gamma": 0.1,
    "gamma_cap_factor": 5.0,
    "gamma_imb": 0.5,
    "gamma_inv_scale": 4.0,
    "gamma_vol_scale": 2.0,
    "gradient_penalty_ticks": 1.0,
    "gradient_threshold": 1.5,
    "k_vol": 1.3,
    "size_base": 0.005,
    "size_exp": 2.0,
    "size_min_factor": 0.2
  },
  "snapshots_processed": 1000,
  "sharpe_ratio": -1.2093987485091888,
  "capital_base": 10000.0,
  "sharpe_horizon_seconds": 60.0
}