{
  "final_pnl": -3.42494273441298,
  "final_inventory": 0.006857759987763537,
  "fill_count": 270,
  "max_drawdown": 3.42494273441298,
  "pnl_attribution": {
    "inventory_moves": -0.2765288843393934,
    "fees": -3.5869726320594624,
    "spread_capture": 0.5299440098037185,
    "adverse_selection": -0.0987116896871958,
    "funding_rates": 0.0
  },
  "additional_metrics": {
    "orders_placed": 608,
    "orders_placed_buy": 303,
    "orders_placed_sell": 305,
    "maker_qty_placed": 3.458429839877364,
    "maker_qty_filled": 0.641543936794245,
    "maker_fill_qty_rate": 0.18550150400535353,
    "avg_fill_latency_sec": 0.18582580012659872,
    "std_fill_latency_sec": 0.10959533099717089,
    "avg_queue_position": 1.1632780565370462,
    "std_queue_position": 1.4368992716578015,
    "avg_order_lifetime_sec": 0.19877418702648533,
    "std_order_lifetime_sec": 0.10138909372371552,
    "avg_competition_size": 0.6784947879990497,
    "std_competition_size": 0.1299384444902012,
    "forced_liquidations": 0,
    "avg_forced_liq_cost": 0.0,
    "std_forced_liq_cost": 0.0
  },
  "strategy": "skew_mid_spread",
  "strategy_kwargs": {
    "gamma": 0.1,
    "gamma_cap_factor": 5.0,
    "gamma_imb": 0.5,
    "gamma_inv_scale": 4.0,
    "gamma_vol_scale": 2.0,
    "gradient_penalty_ticks": 1.0,
    "gradient_threshold": 1.5,
    "k_vol": 1.3,
    "size_base": 0.01,
    "size_exp": 3.0,
    "size_min_factor": 0.2
  },
  "snapshots_processed": 1000,
  "sharpe_ratio": -1.1662423163281388,
  "capital_base": 10000.0,
  "sharpe_horizon_seconds": 60.0
}