{
  "final_pnl": -1.6900646999438322,
  "final_inventory": 0.0026868338648091293,
  "fill_count": 269,
  "max_drawdown": 1.6900646999438322,
  "pnl_attribution": {
    "inventory_moves": -0.12522545501265664,
    "fees": -1.7833753248594422,
    "spread_capture": 0.26428194029051066,
    "adverse_selection": -0.04884223530057659,
    "funding_rates": 0.0
  },
  "additional_metrics": {
    "orders_placed": 533,
    "orders_placed_buy": 260,
    "orders_placed_sell": 273,
    "maker_qty_placed": 1.5322267004064976,
    "maker_qty_filled": 0.32576950995161386,
    "maker_fill_qty_rate": 0.21261182164831594,
    "avg_fill_latency_sec": 0.18866882540962912,
    "std_fill_latency_sec": 0.11171037596405292,
    "avg_queue_position": 1.1631987335873695,
    "std_queue_position": 1.4295488149895532,
    "avg_order_lifetime_sec": 0.2098376549683608,
    "std_order_lifetime_sec": 0.11227282464388938,
    "avg_competition_size": 0.6411159985006564,
    "std_competition_size": 0.12326007282257112,
    "forced_liquidations": 0,
    "avg_forced_liq_cost": 0.0,
    "std_forced_liq_cost": 0.0
  },
  "strategy": "skew_mid_spread",
  "strategy_kwargs": {
    "gamma": 0.1,
    "gamma_cap_factor": 5.0,
    "gamma_imb": 0.5,
    "gamma_inv_scale": 4.0,
    "gamma_vol_scale": 2.0,
    "gradient_penalty_ticks": 1.0,
    "gradient_threshold": 1.5,
    "k_vol": 1.3,
    "size_base": 0.005,
    "size_exp": 3.0,
    "size_min_factor": 0.1
  },
  "snapshots_processed": 1000,
  "sharpe_ratio": -1.217102758677448,
  "capital_base": 10000.0,
  "sharpe_horizon_seconds": 60.0
}