{
  "final_pnl": -16.050746084783896,
  "final_inventory": 0.039287568714033494,
  "fill_count": 300,
  "max_drawdown": 16.050746084783896,
  "pnl_attribution": {
    "inventory_moves": -1.3457609690920382,
    "fees": -15.835352914138745,
    "spread_capture": 2.2631392175858016,
    "adverse_selection": -1.10379534373565,
    "funding_rates": 0.0
  },
  "additional_metrics": {
    "orders_placed": 535,
    "orders_placed_buy": 263,
    "orders_placed_sell": 272,
    "maker_qty_placed": 12.274503966588668,
    "maker_qty_filled": 2.709212607844788,
    "maker_fill_qty_rate": 0.22071870400786,
    "avg_fill_latency_sec": 0.1871551700022029,
    "std_fill_latency_sec": 0.1299627887471974,
    "avg_queue_position": 1.2597941414209732,
    "std_queue_position": 1.4043701470960472,
    "avg_order_lifetime_sec": 0.20301149083280015,
    "std_order_lifetime_sec": 0.13251497189817515,
    "avg_competition_size": 0.8795115089263981,
    "std_competition_size": 0.17008831901456903,
    "forced_liquidations": 5,
    "avg_forced_liq_cost": 0.13927265877019135,
    "std_forced_liq_cost": 0.06066725829587855
  },
  "strategy": "skew_mid_spread",
  "strategy_kwargs": {
    "gamma": 0.1,
    "gamma_cap_factor": 5.0,
    "gamma_imb": 0.5,
    "gamma_inv_scale": 4.0,
    "gamma_vol_scale": 2.0,
    "gradient_penalty_ticks": 1.0,
    "gradient_threshold": 1.5,
    "k_vol": 1.3,
    "size_base": 0.04,
    "size_exp": 1.0,
    "size_min_factor": 0.2
  },
  "snapshots_processed": 1000,
  "sharpe_ratio": -1.2046795755907573,
  "capital_base": 10000.0,
  "sharpe_horizon_seconds": 60.0
}