{
  "final_pnl": -3.582642553261394,
  "final_inventory": 0.001460050836704867,
  "fill_count": 277,
  "max_drawdown": 3.582642553261394,
  "pnl_attribution": {
    "inventory_moves": -0.26208468292982284,
    "fees": -3.6713012452533387,
    "spread_capture": 0.44339839557659255,
    "adverse_selection": -0.09391167003651316,
    "funding_rates": 0.0
  },
  "additional_metrics": {
    "orders_placed": 539,
    "orders_placed_buy": 267,
    "orders_placed_sell": 272,
    "maker_qty_placed": 3.1023942882054243,
    "maker_qty_filled": 0.6493150392874812,
    "maker_fill_qty_rate": 0.20929481521933713,
    "avg_fill_latency_sec": 0.1874591149624039,
    "std_fill_latency_sec": 0.11227127524068016,
    "avg_queue_position": 1.1053229046718738,
    "std_queue_position": 1.3655074837099326,
    "avg_order_lifetime_sec": 0.20008804363274724,
    "std_order_lifetime_sec": 0.10804158972465942,
    "avg_competition_size": 0.6739626255134034,
    "std_competition_size": 0.12983351103783347,
    "forced_liquidations": 0,
    "avg_forced_liq_cost": 0.0,
    "std_forced_liq_cost": 0.0
  },
  "strategy": "skew_mid_spread",
  "strategy_kwargs": {
    "gamma": 0.1,
    "gamma_cap_factor": 5.0,
    "gamma_imb": 0.5,
    "gamma_inv_scale": 4.0,
    "gamma_vol_scale": 2.0,
    "gradient_penalty_ticks": 1.0,
    "gradient_threshold": 1.5,
    "k_vol": 1.3,
    "size_base": 0.01,
    "size_exp": 1.0,
    "size_min_factor": 0.3
  },
  "snapshots_processed": 1000,
  "sharpe_ratio": -1.1552565661551604,
  "capital_base": 10000.0,
  "sharpe_horizon_seconds": 60.0
}