{
  "final_pnl": -1.6679539212818781,
  "final_inventory": 0.0031671394477053804,
  "fill_count": 265,
  "max_drawdown": 1.6679539212818781,
  "pnl_attribution": {
    "inventory_moves": -0.09830592962174849,
    "fees": -1.7554817161143454,
    "spread_capture": 0.23215463090199095,
    "adverse_selection": -0.04876957456471914,
    "funding_rates": 0.0
  },
  "additional_metrics": {
    "orders_placed": 533,
    "orders_placed_buy": 260,
    "orders_placed_sell": 273,
    "maker_qty_placed": 1.5312569343071767,
    "maker_qty_filled": 0.31824096940154056,
    "maker_fill_qty_rate": 0.2078298959968661,
    "avg_fill_latency_sec": 0.18784867776067635,
    "std_fill_latency_sec": 0.112212305914593,
    "avg_queue_position": 1.1034982688184034,
    "std_queue_position": 1.3941422522149727,
    "avg_order_lifetime_sec": 0.21093420292201795,
    "std_order_lifetime_sec": 0.12223589652660008,
    "avg_competition_size": 0.6340733833200982,
    "std_competition_size": 0.1210151888022685,
    "forced_liquidations": 0,
    "avg_forced_liq_cost": 0.0,
    "std_forced_liq_cost": 0.0
  },
  "strategy": "skew_mid_spread",
  "strategy_kwargs": {
    "gamma": 0.1,
    "gamma_cap_factor": 5.0,
    "gamma_imb": 0.5,
    "gamma_inv_scale": 4.0,
    "gamma_vol_scale": 2.0,
    "gradient_penalty_ticks": 1.0,
    "gradient_threshold": 1.5,
    "k_vol": 1.3,
    "size_base": 0.005,
    "size_exp": 2.0,
    "size_min_factor": 0.2
  },
  "snapshots_processed": 1000,
  "sharpe_ratio": -1.1078996442071647,
  "capital_base": 10000.0,
  "sharpe_horizon_seconds": 60.0
}