{
  "final_pnl": -3.5212053096875024,
  "final_inventory": 0.0007284419382997363,
  "fill_count": 280,
  "max_drawdown": 3.5212053096875024,
  "pnl_attribution": {
    "inventory_moves": -0.28264948417294494,
    "fees": -3.63040545593472,
    "spread_capture": 0.49356298325932785,
    "adverse_selection": -0.09782857111999971,
    "funding_rates": 0.0
  },
  "additional_metrics": {
    "orders_placed": 539,
    "orders_placed_buy": 265,
    "orders_placed_sell": 274,
    "maker_qty_placed": 3.100316741366427,
    "maker_qty_filled": 0.6571770230355536,
    "maker_fill_qty_rate": 0.21197093002372097,
    "avg_fill_latency_sec": 0.19253124445676803,
    "std_fill_latency_sec": 0.1162068132383432,
    "avg_queue_position": 1.1663487857959207,
    "std_queue_position": 1.4434215317879249,
    "avg_order_lifetime_sec": 0.20508124232292174,
    "std_order_lifetime_sec": 0.11158706712775125,
    "avg_competition_size": 0.664661234969369,
    "std_competition_size": 0.12838476978090657,
    "forced_liquidations": 0,
    "avg_forced_liq_cost": 0.0,
    "std_forced_liq_cost": 0.0
  },
  "strategy": "skew_mid_spread",
  "strategy_kwargs": {
    "gamma": 0.1,
    "gamma_cap_factor": 5.0,
    "gamma_imb": 0.5,
    "gamma_inv_scale": 4.0,
    "gamma_vol_scale": 2.0,
    "gradient_penalty_ticks": 1.0,
    "gradient_threshold": 1.5,
    "k_vol": 1.3,
    "size_base": 0.01,
    "size_exp": 1.0,
    "size_min_factor": 0.2
  },
  "snapshots_processed": 1000,
  "sharpe_ratio": -1.1973518985741434,
  "capital_base": 10000.0,
  "sharpe_horizon_seconds": 60.0
}