{
  "final_pnl": -3.621351719049926,
  "final_inventory": 0.007987883448380306,
  "fill_count": 280,
  "max_drawdown": 3.621351719049926,
  "pnl_attribution": {
    "inventory_moves": -0.2938519751923851,
    "fees": -3.7477678150438702,
    "spread_capture": 0.5127849882240036,
    "adverse_selection": -0.09616888752871061,
    "funding_rates": 0.0
  },
  "additional_metrics": {
    "orders_placed": 609,
    "orders_placed_buy": 303,
    "orders_placed_sell": 306,
    "maker_qty_placed": 3.4642345385417457,
    "maker_qty_filled": 0.6520761067112701,
    "maker_fill_qty_rate": 0.18823093513343894,
    "avg_fill_latency_sec": 0.18244443705052504,
    "std_fill_latency_sec": 0.11140926208056862,
    "avg_queue_position": 1.1829678362955782,
    "std_queue_position": 1.502194251185804,
    "avg_order_lifetime_sec": 0.19329011587449063,
    "std_order_lifetime_sec": 0.10516328342841827,
    "avg_competition_size": 0.664354061267063,
    "std_competition_size": 0.12803703837139102,
    "forced_liquidations": 1,
    "avg_forced_liq_cost": 0.0013529272056098218,
    "std_forced_liq_cost": 0.0
  },
  "strategy": "skew_mid_spread",
  "strategy_kwargs": {
    "gamma": 0.1,
    "gamma_cap_factor": 5.0,
    "gamma_imb": 0.5,
    "gamma_inv_scale": 4.0,
    "gamma_vol_scale": 2.0,
    "gradient_penalty_ticks": 1.0,
    "gradient_threshold": 1.5,
    "k_vol": 1.3,
    "size_base": 0.01,
    "size_exp": 1.0,
    "size_min_factor": 0.3
  },
  "snapshots_processed": 1000,
  "sharpe_ratio": -1.1808202479011005,
  "capital_base": 10000.0,
  "sharpe_horizon_seconds": 60.0
}