{
  "final_pnl": -1.7336205080646323,
  "final_inventory": 0.004218337372716701,
  "fill_count": 265,
  "max_drawdown": 1.7336205080646323,
  "pnl_attribution": {
    "inventory_moves": -0.13046519179902125,
    "fees": -1.7847311576300935,
    "spread_capture": 0.22197261228387213,
    "adverse_selection": -0.04365078938924997,
    "funding_rates": 0.0
  },
  "additional_metrics": {
    "orders_placed": 606,
    "orders_placed_buy": 301,
    "orders_placed_sell": 305,
    "maker_qty_placed": 1.7227810044133165,
    "maker_qty_filled": 0.3113727315352327,
    "maker_fill_qty_rate": 0.1807384285858602,
    "avg_fill_latency_sec": 0.18333986226250143,
    "std_fill_latency_sec": 0.1109288231329365,
    "avg_queue_position": 1.105738336588933,
    "std_queue_position": 1.4170104290946024,
    "avg_order_lifetime_sec": 0.1964640445958555,
    "std_order_lifetime_sec": 0.10302858043428692,
    "avg_competition_size": 0.6327603973565388,
    "std_competition_size": 0.12384726155592142,
    "forced_liquidations": 0,
    "avg_forced_liq_cost": 0.0,
    "std_forced_liq_cost": 0.0
  },
  "strategy": "skew_mid_spread",
  "strategy_kwargs": {
    "gamma": 0.1,
    "gamma_cap_factor": 5.0,
    "gamma_imb": 0.5,
    "gamma_inv_scale": 4.0,
    "gamma_vol_scale": 2.0,
    "gradient_penalty_ticks": 1.0,
    "gradient_threshold": 1.5,
    "k_vol": 1.3,
    "size_base": 0.005,
    "size_exp": 1.0,
    "size_min_factor": 0.2
  },
  "snapshots_processed": 1000,
  "sharpe_ratio": -1.1516882203766976,
  "capital_base": 10000.0,
  "sharpe_horizon_seconds": 60.0
}