{
  "final_pnl": -6.857394566313815,
  "final_inventory": 0.01833623416931856,
  "fill_count": 273,
  "max_drawdown": 6.857394566313815,
  "pnl_attribution": {
    "inventory_moves": -0.53302609346574,
    "fees": -7.1654725468836755,
    "spread_capture": 1.040982847349573,
    "adverse_selection": -0.19135399752940868,
    "funding_rates": 0.0
  },
  "additional_metrics": {
    "orders_placed": 537,
    "orders_placed_buy": 264,
    "orders_placed_sell": 273,
    "maker_qty_placed": 6.16979011565142,
    "maker_qty_filled": 1.3047370462067789,
    "maker_fill_qty_rate": 0.21147186885611294,
    "avg_fill_latency_sec": 0.1911089695416964,
    "std_fill_latency_sec": 0.11387940844253579,
    "avg_queue_position": 1.208106163921702,
    "std_queue_position": 1.4157498303494584,
    "avg_order_lifetime_sec": 0.21199999405787542,
    "std_order_lifetime_sec": 0.12412225235270694,
    "avg_competition_size": 0.7428365733493512,
    "std_competition_size": 0.14602923774812834,
    "forced_liquidations": 0,
    "avg_forced_liq_cost": 0.0,
    "std_forced_liq_cost": 0.0
  },
  "strategy": "skew_mid_spread",
  "strategy_kwargs": {
    "gamma": 0.1,
    "gamma_cap_factor": 5.0,
    "gamma_imb": 0.5,
    "gamma_inv_scale": 4.0,
    "gamma_vol_scale": 2.0,
    "gradient_penalty_ticks": 1.0,
    "gradient_threshold": 1.5,
    "k_vol": 1.3,
    "size_base": 0.02,
    "size_exp": 2.0,
    "size_min_factor": 0.1
  },
  "snapshots_processed": 1000,
  "sharpe_ratio": -1.219465149105508,
  "capital_base": 10000.0,
  "sharpe_horizon_seconds": 60.0
}