{
  "final_pnl": -1.734791191178374,
  "final_inventory": 0.004515304098105143,
  "fill_count": 266,
  "max_drawdown": 1.734791191178374,
  "pnl_attribution": {
    "inventory_moves": -0.13778950175314233,
    "fees": -1.781074746271817,
    "spread_capture": 0.22929050362465817,
    "adverse_selection": -0.04749123357886556,
    "funding_rates": 0.0
  },
  "additional_metrics": {
    "orders_placed": 529,
    "orders_placed_buy": 257,
    "orders_placed_sell": 272,
    "maker_qty_placed": 1.5202926125677205,
    "maker_qty_filled": 0.3188161458321208,
    "maker_fill_qty_rate": 0.20970709401373175,
    "avg_fill_latency_sec": 0.18662090862498565,
    "std_fill_latency_sec": 0.11286465762447517,
    "avg_queue_position": 1.1500630217642274,
    "std_queue_position": 1.4416679011841067,
    "avg_order_lifetime_sec": 0.20628757414474985,
    "std_order_lifetime_sec": 0.11496658270844318,
    "avg_competition_size": 0.6345041104142559,
    "std_competition_size": 0.12118668363048017,
    "forced_liquidations": 0,
    "avg_forced_liq_cost": 0.0,
    "std_forced_liq_cost": 0.0
  },
  "strategy": "skew_mid_spread",
  "strategy_kwargs": {
    "gamma": 0.1,
    "gamma_cap_factor": 5.0,
    "gamma_imb": 0.5,
    "gamma_inv_scale": 4.0,
    "gamma_vol_scale": 2.0,
    "gradient_penalty_ticks": 1.0,
    "gradient_threshold": 1.5,
    "k_vol": 1.3,
    "size_base": 0.005,
    "size_exp": 3.0,
    "size_min_factor": 0.3
  },
  "snapshots_processed": 1000,
  "sharpe_ratio": -1.2368586199065075,
  "capital_base": 10000.0,
  "sharpe_horizon_seconds": 60.0
}