{
  "final_pnl": -7.130179453233723,
  "final_inventory": 0.014644579061488097,
  "fill_count": 279,
  "max_drawdown": 7.130179453233723,
  "pnl_attribution": {
    "inventory_moves": -0.5989951117094516,
    "fees": -7.3143942083605085,
    "spread_capture": 0.9927278103431524,
    "adverse_selection": -0.20103730026891614,
    "funding_rates": 0.0
  },
  "additional_metrics": {
    "orders_placed": 542,
    "orders_placed_buy": 266,
    "orders_placed_sell": 276,
    "maker_qty_placed": 6.2333347480173105,
    "maker_qty_filled": 1.2997742354369017,
    "maker_fill_qty_rate": 0.20851988349419737,
    "avg_fill_latency_sec": 0.18943124562501906,
    "std_fill_latency_sec": 0.1146092056804662,
    "avg_queue_position": 1.2111491222942157,
    "std_queue_position": 1.411048325500339,
    "avg_order_lifetime_sec": 0.2019812434911728,
    "std_order_lifetime_sec": 0.11027570036647485,
    "avg_competition_size": 0.7434620637429686,
    "std_competition_size": 0.14836209549226104,
    "forced_liquidations": 0,
    "avg_forced_liq_cost": 0.0,
    "std_forced_liq_cost": 0.0
  },
  "strategy": "skew_mid_spread",
  "strategy_kwargs": {
    "gamma": 0.1,
    "gamma_cap_factor": 5.0,
    "gamma_imb": 0.5,
    "gamma_inv_scale": 4.0,
    "gamma_vol_scale": 2.0,
    "gradient_penalty_ticks": 1.0,
    "gradient_threshold": 1.5,
    "k_vol": 1.3,
    "size_base": 0.02,
    "size_exp": 3.0,
    "size_min_factor": 0.2
  },
  "snapshots_processed": 1000,
  "sharpe_ratio": -1.2301591034104986,
  "capital_base": 10000.0,
  "sharpe_horizon_seconds": 60.0
}