{
  "final_pnl": -7.409150872837927,
  "final_inventory": 0.01652168758460376,
  "fill_count": 284,
  "max_drawdown": 7.409150872837927,
  "pnl_attribution": {
    "inventory_moves": -0.6652898422650848,
    "fees": -7.618202047874089,
    "spread_capture": 1.0917925482527169,
    "adverse_selection": -0.20413586732898553,
    "funding_rates": 0.0
  },
  "additional_metrics": {
    "orders_placed": 540,
    "orders_placed_buy": 265,
    "orders_placed_sell": 275,
    "maker_qty_placed": 6.209437102852194,
    "maker_qty_filled": 1.3159040696630557,
    "maker_fill_qty_rate": 0.21192002557826356,
    "avg_fill_latency_sec": 0.18631706877452572,
    "std_fill_latency_sec": 0.11612302743100818,
    "avg_queue_position": 1.1722066119046985,
    "std_queue_position": 1.390937899564555,
    "avg_order_lifetime_sec": 0.20618901892406186,
    "std_order_lifetime_sec": 0.12654704039848416,
    "avg_competition_size": 0.7394518128109246,
    "std_competition_size": 0.14008350662853153,
    "forced_liquidations": 0,
    "avg_forced_liq_cost": 0.0,
    "std_forced_liq_cost": 0.0
  },
  "strategy": "skew_mid_spread",
  "strategy_kwargs": {
    "gamma": 0.1,
    "gamma_cap_factor": 5.0,
    "gamma_imb": 0.5,
    "gamma_inv_scale": 4.0,
    "gamma_vol_scale": 2.0,
    "gradient_penalty_ticks": 1.0,
    "gradient_threshold": 1.5,
    "k_vol": 1.3,
    "size_base": 0.02,
    "size_exp": 3.0,
    "size_min_factor": 0.2
  },
  "snapshots_processed": 1000,
  "sharpe_ratio": -1.1865109733571164,
  "capital_base": 10000.0,
  "sharpe_horizon_seconds": 60.0
}