{
  "final_pnl": -20.39378738213054,
  "final_inventory": 0.019570684354224696,
  "fill_count": 312,
  "max_drawdown": 20.39378738213054,
  "pnl_attribution": {
    "inventory_moves": -0.0756252214217579,
    "fees": -16.990901832107514,
    "spread_capture": 1.7795471902088227,
    "adverse_selection": -4.8679346188890795,
    "funding_rates": 0.0
  },
  "additional_metrics": {
    "orders_placed": 535,
    "orders_placed_buy": 265,
    "orders_placed_sell": 270,
    "maker_qty_placed": 12.312647666628047,
    "maker_qty_filled": 2.724708095002079,
    "maker_fill_qty_rate": 0.22129343491141007,
    "avg_fill_latency_sec": 0.170112296221728,
    "std_fill_latency_sec": 0.12254303086155924,
    "avg_queue_position": 1.1057034232424505,
    "std_queue_position": 1.3468655144112889,
    "avg_order_lifetime_sec": 0.17951336391469375,
    "std_order_lifetime_sec": 0.12151073363996494,
    "avg_competition_size": 0.8737029572016346,
    "std_competition_size": 0.17496585104391402,
    "forced_liquidations": 32,
    "avg_forced_liq_cost": 0.14012269032373545,
    "std_forced_liq_cost": 0.087214397665481
  },
  "strategy": "skew_mid_spread",
  "strategy_kwargs": {
    "gamma": 0.1,
    "gamma_cap_factor": 5.0,
    "gamma_imb": 0.5,
    "gamma_inv_scale": 4.0,
    "gamma_vol_scale": 2.0,
    "gradient_penalty_ticks": 1.0,
    "gradient_threshold": 1.5,
    "k_vol": 1.3,
    "size_base": 0.04,
    "size_exp": 1.0,
    "size_min_factor": 0.3
  },
  "snapshots_processed": 1000,
  "sharpe_ratio": -1.3759224603691211,
  "capital_base": 10000.0,
  "sharpe_horizon_seconds": 60.0
}