{
  "final_pnl": -22.518884455232183,
  "final_inventory": 0.019358335773464033,
  "fill_count": 316,
  "max_drawdown": 22.518884455232183,
  "pnl_attribution": {
    "inventory_moves": -0.061309119790443324,
    "fees": -17.749831921741727,
    "spread_capture": 2.0117152385818593,
    "adverse_selection": -6.401710916667337,
    "funding_rates": 0.0
  },
  "additional_metrics": {
    "orders_placed": 536,
    "orders_placed_buy": 264,
    "orders_placed_sell": 272,
    "maker_qty_placed": 12.303889404382403,
    "maker_qty_filled": 2.800172505519353,
    "maker_fill_qty_rate": 0.2275843364230815,
    "avg_fill_latency_sec": 0.1687210484554893,
    "std_fill_latency_sec": 0.12293314607255433,
    "avg_queue_position": 1.1109432383372717,
    "std_queue_position": 1.3585776785837371,
    "avg_order_lifetime_sec": 0.1779736782375135,
    "std_order_lifetime_sec": 0.1220316317991144,
    "avg_competition_size": 0.873570414471837,
    "std_competition_size": 0.17415469091458594,
    "forced_liquidations": 34,
    "avg_forced_liq_cost": 0.17625261474553572,
    "std_forced_liq_cost": 0.10974460969695912
  },
  "strategy": "skew_mid_spread",
  "strategy_kwargs": {
    "gamma": 0.1,
    "gamma_cap_factor": 5.0,
    "gamma_imb": 0.5,
    "gamma_inv_scale": 4.0,
    "gamma_vol_scale": 2.0,
    "gradient_penalty_ticks": 1.0,
    "gradient_threshold": 1.5,
    "k_vol": 1.3,
    "size_base": 0.04,
    "size_exp": 2.0,
    "size_min_factor": 0.1
  },
  "snapshots_processed": 1000,
  "sharpe_ratio": -1.3307706079101855,
  "capital_base": 10000.0,
  "sharpe_horizon_seconds": 60.0
}