{
  "final_pnl": -16.54233365539767,
  "final_inventory": 0.011086785387888987,
  "fill_count": 293,
  "max_drawdown": 16.54233365539767,
  "pnl_attribution": {
    "inventory_moves": -0.5343812093035376,
    "fees": -15.652871967097411,
    "spread_capture": 2.2413196727454316,
    "adverse_selection": -2.4563143309806525,
    "funding_rates": 0.0
  },
  "additional_metrics": {
    "orders_placed": 530,
    "orders_placed_buy": 259,
    "orders_placed_sell": 271,
    "maker_qty_placed": 12.157820908907532,
    "maker_qty_filled": 2.6810231192469547,
    "maker_fill_qty_rate": 0.2205183921801875,
    "avg_fill_latency_sec": 0.1860350823541831,
    "std_fill_latency_sec": 0.1335955684550374,
    "avg_queue_position": 1.1866520787427284,
    "std_queue_position": 1.3578007084818555,
    "avg_order_lifetime_sec": 0.20364326900906032,
    "std_order_lifetime_sec": 0.13540459367526372,
    "avg_competition_size": 0.8742846737602838,
    "std_competition_size": 0.1741533476597432,
    "forced_liquidations": 15,
    "avg_forced_liq_cost": 0.1379142936038214,
    "std_forced_liq_cost": 0.07339081327313708
  },
  "strategy": "skew_mid_spread",
  "strategy_kwargs": {
    "gamma": 0.1,
    "gamma_cap_factor": 5.0,
    "gamma_imb": 0.5,
    "gamma_inv_scale": 4.0,
    "gamma_vol_scale": 2.0,
    "gradient_penalty_ticks": 1.0,
    "gradient_threshold": 1.5,
    "k_vol": 1.3,
    "size_base": 0.04,
    "size_exp": 2.0,
    "size_min_factor": 0.2
  },
  "snapshots_processed": 1000,
  "sharpe_ratio": -1.118584800859598,
  "capital_base": 10000.0,
  "sharpe_horizon_seconds": 60.0
}