{
  "final_pnl": -3.020875857104329,
  "final_inventory": 0.002114200452057859,
  "fill_count": 263,
  "max_drawdown": 3.020875857104329,
  "pnl_attribution": {
    "inventory_moves": -0.13020410295412557,
    "fees": -3.322793446327705,
    "spread_capture": 0.5293729486100893,
    "adverse_selection": -0.09500945957403577,
    "funding_rates": 0.0
  },
  "additional_metrics": {
    "orders_placed": 534,
    "orders_placed_buy": 261,
    "orders_placed_sell": 273,
    "maker_qty_placed": 3.069518757122974,
    "maker_qty_filled": 0.6275423894108869,
    "maker_fill_qty_rate": 0.20444324959886398,
    "avg_fill_latency_sec": 0.19335569951358259,
    "std_fill_latency_sec": 0.10908527867446213,
    "avg_queue_position": 1.1128421536148119,
    "std_queue_position": 1.3610623060622737,
    "avg_order_lifetime_sec": 0.20683220728931812,
    "std_order_lifetime_sec": 0.10360912219555513,
    "avg_competition_size": 0.6679194760955267,
    "std_competition_size": 0.13262791509478342,
    "forced_liquidations": 0,
    "avg_forced_liq_cost": 0.0,
    "std_forced_liq_cost": 0.0
  },
  "strategy": "skew_mid_spread",
  "strategy_kwargs": {
    "gamma": 0.1,
    "gamma_cap_factor": 5.0,
    "gamma_imb": 0.5,
    "gamma_inv_scale": 4.0,
    "gamma_vol_scale": 2.0,
    "gradient_penalty_ticks": 1.0,
    "gradient_threshold": 1.5,
    "k_vol": 1.3,
    "size_base": 0.01,
    "size_exp": 1.0,
    "size_min_factor": 0.3
  },
  "snapshots_processed": 1000,
  "sharpe_ratio": -1.0406085235380542,
  "capital_base": 10000.0,
  "sharpe_horizon_seconds": 60.0
}