{
  "final_pnl": -0.33139311691047624,
  "final_inventory": 0.0210001204889058,
  "fill_count": 40,
  "max_drawdown": 0.7064432723764185,
  "pnl_attribution": {
    "inventory_moves": -0.3011073856012748,
    "fees": -0.08202846177049747,
    "spread_capture": 0.05692635828854611,
    "adverse_selection": -0.006138739764006953,
    "funding_rates": 0.0
  },
  "additional_metrics": {
    "orders_placed": 1587,
    "orders_placed_buy": 820,
    "orders_placed_sell": 767,
    "maker_qty_placed": 4.357594797933101,
    "maker_qty_filled": 0.04769260549694712,
    "maker_fill_qty_rate": 0.010944708654317454,
    "avg_fill_latency_sec": 0.2507499694824219,
    "std_fill_latency_sec": 0.0007664843674467716,
    "avg_queue_position": 1.1254624812052099,
    "std_queue_position": 1.235823420558819,
    "avg_order_lifetime_sec": 0.2507499694824219,
    "std_order_lifetime_sec": 0.0007664843674467716,
    "avg_competition_size": 0.2595930688205622,
    "std_competition_size": 0.04922401425995305,
    "forced_liquidations": 0,
    "avg_forced_liq_cost": 0.0,
    "std_forced_liq_cost": 0.0,
    "taker_qty_hedge": 0.0,
    "taker_qty_cross": 0.0,
    "taker_trades_hedge": 0,
    "taker_trades_cross": 0,
    "taker_qty_total": 0.0,
    "notional_traded_btc": 0.04769260549694712,
    "notional_traded_usdt": 820.2846177049744
  },
  "strategy": "skew_mid_spread",
  "strategy_kwargs": {
    "extra_spread_ticks": 24.0,
    "gamma": 0.16,
    "gamma_cap_factor": 5.0,
    "gamma_imb": 0.5,
    "gamma_inv_scale": 2.0,
    "gamma_vol_scale": 0.0,
    "gradient_penalty_ticks": 1.0,
    "gradient_threshold": 1.5,
    "k_vol": 4.0,
    "size_base": 0.005,
    "size_exp": 2.0,
    "size_min_factor": 0.3
  },
  "snapshots_processed": 10000,
  "sharpe_ratio": -0.1470989203881776,
  "capital_base": 10000.0,
  "sharpe_horizon_seconds": 60.0
}