{
  "final_pnl": -16.178779046951604,
  "final_inventory": 0.00823817376204955,
  "fill_count": 289,
  "max_drawdown": 16.178779046951604,
  "pnl_attribution": {
    "inventory_moves": -1.296591924887172,
    "fees": -15.54175138305279,
    "spread_capture": 2.0927369316402316,
    "adverse_selection": -1.3914911892048087,
    "funding_rates": 0.0
  },
  "additional_metrics": {
    "orders_placed": 541,
    "orders_placed_buy": 268,
    "orders_placed_sell": 273,
    "maker_qty_placed": 12.417961652819123,
    "maker_qty_filled": 2.6902129809210646,
    "maker_fill_qty_rate": 0.2166388539547739,
    "avg_fill_latency_sec": 0.18748502674216996,
    "std_fill_latency_sec": 0.11859768595807718,
    "avg_queue_position": 1.2375195595491273,
    "std_queue_position": 1.394930020938257,
    "avg_order_lifetime_sec": 0.1995089767935747,
    "std_order_lifetime_sec": 0.11482529254685027,
    "avg_competition_size": 0.8802589159530804,
    "std_competition_size": 0.1678986936710302,
    "forced_liquidations": 4,
    "avg_forced_liq_cost": 0.24798847516231826,
    "std_forced_liq_cost": 0.08862758455253798
  },
  "strategy": "skew_mid_spread",
  "strategy_kwargs": {
    "gamma": 0.1,
    "gamma_cap_factor": 5.0,
    "gamma_imb": 0.5,
    "gamma_inv_scale": 4.0,
    "gamma_vol_scale": 2.0,
    "gradient_penalty_ticks": 1.0,
    "gradient_threshold": 1.5,
    "k_vol": 1.3,
    "size_base": 0.04,
    "size_exp": 1.0,
    "size_min_factor": 0.2
  },
  "snapshots_processed": 1000,
  "sharpe_ratio": -1.12269205079637,
  "capital_base": 10000.0,
  "sharpe_horizon_seconds": 60.0
}