{
  "final_pnl": -1.8466036857098516,
  "final_inventory": 0.030719986164966642,
  "fill_count": 901,
  "max_drawdown": 3.23883663765082,
  "pnl_attribution": {
    "inventory_moves": -1.6967248417385732,
    "fees": -1.001574975108149,
    "spread_capture": 1.065338135175839,
    "adverse_selection": -0.1412295067240507,
    "funding_rates": 0.0
  },
  "additional_metrics": {
    "orders_placed": 2064,
    "orders_placed_buy": 1072,
    "orders_placed_sell": 992,
    "maker_qty_placed": 45.12075504133828,
    "maker_qty_filled": 0.9674701343783552,
    "maker_fill_qty_rate": 0.021441798424959604,
    "avg_fill_latency_sec": 0.01534511231421301,
    "std_fill_latency_sec": 0.06007578694428035,
    "avg_queue_position": 0.04967555090975636,
    "std_queue_position": 0.3253343251635809,
    "avg_order_lifetime_sec": 0.01534511231421301,
    "std_order_lifetime_sec": 0.06007578694428035,
    "avg_competition_size": 0.35387324316012486,
    "std_competition_size": 0.06812304867809364,
    "forced_liquidations": 0,
    "avg_forced_liq_cost": 0.0,
    "std_forced_liq_cost": 0.0,
    "taker_qty_hedge": 0.24255959641665134,
    "taker_qty_cross": 0.0,
    "taker_trades_hedge": 797,
    "taker_trades_cross": 0,
    "taker_qty_total": 0.24255959641665134,
    "notional_traded_btc": 1.210029730795007,
    "notional_traded_usdt": 20813.827026100895
  },
  "strategy": "skew_mid_spread",
  "strategy_kwargs": {
    "extra_spread_ticks": 30.0,
    "gamma": 0.08,
    "gamma_cap_factor": 5.0,
    "gamma_imb": 0.5,
    "gamma_inv_scale": 1.0,
    "gamma_vol_scale": 2.0,
    "gradient_penalty_ticks": 1.0,
    "gradient_threshold": 1.5,
    "k_vol": 2.0,
    "size_base": 0.04,
    "size_exp": 2.0,
    "size_min_factor": 0.3
  },
  "snapshots_processed": 10000,
  "sharpe_ratio": -0.2105292136441534,
  "capital_base": 10000.0,
  "sharpe_horizon_seconds": 60.0
}