{
  "final_pnl": -8.543344595393137,
  "final_inventory": 0.009002224553163856,
  "fill_count": 290,
  "max_drawdown": 8.543344595393137,
  "pnl_attribution": {
    "inventory_moves": -0.2634997527723426,
    "fees": -7.816516408641373,
    "spread_capture": 0.8779901032727307,
    "adverse_selection": -1.282060895319298,
    "funding_rates": 0.0
  },
  "additional_metrics": {
    "orders_placed": 609,
    "orders_placed_buy": 304,
    "orders_placed_sell": 305,
    "maker_qty_placed": 6.922618385421142,
    "maker_qty_filled": 1.2982994367652614,
    "maker_fill_qty_rate": 0.18754456254579147,
    "avg_fill_latency_sec": 0.17683529012343463,
    "std_fill_latency_sec": 0.114148955515388,
    "avg_queue_position": 1.0892152553032233,
    "std_queue_position": 1.3851500786031932,
    "avg_order_lifetime_sec": 0.1856999958262724,
    "std_order_lifetime_sec": 0.10973989586394674,
    "avg_competition_size": 0.7353612818826467,
    "std_competition_size": 0.14537750583112408,
    "forced_liquidations": 14,
    "avg_forced_liq_cost": 0.077437187456909,
    "std_forced_liq_cost": 0.040511605874097675
  },
  "strategy": "skew_mid_spread",
  "strategy_kwargs": {
    "gamma": 0.1,
    "gamma_cap_factor": 5.0,
    "gamma_imb": 0.5,
    "gamma_inv_scale": 4.0,
    "gamma_vol_scale": 2.0,
    "gradient_penalty_ticks": 1.0,
    "gradient_threshold": 1.5,
    "k_vol": 1.3,
    "size_base": 0.02,
    "size_exp": 2.0,
    "size_min_factor": 0.2
  },
  "snapshots_processed": 1000,
  "sharpe_ratio": -1.250952706680521,
  "capital_base": 10000.0,
  "sharpe_horizon_seconds": 60.0
}