{
  "final_pnl": -0.3377840733010089,
  "final_inventory": 0.03429212337673976,
  "fill_count": 4029,
  "max_drawdown": 3.4172435395266803,
  "pnl_attribution": {
    "inventory_moves": 0.09711531197293484,
    "fees": -1.0452863305359643,
    "spread_capture": 0.7569930824089679,
    "adverse_selection": -0.10968457167280335,
    "funding_rates": 0.0
  },
  "additional_metrics": {
    "orders_placed": 1590,
    "orders_placed_buy": 820,
    "orders_placed_sell": 770,
    "maker_qty_placed": 34.880334358179105,
    "maker_qty_filled": 0.6467552067843174,
    "maker_fill_qty_rate": 0.018542116028559787,
    "avg_fill_latency_sec": 0.0021962942812045216,
    "std_fill_latency_sec": 0.02335883986215236,
    "avg_queue_position": 0.009192187409469565,
    "std_queue_position": 0.1471309495957623,
    "avg_order_lifetime_sec": 0.0021962942812045216,
    "std_order_lifetime_sec": 0.02335883986215236,
    "avg_competition_size": 0.3546854399552793,
    "std_competition_size": 0.07133799154324763,
    "forced_liquidations": 0,
    "avg_forced_liq_cost": 0.0,
    "std_forced_liq_cost": 0.0,
    "taker_qty_hedge": 0.25312378710703637,
    "taker_qty_cross": 0.0,
    "taker_trades_hedge": 3959,
    "taker_trades_cross": 0,
    "taker_qty_total": 0.25312378710703637,
    "notional_traded_btc": 0.8998789938913538,
    "notional_traded_usdt": 15479.03375883504
  },
  "strategy": "skew_mid_spread",
  "strategy_kwargs": {
    "extra_spread_ticks": 15.0,
    "gamma": 0.08,
    "gamma_cap_factor": 5.0,
    "gamma_imb": 0.5,
    "gamma_inv_scale": 1.0,
    "gamma_vol_scale": 2.0,
    "gradient_penalty_ticks": 1.0,
    "gradient_threshold": 1.5,
    "k_vol": 6.0,
    "size_base": 0.04,
    "size_exp": 2.0,
    "size_min_factor": 0.3
  },
  "snapshots_processed": 10000,
  "sharpe_ratio": -0.025983458144509437,
  "capital_base": 10000.0,
  "sharpe_horizon_seconds": 60.0
}