{
  "final_pnl": -22.19475279015387,
  "final_inventory": 0.019574524625842013,
  "fill_count": 310,
  "max_drawdown": 22.19475279015387,
  "pnl_attribution": {
    "inventory_moves": -0.09491358643583095,
    "fees": -17.674474802181315,
    "spread_capture": 1.7059062813312174,
    "adverse_selection": -5.832417340062089,
    "funding_rates": 0.0
  },
  "additional_metrics": {
    "orders_placed": 537,
    "orders_placed_buy": 265,
    "orders_placed_sell": 272,
    "maker_qty_placed": 12.343450239254183,
    "maker_qty_filled": 2.757157582613588,
    "maker_fill_qty_rate": 0.2233700893325091,
    "avg_fill_latency_sec": 0.16968279243797385,
    "std_fill_latency_sec": 0.12273154982326476,
    "avg_queue_position": 1.0942597576905715,
    "std_queue_position": 1.3502117127227524,
    "avg_order_lifetime_sec": 0.17913440350563295,
    "std_order_lifetime_sec": 0.12172667782113826,
    "avg_competition_size": 0.8693526307840019,
    "std_competition_size": 0.17571521809957838,
    "forced_liquidations": 30,
    "avg_forced_liq_cost": 0.18022637185543905,
    "std_forced_liq_cost": 0.08708495422602061
  },
  "strategy": "skew_mid_spread",
  "strategy_kwargs": {
    "gamma": 0.1,
    "gamma_cap_factor": 5.0,
    "gamma_imb": 0.5,
    "gamma_inv_scale": 4.0,
    "gamma_vol_scale": 2.0,
    "gradient_penalty_ticks": 1.0,
    "gradient_threshold": 1.5,
    "k_vol": 1.3,
    "size_base": 0.04,
    "size_exp": 1.0,
    "size_min_factor": 0.3
  },
  "snapshots_processed": 1000,
  "sharpe_ratio": -1.3248778928109712,
  "capital_base": 10000.0,
  "sharpe_horizon_seconds": 60.0
}